t,memavail_mib,swap_used_mib,pswpin,pswpout,pgmajfault,nvme_read_mib,cpu_pct,cpu_max_core_pct,gpu_util,gpu_w,gpu_c,sm_mhz,throttle
06:36:08,120803,4156,4384162,7101269,13229321,0.2,0.0,0.0,3,4.89,38,364,0x0000000000000000
06:36:09,120603,4156,4384164,7101269,13230845,197.5,2.5,31.0,3,4.93,38,370,0x0000000000000000
06:36:10,120510,4156,4384164,7101269,13231428,78.8,10.3,33.0,3,4.86,38,344,0x0000000000000000
06:36:11,120423,4156,4384165,7101269,13231484,25.3,4.9,28.0,3,4.92,38,357,0x0000000000000000
06:36:12,120404,4156,4384165,7101269,13231493,11.8,6.4,88.9,3,4.93,38,370,0x0000000000000000
06:36:13,120370,4156,4384165,7101269,13232101,83.5,6.0,75.0,3,5.01,38,396,0x0000000000000000
06:36:14,120322,4156,4384165,7101269,13232105,10.0,6.3,91.0,4,5.00,38,383,0x0000000000000000
06:36:15,120300,4156,4384165,7101269,13232114,11.2,6.2,64.6,3,4.98,38,377,0x0000000000000000
06:36:16,120274,4156,4384165,7101269,13232170,16.8,5.7,42.3,4,4.97,38,377,0x0000000000000000
06:36:17,120268,4156,4384165,7101269,13232170,10.8,5.1,64.3,4,4.99,38,390,0x0000000000000000
06:36:18,120234,4156,4384167,7101269,13232203,27.0,4.9,37.8,3,5.02,38,403,0x0000000000000000
06:36:19,120220,4156,4384167,7101269,13232310,38.1,4.5,62.7,3,5.07,38,422,0x0000000000000000
06:36:20,120179,4156,4384167,7101269,13232422,25.7,5.3,83.2,3,5.01,38,403,0x0000000000000000
06:36:21,120147,4156,4384169,7101269,13232562,26.3,11.0,68.8,4,5.05,38,403,0x0000000000000000
06:36:22,120106,4156,4384169,7101269,13232706,27.1,5.7,54.1,3,5.02,38,396,0x0000000000000000
06:36:23,119782,4156,4384169,7101269,13232714,4.1,13.2,67.7,3,4.93,38,357,0x0000000000000000
06:36:24,119654,4156,4384169,7101269,13232714,0.0,6.7,99.0,3,4.90,38,377,0x0000000000000000
06:36:25,119576,4156,4384242,7101269,13232780,0.3,6.6,100.0,3,4.96,38,377,0x0000000000000000
06:36:26,119512,4156,4384242,7101269,13232807,7.4,12.6,80.4,3,4.96,38,383,0x0000000000000000
06:36:27,119513,4156,4384242,7101269,13233296,292.0,4.2,41.0,2,4.96,38,377,0x0000000000000000
06:36:28,119408,4156,4384246,7101269,13233843,72.4,6.5,71.3,3,5.00,38,364,0x0000000000000000
06:36:29,119376,4156,4384246,7101269,13234291,78.0,5.3,37.0,2,4.94,38,364,0x0000000000000000
06:36:30,118933,4156,4384246,7101269,13234315,11.6,15.6,53.5,3,5.01,38,383,0x0000000000000000
06:36:31,118684,4156,4384246,7101269,13235461,99.2,15.0,77.0,3,5.02,38,383,0x0000000000000000
06:36:32,118949,4156,4384246,7101269,13236537,82.1,7.2,88.1,4,5.08,38,370,0x0000000000000000
06:36:33,119652,4156,4384246,7101269,13236562,2.2,7.1,45.0,4,4.99,38,377,0x0000000000000000
06:36:34,119098,4156,4384248,7101269,13236564,13.9,15.6,62.0,4,5.14,38,409,0x0000000000000000
06:36:35,119147,4156,4384248,7101269,13236588,6.7,14.2,91.0,4,5.07,38,390,0x0000000000000000
06:36:36,118967,4156,4384248,7101269,13236588,0.0,12.9,60.2,4,5.03,38,403,0x0000000000000000
06:36:37,118898,4156,4384252,7101269,13236635,6.0,7.6,100.0,4,5.07,38,416,0x0000000000000000
06:36:38,118785,4156,4384254,7101269,13236638,0.2,8.2,99.0,3,4.99,38,364,0x0000000000000000
06:36:39,118765,4156,4384254,7101269,13236638,0.0,13.0,53.5,2,4.78,38,344,0x0000000000000000
06:36:40,118185,4156,4384254,7101269,13236638,0.0,19.8,67.3,2,4.78,38,351,0x0000000000000000
06:36:41,119394,4156,4384254,7101269,13236644,1.7,9.3,79.0,1,4.78,38,331,0x0000000000000000
06:36:42,119149,4156,4384254,7101269,13236645,0.1,5.8,99.0,2,4.85,38,390,0x0000000000000000
06:36:43,119078,4156,4384255,7101269,13236646,0.3,7.7,100.0,2,4.86,38,377,0x0000000000000000
06:36:44,118903,4156,4384257,7101269,13236647,0.1,6.1,98.0,5,5.13,38,429,0x0000000000000000
06:36:45,118789,4156,4384257,7101269,13236647,0.0,7.0,100.0,3,5.11,38,422,0x0000000000000000
06:36:46,118705,4156,4384257,7101269,13236647,0.4,6.7,100.0,3,5.11,38,416,0x0000000000000000
06:36:47,118717,4156,4384258,7101269,13236648,0.0,6.0,100.0,2,4.87,38,383,0x0000000000000000
06:36:48,118474,4156,4384259,7101269,13236655,0.5,12.9,97.0,2,4.86,38,383,0x0000000000000000
06:36:49,118468,4156,4384259,7101269,13236657,0.2,6.0,88.1,2,4.84,38,377,0x0000000000000000
06:36:50,118444,4156,4384259,7101269,13236657,0.1,5.8,97.0,2,4.88,38,377,0x0000000000000000
06:36:51,118366,4156,4384259,7101269,13236657,0.0,12.0,59.2,2,4.86,38,377,0x0000000000000000
06:36:52,118048,4156,4384259,7101269,13236657,0.1,6.9,45.0,2,4.86,38,383,0x0000000000000000
06:36:53,117783,4156,4384259,7101269,13236686,4.7,21.3,78.0,1,4.83,38,351,0x0000000000000000
06:36:54,109609,4156,4384259,7101269,13236892,26.8,6.3,91.1,1,7.12,39,2294,0x0000000000000000
06:36:55,82215,4155,4384259,7101269,13236892,0.0,7.0,100.0,4,10.37,39,2398,0x0000000000000000
06:36:56,54461,4155,4384259,7101269,13236892,0.0,6.1,100.0,4,10.23,39,2405,0x0000000000000000
06:36:57,39016,4155,4384259,7101269,13236903,38.2,5.9,65.3,4,10.23,39,2398,0x0000000000000000
06:36:58,38866,4155,4384259,7101269,13236904,137.2,8.4,100.0,1,10.29,39,2405,0x0000000000000000
06:36:59,38711,4155,4384259,7101269,13236904,139.5,7.5,100.0,3,10.53,39,2405,0x0000000000000000
06:37:00,38883,4155,4384259,7101269,13236908,133.4,7.5,100.0,3,10.48,39,2405,0x0000000000000000
06:37:01,38734,4155,4384259,7101269,13236908,134.8,7.8,99.0,3,10.52,39,2405,0x0000000000000000
06:37:02,38929,4155,4384259,7101269,13236910,128.5,7.8,100.0,3,10.47,39,2405,0x0000000000000000
06:37:03,38774,4155,4384259,7101269,13236912,136.8,8.3,100.0,3,10.49,39,2405,0x0000000000000000
06:37:04,38626,4155,4384259,7101269,13236912,132.8,7.7,100.0,3,10.48,39,2405,0x0000000000000000
06:37:05,38814,4155,4384259,7101269,13236917,133.2,7.8,100.0,3,10.51,39,2405,0x0000000000000000
06:37:06,38659,4155,4384259,7101269,13236917,133.2,7.6,100.0,3,10.49,39,2405,0x0000000000000000
06:37:07,38509,4155,4384259,7101269,13236917,129.0,7.6,100.0,3,10.52,39,2405,0x0000000000000000
06:37:08,38694,4155,4384259,7101269,13236922,131.8,8.3,100.0,3,10.50,39,2405,0x0000000000000000
06:37:09,38533,4155,4384259,7101269,13236922,135.5,7.6,99.0,3,10.58,39,2405,0x0000000000000000
06:37:10,38716,4155,4384259,7101269,13236926,132.4,7.9,100.0,3,10.53,39,2405,0x0000000000000000
06:37:11,38562,4155,4384259,7101269,13236926,132.8,7.5,100.0,3,10.54,39,2405,0x0000000000000000
06:37:12,38410,4155,4384259,7101269,13236926,133.8,7.5,100.0,3,10.54,40,2405,0x0000000000000000
06:37:13,38602,4155,4384259,7101269,13236930,132.0,8.2,100.0,3,10.55,40,2405,0x0000000000000000
06:37:14,38451,4155,4384259,7101269,13236930,133.5,7.6,100.0,3,10.56,40,2405,0x0000000000000000
06:37:15,38627,4155,4384259,7101269,13236934,130.0,7.6,100.0,3,10.58,40,2405,0x0000000000000000
06:37:16,38486,4155,4384259,7101269,13236934,135.8,7.7,99.0,3,10.59,40,2405,0x0000000000000000
06:37:17,38338,4155,4384259,7101269,13236934,131.0,7.6,100.0,4,10.64,40,2405,0x0000000000000000
06:37:18,38520,4155,4384261,7101269,13236940,132.5,8.2,100.0,4,10.61,40,2405,0x0000000000000000
06:37:19,38347,4155,4384261,7101269,13236941,134.8,7.7,100.0,4,10.60,40,2405,0x0000000000000000
06:37:20,38524,4155,4384261,7101269,13236945,128.9,7.6,100.0,4,10.58,40,2405,0x0000000000000000
06:37:21,38368,4155,4384261,7101269,13236945,133.0,7.6,100.0,4,10.61,40,2411,0x0000000000000000
06:37:22,38227,4155,4384261,7101269,13236945,132.0,7.5,100.0,4,10.62,40,2405,0x0000000000000000
06:37:23,38415,4155,4384261,7101269,13236949,134.9,8.2,100.0,4,10.57,40,2405,0x0000000000000000
06:37:24,38265,4155,4384261,7101269,13236949,132.0,7.6,100.0,4,10.65,40,2405,0x0000000000000000
06:37:25,38458,4155,4384261,7101269,13236953,129.7,7.8,99.0,4,10.63,40,2405,0x0000000000000000
06:37:26,38306,4155,4384261,7101269,13236953,134.5,7.5,100.0,3,10.61,40,2405,0x0000000000000000
06:37:27,38140,4155,4384261,7101269,13236953,136.0,7.8,100.0,4,10.65,40,2405,0x0000000000000000
06:37:28,38323,4155,4384261,7101269,13236959,132.3,8.3,100.0,3,10.63,40,2405,0x0000000000000000
06:37:29,38166,4155,4384261,7101269,13236959,138.0,7.4,100.0,3,10.64,40,2405,0x0000000000000000
06:37:30,38332,4155,4384261,7101269,13236963,135.2,7.4,100.0,4,10.64,40,2405,0x0000000000000000
06:37:31,38171,4155,4384261,7101269,13236963,140.8,7.5,100.0,3,10.65,40,2405,0x0000000000000000
06:37:32,38020,4155,4384261,7101269,13236963,133.5,7.6,99.0,4,10.64,40,2405,0x0000000000000000
06:37:33,38200,4155,4384261,7101269,13236969,132.1,8.2,100.0,3,10.61,40,2405,0x0000000000000000
06:37:34,38057,4155,4384261,7101269,13236969,133.5,7.9,100.0,4,10.62,40,2405,0x0000000000000000
06:37:35,38241,4155,4384261,7101269,13236973,132.2,7.8,100.0,3,10.63,40,2405,0x0000000000000000
06:37:36,38091,4155,4384261,7101269,13236973,138.8,7.7,100.0,3,10.62,40,2405,0x0000000000000000
06:37:37,37935,4155,4384261,7101269,13236973,138.2,8.0,100.0,4,10.63,40,2405,0x0000000000000000
06:37:38,38108,4155,4384261,7101269,13236977,135.7,8.3,100.0,3,10.67,40,2405,0x0000000000000000
06:37:39,37941,4155,4384261,7101269,13236977,141.2,7.8,100.0,4,10.65,40,2405,0x0000000000000000
06:37:40,38113,4155,4384261,7101269,13236981,133.4,7.6,99.0,4,10.66,40,2405,0x0000000000000000
06:37:41,37958,4155,4384261,7101269,13236981,137.0,7.8,100.0,4,10.67,40,2405,0x0000000000000000
06:37:42,37807,4155,4384261,7101269,13236981,135.0,7.9,100.0,4,10.65,40,2405,0x0000000000000000
06:37:43,37978,4155,4384261,7101269,13236985,136.2,8.3,100.0,4,10.65,40,2405,0x0000000000000000
06:37:44,37836,4155,4384261,7101269,13236985,133.8,7.8,100.0,4,10.69,40,2411,0x0000000000000000
06:37:45,38031,4155,4384261,7101269,13236989,129.0,7.8,100.0,4,10.67,40,2405,0x0000000000000000
06:37:46,37875,4155,4384261,7101269,13236989,132.5,7.7,100.0,3,10.63,40,2405,0x0000000000000000
06:37:47,37721,4155,4384261,7101269,13236989,132.0,7.5,100.0,3,10.64,40,2405,0x0000000000000000
06:37:48,37897,4155,4384261,7101269,13236995,132.2,8.5,99.0,3,10.67,40,2405,0x0000000000000000
06:37:49,37744,4155,4384262,7101269,13236996,143.0,7.9,100.0,4,10.71,40,2411,0x0000000000000000
06:37:50,37935,4155,4384262,7101269,13237000,132.2,7.9,100.0,4,10.67,40,2405,0x0000000000000000
06:37:51,37777,4155,4384262,7101269,13237000,137.0,7.6,100.0,3,10.63,40,2405,0x0000000000000000
06:37:52,37628,4155,4384262,7101269,13237000,135.0,7.7,100.0,4,10.67,40,2405,0x0000000000000000
06:37:53,37818,4155,4384262,7101269,13237004,136.5,8.2,100.0,3,10.65,40,2405,0x0000000000000000
06:37:54,37669,4155,4384262,7101269,13237004,133.8,7.5,100.0,4,10.64,40,2405,0x0000000000000000
06:37:55,37862,4155,4384262,7101269,13237008,133.2,7.8,100.0,3,10.63,40,2405,0x0000000000000000
06:37:56,37723,4155,4384262,7101269,13237008,134.0,7.8,99.0,3,10.64,40,2405,0x0000000000000000
06:37:57,37568,4155,4384262,7101269,13237008,133.0,7.8,100.0,3,10.66,40,2405,0x0000000000000000
06:37:58,37768,4155,4384262,7101269,13237012,130.0,8.3,100.0,3,10.65,40,2405,0x0000000000000000
06:37:59,37610,4155,4384262,7101269,13237012,137.8,7.9,100.0,4,10.70,40,2405,0x0000000000000000
06:38:00,37794,4155,4384262,7101269,13237014,127.4,7.6,100.0,3,10.68,40,2405,0x0000000000000000
06:38:01,37638,4155,4384262,7101269,13237016,128.8,7.5,100.0,4,10.68,40,2405,0x0000000000000000
06:38:02,37497,4155,4384262,7101269,13237016,130.5,7.5,100.0,4,10.67,40,2405,0x0000000000000000
06:38:03,37685,4155,4384262,7101269,13237023,132.0,8.2,100.0,4,10.68,40,2405,0x0000000000000000
06:38:04,37528,4155,4384262,7101269,13237023,131.8,7.8,100.0,3,10.64,40,2405,0x0000000000000000
06:38:05,37372,4155,4384262,7101269,13237023,135.2,7.8,100.0,4,10.68,40,2405,0x0000000000000000
06:38:06,37566,4155,4384262,7101269,13237027,134.7,7.6,99.0,4,10.69,40,2405,0x0000000000000000
06:38:07,37427,4155,4384262,7101269,13237027,133.5,7.7,100.0,3,10.71,40,2405,0x0000000000000000
06:38:08,37622,4155,4384262,7101269,13237031,133.7,8.3,100.0,4,10.73,40,2405,0x0000000000000000
06:38:09,37481,4155,4384262,7101269,13237031,139.0,7.7,100.0,4,10.69,40,2405,0x0000000000000000
06:38:10,37335,4155,4384262,7101269,13237031,138.5,7.7,100.0,3,10.66,40,2405,0x0000000000000000
06:38:11,37559,4155,4384262,7101269,13237035,132.2,7.7,100.0,4,10.68,40,2405,0x0000000000000000
06:38:12,37461,4155,4384262,7101269,13237035,134.8,7.6,100.0,4,10.71,40,2405,0x0000000000000000
06:38:13,37690,4155,4384262,7101269,13237040,133.2,8.6,100.0,3,10.69,41,2405,0x0000000000000000
06:38:14,37585,4155,4384262,7101269,13237040,134.8,7.8,99.0,4,10.67,41,2405,0x0000000000000000
06:38:15,37438,4155,4384262,7101269,13237040,134.2,7.5,100.0,4,10.66,41,2405,0x0000000000000000
06:38:16,37643,4155,4384263,7101269,13237045,128.7,7.8,100.0,4,10.67,41,2405,0x0000000000000000
06:38:17,37480,4155,4384263,7101269,13237045,132.2,7.6,100.0,4,10.67,41,2405,0x0000000000000000
06:38:18,37661,4155,4384263,7101269,13237049,133.0,8.2,100.0,4,10.71,41,2405,0x0000000000000000
06:38:19,37517,4155,4384263,7101269,13237049,138.8,7.8,100.0,3,10.66,41,2405,0x0000000000000000
06:38:20,37364,4155,4384263,7101269,13237049,132.5,7.7,100.0,4,10.67,41,2405,0x0000000000000000
06:38:21,37546,4155,4384263,7101269,13237053,129.7,7.7,100.0,4,10.65,41,2405,0x0000000000000000
06:38:22,37402,4155,4384263,7101269,13237053,131.2,7.5,100.0,3,10.70,41,2405,0x0000000000000000
06:38:23,37597,4155,4384263,7101269,13237058,128.2,8.2,99.0,4,10.70,41,2405,0x0000000000000000
06:38:24,37439,4155,4384263,7101269,13237058,135.5,7.6,100.0,4,10.68,41,2405,0x0000000000000000
06:38:25,37300,4155,4384263,7101269,13237058,132.0,7.9,100.0,3,10.68,41,2405,0x0000000000000000
06:38:26,37507,4155,4384263,7101269,13237062,132.0,7.7,100.0,4,10.72,41,2405,0x0000000000000000
06:38:27,37393,4155,4384263,7101269,13237062,136.2,7.8,100.0,3,10.72,41,2405,0x0000000000000000
06:38:28,37621,4155,4384263,7101269,13237066,132.7,8.5,100.0,4,10.73,41,2405,0x0000000000000000
06:38:29,37470,4155,4384263,7101269,13237067,142.8,7.7,100.0,3,10.73,41,2405,0x0000000000000000
06:38:30,37321,4155,4384263,7101269,13237067,136.0,7.6,100.0,4,10.72,41,2405,0x0000000000000000
06:38:31,37520,4155,4384263,7101269,13237071,132.7,7.8,99.0,4,10.71,41,2405,0x0000000000000000
06:38:32,37382,4155,4384263,7101269,13237071,137.2,7.8,100.0,4,10.71,41,2405,0x0000000000000000
06:38:33,37589,4155,4384263,7101269,13237076,134.5,8.2,100.0,3,10.74,41,2405,0x0000000000000000
06:38:34,37461,4155,4384263,7101269,13237076,136.2,8.0,100.0,4,10.70,41,2405,0x0000000000000000
06:38:35,37342,4155,4384263,7101269,13237076,130.0,7.7,100.0,4,10.71,41,2405,0x0000000000000000
06:38:36,37547,4155,4384263,7101269,13237080,132.4,7.6,100.0,4,10.68,41,2405,0x0000000000000000
06:38:37,37413,4155,4384263,7101269,13237080,131.2,7.8,100.0,4,10.72,41,2405,0x0000000000000000
06:38:38,37593,4155,4384263,7101269,13237085,132.5,8.2,100.0,3,10.72,41,2405,0x0000000000000000
06:38:39,37457,4155,4384263,7101269,13237085,134.0,7.7,100.0,3,10.71,41,2405,0x0000000000000000
06:38:40,37323,4155,4384263,7101269,13237085,131.0,8.0,100.0,4,10.69,41,2405,0x0000000000000000
06:38:41,37533,4155,4384263,7101269,13237089,130.2,7.6,100.0,4,10.69,41,2405,0x0000000000000000
06:38:42,37412,4155,4384263,7101269,13237090,136.5,8.1,99.0,4,10.67,41,2405,0x0000000000000000
06:38:43,37600,4155,4384263,7101269,13237094,139.0,8.2,100.0,4,10.74,41,2405,0x0000000000000000
06:38:44,37490,4155,4384263,7101269,13237095,133.8,7.7,100.0,3,10.69,41,2405,0x0000000000000000
06:38:45,37397,4154,4384318,7101269,13237120,139.2,8.7,100.0,3,10.71,41,2405,0x0000000000000000
06:38:46,37626,4154,4384318,7101269,13237124,130.4,7.6,100.0,3,10.69,41,2405,0x0000000000000000
06:38:47,37507,4154,4384318,7101269,13237124,135.0,7.9,100.0,4,10.68,41,2405,0x0000000000000000
06:38:48,37718,4154,4384318,7101269,13237128,135.5,8.5,100.0,4,10.73,41,2405,0x0000000000000000
06:38:49,37581,4154,4384318,7101269,13237129,137.2,7.9,100.0,3,10.72,41,2405,0x0000000000000000
06:38:50,37443,4154,4384318,7101269,13237129,131.5,7.6,99.0,4,10.71,41,2405,0x0000000000000000
06:38:51,37663,4154,4384318,7101269,13237133,127.7,7.6,100.0,4,10.73,41,2405,0x0000000000000000
06:38:52,37524,4154,4384318,7101269,13237133,135.6,7.9,100.0,3,10.72,41,2405,0x0000000000000000
06:38:53,37384,4154,4384318,7101269,13237133,139.1,8.4,100.0,4,10.76,41,2411,0x0000000000000000
06:38:54,37608,4154,4384318,7101269,13237137,130.6,7.8,100.0,3,10.72,41,2405,0x0000000000000000
06:38:55,37477,4154,4384318,7101269,13237137,135.8,7.8,100.0,4,10.70,41,2405,0x0000000000000000
06:38:56,37703,4154,4384318,7101269,13237141,127.4,7.8,100.0,4,10.70,41,2405,0x0000000000000000
06:38:57,37588,4154,4384318,7101269,13237141,135.2,7.7,100.0,3,10.69,41,2405,0x0000000000000000
06:38:58,37429,4154,4384318,7101269,13237141,136.2,8.4,100.0,4,10.75,41,2405,0x0000000000000000
06:38:59,37642,4154,4384318,7101269,13237145,128.9,7.7,99.0,4,10.71,41,2405,0x0000000000000000
06:39:00,37517,4154,4384318,7101269,13237145,131.2,7.5,100.0,4,10.71,41,2405,0x0000000000000000
06:39:01,37741,4154,4384318,7101269,13237149,128.2,7.6,100.0,4,10.72,41,2405,0x0000000000000000
06:39:02,37625,4154,4384318,7101269,13237149,133.2,7.5,100.0,4,10.72,41,2405,0x0000000000000000
06:39:03,37480,4154,4384318,7101269,13237149,146.2,8.4,100.0,4,10.75,41,2405,0x0000000000000000
06:39:04,37691,4154,4384318,7101269,13237153,135.2,7.8,100.0,4,10.78,41,2405,0x0000000000000000
06:39:05,37575,4154,4384318,7101269,13237153,133.0,7.8,100.0,4,10.72,41,2405,0x0000000000000000
06:39:06,37792,4154,4384318,7101269,13237157,130.0,7.7,100.0,3,10.72,41,2405,0x0000000000000000
06:39:07,37668,4154,4384318,7101269,13237157,134.5,7.8,99.0,4,10.69,41,2405,0x0000000000000000
06:39:08,37525,4154,4384318,7101269,13237158,137.8,8.3,100.0,4,10.77,41,2405,0x0000000000000000
06:39:09,37737,4154,4384318,7101269,13237162,144.7,7.6,100.0,4,10.73,41,2405,0x0000000000000000
06:39:10,37601,4154,4384318,7101269,13237162,145.0,7.5,100.0,4,10.75,41,2405,0x0000000000000000
06:39:11,37817,4154,4384318,7101269,13237166,129.9,7.8,100.0,4,10.74,41,2411,0x0000000000000000
06:39:12,37696,4154,4384318,7101269,13237166,138.5,7.7,100.0,3,10.73,41,2405,0x0000000000000000
06:39:13,37576,4154,4384318,7101269,13237166,135.2,8.2,100.0,4,10.76,41,2405,0x0000000000000000
06:39:14,37789,4154,4384318,7101269,13237170,134.9,7.8,100.0,4,10.75,41,2405,0x0000000000000000
06:39:15,37658,4154,4384318,7101269,13237170,139.5,7.6,100.0,4,10.75,41,2405,0x0000000000000000
06:39:16,37874,4154,4384318,7101269,13237174,132.5,7.6,99.0,4,10.73,41,2405,0x0000000000000000
06:39:17,37741,4154,4384318,7101269,13237174,138.0,7.7,100.0,4,10.72,41,2405,0x0000000000000000
06:39:18,37909,4154,4384318,7101269,13237177,139.4,8.3,100.0,4,10.76,41,2405,0x0000000000000000
06:39:19,37758,4154,4384318,7101269,13237178,138.0,7.6,100.0,3,10.72,41,2405,0x0000000000000000
06:39:20,37626,4154,4384318,7101269,13237178,137.5,7.7,100.0,4,10.68,41,2405,0x0000000000000000
06:39:21,37843,4154,4384318,7101269,13237182,130.7,7.7,100.0,3,10.73,41,2405,0x0000000000000000
06:39:22,37709,4154,4384318,7101269,13237182,139.0,7.7,100.0,4,10.73,41,2405,0x0000000000000000
06:39:23,37908,4154,4384318,7101269,13237186,137.0,8.3,100.0,4,10.74,41,2405,0x0000000000000000
06:39:24,37762,4154,4384318,7101269,13237186,134.0,7.6,100.0,4,10.71,41,2405,0x0000000000000000
06:39:25,37613,4154,4384318,7101269,13237186,136.8,7.8,99.0,4,10.74,41,2405,0x0000000000000000
06:39:26,37825,4154,4384318,7101269,13237190,130.9,7.6,100.0,4,10.76,41,2405,0x0000000000000000
06:39:27,37672,4154,4384318,7101269,13237190,132.2,7.6,100.0,4,10.73,41,2405,0x0000000000000000
06:39:28,37848,4154,4384318,7101269,13237192,133.2,8.2,100.0,3,10.75,41,2405,0x0000000000000000
06:39:29,37693,4154,4384318,7101269,13237194,135.3,7.7,100.0,3,10.70,41,2405,0x0000000000000000
06:39:30,37553,4154,4384318,7101269,13237194,132.2,7.6,100.0,3,10.72,41,2405,0x0000000000000000
06:39:31,37765,4154,4384318,7101269,13237198,127.4,7.5,100.0,3,10.71,41,2405,0x0000000000000000
06:39:32,37643,4154,4384318,7101269,13237198,136.0,7.3,100.0,3,10.69,41,2405,0x0000000000000000
06:39:33,37517,4154,4384318,7101269,13237198,135.0,8.0,100.0,4,10.75,41,2405,0x0000000000000000
06:39:34,37741,4154,4384318,7101269,13237202,133.7,7.8,99.0,4,10.72,41,2405,0x0000000000000000
06:39:35,37603,4154,4384318,7101269,13237202,136.2,7.5,100.0,4,10.73,41,2405,0x0000000000000000
06:39:36,37806,4154,4384318,7101269,13237206,135.4,7.6,100.0,4,10.77,41,2405,0x0000000000000000
06:39:37,37655,4154,4384318,7101269,13237206,136.8,7.7,100.0,4,10.73,41,2405,0x0000000000000000
06:39:38,37517,4154,4384318,7101269,13237206,136.3,8.1,100.0,4,10.76,41,2405,0x0000000000000000
06:39:39,37708,4154,4384318,7101269,13237210,134.4,7.8,100.0,4,10.74,41,2405,0x0000000000000000
06:39:40,37587,4154,4384318,7101269,13237210,137.2,7.7,100.0,4,10.74,41,2405,0x0000000000000000
06:39:41,37800,4154,4384318,7101269,13237214,131.5,7.7,100.0,4,10.74,41,2405,0x0000000000000000
06:39:42,37674,4154,4384318,7101269,13237214,136.2,7.8,100.0,4,10.74,41,2405,0x0000000000000000
06:39:43,37732,4154,4384318,7101269,13237215,140.9,8.4,100.0,4,10.76,41,2405,0x0000000000000000
06:39:44,37759,4154,4384318,7101269,13237218,133.8,7.8,99.0,3,10.76,41,2405,0x0000000000000000
06:39:45,37605,4154,4384318,7101269,13237218,132.8,7.7,100.0,4,10.74,41,2405,0x0000000000000000
06:39:46,37756,4154,4384318,7101269,13237222,130.7,8.6,100.0,4,10.76,41,2405,0x0000000000000000
06:39:47,37604,4154,4384318,7101269,13237222,137.5,8.0,100.0,4,10.73,41,2405,0x0000000000000000
06:39:48,37463,4154,4384318,7101269,13237222,139.8,9.1,100.0,4,10.80,42,2405,0x0000000000000000
06:39:49,37665,4154,4384319,7101269,13237230,133.1,8.2,100.0,3,10.77,41,2411,0x0000000000000000
06:39:50,37515,4154,4384319,7101269,13237230,132.8,7.6,100.0,3,10.76,42,2405,0x0000000000000000
06:39:51,37690,4154,4384319,7101269,13237234,129.0,7.4,100.0,4,10.74,41,2405,0x0000000000000000
06:39:52,37547,4154,4384319,7101269,13237234,133.0,7.6,100.0,4,10.76,42,2405,0x0000000000000000
06:39:53,37400,4154,4384319,7101269,13237234,134.2,8.3,100.0,4,10.74,42,2405,0x0000000000000000
06:39:54,37609,4154,4384319,7101269,13237238,127.7,7.8,99.0,3,10.70,42,2405,0x0000000000000000
06:39:55,37486,4154,4384319,7101269,13237238,131.8,7.7,100.0,4,10.72,42,2405,0x0000000000000000
06:39:56,37685,4154,4384319,7101269,13237242,128.7,7.5,100.0,3,10.75,42,2405,0x0000000000000000
06:39:57,37566,4154,4384319,7101269,13237242,132.0,7.6,100.0,4,10.74,42,2405,0x0000000000000000
06:39:58,37430,4154,4384319,7101269,13237243,140.3,8.9,100.0,4,10.78,42,2411,0x0000000000000000
06:39:59,37627,4154,4384319,7101269,13237247,130.0,7.7,100.0,3,10.76,42,2405,0x0000000000000000
06:40:00,37504,4154,4384319,7101269,13237247,130.2,7.7,100.0,3,10.75,42,2405,0x0000000000000000
06:40:01,37728,4154,4384319,7101269,13237251,125.9,7.8,100.0,4,10.75,42,2405,0x0000000000000000
06:40:02,37611,4154,4384319,7101269,13237251,131.8,7.7,100.0,4,10.73,42,2405,0x0000000000000000
06:40:03,37482,4154,4384319,7101269,13237251,138.2,8.4,100.0,4,10.77,42,2411,0x0000000000000000
06:40:04,37699,4154,4384319,7101269,13237255,131.5,7.9,99.0,4,10.80,42,2405,0x0000000000000000
06:40:05,37580,4154,4384319,7101269,13237255,134.5,8.2,100.0,4,10.77,42,2405,0x0000000000000000
06:40:06,37803,4154,4384319,7101269,13237259,134.2,7.6,100.0,4,10.77,42,2405,0x0000000000000000
06:40:07,37683,4154,4384319,7101269,13237259,133.2,7.5,100.0,3,10.74,42,2405,0x0000000000000000
06:40:08,37548,4154,4384319,7101269,13237259,135.8,8.2,100.0,4,10.77,42,2405,0x0000000000000000
06:40:09,37754,4154,4384319,7101269,13237263,130.2,7.8,100.0,4,10.71,42,2405,0x0000000000000000
06:40:10,37610,4154,4384319,7101269,13237263,130.5,7.6,100.0,3,10.77,42,2411,0x0000000000000000
06:40:11,37454,4154,4384319,7101269,13237263,128.8,7.8,100.0,3,10.74,42,2405,0x0000000000000000
06:40:12,37662,4154,4384319,7101269,13237267,125.9,7.7,99.0,4,10.71,42,2405,0x0000000000000000
06:40:13,37519,4154,4384319,7101269,13237268,136.8,8.4,100.0,4,10.74,42,2405,0x0000000000000000
06:40:14,37745,4154,4384319,7101269,13237272,129.0,7.8,100.0,4,10.77,42,2405,0x0000000000000000
06:40:15,37631,4154,4384319,7101269,13237272,131.5,7.7,100.0,4,10.72,42,2405,0x0000000000000000
06:40:16,37480,4154,4384319,7101269,13237272,136.5,7.9,100.0,4,10.78,42,2405,0x0000000000000000
06:40:17,37697,4154,4384319,7101269,13237276,129.9,7.6,100.0,3,10.75,42,2405,0x0000000000000000
06:40:18,37554,4154,4384319,7101269,13237276,127.2,7.6,100.0,3,10.74,42,2405,0x0000000000000000
06:40:19,37751,4154,4384320,7101269,13237281,124.2,7.2,100.0,3,10.73,42,2405,0x0000000000000000
06:40:20,37633,4154,4384320,7101269,13237281,125.5,7.1,100.0,3,10.69,42,2405,0x0000000000000000
06:40:21,37512,4154,4384320,7101269,13237281,120.8,7.0,99.0,3,10.74,42,2405,0x0000000000000000
06:40:22,37740,4154,4384320,7101269,13237285,116.4,6.9,100.0,3,10.70,42,2405,0x0000000000000000
06:40:23,37592,4154,4384320,7101269,13237287,131.6,7.5,100.0,3,10.70,42,2405,0x0000000000000000
06:40:24,37476,4154,4384320,7101269,13237287,125.8,7.0,100.0,4,10.72,42,2405,0x0000000000000000
06:40:25,37708,4154,4384320,7101269,13237291,121.4,7.0,100.0,3,10.67,42,2405,0x0000000000000000
06:40:26,37580,4154,4384320,7101269,13237291,127.2,7.1,100.0,3,10.70,42,2405,0x0000000000000000
06:40:27,37803,4154,4384320,7101269,13237293,122.4,7.1,100.0,3,10.71,42,2405,0x0000000000000000
06:40:28,37690,4154,4384320,7101269,13237295,123.3,7.7,100.0,3,10.73,42,2405,0x0000000000000000
06:40:29,37571,4154,4384320,7101269,13237295,125.2,7.1,100.0,3,10.72,42,2405,0x0000000000000000
06:40:30,37804,4154,4384320,7101269,13237299,114.4,6.9,99.0,3,10.68,42,2405,0x0000000000000000
06:40:31,37680,4154,4384320,7101269,13237299,123.8,7.0,100.0,3,10.66,42,2405,0x0000000000000000
06:40:32,37555,4154,4384320,7101269,13237299,125.8,7.0,100.0,3,10.72,42,2405,0x0000000000000000
06:40:33,37751,4154,4384320,7101269,13237305,119.0,7.5,100.0,3,10.71,42,2405,0x0000000000000000
06:40:34,37640,4154,4384320,7101269,13237305,123.0,7.3,100.0,3,10.71,42,2405,0x0000000000000000
06:40:35,37530,4154,4384320,7101269,13237305,124.2,7.0,100.0,3,10.71,42,2405,0x0000000000000000
06:40:36,37746,4154,4384320,7101269,13237309,122.4,6.9,100.0,3,10.70,42,2405,0x0000000000000000
06:40:37,37615,4154,4384320,7101269,13237309,120.8,7.0,100.0,3,10.69,42,2405,0x0000000000000000
06:40:38,37509,4154,4384320,7101269,13237311,126.2,7.5,100.0,3,10.71,42,2405,0x0000000000000000
06:40:39,37679,4154,4384320,7101269,13237314,121.6,7.1,99.0,2,10.71,42,2405,0x0000000000000000
06:40:40,37541,4154,4384320,7101269,13237314,122.8,7.0,100.0,3,10.74,42,2405,0x0000000000000000
06:40:41,37734,4154,4384320,7101269,13237318,115.7,6.9,100.0,3,10.74,42,2405,0x0000000000000000
06:40:42,37613,4154,4384320,7101269,13237318,126.2,7.1,90.0,3,10.69,42,2405,0x0000000000000000
06:40:43,37496,4154,4384320,7101269,13237318,127.2,7.6,90.0,3,10.72,42,2405,0x0000000000000000
06:40:44,37705,4154,4384320,7101269,13237322,119.5,6.8,99.0,3,10.70,42,2405,0x0000000000000000
06:40:45,37582,4154,4384320,7101269,13237322,123.5,6.9,100.0,3,10.66,42,2405,0x0000000000000000
06:40:46,37454,4154,4384320,7101269,13237322,120.8,6.9,100.0,3,10.72,42,2405,0x0000000000000000
06:40:47,37671,4154,4384320,7101269,13237326,116.6,6.8,100.0,3,10.68,42,2405,0x0000000000000000
06:40:48,37560,4154,4384320,7101269,13237326,129.1,7.8,100.0,3,10.71,42,2405,0x0000000000000000
06:40:49,37437,4154,4384320,7101269,13237326,124.3,7.2,100.0,3,10.73,42,2405,0x0000000000000000
06:40:50,37666,4154,4384320,7101269,13237330,118.4,6.9,100.0,3,10.65,42,2405,0x0000000000000000
06:40:51,37530,4154,4384320,7101269,13237330,123.5,6.9,99.0,3,10.73,42,2405,0x0000000000000000
06:40:52,37712,4154,4384320,7101269,13237334,118.5,7.2,100.0,3,10.74,42,2405,0x0000000000000000
06:40:53,37570,4154,4384320,7101269,13237334,131.8,7.9,100.0,3,10.77,42,2405,0x0000000000000000
06:40:54,37442,4154,4384320,7101269,13237334,126.8,7.0,100.0,3,10.70,42,2405,0x0000000000000000
06:40:55,37663,4154,4384320,7101269,13237338,116.5,7.0,100.0,3,10.69,42,2405,0x0000000000000000
06:40:56,37545,4154,4384320,7101269,13237338,124.8,7.0,100.0,3,10.70,42,2405,0x0000000000000000
06:40:57,37404,4154,4384320,7101269,13237338,128.0,7.1,100.0,3,10.73,42,2405,0x0000000000000000
06:40:58,37610,4154,4384320,7101269,13237342,124.2,7.9,100.0,4,10.76,42,2405,0x0000000000000000
06:40:59,37483,4154,4384320,7101269,13237342,129.5,7.2,99.0,3,10.75,42,2405,0x0000000000000000
06:41:00,37704,4154,4384320,7101269,13237346,121.3,7.0,100.0,3,10.75,42,2405,0x0000000000000000
06:41:01,37599,4154,4384320,7101269,13237346,124.1,7.0,100.0,2,10.68,42,2405,0x0000000000000000
06:41:02,37488,4154,4384320,7101269,13237346,122.2,7.1,100.0,3,10.67,42,2405,0x0000000000000000
06:41:03,37689,4154,4384320,7101269,13237350,131.7,7.7,100.0,3,10.69,42,2405,0x0000000000000000
06:41:04,37561,4154,4384320,7101269,13237350,124.8,6.9,100.0,3,10.72,42,2405,0x0000000000000000
06:41:05,37423,4154,4384320,7101269,13237350,126.0,6.9,100.0,3,10.74,42,2405,0x0000000000000000
06:41:06,37621,4154,4384320,7101269,13237354,127.7,7.0,99.0,3,10.77,42,2405,0x0000000000000000
06:41:07,37492,4154,4384320,7101269,13237354,125.5,7.1,100.0,3,10.74,42,2405,0x0000000000000000
06:41:08,37685,4154,4384320,7101269,13237357,125.7,7.4,100.0,3,10.78,42,2405,0x0000000000000000
06:41:09,37568,4154,4384320,7101269,13237358,125.0,7.0,100.0,2,10.73,42,2405,0x0000000000000000
06:41:10,37423,4154,4384320,7101269,13237358,125.5,7.2,100.0,3,10.75,42,2405,0x0000000000000000
06:41:11,37631,4154,4384320,7101269,13237362,117.7,6.9,100.0,3,10.75,42,2405,0x0000000000000000
06:41:12,37495,4154,4384320,7101269,13237362,122.0,6.9,100.0,3,10.71,42,2405,0x0000000000000000
06:41:13,37360,4154,4384320,7101269,13237362,128.5,7.7,100.0,3,10.72,42,2405,0x0000000000000000
06:41:14,37560,4154,4384320,7101269,13237366,125.5,6.8,100.0,3,10.73,42,2405,0x0000000000000000
06:41:15,37436,4154,4384320,7101269,13237366,122.8,6.9,100.0,3,10.80,42,2405,0x0000000000000000
06:41:16,37312,4154,4384320,7101269,13237366,122.0,6.7,100.0,3,10.78,42,2405,0x0000000000000000
06:41:17,37515,4154,4384320,7101269,13237370,119.2,6.9,99.0,3,10.78,42,2405,0x0000000000000000
06:41:18,37381,4154,4384320,7101269,13237370,127.8,7.8,100.0,3,10.80,42,2405,0x0000000000000000
06:41:19,37575,4154,4384320,7101269,13237374,120.7,7.1,100.0,3,10.80,42,2405,0x0000000000000000
06:41:20,37449,4154,4384320,7101269,13237374,120.5,7.1,100.0,3,10.75,42,2405,0x0000000000000000
06:41:21,37321,4154,4384320,7101269,13237374,123.5,7.0,100.0,3,10.77,42,2405,0x0000000000000000
06:41:22,37521,4154,4384320,7101269,13237378,123.7,7.1,100.0,3,10.81,42,2405,0x0000000000000000
06:41:23,37364,4154,4384320,7101269,13237378,132.5,7.6,100.0,4,10.84,42,2405,0x0000000000000000
06:41:24,37215,4154,4384320,7101269,13237378,129.0,7.2,100.0,4,10.83,42,2405,0x0000000000000000
06:41:25,37435,4154,4384320,7101269,13237382,124.9,7.1,99.0,3,10.82,42,2405,0x0000000000000000
06:41:26,39471,4154,4384320,7101269,13237382,125.0,7.5,100.0,4,10.84,42,2405,0x0000000000000000
06:41:27,39373,4154,4384320,7101269,13237383,124.9,7.2,100.0,3,10.81,42,2405,0x0000000000000000
06:41:28,39452,4154,4384320,7101269,13237386,122.6,7.5,100.0,3,10.80,42,2405,0x0000000000000000
06:41:29,39288,4154,4384320,7101269,13237386,122.2,7.0,100.0,4,10.81,42,2405,0x0000000000000000
06:41:30,39480,4154,4384320,7101269,13237390,118.7,7.0,100.0,3,10.84,42,2405,0x0000000000000000
06:41:31,39335,4154,4384320,7101269,13237390,118.9,7.0,100.0,4,10.78,42,2405,0x0000000000000000
06:41:32,39183,4154,4384320,7101269,13237390,122.6,7.0,100.0,3,10.82,42,2405,0x0000000000000000
06:41:33,39356,4154,4384320,7101269,13237394,124.9,7.6,99.0,3,10.90,42,2405,0x0000000000000000
06:41:34,39197,4154,4384320,7101269,13237394,126.5,7.4,100.0,3,10.86,42,2405,0x0000000000000000
06:41:35,39032,4154,4384320,7101269,13237394,124.8,7.1,100.0,3,10.85,42,2405,0x0000000000000000
06:41:36,39211,4154,4384320,7101269,13237398,123.4,7.1,100.0,4,10.85,42,2405,0x0000000000000000
06:41:37,39467,4154,4384320,7101269,13237398,126.0,7.1,100.0,3,10.89,42,2405,0x0000000000000000
06:41:38,39597,4154,4384320,7101269,13237400,122.9,7.5,100.0,3,10.88,42,2405,0x0000000000000000
06:41:39,39523,4154,4384320,7101269,13237402,124.0,7.3,100.0,3,10.87,42,2405,0x0000000000000000
06:41:40,39456,4158,4384320,7102408,13237409,119.0,8.4,100.0,3,10.87,42,2405,0x0000000000000000
06:41:41,39634,4160,4384395,7103056,13237498,116.8,8.7,99.0,3,10.97,42,2405,0x0000000000000000
06:41:42,39485,4160,4384400,7103056,13237511,121.5,7.0,100.0,3,10.86,42,2405,0x0000000000000000
06:41:43,39311,4160,4384403,7103056,13237534,131.7,7.6,100.0,3,10.89,42,2405,0x0000000000000000
06:41:44,39501,4160,4384426,7103056,13237571,120.1,7.3,100.0,3,10.86,42,2405,0x0000000000000000
06:41:45,39351,4160,4384426,7103056,13237577,122.2,7.0,100.0,3,10.81,42,2405,0x0000000000000000
06:41:46,39188,4160,4384426,7103056,13237578,126.1,7.0,100.0,4,10.83,42,2405,0x0000000000000000
06:41:47,39368,4160,4384428,7103056,13237601,123.0,7.5,99.0,4,10.82,42,2405,0x0000000000000000
06:41:48,39208,4159,4384461,7103101,13237659,139.6,9.5,100.0,3,10.85,42,2405,0x0000000000000000
06:41:49,39376,4159,4384464,7103101,13237680,124.2,8.3,100.0,3,10.87,42,2405,0x0000000000000000
06:41:50,39220,4159,4384464,7103101,13237680,123.0,8.1,100.0,2,10.81,42,2405,0x0000000000000000
06:41:51,39075,4159,4384464,7103195,13237682,124.9,8.0,100.0,3,10.85,42,2405,0x0000000000000000
06:41:52,39237,4159,4384464,7103195,13237705,124.3,8.0,100.0,3,10.88,42,2405,0x0000000000000000
06:41:53,39555,4160,4384464,7103478,13237707,133.2,8.7,100.0,3,10.86,42,2405,0x0000000000000000
06:41:54,39385,4160,4384465,7103478,13237713,133.9,8.0,99.0,3,10.88,42,2405,0x0000000000000000
06:41:55,39533,4160,4384465,7103478,13237717,128.5,7.9,100.0,3,10.85,42,2405,0x0000000000000000
06:41:56,39379,4162,4384465,7104091,13237720,128.6,8.1,100.0,2,10.84,42,2405,0x0000000000000000
06:41:57,39550,4162,4384465,7104091,13237751,135.6,8.4,100.0,3,10.84,42,2405,0x0000000000000000
06:41:58,39386,4162,4384497,7104091,13237806,130.0,8.6,100.0,3,10.84,42,2405,0x0000000000000000
06:41:59,39215,4162,4384497,7104091,13237806,132.5,8.1,100.0,3,10.82,42,2405,0x0000000000000000
06:42:00,39394,4162,4384497,7104168,13237810,128.7,8.1,100.0,3,10.85,42,2405,0x0000000000000000
06:42:01,39230,4162,4384497,7104168,13237810,135.2,8.0,100.0,3,10.84,42,2405,0x0000000000000000
06:42:02,39083,4162,4384500,7104360,13237813,121.6,7.8,100.0,3,10.84,42,2405,0x0000000000000000
06:42:03,39252,4162,4384527,7104360,13237887,130.6,8.5,99.0,3,10.82,42,2405,0x0000000000000000
06:42:04,39091,4162,4384527,7104360,13237888,125.5,7.9,100.0,3,10.85,42,2405,0x0000000000000000
06:42:05,39664,4164,4384527,7105001,13237892,116.6,8.1,100.0,3,10.84,42,2405,0x0000000000000000
06:42:06,39507,4164,4384911,7105001,13238212,124.4,8.0,100.0,3,10.80,42,2405,0x0000000000000000
06:42:07,39433,4165,4384915,7105166,13238216,123.0,7.6,100.0,3,10.84,42,2405,0x0000000000000000
06:42:08,39588,4165,4385585,7105166,13238628,134.9,8.9,100.0,3,10.82,42,2405,0x0000000000000000
06:42:09,39416,4165,4385601,7105166,13238642,131.1,8.2,100.0,3,10.85,42,2405,0x0000000000000000
06:42:10,39262,4165,4385601,7105280,13238642,126.8,8.1,99.0,3,10.84,42,2405,0x0000000000000000
06:42:11,39453,4165,4385602,7105280,13238653,123.2,8.0,100.0,3,10.83,42,2405,0x0000000000000000
06:42:12,39308,4165,4385602,7105363,13238653,124.3,7.9,100.0,4,10.84,42,2405,0x0000000000000000
06:42:13,39482,4165,4385603,7105363,13238659,127.0,8.5,100.0,3,10.82,42,2405,0x0000000000000000
06:42:14,39448,4165,4385607,7105570,13238662,120.6,8.0,100.0,3,10.76,42,2405,0x0000000000000000
06:42:15,39289,4165,4385607,7105570,13238662,123.8,7.9,100.0,3,10.79,42,2405,0x0000000000000000
06:42:16,39474,4165,4385607,7105570,13238666,118.3,7.9,100.0,3,10.79,42,2405,0x0000000000000000
06:42:17,39411,4165,4385607,7105692,13238669,134.3,8.0,100.0,3,10.84,42,2405,0x0000000000000000
06:42:18,39237,4165,4385610,7105692,13238674,133.0,8.6,100.0,3,10.85,42,2405,0x0000000000000000
06:42:19,39499,4167,4385614,7106062,13238693,130.6,8.2,99.0,3,10.81,42,2405,0x0000000000000000
06:42:20,39333,4167,4385614,7106062,13238693,128.8,7.8,100.0,3,10.86,42,2405,0x0000000000000000
06:42:21,39580,4168,4385614,7106457,13238698,122.3,8.0,100.0,3,10.81,42,2405,0x0000000000000000
06:42:22,39424,4168,4385614,7106457,13238698,128.2,8.1,100.0,3,10.81,42,2405,0x0000000000000000
06:42:23,39313,4169,4385615,7106641,13238700,130.3,8.6,100.0,3,10.77,42,2405,0x0000000000000000
06:42:24,39496,4169,4385615,7106641,13238704,125.0,7.8,100.0,3,10.77,42,2405,0x0000000000000000
06:42:25,39333,4169,4385615,7106641,13238711,130.4,8.1,100.0,3,10.82,42,2405,0x0000000000000000
06:42:26,39246,4169,4385615,7106834,13238711,126.6,7.9,100.0,3,10.84,42,2405,0x0000000000000000
06:42:27,39426,4169,4385620,7106834,13238720,124.6,8.1,99.0,3,10.81,42,2405,0x0000000000000000
06:42:28,39373,4169,4385621,7106834,13238726,127.3,8.4,100.0,3,10.84,42,2405,0x0000000000000000
06:42:29,39543,4169,4385622,7106834,13238738,124.2,7.9,100.0,3,10.79,42,2405,0x0000000000000000
06:42:30,39489,4171,4385622,7107563,13238738,128.2,7.9,100.0,3,10.81,42,2405,0x0000000000000000
06:42:31,39340,4171,4385622,7107563,13238738,121.6,7.7,100.0,3,10.79,43,2405,0x0000000000000000
06:42:32,39535,4171,4385622,7107563,13238742,113.7,7.6,100.0,3,10.80,42,2405,0x0000000000000000
06:42:33,39394,4171,4385626,7107868,13238744,129.8,8.7,100.0,3,10.80,43,2405,0x0000000000000000
06:42:34,39233,4171,4385626,7107868,13238744,127.0,8.0,100.0,3,10.81,43,2405,0x0000000000000000
06:42:35,39450,4171,4385626,7107868,13238763,127.5,8.2,100.0,3,10.82,43,2405,0x0000000000000000
06:42:36,39292,4171,4385626,7107868,13238763,129.8,7.9,99.0,3,10.84,43,2405,0x0000000000000000
06:42:37,39544,4171,4385626,7107868,13238772,124.9,8.0,100.0,3,10.81,43,2405,0x0000000000000000
06:42:38,39377,4171,4385630,7107868,13238778,135.5,8.2,100.0,2,10.86,43,2405,0x0000000000000000
06:42:39,39224,4171,4385631,7107868,13238779,125.8,7.9,100.0,3,10.82,43,2405,0x0000000000000000
06:42:40,39468,4171,4385631,7107942,13238785,123.8,7.9,100.0,3,10.84,43,2405,0x0000000000000000
06:42:41,39319,4171,4385631,7107942,13238787,122.7,7.8,100.0,3,10.84,43,2405,0x0000000000000000
06:42:42,39244,4171,4385631,7108024,13238787,127.5,7.7,100.0,3,10.82,43,2405,0x0000000000000000
06:42:43,39415,4171,4385631,7108024,13238793,127.7,8.5,100.0,3,10.85,43,2405,0x0000000000000000
06:42:44,39263,4171,4385631,7108024,13238793,122.2,7.9,100.0,3,10.84,43,2405,0x0000000000000000
06:42:45,39341,4172,4385631,7108394,13238794,119.6,7.9,100.0,3,10.83,43,2405,0x0000000000000000
06:42:46,39309,4172,4385631,7108394,13238797,123.9,7.9,99.0,3,10.80,43,2405,0x0000000000000000
06:42:47,39188,4175,4385631,7109320,13238797,126.9,8.0,100.0,3,10.85,43,2405,0x0000000000000000
06:42:48,39369,4175,4385635,7109320,13238804,126.5,8.4,100.0,3,10.88,43,2405,0x0000000000000000
06:42:49,39560,4175,4385655,7109393,13238815,127.3,8.2,100.0,3,10.82,43,2405,0x0000000000000000
06:42:50,39395,4175,4385655,7109393,13238815,122.5,7.8,100.0,3,10.86,43,2405,0x0000000000000000
06:42:51,39554,4175,4385655,7109393,13238822,123.0,7.9,100.0,3,10.85,43,2405,0x0000000000000000
06:42:52,39409,4175,4385655,7109712,13238824,122.7,8.0,100.0,2,10.85,43,2405,0x0000000000000000
06:42:53,39252,4175,4385655,7109712,13238824,126.8,8.4,100.0,3,10.85,43,2405,0x0000000000000000
06:42:54,39553,4178,4385655,7110718,13238828,118.2,7.9,100.0,3,10.83,43,2405,0x0000000000000000
06:42:55,39404,4178,4385655,7110718,13238829,122.3,7.9,100.0,3,10.85,43,2405,0x0000000000000000
06:42:56,39668,4182,4385655,7111087,13238832,117.0,7.9,99.0,3,10.88,43,2405,0x0000000000000000
06:42:57,39519,4182,4385655,7111087,13238833,122.0,7.7,100.0,2,10.87,43,2405,0x0000000000000000
06:42:58,39414,4182,4385655,7111267,13238833,139.8,8.7,100.0,3,10.88,43,2405,0x0000000000000000
06:42:59,39586,4182,4385655,7111267,13238837,124.2,7.8,100.0,3,10.85,43,2405,0x0000000000000000
06:43:00,39435,4182,4385655,7111267,13238837,123.5,8.1,100.0,3,10.84,43,2405,0x0000000000000000
06:43:01,39353,4182,4385655,7111289,13238837,124.1,8.0,100.0,3,10.82,43,2405,0x0000000000000000
06:43:02,39513,4182,4385655,7111289,13238879,135.7,8.2,69.7,3,10.84,43,2405,0x0000000000000000
06:43:03,39363,4182,4385657,7111289,13238882,149.3,8.9,100.0,3,10.95,43,2405,0x0000000000000000
06:43:04,39181,4182,4385657,7111289,13238886,145.5,8.2,99.0,3,10.95,43,2405,0x0000000000000000
06:43:05,39084,4182,4385659,7111305,13238890,148.6,8.2,100.0,3,10.92,43,2405,0x0000000000000000
06:43:06,39291,4182,4385675,7111627,13238903,143.4,8.2,92.0,3,10.93,43,2405,0x0000000000000000
06:43:07,39108,4182,4385675,7111627,13238903,150.1,8.1,99.0,3,10.91,43,2405,0x0000000000000000
06:43:08,38933,4182,4385675,7111627,13238906,150.3,8.8,100.0,3,10.92,43,2405,0x0000000000000000
06:43:09,39089,4182,4385675,7111627,13238910,147.5,8.2,100.0,4,10.91,43,2405,0x0000000000000000
06:43:10,38972,4182,4385676,7111627,13238912,150.3,8.1,100.0,3,10.91,43,2405,0x0000000000000000
06:43:11,39128,4182,4385676,7111627,13238916,147.0,8.2,100.0,3,10.91,43,2405,0x0000000000000000
06:43:12,38954,4182,4385676,7111627,13238916,150.5,8.0,99.0,3,10.95,43,2405,0x0000000000000000
06:43:13,39139,4189,4385680,7111881,13238922,146.1,8.7,100.0,3,10.95,43,2405,0x0000000000000000
06:43:14,38960,4189,4385680,7111881,13238922,149.0,8.2,100.0,3,10.94,43,2405,0x0000000000000000
06:43:15,39004,4194,4385680,7112127,13238922,148.8,8.3,100.0,3,10.92,43,2405,0x0000000000000000
06:43:16,39233,4194,4385680,7112179,13238926,147.1,8.3,100.0,3,10.90,43,2405,0x0000000000000000
06:43:17,39051,4194,4385680,7112179,13238926,147.8,8.2,100.0,3,10.90,43,2405,0x0000000000000000
06:43:18,39274,4194,4385692,7112193,13238934,148.0,8.8,99.0,3,10.92,43,2405,0x0000000000000000
06:43:19,39104,4194,4385697,7112193,13238938,150.8,8.4,100.0,3,10.91,43,2405,0x0000000000000000
06:43:20,39315,4194,4385697,7112193,13238942,142.5,8.1,100.0,3,10.95,43,2405,0x0000000000000000
06:43:21,39140,4194,4385697,7112193,13238942,149.8,8.2,100.0,3,10.91,43,2405,0x0000000000000000
06:43:22,39306,4195,4385698,7112327,13238947,144.7,8.3,100.0,3,10.92,43,2405,0x0000000000000000
06:43:23,39125,4195,4385698,7112327,13238947,152.5,8.9,100.0,3,10.92,43,2405,0x0000000000000000
06:43:24,38939,4195,4385699,7112327,13239024,160.7,8.4,100.0,3,10.92,43,2405,0x0000000000000000
06:43:25,39100,4195,4385699,7112327,13239028,145.7,8.3,99.0,3,10.90,43,2405,0x0000000000000000
06:43:26,38931,4195,4385699,7112405,13239028,149.5,8.2,100.0,3,10.89,43,2405,0x0000000000000000
06:43:27,39085,4195,4385699,7112405,13239033,146.0,8.2,100.0,3,10.90,43,2405,0x0000000000000000
06:43:28,39138,4195,4385711,7112551,13239047,149.0,8.8,100.0,3,10.91,43,2405,0x0000000000000000
06:43:29,39286,4195,4385712,7112551,13239066,146.9,8.3,100.0,3,10.89,43,2405,0x0000000000000000
06:43:30,39237,4196,4385712,7112662,13239067,148.6,8.1,100.0,3,10.90,43,2405,0x0000000000000000
06:43:31,39086,4196,4385712,7112662,13239071,147.9,8.2,99.0,3,10.92,43,2405,0x0000000000000000
06:43:32,39330,4199,4385714,7113416,13239081,145.0,8.4,100.0,3,10.94,43,2405,0x0000000000000000
06:43:33,39150,4199,4385883,7113416,13239341,157.2,9.5,100.0,4,10.94,43,2405,0x0000000000000000
06:43:34,39367,4201,4386123,7114109,13239738,173.7,8.7,100.0,3,10.95,43,2405,0x0000000000000000
06:43:35,39186,4201,4386124,7114109,13239741,150.1,8.4,100.0,3,10.91,43,2405,0x0000000000000000
06:43:36,39416,4201,4386124,7114109,13239745,143.5,8.2,100.0,3,10.94,43,2405,0x0000000000000000
06:43:37,39244,4201,4386125,7114109,13239746,147.5,8.1,100.0,3,10.91,43,2405,0x0000000000000000
06:43:38,39457,4201,4386139,7114109,13239756,142.5,8.7,99.0,3,10.91,43,2405,0x0000000000000000
06:43:39,39415,4201,4386140,7114109,13239759,152.4,8.0,100.0,3,10.94,43,2405,0x0000000000000000
06:43:40,39259,4201,4386140,7114109,13239759,143.5,8.6,100.0,3,10.93,43,2405,0x0000000000000000
06:43:41,39419,4201,4386140,7114109,13239763,138.5,8.4,100.0,3,10.86,43,2405,0x0000000000000000
06:43:42,39286,4201,4386140,7114204,13239764,144.8,8.6,100.0,3,10.90,43,2405,0x0000000000000000
06:43:43,39432,4201,4386149,7114204,13239773,144.5,8.8,99.0,3,10.94,43,2405,0x0000000000000000
06:43:44,39324,4204,4386150,7114853,13239775,149.1,8.2,100.0,3,10.92,43,2405,0x0000000000000000
06:43:45,39481,4197,4386285,7114853,13239880,146.5,9.2,84.2,3,10.95,43,2405,0x0000000000000000
06:43:46,39304,4197,4386285,7114853,13239880,152.8,8.3,99.0,3,10.93,43,2405,0x0000000000000000
06:43:47,39115,4197,4386285,7114853,13239880,150.8,8.3,100.0,3,10.94,43,2405,0x0000000000000000
06:43:48,39407,4197,4386325,7114891,13239902,143.2,8.9,90.0,3,10.95,43,2405,0x0000000000000000
06:43:49,39207,4197,4386420,7114891,13239995,151.4,8.3,100.0,4,10.98,43,2405,0x0000000000000000
06:43:50,39410,4197,4386420,7114920,13239999,146.0,8.2,99.0,3,10.97,43,2405,0x0000000000000000
06:43:51,39229,4197,4386421,7114920,13240000,150.3,8.2,100.0,3,10.98,43,2405,0x0000000000000000
06:43:52,39540,4197,4386518,7114920,13240082,146.6,8.5,100.0,4,10.97,43,2405,0x0000000000000000
06:43:53,39354,4197,4386518,7114920,13240084,152.3,9.0,100.0,3,10.94,43,2405,0x0000000000000000
06:43:54,39596,4197,4386518,7114925,13240087,144.5,8.5,100.0,4,10.97,43,2405,0x0000000000000000
06:43:55,39418,4197,4386518,7114925,13240088,148.0,8.4,99.0,3,10.95,43,2405,0x0000000000000000
06:43:56,39242,4197,4386518,7114925,13240088,148.0,8.2,100.0,4,10.94,43,2405,0x0000000000000000
06:43:57,39382,4197,4386518,7114925,13240092,145.0,8.4,100.0,3,10.96,43,2405,0x0000000000000000
06:43:58,39349,4197,4386520,7114925,13240094,152.5,8.8,100.0,4,10.98,43,2405,0x0000000000000000
06:43:59,39508,4197,4386522,7114925,13240100,143.5,8.4,100.0,3,10.95,43,2405,0x0000000000000000
06:44:00,39413,4197,4386522,7114925,13240100,149.2,8.3,100.0,4,10.96,43,2405,0x0000000000000000
06:44:01,39567,4197,4386522,7114925,13240104,144.0,8.3,100.0,3,10.97,43,2405,0x0000000000000000
06:44:02,39387,4197,4386522,7114925,13240104,149.2,8.5,100.0,3,10.94,43,2405,0x0000000000000000
06:44:03,39199,4197,4386522,7114925,13240104,150.8,9.0,100.0,3,10.96,43,2405,0x0000000000000000
06:44:04,39506,4195,4386526,7114930,13240112,142.2,8.3,99.0,3,10.96,43,2405,0x0000000000000000
06:44:05,39332,4195,4386526,7114930,13240112,145.8,8.1,100.0,3,10.95,43,2405,0x0000000000000000
06:44:06,39503,4195,4386526,7114931,13240119,142.3,8.1,100.0,3,10.93,43,2405,0x0000000000000000
06:44:07,39317,4195,4386527,7114931,13240158,151.7,8.6,100.0,3,10.96,43,2405,0x0000000000000000
06:44:08,39580,4195,4386530,7114937,13240176,146.5,9.0,100.0,3,10.97,43,2405,0x0000000000000000
06:44:09,39399,4195,4386532,7114937,13240182,149.6,8.4,100.0,3,10.96,43,2405,0x0000000000000000
06:44:10,39303,4195,4386532,7114941,13240188,146.8,8.2,100.0,4,10.98,43,2405,0x0000000000000000
06:44:11,39459,4195,4386533,7114941,13240193,143.2,8.2,99.0,3,10.94,43,2405,0x0000000000000000
06:44:12,39285,4195,4386533,7114945,13240193,145.8,8.2,100.0,3,10.95,43,2405,0x0000000000000000
06:44:13,39434,4195,4386533,7114945,13240198,145.7,8.8,100.0,3,10.94,43,2405,0x0000000000000000
06:44:14,39404,4195,4386533,7114948,13240198,147.2,8.3,100.0,4,10.96,43,2405,0x0000000000000000
06:44:15,39556,4195,4386533,7114948,13240202,145.5,8.2,100.0,3,10.96,43,2405,0x0000000000000000
06:44:16,39450,4195,4386533,7114948,13240202,148.5,8.3,100.0,3,10.93,43,2405,0x0000000000000000
06:44:17,39264,4195,4386533,7114948,13240203,147.6,8.1,99.0,3,10.95,43,2405,0x0000000000000000
06:44:18,39497,4195,4386534,7114950,13240212,146.6,8.9,100.0,4,10.95,43,2405,0x0000000000000000
06:44:19,39306,4195,4386579,7114950,13240246,149.8,8.4,100.0,3,10.96,43,2405,0x0000000000000000
06:44:20,39554,4195,4386579,7114956,13240250,144.7,8.4,100.0,4,10.95,43,2405,0x0000000000000000
06:44:21,39373,4195,4386579,7114956,13240250,149.2,8.3,100.0,4,10.96,43,2405,0x0000000000000000
06:44:22,39605,4195,4386580,7114967,13240255,141.7,8.3,100.0,3,10.96,43,2405,0x0000000000000000
06:44:23,39416,4195,4386580,7114967,13240255,150.8,8.8,100.0,3,10.95,43,2405,0x0000000000000000
06:44:24,39582,4195,4386580,7114967,13240259,141.5,8.2,99.0,3,10.92,43,2405,0x0000000000000000
06:44:25,39400,4195,4386580,7114967,13240259,146.2,8.1,100.0,3,10.93,43,2405,0x0000000000000000
06:44:26,39216,4195,4386580,7114980,13240259,144.0,8.3,100.0,3,10.93,43,2405,0x0000000000000000
06:44:27,39373,4195,4386580,7114980,13240263,141.7,8.2,100.0,3,10.93,43,2405,0x0000000000000000
06:44:28,39310,4195,4386581,7114980,13240264,152.0,8.9,100.0,3,10.96,43,2405,0x0000000000000000
06:44:29,39463,4195,4386581,7114980,13240269,146.3,8.4,100.0,3,10.96,43,2405,0x0000000000000000
06:44:30,39349,4195,4386581,7114980,13240269,149.2,8.5,100.0,3,10.98,43,2405,0x0000000000000000
06:44:31,39506,4195,4386581,7114980,13240273,143.2,8.2,99.0,3,10.98,43,2405,0x0000000000000000
06:44:32,39421,4195,4386581,7114980,13240273,148.0,8.2,100.0,3,10.94,43,2405,0x0000000000000000
06:44:33,39216,4195,4386581,7114980,13240273,150.8,8.9,100.0,3,11.01,43,2405,0x0000000000000000
06:44:34,39439,4195,4386581,7114980,13240277,144.2,8.5,100.0,3,10.91,43,2405,0x0000000000000000
06:44:35,39256,4195,4386581,7114980,13240277,150.8,8.6,100.0,4,10.95,43,2405,0x0000000000000000
06:44:36,39513,4195,4386581,7114986,13240281,146.5,8.6,100.0,4,11.00,43,2405,0x0000000000000000
06:44:37,39329,4195,4386581,7114986,13240281,146.2,8.4,100.0,4,10.98,43,2405,0x0000000000000000
06:44:38,39492,4195,4386581,7114986,13240286,145.8,8.7,99.0,4,10.99,43,2405,0x0000000000000000
06:44:39,39322,4195,4386581,7114986,13240289,148.8,8.4,100.0,3,10.97,43,2405,0x0000000000000000
06:44:40,39427,4195,4386581,7115018,13240291,148.4,8.5,100.0,3,11.00,43,2405,0x0000000000000000
06:44:41,39581,4195,4386581,7115018,13240295,142.1,8.1,100.0,3,10.95,43,2405,0x0000000000000000
06:44:42,39400,4195,4386581,7115018,13240295,145.2,8.3,100.0,3,10.95,43,2405,0x0000000000000000
06:44:43,39543,4195,4386583,7115055,13240300,145.7,9.0,100.0,4,10.97,43,2405,0x0000000000000000
06:44:44,39357,4195,4386583,7115055,13240300,152.0,8.1,100.0,4,11.04,43,2405,0x0000000000000000
06:44:45,39712,4195,4386583,7115055,13240304,143.7,8.2,99.0,3,11.01,43,2405,0x0000000000000000
06:44:46,39529,4195,4386583,7115055,13240304,149.2,8.0,100.0,4,11.01,43,2405,0x0000000000000000
06:44:47,39744,4195,4386583,7115055,13240309,143.8,8.0,100.0,3,11.00,43,2405,0x0000000000000000
06:44:48,39547,4195,4386583,7115055,13240311,152.0,8.8,100.0,3,10.99,43,2405,0x0000000000000000
06:44:49,39362,4195,4386596,7115055,13240324,144.3,8.8,100.0,3,10.95,43,2405,0x0000000000000000
06:44:50,39522,4195,4386596,7115055,13240328,137.5,8.7,99.0,3,10.95,43,2405,0x0000000000000000
06:44:51,39389,4195,4386596,7115055,13240328,145.0,8.4,100.0,3,10.96,43,2405,0x0000000000000000
06:44:52,39536,4195,4386596,7115055,13240332,142.7,8.4,100.0,4,10.99,43,2405,0x0000000000000000
06:44:53,39392,4195,4386596,7115055,13240333,148.8,8.9,100.0,4,10.97,43,2405,0x0000000000000000
06:44:54,39549,4195,4386596,7115055,13240336,141.7,8.2,92.9,4,10.96,43,2405,0x0000000000000000
06:44:55,39446,4195,4386597,7115055,13240338,147.5,8.4,99.0,3,10.92,43,2405,0x0000000000000000
06:44:56,39263,4195,4386597,7115055,13240338,146.8,8.2,100.0,4,10.94,43,2405,0x0000000000000000
06:44:57,39487,4195,4386597,7115055,13240342,142.7,8.3,100.0,3,10.96,43,2405,0x0000000000000000
06:44:58,39296,4195,4386597,7115055,13240342,149.5,8.9,100.0,3,10.96,43,2405,0x0000000000000000
06:44:59,39523,4195,4386599,7115056,13240348,144.0,8.4,100.0,3,10.93,43,2405,0x0000000000000000
06:45:00,39339,4195,4386599,7115056,13240348,150.2,8.2,100.0,4,10.96,43,2405,0x0000000000000000
06:45:01,39555,4195,4386601,7115056,13240356,145.6,8.4,100.0,3,10.98,43,2405,0x0000000000000000
06:45:02,39428,4195,4386601,7115057,13240368,153.4,8.9,99.0,2,10.85,43,2405,0x0000000000000000
06:45:03,39235,4195,4386601,7115057,13240376,160.1,9.1,100.0,2,10.82,43,2398,0x0000000000000000
06:45:04,39127,4213,4386603,7119735,13240408,163.6,8.0,94.9,2,10.75,43,2405,0x0000000000000000
06:45:05,38943,4213,4386663,7119735,13240439,166.2,8.8,100.0,2,10.85,43,2405,0x0000000000000000
06:45:06,38765,4213,4386666,7119735,13240442,156.0,8.5,100.0,2,10.85,43,2405,0x0000000000000000
06:45:07,38660,4252,4386666,7129743,13240442,160.5,8.7,100.0,2,10.85,43,2405,0x0000000000000000
06:45:08,38488,4252,4386666,7129743,13240442,173.8,9.3,100.0,2,10.87,43,2405,0x0000000000000000
06:45:09,39517,4252,4386670,7129743,13240446,148.7,8.5,100.0,3,10.84,43,2398,0x0000000000000000
06:45:10,39324,4252,4386670,7129743,13240446,157.0,8.5,100.0,2,10.81,43,2405,0x0000000000000000
06:45:11,39462,4252,4386670,7129743,13240448,144.8,8.7,100.0,2,10.80,43,2405,0x0000000000000000
06:45:12,39256,4252,4386670,7129743,13240464,156.6,9.0,100.0,2,10.81,43,2398,0x0000000000000000
06:45:13,39065,4252,4386673,7129743,13240468,150.0,9.4,100.0,2,10.81,43,2405,0x0000000000000000
06:45:14,39000,4289,4386673,7139035,13240468,147.8,8.9,99.0,2,10.77,43,2405,0x0000000000000000
06:45:15,38818,4289,4386673,7139035,13240468,143.8,8.7,100.0,2,10.74,43,2405,0x0000000000000000
06:45:16,39058,4289,4386673,7139035,13240468,149.5,8.8,100.0,2,10.77,43,2405,0x0000000000000000
06:45:17,38878,4289,4386673,7139035,13240468,150.2,8.6,100.0,2,10.79,43,2405,0x0000000000000000
06:45:18,38649,4289,4386673,7139035,13240468,181.8,8.9,100.0,2,10.81,43,2405,0x0000000000000000
06:45:19,38509,4334,4386682,7150656,13240478,266.3,8.3,96.0,2,10.83,43,2405,0x0000000000000000
06:45:20,38369,4377,4386689,7161746,13240485,158.9,8.7,100.0,2,10.83,43,2405,0x0000000000000000
06:45:21,38160,4377,4386689,7161746,13240485,163.0,8.4,100.0,2,10.81,43,2405,0x0000000000000000
06:45:22,38032,4377,4386689,7161746,13240485,158.0,8.3,100.0,2,10.81,43,2405,0x0000000000000000
06:45:23,37851,4377,4386689,7161746,13240486,158.3,9.3,100.0,2,10.81,43,2405,0x0000000000000000
06:45:24,37710,4377,4386689,7161746,13240486,171.8,8.2,100.0,2,10.83,43,2398,0x0000000000000000
06:45:25,37657,4430,4386689,7175169,13240486,165.0,8.6,100.0,2,10.81,43,2405,0x0000000000000000
06:45:26,37448,4494,4386689,7188272,13240486,250.0,8.1,69.0,2,10.81,43,2405,0x0000000000000000
06:45:27,37268,4494,4386689,7188272,13240486,141.0,8.2,100.0,2,10.77,43,2405,0x0000000000000000
06:45:28,37217,4547,4386689,7201836,13240486,141.5,9.1,100.0,2,10.78,43,2398,0x0000000000000000
06:45:29,36995,4547,4386689,7201836,13240486,142.5,8.0,100.0,2,10.78,43,2398,0x0000000000000000
06:45:30,36876,4547,4386689,7201836,13240486,140.0,8.1,100.0,2,10.77,43,2405,0x0000000000000000
06:45:31,36737,4547,4386689,7201836,13240486,143.8,8.3,100.0,2,10.75,43,2398,0x0000000000000000
06:45:32,36664,4605,4386689,7216685,13240486,136.2,8.4,100.0,2,10.77,43,2398,0x0000000000000000
06:45:33,36478,4605,4386689,7216685,13240488,146.1,8.7,100.0,2,10.82,43,2398,0x0000000000000000
06:45:34,36350,4605,4386689,7216685,13240488,130.0,8.2,100.0,2,10.76,43,2405,0x0000000000000000
06:45:35,36370,4664,4386690,7232030,13240489,144.0,9.2,100.0,2,10.76,43,2398,0x0000000000000000
06:45:36,36281,4726,4386690,7247464,13240489,135.5,8.4,100.0,2,10.81,43,2405,0x0000000000000000
06:45:37,36157,4726,4386690,7247464,13240489,127.2,8.1,100.0,2,10.76,43,2405,0x0000000000000000
06:45:38,36039,4726,4386690,7247464,13240489,140.0,8.7,100.0,2,10.76,43,2405,0x0000000000000000
06:45:39,35846,4726,4386690,7247464,13240489,144.8,8.4,100.0,2,10.76,43,2405,0x0000000000000000
06:45:40,35691,4726,4386690,7247464,13240489,153.0,8.3,100.0,2,10.80,43,2405,0x0000000000000000
06:45:41,35520,4726,4386690,7247464,13240489,144.0,8.5,99.0,2,10.80,43,2398,0x0000000000000000
06:45:42,35451,4790,4386690,7263846,13240489,134.5,8.3,100.0,2,10.74,43,2405,0x0000000000000000
06:45:43,35264,4790,4386690,7263846,13240493,140.0,8.9,100.0,2,10.83,43,2405,0x0000000000000000
06:45:44,36446,5972,4386690,7561545,13240494,119.3,13.9,100.0,2,10.88,43,2398,0x0000000000000000
06:45:45,36851,6492,4386690,7689682,13240494,114.0,13.5,100.0,2,11.71,43,2398,0x0000000000000000
06:45:46,42150,6611,4386705,7716372,13240518,99.5,9.7,100.0,2,11.54,43,2398,0x0000000000000000
06:45:47,41971,6611,4386705,7716372,13240522,139.8,9.4,100.0,2,10.72,43,2398,0x0000000000000000
06:45:48,41779,6611,4386713,7716372,13240543,138.5,9.0,100.0,2,10.78,43,2398,0x0000000000000000
06:45:49,41592,6611,4386724,7716372,13240556,138.3,8.2,100.0,2,10.77,43,2398,0x0000000000000000
06:45:50,41421,6611,4386724,7716372,13240557,133.0,8.2,100.0,2,10.77,43,2398,0x0000000000000000
06:45:51,41254,6611,4386724,7716372,13240557,131.0,8.1,100.0,2,10.76,43,2405,0x0000000000000000
06:45:52,41083,6611,4386724,7716372,13240557,134.5,8.0,100.0,2,10.76,43,2398,0x0000000000000000
06:45:53,40907,6611,4386726,7716372,13240558,139.5,8.7,100.0,2,10.78,43,2398,0x0000000000000000
06:45:54,40732,6611,4386726,7716372,13240558,138.5,8.1,100.0,2,10.77,43,2398,0x0000000000000000
06:45:55,40553,6611,4386779,7716372,13240588,142.6,8.0,99.0,2,10.81,43,2405,0x0000000000000000
06:45:56,40371,6611,4386779,7716372,13240588,144.0,8.2,100.0,2,10.82,43,2405,0x0000000000000000
06:45:57,40191,6611,4386779,7716372,13240588,141.8,8.1,100.0,2,10.80,43,2405,0x0000000000000000
06:45:58,40001,6611,4386779,7716372,13240589,141.0,8.8,100.0,2,10.79,43,2405,0x0000000000000000
06:45:59,39813,6611,4386779,7716372,13240589,142.8,8.3,100.0,2,10.77,43,2405,0x0000000000000000
06:46:00,39639,6611,4386779,7716372,13240592,136.7,8.1,100.0,2,10.81,43,2405,0x0000000000000000
06:46:01,39467,6611,4386779,7716372,13240592,135.8,8.2,100.0,2,10.77,43,2405,0x0000000000000000
06:46:02,39296,6611,4386779,7716372,13240592,135.0,8.2,100.0,2,10.77,43,2405,0x0000000000000000
06:46:03,39116,6611,4386779,7716372,13240592,141.5,8.8,100.0,2,10.78,43,2405,0x0000000000000000
06:46:04,38915,6611,4386779,7716372,13240592,166.5,8.2,99.0,2,10.76,43,2405,0x0000000000000000
06:46:05,38741,6611,4386779,7716372,13240593,137.0,8.2,100.0,2,10.77,43,2405,0x0000000000000000
06:46:06,38571,6611,4386779,7716372,13240593,140.0,8.1,100.0,2,10.78,43,2405,0x0000000000000000
06:46:07,38398,6611,4386786,7716372,13240601,141.1,8.2,100.0,2,10.76,43,2405,0x0000000000000000
06:46:08,38215,6611,4386792,7716372,13240606,146.8,8.8,100.0,2,10.79,43,2405,0x0000000000000000
06:46:09,38440,6856,4386803,7780451,13240678,141.1,11.2,100.0,2,11.05,43,2405,0x0000000000000000
06:46:10,39116,6927,4386816,7798992,13240702,145.1,8.9,100.0,2,11.17,43,2405,0x0000000000000000
06:46:11,42489,6927,4388226,7798992,13241586,121.4,8.6,82.0,2,10.88,43,2405,0x0000000000000000
06:46:12,41826,6927,4393289,7798992,13244067,35.9,5.6,57.6,0,10.95,44,2405,0x0000000000000000
06:46:13,40643,6927,4395569,7798992,13246058,11.8,7.7,66.0,95,40.19,50,2444,0x0000000000000000
06:46:14,40620,6927,4399994,7798992,13249961,20.8,3.8,45.5,0,11.66,44,2411,0x0000000000000000
06:46:15,40593,6927,4404257,7798992,13253573,35.3,2.7,45.5,0,10.62,44,2411,0x0000000000000000
06:46:16,40565,6927,4410526,7798992,13258047,24.9,2.5,45.0,0,10.62,43,2411,0x0000000000000000
06:46:17,40521,6927,4417195,7798992,13262931,30.4,2.7,45.0,0,10.60,43,2411,0x0000000000000000
06:46:18,40499,6927,4423348,7798992,13267460,28.8,3.9,29.0,0,10.59,43,2411,0x0000000000000000
06:46:19,37593,6928,4426215,7800724,13269601,23.3,4.9,44.3,0,10.60,43,2411,0x0000000000000000
06:46:20,34197,6931,4426470,7806745,13270754,252.4,6.7,55.4,0,10.72,43,2411,0x0000000000000000
06:46:21,34223,6931,4426471,7806745,13273011,523.9,3.5,43.4,0,10.61,43,2411,0x0000000000000000
06:46:22,34227,6932,4426471,7808385,13275468,570.4,3.8,43.0,0,10.59,43,2411,0x0000000000000000
06:46:23,34205,6932,4426474,7808422,13278260,612.8,4.9,42.4,0,10.61,43,2411,0x0000000000000000
06:46:24,34230,6932,4426475,7808465,13280741,575.6,3.0,46.5,0,10.53,43,2398,0x0000000000000000
06:46:25,34231,6933,4426475,7809084,13283260,585.1,2.9,44.9,0,10.33,43,2405,0x0000000000000000
06:46:26,34235,6933,4426478,7810081,13285814,592.2,3.5,44.4,0,10.34,43,2405,0x0000000000000000
06:46:27,34227,6934,4426478,7810335,13288435,603.9,4.0,44.0,0,10.32,43,2398,0x0000000000000000
06:46:28,34218,6934,4426480,7811604,13291106,605.5,4.4,45.0,0,10.30,43,2405,0x0000000000000000
06:46:29,34220,6934,4426480,7812345,13293695,600.6,2.9,44.9,0,10.29,43,2398,0x0000000000000000
06:46:30,34227,6935,4426492,7813674,13296364,595.5,3.2,45.0,0,10.30,43,2398,0x0000000000000000
06:46:31,34252,6935,4426492,7814328,13298978,606.9,3.8,44.4,0,10.32,43,2405,0x0000000000000000
06:46:32,34257,6935,4426492,7815558,13301549,597.2,3.9,45.5,0,10.32,43,2405,0x0000000000000000
06:46:33,34250,6936,4426494,7816857,13303929,550.0,3.9,45.5,0,10.30,43,2405,0x0000000000000000
06:46:34,34251,6936,4426494,7817453,13306294,549.2,3.1,47.0,0,10.29,43,2398,0x0000000000000000
06:46:35,34238,6936,4427204,7818377,13309389,576.9,3.8,45.0,0,10.30,43,2398,0x0000000000000000
06:46:36,34249,6936,4427222,7819539,13312039,613.3,4.0,45.5,0,10.29,43,2398,0x0000000000000000
06:46:37,34250,6937,4427222,7820105,13314605,594.8,3.5,46.1,0,10.29,43,2398,0x0000000000000000
06:46:38,34233,6937,4427782,7820120,13317347,566.5,3.8,44.4,0,10.31,43,2398,0x0000000000000000
06:46:39,34235,6937,4427782,7821226,13319926,599.3,3.2,45.0,0,10.30,43,2398,0x0000000000000000
06:46:40,34236,6937,4427795,7821730,13322519,599.2,3.9,45.5,0,10.32,43,2398,0x0000000000000000
06:46:41,34240,6937,4427823,7822626,13325194,618.1,3.7,45.0,0,10.31,43,2405,0x0000000000000000
06:46:42,34240,6937,4427823,7823206,13327596,558.0,3.1,46.0,0,10.31,43,2398,0x0000000000000000
06:46:43,34239,6937,4427845,7823756,13330021,553.7,3.8,44.4,0,10.33,43,2398,0x0000000000000000
06:46:44,34240,6937,4427845,7824371,13332507,577.5,3.6,45.9,0,10.31,43,2398,0x0000000000000000
06:46:45,34244,6938,4427845,7824964,13335163,614.7,4.0,45.5,0,10.29,43,2405,0x0000000000000000
06:46:46,34249,6938,4427845,7825423,13337595,559.4,3.3,44.4,0,10.30,43,2398,0x0000000000000000
06:46:47,34251,6938,4427845,7825658,13339981,547.9,3.1,45.5,0,10.30,43,2398,0x0000000000000000
06:46:48,34254,6938,4427846,7826091,13342438,559.5,3.9,44.4,0,10.30,43,2398,0x0000000000000000
06:46:49,34257,6939,4427878,7826712,13345077,592.1,4.2,45.0,0,10.32,43,2398,0x0000000000000000
06:46:50,34255,6939,4427878,7827146,13347634,583.3,3.6,45.0,0,10.30,43,2398,0x0000000000000000
06:46:51,34258,6939,4427878,7827581,13349983,538.9,3.1,45.0,0,10.29,43,2405,0x0000000000000000
06:46:52,34264,6939,4427879,7827961,13352346,541.3,3.3,45.5,0,10.28,43,2398,0x0000000000000000
06:46:53,34269,6940,4427880,7828141,13354898,587.0,4.4,46.0,0,10.32,43,2398,0x0000000000000000
06:46:54,34240,6940,4431614,7828437,13359644,556.3,4.7,44.4,0,10.33,43,2398,0x0000000000000000
06:46:55,34259,6940,4431694,7829199,13362257,590.6,2.9,44.0,0,10.34,43,2398,0x0000000000000000
06:46:56,34263,6940,4431694,7830085,13364700,564.6,3.1,44.4,0,10.33,43,2398,0x0000000000000000
06:46:57,34267,6940,4431694,7830711,13367171,570.6,3.5,43.4,0,10.31,43,2398,0x0000000000000000
06:46:58,34260,6940,4431695,7831265,13369817,608.5,4.6,44.6,0,10.32,43,2398,0x0000000000000000
06:46:59,34265,6940,4431695,7832314,13372327,581.2,3.3,44.0,0,10.27,43,2398,0x0000000000000000
06:47:00,34306,6940,4431695,7832772,13374367,464.1,4.1,44.0,0,10.30,43,2405,0x0000000000000000
06:47:01,34310,6940,4431695,7833668,13376384,467.7,4.3,42.0,0,10.30,43,2405,0x0000000000000000
06:47:02,34312,6940,4431697,7834483,13378504,486.3,4.5,43.4,0,10.29,43,2405,0x0000000000000000
06:47:03,34313,6940,4431697,7835326,13380550,465.6,5.2,42.4,0,10.31,43,2405,0x0000000000000000
06:47:04,34202,6941,4431716,7835957,13381141,234.4,7.1,68.0,0,10.41,43,2405,0x0000000000000000
06:47:05,34058,6941,4431716,7836345,13381141,135.6,8.0,100.0,2,10.70,43,2398,0x0000000000000000
06:47:06,33924,6941,4431732,7836796,13381156,132.3,8.2,100.0,2,10.66,43,2398,0x0000000000000000
06:47:07,33797,6941,4431732,7837018,13381156,132.0,8.2,100.0,2,10.67,43,2405,0x0000000000000000
06:47:08,33629,6941,4431742,7837206,13381163,143.6,8.9,100.0,2,10.69,43,2405,0x0000000000000000
06:47:09,33489,6941,4431745,7837451,13381164,130.3,8.2,100.0,2,10.69,43,2398,0x0000000000000000
06:47:10,33369,6941,4431748,7837731,13381168,136.2,8.5,100.0,2,10.68,43,2398,0x0000000000000000
06:47:11,33240,6941,4431748,7837871,13381184,137.4,8.3,100.0,2,10.68,43,2405,0x0000000000000000
06:47:12,33107,6941,4431748,7838160,13381184,137.8,8.2,100.0,2,10.72,43,2398,0x0000000000000000
06:47:13,33039,6941,4431781,7838464,13381198,138.6,9.6,99.0,2,10.76,43,2405,0x0000000000000000
06:47:14,32900,6941,4431781,7838735,13381198,141.5,8.9,100.0,2,10.78,43,2398,0x0000000000000000
06:47:15,32770,6941,4431781,7839399,13381198,131.0,9.4,100.0,2,10.76,43,2398,0x0000000000000000
06:47:16,32156,6941,4431791,7840376,13381378,683.1,7.2,70.7,2,10.76,43,2398,0x0000000000000000
06:47:17,31434,6942,4431793,7843770,13381599,828.3,6.9,43.3,2,10.57,43,2398,0x0000000000000000
06:47:18,30932,6944,4431799,7844465,13381724,519.0,8.1,75.8,2,10.57,43,2398,0x0000000000000000
06:47:19,30713,6944,4432612,7844465,13382517,225.0,9.8,100.0,2,10.73,43,2398,0x0000000000000000
06:47:20,30517,6944,4432953,7844465,13382800,151.1,9.9,100.0,2,10.77,43,2405,0x0000000000000000
06:47:21,30366,6944,4432953,7844465,13382800,141.3,8.6,100.0,2,10.78,43,2398,0x0000000000000000
06:47:22,30264,6945,4432953,7844851,13382853,151.6,8.8,100.0,2,10.77,43,2398,0x0000000000000000
06:47:23,30070,6945,4432959,7844863,13382860,136.4,8.2,100.0,2,10.75,43,2405,0x0000000000000000
06:47:24,29922,6945,4432959,7844882,13382860,133.5,7.6,100.0,2,10.79,43,2405,0x0000000000000000
06:47:25,29725,6945,4432959,7844889,13382860,138.4,7.6,100.0,2,10.77,43,2405,0x0000000000000000
06:47:26,29561,6945,4432959,7845006,13382860,139.6,8.6,100.0,2,10.77,43,2405,0x0000000000000000
06:47:27,29407,6945,4432959,7845513,13382860,144.0,8.5,100.0,2,10.72,43,2405,0x0000000000000000
06:47:28,34030,6945,4432959,7845513,13382875,101.0,10.0,99.0,2,10.72,43,2405,0x0000000000000000
06:47:29,33886,6945,4433391,7845513,13383239,73.6,7.0,100.0,2,10.68,43,2405,0x0000000000000000
06:47:30,33721,6945,4433392,7845513,13383245,123.3,7.1,100.0,2,10.71,43,2405,0x0000000000000000
06:47:31,33566,6945,4433392,7845513,13383247,127.5,7.1,100.0,2,10.71,43,2405,0x0000000000000000
06:47:32,33410,6945,4433392,7845513,13383249,127.5,7.9,100.0,2,10.74,43,2405,0x0000000000000000
06:47:33,33243,6945,4433392,7845513,13383258,138.7,8.4,100.0,2,10.75,43,2405,0x0000000000000000
06:47:34,33090,6945,4433392,7845513,13383258,126.5,7.3,100.0,1,10.70,43,2405,0x0000000000000000
06:47:35,32932,6945,4433393,7845513,13383272,113.1,7.2,100.0,2,10.70,43,2405,0x0000000000000000
06:47:36,32776,6945,4433394,7845513,13383273,128.0,7.0,100.0,2,10.72,43,2398,0x0000000000000000
06:47:37,32626,6945,4433394,7845513,13383275,56.5,8.3,99.0,1,10.71,43,2405,0x0000000000000000
06:47:38,32448,6945,4433397,7845513,13383279,0.0,8.7,100.0,2,10.75,43,2398,0x0000000000000000
06:47:39,32283,6945,4433397,7845513,13383279,0.0,8.0,100.0,2,10.73,43,2405,0x0000000000000000
06:47:40,32109,6945,4433400,7845513,13383282,0.0,8.2,100.0,2,10.74,43,2405,0x0000000000000000
06:47:41,31969,6945,4433400,7845513,13383282,0.0,7.9,100.0,2,10.74,43,2405,0x0000000000000000
06:47:42,31820,6945,4433400,7845513,13383282,0.0,7.9,100.0,1,10.73,43,2405,0x0000000000000000
06:47:43,31648,6945,4433414,7845513,13383297,0.1,8.7,100.0,2,10.74,43,2398,0x0000000000000000
06:47:44,31498,6945,4433418,7845513,13383305,0.5,8.3,100.0,2,10.76,43,2398,0x0000000000000000
06:47:45,31345,6945,4433418,7845513,13383307,0.2,7.9,100.0,2,10.73,43,2405,0x0000000000000000
06:47:46,31192,6945,4433418,7845513,13383307,0.0,8.1,100.0,1,10.72,43,2405,0x0000000000000000
06:47:47,31055,6946,4436058,7845966,13384643,68.6,7.4,45.0,1,10.66,43,2405,0x0000000000000000
06:47:48,30991,6946,4446596,7845966,13389356,41.5,4.0,40.6,0,11.28,43,2398,0x0000000000000000
06:47:49,30951,6945,4456611,7845966,13393759,39.1,2.3,39.0,0,10.33,43,2398,0x0000000000000000
06:47:50,30879,6945,4467453,7845966,13398081,42.4,2.6,41.0,0,10.33,43,2398,0x0000000000000000
06:47:51,30831,6945,4478792,7845966,13402768,44.3,2.3,39.0,0,10.34,43,2398,0x0000000000000000
06:47:52,30792,6945,4489740,7845966,13407584,44.2,2.5,38.4,0,10.32,43,2405,0x0000000000000000
06:47:53,30740,6945,4500254,7845966,13412174,42.9,4.1,40.0,0,10.33,43,2405,0x0000000000000000
06:47:54,30688,6945,4511219,7845966,13415969,44.4,2.5,44.4,0,10.33,43,2398,0x0000000000000000
06:47:55,37129,6945,4517515,7845966,13417162,43.5,6.0,64.6,0,10.39,43,2405,0x0000000000000000
06:47:56,37081,6945,4527594,7845966,13419442,39.6,5.4,56.0,0,10.36,43,2398,0x0000000000000000
06:47:57,37057,6945,4532058,7845966,13423906,17.4,2.7,45.0,0,10.34,43,2398,0x0000000000000000
06:47:58,36827,6945,4533287,7845966,13425137,5.0,6.6,74.7,0,10.34,43,2398,0x0000000000000000
06:47:59,36678,6945,4533287,7845966,13425137,0.0,7.3,100.0,0,10.36,43,2405,0x0000000000000000
06:48:00,36668,6945,4533290,7845966,13425140,0.1,7.4,100.0,0,10.35,43,2398,0x0000000000000000
06:48:01,35196,6945,4534359,7845966,13426069,97.9,7.9,66.0,0,10.35,43,2398,0x0000000000000000
06:48:02,33844,6945,4534887,7845966,13426639,414.3,5.0,45.9,0,10.57,43,2398,0x0000000000000000
06:48:03,33754,6945,4534892,7845966,13426739,10.1,8.0,96.0,0,11.34,43,2405,0x0000000000000000
06:48:04,33745,6945,4534892,7845966,13426739,0.0,7.7,100.0,0,10.33,43,2405,0x0000000000000000
06:48:05,33721,6945,4534892,7845966,13426742,0.3,7.7,99.0,0,10.34,43,2405,0x0000000000000000
06:48:06,33703,6945,4534897,7845966,13426747,0.0,7.6,100.0,0,10.33,43,2405,0x0000000000000000
06:48:07,33542,6945,4534903,7845966,13426777,3.1,7.5,99.0,0,10.34,43,2405,0x0000000000000000
06:48:08,32456,6945,4534968,7845966,13426922,10.4,8.0,98.0,0,58.17,59,2424,0x0000000000000000
06:48:09,32466,6945,4534968,7845966,13426922,0.0,7.4,100.0,96,97.15,60,2398,0x0000000000000000
06:48:10,32468,6945,4534968,7845966,13426922,0.0,7.9,100.0,96,97.06,63,2385,0x0000000000000000
06:48:11,32475,6945,4534968,7845966,13426922,0.0,7.4,100.0,96,97.39,62,2359,0x0000000000000000
06:48:12,32483,6945,4534969,7845966,13426923,0.0,7.4,100.0,96,97.06,59,2353,0x0000000000000000
06:48:13,32492,6945,4534994,7845966,13426933,0.3,8.1,100.0,96,97.23,64,2372,0x0000000000000000
06:48:14,32500,6945,4534994,7845966,13426933,0.0,7.3,100.0,96,97.44,64,2392,0x0000000000000000
06:48:15,32508,6945,4534994,7845966,13426933,0.0,7.3,100.0,96,97.28,64,2385,0x0000000000000000
06:48:16,32521,6945,4534994,7845966,13426934,0.1,7.4,100.0,96,97.20,65,2379,0x0000000000000000
06:48:17,32539,6945,4535097,7845966,13427022,45.2,5.0,51.0,96,83.15,53,2372,0x0000000000000000
06:48:18,32540,6945,4535961,7845966,13427557,25.3,6.9,73.3,0,11.48,48,2411,0x0000000000000000
06:48:19,32532,6945,4535984,7845966,13427584,0.1,7.6,99.0,0,11.29,47,2411,0x0000000000000000
06:48:20,32521,6945,4535987,7845966,13427586,0.0,7.7,99.0,0,11.27,47,2411,0x0000000000000000
06:48:21,32516,6945,4535987,7845966,13427586,0.0,7.6,100.0,0,11.30,47,2411,0x0000000000000000
06:48:22,32510,6945,4536030,7845966,13427612,0.7,7.5,99.0,0,11.23,47,2411,0x0000000000000000
06:48:23,32507,6945,4536490,7845966,13427990,16.5,7.5,68.3,0,11.15,46,2411,0x0000000000000000
06:48:24,32469,6945,4537002,7845966,13428312,8.1,8.4,70.0,1,16.31,47,2483,0x0000000000000000
06:48:25,32456,6945,4537053,7845966,13428351,0.4,7.3,73.0,6,15.98,46,2411,0x0000000000000000
06:48:26,32437,6945,4537064,7845966,13428368,0.7,7.3,84.2,95,18.14,48,2418,0x0000000000000000
06:48:27,32413,6945,4537072,7845966,13428416,4.8,7.2,93.0,84,19.41,47,2424,0x0000000000000000
06:48:28,34986,6945,4537074,7845966,13428420,0.1,8.6,90.9,47,17.01,47,2470,0x0000000000000000
06:48:29,34434,6945,4537074,7845966,13428420,0.0,6.1,100.0,0,16.66,46,2418,0x0000000000000000
06:48:30,34427,6945,4537078,7845966,13428427,0.3,6.2,99.0,0,12.43,46,2418,0x0000000000000000
06:48:31,34265,6945,4537115,7845966,13428463,1.0,6.4,95.0,0,12.78,46,2418,0x0000000000000000
06:48:32,34229,6945,4537123,7845966,13428465,0.0,6.0,98.0,0,12.98,46,2411,0x0000000000000000
06:48:33,34248,6945,4537166,7845966,13428507,2.6,6.7,94.9,0,11.04,46,2411,0x0000000000000000
06:48:34,33742,6945,4537210,7845966,13428544,2.1,7.7,64.0,4,14.89,47,2470,0x0000000000000000
06:48:35,33728,6945,4537210,7845966,13428544,0.0,8.2,84.8,0,17.80,46,2463,0x0000000000000000
06:48:36,33737,6945,4537210,7845966,13428544,0.0,8.2,60.4,28,18.23,46,2463,0x0000000000000000
06:48:37,33694,6945,4537210,7845966,13428544,0.0,8.0,83.0,32,17.60,46,2463,0x0000000000000000
06:48:38,33693,6945,4537211,7845966,13428549,0.2,8.1,70.0,75,17.64,47,2450,0x0000000000000000
06:48:39,33674,6945,4537211,7845966,13428549,0.0,7.0,84.0,50,17.78,48,2476,0x0000000000000000
06:48:40,33662,6945,4537211,7845966,13428549,0.0,7.8,80.2,55,13.83,46,2411,0x0000000000000000
06:48:41,33667,6945,4537211,7845966,13428549,0.0,7.9,79.8,0,14.96,46,2463,0x0000000000000000
06:48:42,33682,6945,4537211,7845966,13428549,0.0,7.9,86.0,30,16.09,46,2463,0x0000000000000000
06:48:43,33675,6945,4537211,7845966,13428553,0.3,8.4,81.2,44,16.07,47,2411,0x0000000000000000
06:48:44,33697,6945,4537211,7845966,13428553,0.0,7.8,87.9,0,12.74,46,2411,0x0000000000000000
06:48:45,33692,6945,4537211,7845966,13428554,0.1,7.7,86.1,0,14.17,46,2463,0x0000000000000000
06:48:46,33691,6945,4537213,7845966,13428559,0.3,7.9,84.0,0,14.20,46,2411,0x0000000000000000
06:48:47,33698,6945,4537213,7845966,13428559,0.0,7.9,91.0,18,15.82,46,2457,0x0000000000000000
06:48:48,33701,6945,4537213,7845966,13428561,0.1,8.7,85.1,0,15.92,47,2411,0x0000000000000000
06:48:49,33673,6945,4537223,7845966,13428571,0.1,7.5,53.0,43,14.51,46,2463,0x0000000000000000
06:48:50,33663,6945,4537223,7845966,13428574,0.1,7.7,46.0,59,15.97,46,2463,0x0000000000000000
06:48:51,33660,6945,4537251,7845966,13428599,0.2,7.7,58.8,4,17.35,46,2463,0x0000000000000000
06:48:52,33610,6945,4544647,7845966,13432352,29.2,8.2,84.8,66,12.67,46,2411,0x0000000000000000
06:48:53,33559,6945,4553567,7845966,13436168,35.4,8.5,90.0,0,14.31,47,2424,0x0000000000000000
06:48:54,33508,6945,4557956,7845966,13438190,17.9,8.1,77.0,0,12.55,46,2457,0x0000000000000000
06:48:55,33486,6945,4557956,7845966,13438190,0.0,7.4,75.0,0,10.93,45,2411,0x0000000000000000
06:48:56,33495,6945,4557956,7845966,13438190,0.0,7.6,79.0,0,12.60,47,2424,0x0000000000000000
06:48:57,33523,6945,4557956,7845966,13438192,0.1,7.4,84.0,62,14.22,47,2411,0x0000000000000000
06:48:58,33520,6945,4557956,7845966,13438192,0.0,8.2,89.0,26,14.56,46,2463,0x0000000000000000
06:48:59,33496,6945,4557956,7845966,13438192,0.0,7.8,65.0,0,14.27,46,2463,0x0000000000000000
06:49:00,33510,6945,4557956,7845966,13438193,0.0,7.8,80.0,64,12.58,45,2411,0x0000000000000000
06:49:01,33499,6945,4557956,7845966,13438193,0.0,8.0,81.0,0,14.16,45,2411,0x0000000000000000
06:49:02,33502,6945,4557956,7845966,13438193,0.0,7.7,81.2,0,14.26,45,2411,0x0000000000000000
06:49:03,33519,6945,4557956,7845966,13438193,0.0,8.3,73.7,0,14.23,45,2457,0x0000000000000000
06:49:04,33526,6945,4557956,7845966,13438193,0.0,7.7,84.0,0,14.20,46,2463,0x0000000000000000
06:49:05,33476,6945,4557956,7845966,13438193,0.0,7.8,76.0,0,14.23,45,2450,0x0000000000000000
06:49:06,33466,6945,4557971,7845966,13438218,0.9,7.8,76.0,71,12.47,45,2411,0x0000000000000000
06:49:07,33461,6945,4557971,7845966,13438218,0.0,7.6,69.3,0,12.65,45,2411,0x0000000000000000
06:49:08,33466,6945,4557971,7845966,13438219,0.1,8.7,84.8,0,14.20,45,2411,0x0000000000000000
06:49:09,34120,6945,4558025,7845966,13438264,3.0,7.7,76.0,0,14.70,46,2463,0x0000000000000000
06:49:10,32829,6945,4559921,7845966,13440035,31.7,6.0,58.8,67,12.84,45,2411,0x0000000000000000
06:49:11,33573,6945,4559922,7845966,13440036,0.0,8.3,99.0,51,36.60,53,2470,0x0000000000000000
06:49:12,32747,6945,4559923,7845966,13440037,0.0,9.0,100.0,62,38.87,53,2476,0x0000000000000000
06:49:13,31516,6945,4559941,7845966,13440055,0.6,8.4,97.0,82,26.93,46,2411,0x0000000000000000
06:49:14,31481,6945,4559942,7845966,13440056,0.0,8.0,58.2,0,11.70,46,2411,0x0000000000000000
06:49:15,31488,6945,4559942,7845966,13440056,0.0,7.0,43.0,0,20.57,46,2418,0x0000000000000000
06:49:16,33176,6945,4559942,7845966,13440056,0.0,7.1,88.0,44,16.79,46,2444,0x0000000000000000
06:49:17,32324,6945,4559948,7845966,13440067,1.1,8.1,99.0,1,19.82,47,2483,0x0000000000000000
06:49:18,28370,6946,4560007,7846059,13440142,5.8,8.4,64.0,41,18.80,46,2411,0x0000000000000000
06:49:19,21029,6960,4560213,7872171,13440313,1.9,11.6,96.0,0,11.28,46,2411,0x0000000000000000
06:49:20,21003,6960,4563900,7872171,13443900,33.1,2.7,19.3,59,12.19,46,2411,0x0000000000000000
06:49:21,20988,6960,4567762,7872171,13447501,15.5,1.7,14.9,0,10.86,45,2411,0x0000000000000000
06:49:22,22944,6960,4568956,7872171,13448636,10.8,5.6,54.0,0,10.88,45,2411,0x0000000000000000
06:49:23,22782,6959,4569288,7872171,13448809,5.3,7.6,56.0,0,11.45,45,2418,0x0000000000000000
06:49:24,22774,6959,4569614,7872171,13448896,1.4,7.7,82.7,0,14.78,48,2411,0x0000000000000000
06:49:25,22745,6959,4569640,7872171,13448902,0.2,7.4,79.4,17,13.96,45,2418,0x0000000000000000
06:49:26,22856,6959,4569755,7872171,13448925,0.6,8.1,97.0,0,15.94,46,2450,0x0000000000000000
06:49:27,22829,6959,4569768,7872171,13448939,0.5,8.2,100.0,24,20.90,48,2431,0x0000000000000000
06:49:28,22800,6959,4569777,7872171,13448964,0.4,9.1,100.0,17,18.84,46,2450,0x0000000000000000
06:49:29,22621,6959,4569777,7872171,13448964,0.0,8.2,100.0,17,20.59,49,2450,0x0000000000000000
06:49:30,22717,6959,4569777,7872171,13448964,0.0,8.2,64.6,27,17.73,46,2431,0x0000000000000000
06:49:31,22930,6959,4569829,7872172,13449005,0.4,8.0,88.9,18,15.45,46,2418,0x0000000000000000
06:49:32,22860,6959,4569836,7872172,13449052,5.0,8.0,81.0,13,14.43,46,2411,0x0000000000000000
06:49:33,22700,6959,4569844,7872172,13449062,0.1,8.5,87.1,0,12.86,46,2431,0x0000000000000000
06:49:34,22597,6959,4569858,7872172,13449076,0.3,7.4,66.0,40,14.31,45,2418,0x0000000000000000
06:49:35,22524,6959,4569880,7872172,13449093,1.3,7.2,80.0,2,11.71,45,2411,0x0000000000000000
06:49:36,22473,6959,4569945,7872172,13449133,0.3,7.6,64.0,0,12.93,45,2437,0x0000000000000000
06:49:37,22270,6959,4569965,7872172,13449201,0.7,7.2,51.5,65,17.10,45,2418,0x0000000000000000
06:49:38,22276,6959,4570075,7872172,13449330,9.6,7.8,65.7,37,15.76,45,2411,0x0000000000000000
06:49:39,22214,6959,4570111,7872172,13449403,1.4,7.3,65.0,7,13.27,46,2424,0x0000000000000000
06:49:40,22187,6959,4570111,7872172,13449406,0.1,7.2,71.3,0,13.26,45,2411,0x0000000000000000
06:49:41,22206,6959,4570127,7872172,13449424,1.0,7.2,57.6,0,10.92,45,2411,0x0000000000000000
06:49:42,22186,6959,4570152,7872172,13449571,3.7,7.2,82.0,0,12.62,45,2411,0x0000000000000000
06:49:43,22258,6958,4570250,7872172,13450071,57.6,6.5,40.4,0,16.89,46,2470,0x0000000000000000
06:49:44,22254,6958,4570268,7872172,13450185,16.9,6.5,85.7,0,10.87,45,2411,0x0000000000000000
06:49:45,22186,6958,4585470,7872172,13454188,62.5,3.0,30.3,0,10.89,45,2411,0x0000000000000000
06:49:46,22133,6958,4595994,7872172,13458742,41.1,2.8,29.0,0,10.77,45,2411,0x0000000000000000
06:49:47,22117,6958,4600341,7872172,13462896,17.0,2.0,35.0,0,10.79,45,2411,0x0000000000000000
06:49:48,22096,6958,4610533,7872172,13467275,40.0,2.5,20.2,0,10.78,45,2411,0x0000000000000000
06:49:49,22041,6929,4625829,7872172,13472218,59.8,2.5,30.0,0,10.77,45,2411,0x0000000000000000
06:49:50,22039,6929,4632028,7872172,13476823,25.2,2.7,30.0,0,10.75,45,2411,0x0000000000000000
06:49:51,22012,6929,4636824,7872172,13479668,19.0,3.0,40.6,0,10.74,44,2411,0x0000000000000000
06:49:52,21984,6929,4643055,7872172,13483432,24.7,2.7,40.4,0,10.75,44,2411,0x0000000000000000
06:49:53,21927,6929,4649888,7872172,13487171,27.3,3.8,35.0,0,10.75,44,2411,0x0000000000000000
06:49:54,21822,6929,4671295,7872172,13490942,96.4,4.3,41.4,0,10.74,44,2411,0x0000000000000000
06:49:55,21746,6929,4678109,7872172,13494280,26.6,3.3,41.6,0,10.73,44,2411,0x0000000000000000
06:49:56,21727,6929,4683340,7872172,13496443,20.6,4.9,46.5,0,10.71,44,2411,0x0000000000000000
06:49:57,21693,6929,4689684,7872172,13500612,24.8,3.3,41.0,0,10.73,44,2411,0x0000000000000000
06:49:58,21616,6929,4701642,7872172,13504266,46.8,3.8,40.0,0,10.73,44,2411,0x0000000000000000
06:49:59,21568,6929,4715466,7872172,13506528,54.0,5.4,61.8,0,10.70,44,2411,0x0000000000000000
06:50:00,21473,6929,4715516,7872172,13506539,0.2,7.3,98.0,0,10.70,44,2411,0x0000000000000000
06:50:01,21386,6929,4715524,7872172,13506540,0.0,7.1,99.0,0,10.70,44,2411,0x0000000000000000
06:50:02,21305,6929,4715536,7872172,13506550,0.2,7.2,99.0,0,10.71,44,2411,0x0000000000000000
06:50:03,21239,6929,4715539,7872172,13506555,0.2,7.8,100.0,0,10.58,44,2405,0x0000000000000000
06:50:04,21135,6929,4715539,7872172,13506555,0.0,7.3,100.0,0,10.44,44,2405,0x0000000000000000
06:50:05,20997,6929,4719390,7872172,13508266,16.6,7.3,100.0,0,10.44,44,2405,0x0000000000000000
06:50:06,20871,6929,4728438,7872172,13511227,35.3,7.5,100.0,0,10.43,44,2398,0x0000000000000000
06:50:07,20761,6929,4741077,7872172,13515493,49.4,8.4,100.0,0,10.43,44,2405,0x0000000000000000
06:50:08,20652,6929,4750408,7872172,13519131,36.6,8.0,100.0,0,10.42,44,2398,0x0000000000000000
06:50:09,20939,6929,4759251,7872172,13522728,34.9,7.5,100.0,0,10.45,44,2398,0x0000000000000000
06:50:10,20503,6929,4771617,7872195,13528115,48.7,6.7,71.4,0,10.44,44,2398,0x0000000000000000
06:50:11,19965,6930,4772389,7872241,13528670,3.7,6.5,85.9,0,10.62,44,2405,0x0000000000000000
06:50:12,19823,6930,4774377,7872242,13530221,7.9,5.5,67.7,0,10.49,44,2405,0x0000000000000000
06:50:13,19838,6930,4781797,7872242,13533782,30.4,3.9,38.4,0,10.42,44,2405,0x0000000000000000
06:50:14,19798,6930,4792172,7872242,13538455,40.5,2.3,27.3,0,10.38,44,2405,0x0000000000000000
06:50:15,19740,6930,4802667,7872242,13543431,41.1,2.4,41.0,0,10.39,44,2405,0x0000000000000000
06:50:16,19707,6930,4811254,7872242,13547970,33.5,3.1,41.0,0,10.38,44,2405,0x0000000000000000
06:50:17,19668,6930,4821408,7872242,13552031,39.7,2.2,39.8,0,10.36,44,2398,0x0000000000000000
06:50:18,19619,6930,4831380,7872242,13556041,39.3,2.5,33.3,0,10.37,43,2405,0x0000000000000000
06:50:19,19667,6930,4841370,7872242,13560210,39.0,2.0,27.3,0,10.35,43,2405,0x0000000000000000
06:50:20,19605,6930,4850375,7872242,13564103,35.2,3.9,31.7,0,10.35,43,2405,0x0000000000000000
06:50:21,19592,6930,4858183,7872242,13567745,30.5,2.2,34.7,0,10.35,43,2405,0x0000000000000000
06:50:22,19561,6930,4867816,7872242,13572084,37.6,2.0,33.3,0,10.32,43,2405,0x0000000000000000
06:50:23,19490,6930,4876563,7872242,13575751,34.2,2.8,31.0,0,10.32,43,2405,0x0000000000000000
06:50:24,19475,6930,4888848,7872242,13577553,48.1,3.1,38.6,0,10.32,43,2405,0x0000000000000000
06:50:25,19475,6930,4888848,7872242,13577553,0.0,2.4,41.4,0,10.31,43,2405,0x0000000000000000
06:50:26,19441,6930,4888848,7872242,13577553,0.0,2.4,40.4,0,10.34,43,2405,0x0000000000000000
06:50:27,19440,6930,4888849,7872242,13577556,0.1,2.2,41.4,0,10.33,43,2405,0x0000000000000000
06:50:28,19408,6930,4888859,7872242,13577567,0.1,2.9,40.0,0,10.34,43,2405,0x0000000000000000
06:50:29,19407,6930,4888859,7872242,13577567,0.0,2.2,41.4,0,10.34,43,2405,0x0000000000000000
06:50:30,19451,6930,4890154,7872242,13578799,14.0,3.1,39.6,0,10.34,43,2405,0x0000000000000000
06:50:31,17935,6930,4893790,7872245,13581920,14.6,4.2,45.0,0,10.34,43,2424,0x0000000000000000
06:50:32,16540,6930,4893793,7872292,13641022,230.9,7.6,38.9,0,20.86,45,2457,0x0000000000000000
06:50:33,16526,6930,4893793,7872292,13641056,1.3,8.2,85.1,0,10.68,43,2405,0x0000000000000000
06:50:34,16522,6930,4893793,7872292,13641056,0.0,9.1,91.0,0,27.93,50,2483,0x0000000000000000
06:50:35,16521,6930,4893793,7872292,13641056,0.0,8.7,100.0,96,56.50,52,2483,0x0000000000000000
06:50:36,16519,6930,4893807,7872292,13641093,0.9,8.5,65.0,96,55.77,54,2483,0x0000000000000000
06:50:37,16499,6930,4893815,7872292,13645844,21.1,9.4,65.3,96,52.43,51,2470,0x0000000000000000
06:50:38,16491,6930,4893820,7872292,13645858,0.1,9.4,100.0,96,56.71,57,2470,0x0000000000000000
06:50:39,16491,6930,4893825,7872292,13645860,0.0,8.3,99.0,96,57.32,54,2483,0x0000000000000000
06:50:40,16490,6930,4893825,7872292,13645860,0.0,8.5,74.7,96,56.37,53,2489,0x0000000000000000
06:50:41,16489,6930,4893841,7872292,13646053,0.8,8.0,69.7,0,45.14,48,2470,0x0000000000000000
06:50:42,16492,6930,4893841,7872292,13646053,0.0,8.1,91.0,0,33.97,52,2489,0x0000000000000000
06:50:43,16485,6930,4893843,7872292,13646168,0.6,8.1,86.0,23,32.83,48,2411,0x0000000000000000
06:50:44,16478,6930,4893872,7872292,13646521,1.4,8.3,75.0,96,37.38,52,2463,0x0000000000000000
06:50:45,16477,6930,4893873,7872292,13646522,0.0,8.5,100.0,96,57.12,59,2470,0x0000000000000000
06:50:46,16477,6930,4893873,7872292,13646522,0.0,8.4,100.0,96,57.03,54,2470,0x0000000000000000
06:50:47,16476,6930,4893873,7872292,13646522,0.0,7.9,100.0,96,56.50,56,2483,0x0000000000000000
06:50:48,16468,6930,4893873,7872292,13646524,0.1,8.8,93.1,96,56.31,56,2470,0x0000000000000000
06:50:49,16468,6930,4893892,7872292,13646543,0.1,8.3,100.0,96,57.80,56,2476,0x0000000000000000
06:50:50,16467,6930,4893892,7872292,13646543,0.0,8.2,100.0,96,57.10,55,2476,0x0000000000000000
06:50:51,16467,6930,4893892,7872292,13646543,0.0,8.0,99.0,96,55.66,56,2496,0x0000000000000000
06:50:52,16899,6930,4893916,7872300,13646567,1.1,7.6,49.0,96,45.39,57,2450,0x0000000000000000
06:50:53,16889,6930,4893916,7872300,13646623,0.3,8.9,98.0,96,54.03,56,2489,0x0000000000000000
06:50:54,16869,6930,4893929,7872300,13646962,1.3,8.0,86.9,96,38.96,56,2463,0x0000000000000000
06:50:55,16870,6930,4893929,7872300,13646962,0.0,8.3,100.0,96,57.47,58,2476,0x0000000000000000
06:50:56,16871,6930,4893929,7872300,13646962,0.0,8.3,100.0,96,57.50,57,2476,0x0000000000000000
06:50:57,16872,6930,4893929,7872300,13646966,0.0,8.0,100.0,96,56.74,58,2476,0x0000000000000000
06:50:58,16874,6930,4893931,7872300,13646981,0.1,9.0,99.0,96,55.83,59,2476,0x0000000000000000
06:50:59,16874,6930,4893931,7872300,13646982,0.1,8.2,100.0,96,57.98,58,2476,0x0000000000000000
06:51:00,16874,6930,4893933,7872300,13646983,0.0,8.2,100.0,96,57.38,57,2476,0x0000000000000000
06:51:01,16874,6930,4893933,7872300,13646983,0.0,8.2,100.0,96,56.29,58,2496,0x0000000000000000
06:51:02,16872,6930,4893933,7872300,13647034,0.3,8.2,56.1,96,54.77,59,2489,0x0000000000000000
06:51:03,16863,6930,4893933,7872300,13647117,0.3,8.7,97.0,75,49.63,55,2483,0x0000000000000000
06:51:04,16862,6930,4893936,7872300,13647243,0.5,8.0,91.9,96,46.38,58,2470,0x0000000000000000
06:51:05,16861,6930,4893936,7872300,13647243,0.0,8.3,100.0,96,57.89,59,2476,0x0000000000000000
06:51:06,16861,6930,4893940,7872300,13647252,0.1,8.3,100.0,96,57.65,59,2470,0x0000000000000000
06:51:07,16861,6930,4893940,7872300,13647253,0.0,8.1,99.0,76,55.70,58,2470,0x0000000000000000
06:51:08,16858,6930,4893948,7872300,13647259,0.3,8.8,100.0,96,58.28,62,2463,0x0000000000000000
06:51:09,16859,6930,4893948,7872300,13647259,0.0,8.1,100.0,96,58.44,60,2470,0x0000000000000000
06:51:10,16857,6930,4893948,7872300,13647259,0.0,8.4,100.0,96,58.02,58,2476,0x0000000000000000
06:51:11,16858,6930,4893948,7872300,13647259,0.0,8.2,99.0,96,56.26,59,2496,0x0000000000000000
06:51:12,16857,6930,4893948,7872300,13647302,0.2,8.0,98.0,96,55.39,60,2489,0x0000000000000000
06:51:13,16861,6930,4893948,7872300,13647412,0.6,9.0,96.0,77,43.61,56,2476,0x0000000000000000
06:51:14,16858,6930,4893955,7872300,13647482,0.3,6.9,80.2,96,53.44,60,2476,0x0000000000000000
06:51:15,16858,6930,4893955,7872300,13647482,0.0,6.9,100.0,96,58.10,62,2470,0x0000000000000000
06:51:16,16858,6930,4893955,7872300,13647482,0.0,6.9,100.0,96,57.99,59,2476,0x0000000000000000
06:51:17,16858,6930,4893955,7872300,13647482,0.0,6.8,99.0,96,56.51,61,2470,0x0000000000000000
06:51:18,16861,6930,4893955,7872300,13647484,0.1,8.0,100.0,96,59.05,60,2470,0x0000000000000000
06:51:19,16861,6930,4893976,7872300,13647505,0.1,6.9,100.0,96,58.62,61,2463,0x0000000000000000
06:51:20,16861,6930,4893976,7872300,13647505,0.0,6.7,100.0,96,57.52,61,2476,0x0000000000000000
06:51:21,16861,6930,4893977,7872300,13647547,0.2,7.0,98.0,96,54.66,59,2496,0x0000000000000000
06:51:22,16861,6930,4893977,7872300,13647547,0.0,6.8,100.0,96,57.04,63,2489,0x0000000000000000
06:51:23,16852,6930,4893985,7872300,13647714,0.7,7.7,86.9,71,39.13,59,2483,0x0000000000000000
06:51:24,16851,6930,4893985,7872300,13647714,0.0,7.0,100.0,96,58.13,62,2470,0x0000000000000000
06:51:25,16851,6930,4893985,7872300,13647714,0.0,6.8,100.0,96,58.21,62,2463,0x0000000000000000
06:51:26,16850,6930,4893985,7872300,13647714,0.0,6.8,100.0,96,57.88,65,2463,0x0000000000000000
06:51:27,16850,6930,4893985,7872300,13647714,0.0,6.9,99.0,96,57.30,63,2470,0x0000000000000000
06:51:28,16854,6930,4893985,7872300,13647715,0.1,7.7,100.0,96,58.52,62,2470,0x0000000000000000
06:51:29,16855,6930,4893985,7872300,13647717,0.1,6.8,100.0,96,58.25,63,2463,0x0000000000000000
06:51:30,16855,6930,4893985,7872300,13647717,0.0,6.7,99.0,86,57.43,62,2476,0x0000000000000000
06:51:31,16855,6930,4893985,7872300,13647756,0.2,7.0,74.0,96,55.69,62,2483,0x0000000000000000
06:51:32,16855,6930,4893989,7872300,13647761,0.1,7.0,100.0,96,57.86,62,2476,0x0000000000000000
06:51:33,16854,6930,4893993,7872300,13647865,0.6,8.2,90.2,96,40.97,62,2463,0x0000000000000000
06:51:34,16854,6930,4893993,7872300,13647865,0.0,7.1,100.0,96,58.54,62,2470,0x0000000000000000
06:51:35,16854,6930,4893995,7872300,13647873,0.5,7.3,100.0,96,58.72,64,2463,0x0000000000000000
06:51:36,16854,6930,4894003,7872300,13647880,0.0,6.8,100.0,96,57.96,64,2457,0x0000000000000000
06:51:37,16854,6930,4894004,7872300,13647881,0.0,6.8,86.9,96,57.19,63,2457,0x0000000000000000
06:51:38,16859,6930,4894004,7872300,13647881,0.0,7.7,100.0,96,59.19,63,2457,0x0000000000000000
06:51:39,16859,6930,4894004,7872300,13647882,0.0,6.9,100.0,96,58.59,64,2463,0x0000000000000000
06:51:40,16858,6930,4894004,7872300,13647882,0.0,6.8,100.0,96,57.53,65,2476,0x0000000000000000
06:51:41,16857,6930,4894004,7872300,13647926,0.2,7.7,51.5,96,56.02,63,2470,0x0000000000000000
06:51:42,16852,6930,4894004,7872300,13647945,0.3,8.5,99.0,94,52.28,60,2476,0x0000000000000000
06:51:43,16842,6930,4894022,7872300,13647993,0.2,8.9,60.6,96,47.05,63,2457,0x0000000000000000
06:51:44,16843,6930,4894022,7872300,13647993,0.0,8.3,100.0,96,58.92,63,2457,0x0000000000000000
06:51:45,16844,6930,4894022,7872300,13647993,0.0,8.3,100.0,96,58.81,62,2457,0x0000000000000000
06:51:46,16845,6930,4894022,7872300,13647993,0.0,8.1,85.9,96,56.77,63,2463,0x0000000000000000
06:51:47,16846,6930,4894022,7872300,13647993,0.0,8.1,100.0,96,59.59,64,2463,0x0000000000000000
06:51:48,16851,6930,4894025,7872300,13647995,0.0,8.9,100.0,96,59.40,64,2450,0x0000000000000000
06:51:49,16852,6930,4894034,7872300,13648004,0.0,8.3,100.0,96,58.69,64,2457,0x0000000000000000
06:51:50,16852,6930,4894034,7872300,13648004,0.0,8.4,71.3,96,57.19,64,2476,0x0000000000000000
06:51:51,16852,6930,4894034,7872300,13648065,0.2,7.4,88.9,96,56.33,64,2470,0x0000000000000000
06:51:52,16853,6930,4894034,7872300,13648253,0.7,6.7,93.0,93,45.46,60,2476,0x0000000000000000
06:51:53,16844,6930,4894051,7872300,13648310,0.3,7.8,93.0,96,55.05,65,2457,0x0000000000000000
06:51:54,16844,6930,4894057,7872300,13648315,0.0,7.1,100.0,96,59.17,65,2457,0x0000000000000000
06:51:55,16845,6930,4894057,7872300,13648315,0.0,6.8,100.0,96,58.37,65,2457,0x0000000000000000
06:51:56,16851,6930,4894057,7872300,13648315,0.0,6.8,99.0,96,57.58,67,2457,0x0000000000000000
06:51:57,16852,6930,4894057,7872300,13648315,0.0,6.8,100.0,96,59.53,66,2457,0x0000000000000000
06:51:58,16856,6930,4894057,7872300,13648315,0.0,7.9,100.0,96,59.65,65,2463,0x0000000000000000
06:51:59,16856,6930,4894057,7872300,13648315,0.0,6.6,100.0,96,58.20,63,2457,0x0000000000000000
06:52:00,16856,6930,4894057,7872300,13648358,0.2,7.1,99.0,77,55.17,62,2476,0x0000000000000000
06:52:01,16857,6930,4894057,7872300,13648358,0.0,7.0,100.0,96,58.66,66,2470,0x0000000000000000
06:52:02,16855,6930,4894062,7872300,13648442,0.7,7.3,91.0,96,43.64,67,2476,0x0000000000000000
06:52:03,16847,6930,4894062,7872300,13648443,0.1,7.6,100.0,96,59.46,66,2457,0x0000000000000000
06:52:04,16844,6929,4894354,7872300,13648674,6.8,7.3,100.0,96,59.37,65,2457,0x0000000000000000
06:52:05,16843,6929,4894354,7872300,13648674,0.1,6.7,100.0,96,58.75,66,2457,0x0000000000000000
06:52:06,16844,6929,4894354,7872300,13648674,0.0,7.1,98.0,96,57.74,66,2457,0x0000000000000000
06:52:07,16845,6929,4894354,7872300,13648674,0.0,6.8,100.0,96,59.47,66,2457,0x0000000000000000
06:52:08,16847,6929,4894364,7872300,13648687,0.2,7.5,100.0,96,59.77,65,2457,0x0000000000000000
06:52:09,16847,6929,4894364,7872300,13648687,0.0,6.7,100.0,96,58.03,66,2470,0x0000000000000000
06:52:10,16847,6929,4894364,7872300,13648729,0.2,6.9,98.0,96,56.47,66,2463,0x0000000000000000
06:52:11,16847,6929,4894364,7872300,13648729,0.0,6.9,100.0,94,57.20,64,2470,0x0000000000000000
06:52:12,16847,6929,4894364,7872300,13648818,0.3,7.2,92.0,96,42.34,70,2450,0x0000000000000000
06:52:13,16846,6929,4894364,7872300,13648820,0.1,7.6,100.0,96,59.30,66,2457,0x0000000000000000
06:52:14,16846,6929,4894364,7872300,13648820,0.0,6.8,100.0,96,59.48,66,2457,0x0000000000000000
06:52:15,16846,6929,4894364,7872300,13648821,0.0,7.0,100.0,96,59.01,66,2457,0x0000000000000000
06:52:16,16848,6929,4894364,7872300,13648821,0.0,6.8,87.0,96,58.67,68,2457,0x0000000000000000
06:52:17,16848,6929,4894364,7872300,13648821,0.0,6.8,100.0,96,60.23,66,2457,0x0000000000000000
06:52:18,16853,6929,4894364,7872300,13648822,0.0,7.4,100.0,96,59.40,66,2457,0x0000000000000000
06:52:19,16853,6929,4894389,7872300,13648847,0.1,6.7,56.6,96,58.38,66,2476,0x0000000000000000
06:52:20,16852,6929,4894389,7872300,13648888,0.2,7.0,98.0,96,56.71,66,2470,0x0000000000000000
06:52:21,16852,6929,4894389,7872300,13648888,0.0,7.0,100.0,93,53.22,63,2476,0x0000000000000000
06:52:22,16852,6929,4894395,7872300,13649021,0.5,7.7,57.0,96,48.27,69,2457,0x0000000000000000
06:52:23,16843,6929,4894395,7872300,13649023,0.2,9.4,100.0,96,59.67,67,2450,0x0000000000000000
06:52:24,16843,6929,4894395,7872300,13649023,0.0,8.5,100.0,96,59.76,66,2457,0x0000000000000000
06:52:25,16844,6929,4894395,7872300,13649023,0.0,8.1,99.0,88,58.13,66,2463,0x0000000000000000
06:52:26,16845,6929,4894395,7872300,13649024,0.0,8.2,100.0,96,60.04,67,2457,0x0000000000000000
06:52:27,16845,6929,4894395,7872300,13649024,0.0,8.2,100.0,96,60.64,67,2457,0x0000000000000000
06:52:28,16839,6929,4894395,7872300,13649025,0.1,9.2,100.0,96,59.19,69,2457,0x0000000000000000
06:52:29,16846,6929,4894395,7872300,13649025,0.0,8.3,72.0,96,57.91,67,2476,0x0000000000000000
06:52:30,16845,6929,4894558,7872300,13649140,1.0,8.7,73.7,96,56.56,67,2470,0x0000000000000000
06:52:31,16845,6929,4894559,7872300,13649197,0.2,8.9,98.0,86,47.05,63,2476,0x0000000000000000
06:52:32,16844,6929,4894566,7872300,13649294,0.4,8.5,92.1,96,54.18,67,2457,0x0000000000000000
06:52:33,16833,6929,4894577,7872300,13649299,0.1,9.4,100.0,96,59.97,67,2457,0x0000000000000000
06:52:34,16836,6929,4894577,7872300,13649299,0.0,8.5,100.0,96,59.33,66,2450,0x0000000000000000
06:52:35,16837,6929,4894577,7872300,13649299,0.0,8.6,99.0,96,58.09,68,2450,0x0000000000000000
06:52:36,16840,6929,4894579,7872300,13649300,0.0,8.4,100.0,96,60.24,68,2457,0x0000000000000000
06:52:37,16840,6929,4894579,7872300,13649300,0.0,8.6,100.0,96,60.21,69,2457,0x0000000000000000
06:52:38,16831,6929,4894581,7872300,13649303,0.1,8.8,100.0,96,59.50,68,2457,0x0000000000000000
06:52:39,16832,6929,4894581,7872300,13649303,0.0,8.3,99.0,96,57.72,66,2476,0x0000000000000000
06:52:40,16832,6929,4894584,7872300,13649362,0.2,8.9,94.0,96,57.84,67,2470,0x0000000000000000
06:52:41,16833,6929,4894584,7872300,13649388,0.1,8.6,90.1,75,44.60,65,2470,0x0000000000000000
06:52:42,16835,6929,4894584,7872300,13649388,0.0,8.7,100.0,96,58.42,68,2457,0x0000000000000000
06:52:43,16839,6929,4894584,7872300,13649393,0.4,9.5,100.0,96,60.37,68,2450,0x0000000000000000
06:52:44,16841,6929,4894584,7872300,13649393,0.0,8.6,100.0,96,59.75,68,2457,0x0000000000000000
06:52:45,16842,6929,4894584,7872300,13649393,0.0,8.5,100.0,96,58.88,68,2457,0x0000000000000000
06:52:46,16843,6929,4894584,7872300,13649393,0.0,8.6,100.0,96,60.52,68,2457,0x0000000000000000
06:52:47,16835,6929,4894584,7872300,13649393,0.0,9.2,100.0,96,60.22,67,2463,0x0000000000000000
06:52:48,16829,6929,4894585,7872300,13649394,0.0,9.1,99.0,96,58.66,67,2463,0x0000000000000000
06:52:49,16829,6929,4894599,7872300,13649449,0.2,9.2,76.5,96,57.39,68,2470,0x0000000000000000
06:52:50,16829,6929,4894599,7872300,13649449,0.0,8.5,100.0,96,59.40,70,2470,0x0000000000000000
06:52:51,16832,6929,4894600,7872300,13649549,0.4,8.8,70.3,96,43.00,67,2450,0x0000000000000000
06:52:52,16837,6929,4894600,7872300,13649549,0.0,8.5,100.0,96,60.08,68,2450,0x0000000000000000
06:52:53,16831,6929,4894602,7872300,13649552,0.1,9.4,100.0,96,60.28,68,2450,0x0000000000000000
06:52:54,16833,6929,4894602,7872300,13649552,0.0,8.3,100.0,96,59.24,69,2457,0x0000000000000000
06:52:55,16833,6929,4894602,7872300,13649552,0.0,8.7,99.0,96,59.16,69,2457,0x0000000000000000
06:52:56,16833,6929,4894602,7872300,13649552,0.0,8.5,100.0,96,60.28,69,2450,0x0000000000000000
06:52:57,16835,6929,4894602,7872300,13649552,0.0,8.4,100.0,96,60.22,69,2450,0x0000000000000000
06:52:58,16841,6929,4894602,7872300,13649555,0.2,9.7,99.0,96,58.65,68,2470,0x0000000000000000
06:52:59,16841,6929,4894602,7872300,13649579,0.1,8.5,99.0,96,57.00,68,2463,0x0000000000000000
06:53:00,16841,6929,4894602,7872300,13649579,0.0,8.7,100.0,94,55.59,65,2470,0x0000000000000000
06:53:01,16841,6929,4894605,7872300,13649667,0.3,8.8,71.6,96,44.64,71,2444,0x0000000000000000
06:53:02,16841,6929,4894605,7872300,13649667,0.0,8.7,100.0,96,60.57,71,2450,0x0000000000000000
06:53:03,16833,6929,4894605,7872300,13649667,0.0,9.3,100.0,96,60.26,69,2450,0x0000000000000000
06:53:04,16831,6929,4894605,7872300,13649667,0.0,8.6,100.0,96,59.33,69,2457,0x0000000000000000
06:53:05,16833,6929,4894605,7872300,13649667,0.0,8.6,99.0,96,59.77,68,2457,0x0000000000000000
06:53:06,16837,6929,4894605,7872300,13649667,0.0,8.7,100.0,96,60.93,70,2457,0x0000000000000000
06:53:07,16838,6929,4894615,7872300,13649687,0.3,8.5,100.0,96,60.53,69,2463,0x0000000000000000
06:53:08,16837,6929,4894615,7872300,13649687,0.0,9.3,63.6,96,58.74,69,2476,0x0000000000000000
06:53:09,16836,6929,4894615,7872300,13649730,0.2,8.6,100.0,96,57.36,69,2470,0x0000000000000000
06:53:10,16836,6929,4894615,7872300,13649730,0.0,9.0,100.0,95,51.72,66,2476,0x0000000000000000
06:53:11,16835,6929,4894616,7872300,13649771,0.2,8.7,92.1,96,52.60,69,2450,0x0000000000000000
06:53:12,16835,6929,4894616,7872300,13649771,0.0,8.5,100.0,96,60.51,69,2450,0x0000000000000000
06:53:13,16841,6929,4894616,7872300,13649771,0.0,9.4,100.0,96,60.06,69,2450,0x0000000000000000
06:53:14,16841,6929,4894616,7872300,13649772,0.0,8.4,99.0,96,58.86,69,2450,0x0000000000000000
06:53:15,16841,6929,4894616,7872300,13649772,0.0,8.7,100.0,96,60.81,68,2450,0x0000000000000000
06:53:16,16841,6929,4894617,7872300,13649773,0.0,8.5,100.0,96,61.23,70,2457,0x0000000000000000
06:53:17,16840,6929,4894617,7872300,13649773,0.0,8.4,100.0,96,59.92,69,2457,0x0000000000000000
06:53:18,16832,6929,4894617,7872300,13649774,0.1,9.3,81.8,96,58.43,69,2476,0x0000000000000000
06:53:19,16831,6929,4894620,7872300,13649817,0.2,8.8,98.0,96,58.06,69,2470,0x0000000000000000
06:53:20,16833,6929,4894620,7872300,13650078,1.0,8.5,93.0,84,45.04,65,2470,0x0000000000000000
06:53:21,16831,6929,4894629,7872300,13650164,0.3,8.5,92.9,96,53.29,69,2457,0x0000000000000000
06:53:22,16831,6929,4894629,7872300,13650164,0.0,8.6,100.0,96,60.53,69,2450,0x0000000000000000
06:53:23,16832,6929,4894629,7872300,13650166,0.1,9.3,100.0,96,60.31,70,2457,0x0000000000000000
06:53:24,16834,6929,4894658,7872300,13650179,0.2,8.4,99.0,96,58.67,71,2444,0x0000000000000000
06:53:25,16835,6929,4894658,7872300,13650179,0.0,8.5,100.0,96,61.00,70,2457,0x0000000000000000
06:53:26,16835,6929,4894660,7872300,13650181,0.0,8.7,100.0,96,60.94,70,2450,0x0000000000000000
06:53:27,16835,6929,4894660,7872300,13650181,0.0,8.5,100.0,96,60.24,70,2463,0x0000000000000000
06:53:28,16827,6929,4894766,7872300,13650282,0.4,9.2,93.0,96,59.11,71,2476,0x0000000000000000
06:53:29,16827,6929,4894766,7872300,13650340,0.2,8.8,89.1,96,57.97,70,2470,0x0000000000000000
06:53:30,16826,6929,4894771,7872300,13650431,1.2,8.8,93.9,95,45.92,68,2470,0x0000000000000000
06:53:31,16827,6929,4894771,7872300,13650431,0.0,8.7,100.0,96,60.17,70,2450,0x0000000000000000
06:53:32,16828,6929,4894771,7872300,13650431,0.0,8.8,100.0,96,61.20,71,2450,0x0000000000000000
06:53:33,16833,6929,4894780,7872300,13650438,0.0,9.4,100.0,96,60.08,70,2457,0x0000000000000000
06:53:34,16834,6929,4894781,7872300,13650439,0.0,8.5,64.6,96,59.44,74,2457,0x0000000000000000
06:53:35,16781,6928,4913861,7872300,13664235,75.0,14.0,100.0,96,61.10,71,2450,0x0000000000000000
06:53:36,16778,6927,4914225,7872300,13664474,1.5,9.8,100.0,96,61.08,70,2457,0x0000000000000000
06:53:37,16782,6926,4914396,7872300,13664580,1.0,8.9,100.0,96,59.84,70,2470,0x0000000000000000
06:53:38,16772,6926,4914397,7872300,13664622,0.2,9.7,77.8,96,57.76,69,2470,0x0000000000000000
06:53:39,16772,6926,4914397,7872300,13664622,0.0,8.6,100.0,96,60.02,70,2470,0x0000000000000000
06:53:40,16774,6926,4914404,7872300,13664801,0.8,8.8,74.0,91,41.35,69,2463,0x0000000000000000
06:53:41,16774,6926,4914404,7872300,13664801,0.0,8.6,100.0,96,61.00,69,2450,0x0000000000000000
06:53:42,16774,6926,4914404,7872300,13664801,0.0,8.8,100.0,96,61.25,71,2457,0x0000000000000000
06:53:43,16780,6926,4914404,7872300,13664802,0.1,9.5,100.0,96,60.04,69,2457,0x0000000000000000
06:53:44,16784,6926,4914405,7872300,13664803,0.0,8.9,92.0,96,59.89,70,2457,0x0000000000000000
06:53:45,16784,6926,4914405,7872300,13664803,0.0,8.8,100.0,96,61.07,73,2450,0x0000000000000000
06:53:46,16786,6926,4914405,7872300,13664803,0.0,8.4,100.0,96,61.08,71,2457,0x0000000000000000
06:53:47,16787,6926,4914408,7872300,13664805,0.0,8.6,100.0,96,59.51,70,2463,0x0000000000000000
06:53:48,16779,6926,4914409,7872300,13664848,0.2,9.6,66.7,96,57.81,70,2463,0x0000000000000000
06:53:49,16779,6926,4914428,7872300,13664867,0.1,9.0,100.0,94,57.07,68,2463,0x0000000000000000
06:53:50,16779,6926,4914431,7872300,13664910,0.2,9.0,73.0,96,47.24,70,2444,0x0000000000000000
06:53:51,16780,6926,4914431,7872300,13664910,0.0,8.7,100.0,96,60.94,71,2450,0x0000000000000000
06:53:52,16771,6926,4914431,7872300,13664911,0.0,9.1,100.0,96,60.66,72,2444,0x0000000000000000
06:53:53,16777,6926,4914431,7872300,13664911,0.0,9.2,98.0,96,59.70,69,2457,0x0000000000000000
06:53:54,16778,6926,4914432,7872300,13664920,0.6,9.4,100.0,96,60.52,71,2450,0x0000000000000000
06:53:55,16779,6926,4914432,7872300,13664920,0.0,8.7,100.0,96,61.72,71,2450,0x0000000000000000
06:53:56,16779,6926,4914432,7872300,13664920,0.0,8.5,100.0,96,60.94,71,2450,0x0000000000000000
06:53:57,16781,6926,4914433,7872300,13664921,0.0,8.5,99.0,96,59.43,70,2476,0x0000000000000000
06:53:58,16776,6926,4914433,7872300,13664963,0.2,9.5,99.0,96,58.31,72,2470,0x0000000000000000
06:53:59,16776,6926,4914433,7872300,13664963,0.0,8.8,100.0,94,52.05,67,2470,0x0000000000000000
06:54:00,16775,6926,4914437,7872300,13665025,0.2,8.8,91.9,96,50.54,71,2450,0x0000000000000000
06:54:01,16775,6926,4914437,7872300,13665025,0.0,8.6,100.0,96,61.37,71,2450,0x0000000000000000
06:54:02,16775,6926,4914439,7872300,13665027,0.0,9.0,100.0,96,61.06,74,2444,0x0000000000000000
06:54:03,16778,6926,4914439,7872300,13665028,0.1,9.4,82.0,76,58.97,72,2450,0x0000000000000000
06:54:04,16780,6926,4914439,7872300,13665028,0.0,8.6,100.0,96,61.88,71,2450,0x0000000000000000
06:54:05,16780,6926,4914439,7872300,13665028,0.0,8.6,100.0,96,61.84,71,2450,0x0000000000000000
06:54:06,16780,6926,4914439,7872300,13665028,0.0,8.8,100.0,96,60.80,71,2457,0x0000000000000000
06:54:07,16781,6926,4914439,7872300,13665029,0.0,8.5,100.0,96,59.74,71,2457,0x0000000000000000
06:54:08,16779,6926,4914444,7872300,13665098,0.7,9.8,80.0,96,58.45,74,2457,0x0000000000000000
06:54:09,16779,6926,4914444,7872300,13665098,0.0,9.0,98.0,95,48.71,67,2470,0x0000000000000000
06:54:10,16777,6926,4914487,7872300,13665170,1.4,8.8,86.0,96,57.61,71,2450,0x0000000000000000
06:54:11,16777,6926,4914487,7872300,13665170,0.0,8.6,100.0,96,61.18,71,2450,0x0000000000000000
06:54:12,16776,6926,4914487,7872300,13665170,0.0,8.7,100.0,96,60.50,72,2444,0x0000000000000000
06:54:13,16773,6926,4914487,7872300,13665171,0.0,9.1,99.0,96,59.43,70,2450,0x0000000000000000
06:54:14,16772,6926,4914487,7872300,13665172,0.0,8.7,100.0,96,61.62,71,2457,0x0000000000000000
06:54:15,16772,6926,4914487,7872300,13665172,0.0,8.5,100.0,96,61.69,73,2450,0x0000000000000000
06:54:16,16772,6926,4914487,7872300,13665172,0.0,8.3,100.0,96,61.18,72,2444,0x0000000000000000
06:54:17,16772,6926,4914487,7872300,13665201,0.1,8.5,98.0,96,57.89,71,2470,0x0000000000000000
06:54:18,16772,6926,4914487,7872300,13665202,0.1,9.9,99.0,96,59.40,71,2463,0x0000000000000000
06:54:19,16772,6926,4914510,7872300,13665259,0.2,8.9,92.1,94,43.31,68,2470,0x0000000000000000
06:54:20,16773,6926,4914510,7872300,13665300,0.2,8.7,99.0,96,60.01,72,2450,0x0000000000000000
06:54:21,16773,6926,4914510,7872300,13665300,0.0,8.7,100.0,96,61.28,72,2444,0x0000000000000000
06:54:22,16773,6926,4914510,7872300,13665300,0.0,8.5,100.0,96,60.69,74,2450,0x0000000000000000
06:54:23,16769,6926,4914510,7872300,13665301,0.1,9.2,100.0,96,60.01,72,2450,0x0000000000000000
06:54:24,16771,6926,4914510,7872300,13665301,0.0,8.5,100.0,96,61.69,74,2444,0x0000000000000000
06:54:25,16771,6926,4914510,7872300,13665301,0.0,8.7,100.0,96,61.64,73,2450,0x0000000000000000
06:54:26,16772,6926,4914510,7872300,13665301,0.0,8.3,99.0,83,59.80,70,2457,0x0000000000000000
06:54:27,16771,6926,4914510,7872300,13665344,0.2,9.0,98.0,75,58.14,71,2457,0x0000000000000000
06:54:28,16777,6926,4914510,7872300,13665344,0.0,9.4,100.0,96,60.65,72,2457,0x0000000000000000
06:54:29,16775,6926,4914514,7872300,13665408,0.3,8.8,70.0,96,45.85,71,2450,0x0000000000000000
06:54:30,16775,6926,4914514,7872300,13665408,0.0,8.6,100.0,96,61.55,71,2450,0x0000000000000000
06:54:31,16775,6926,4914514,7872300,13665408,0.0,8.7,100.0,96,61.67,71,2444,0x0000000000000000
06:54:32,16775,6926,4914514,7872300,13665408,0.0,8.4,100.0,96,60.77,71,2457,0x0000000000000000
06:54:33,16780,6926,4914514,7872300,13665408,0.0,9.6,96.0,96,60.31,72,2444,0x0000000000000000
06:54:34,16780,6926,4914514,7872300,13665408,0.0,8.6,100.0,96,61.98,71,2444,0x0000000000000000
06:54:35,16780,6926,4914514,7872300,13665408,0.0,8.6,100.0,96,61.19,75,2444,0x0000000000000000
06:54:36,16779,6926,4914514,7872300,13665409,0.0,9.3,86.0,96,59.76,71,2457,0x0000000000000000
06:54:37,16779,6926,4914514,7872300,13665434,0.1,8.6,99.0,96,58.37,71,2457,0x0000000000000000
06:54:38,16775,6926,4914514,7872300,13665436,0.2,9.6,100.0,94,56.61,69,2463,0x0000000000000000
06:54:39,16774,6926,4914514,7872300,13665654,0.9,8.9,73.0,77,40.04,69,2470,0x0000000000000000
06:54:40,16774,6926,4914514,7872300,13665654,0.0,8.7,100.0,96,61.49,71,2444,0x0000000000000000
06:54:41,16774,6926,4914514,7872300,13665654,0.0,8.8,100.0,96,61.92,72,2437,0x0000000000000000
06:54:42,16774,6926,4914514,7872300,13665654,0.0,8.8,100.0,96,60.90,73,2444,0x0000000000000000
06:54:43,16772,6926,4914514,7872300,13665654,0.0,9.3,86.0,96,60.62,71,2444,0x0000000000000000
06:54:44,16772,6926,4914514,7872300,13665654,0.0,9.1,100.0,96,62.17,73,2437,0x0000000000000000
06:54:45,16773,6926,4914514,7872300,13665654,0.0,8.5,100.0,96,61.63,73,2444,0x0000000000000000
06:54:46,16773,6926,4914514,7872300,13665654,0.0,8.6,99.0,96,60.13,72,2450,0x0000000000000000
06:54:47,16773,6926,4914515,7872300,13665680,0.1,8.8,69.0,96,58.61,72,2457,0x0000000000000000
06:54:48,16775,6926,4914515,7872300,13665682,0.1,9.7,100.0,96,58.11,71,2457,0x0000000000000000
06:54:49,16773,6926,4914539,7872300,13665761,0.3,8.6,69.0,96,47.88,75,2444,0x0000000000000000
06:54:50,16773,6926,4914539,7872300,13665761,0.0,9.0,100.0,96,61.79,74,2444,0x0000000000000000
06:54:51,16773,6926,4914539,7872300,13665761,0.0,8.8,100.0,96,61.42,73,2444,0x0000000000000000
06:54:52,16774,6926,4914539,7872300,13665761,0.0,8.9,92.0,96,59.91,71,2450,0x0000000000000000
06:54:53,16768,6926,4914539,7872300,13665763,0.1,9.4,100.0,96,62.01,73,2444,0x0000000000000000
06:54:54,16767,6926,4914539,7872300,13665763,0.0,8.7,100.0,96,62.02,72,2437,0x0000000000000000
06:54:55,16768,6926,4914539,7872300,13665763,0.0,8.7,100.0,96,61.86,73,2444,0x0000000000000000
06:54:56,16768,6926,4914539,7872300,13665763,0.0,8.5,63.6,96,59.84,72,2457,0x0000000000000000
06:54:57,16776,6926,4914540,7872300,13665857,0.4,9.2,99.0,96,58.70,72,2450,0x0000000000000000
06:54:58,16773,6926,4914540,7872300,13665857,0.0,9.7,71.3,94,51.84,69,2463,0x0000000000000000
06:54:59,16773,6926,4914542,7872300,13665900,0.2,8.2,89.0,96,53.85,73,2444,0x0000000000000000
06:55:00,16775,6926,4914542,7872300,13665900,0.0,8.7,100.0,96,61.75,73,2444,0x0000000000000000
06:55:01,16775,6926,4914557,7872300,13665917,0.3,8.7,100.0,96,61.89,73,2444,0x0000000000000000
06:55:02,16777,6926,4914559,7872300,13665920,0.0,8.3,98.0,96,59.45,73,2444,0x0000000000000000
06:55:03,16776,6926,4914559,7872300,13665920,0.0,9.3,100.0,96,62.06,76,2444,0x0000000000000000
06:55:04,16775,6926,4914559,7872300,13665920,0.0,8.7,100.0,96,62.40,73,2444,0x0000000000000000
06:55:05,16776,6926,4914559,7872300,13665920,0.0,8.4,100.0,96,61.05,73,2444,0x0000000000000000
06:55:06,16776,6926,4914559,7872300,13665920,0.0,8.6,66.0,96,59.96,74,2457,0x0000000000000000
06:55:07,16776,6926,4914565,7872300,13665974,0.7,8.8,99.0,96,58.83,73,2450,0x0000000000000000
06:55:08,16772,6926,4914565,7872300,13666016,0.3,9.9,93.1,92,45.40,69,2463,0x0000000000000000
06:55:09,16771,6926,4914565,7872300,13666056,0.2,8.6,97.0,96,58.34,76,2437,0x0000000000000000
06:55:10,16772,6926,4914565,7872300,13666056,0.0,9.8,100.0,96,62.04,76,2444,0x0000000000000000
06:55:11,16771,6926,4914565,7872300,13666056,0.0,9.3,100.0,96,61.57,71,2444,0x0000000000000000
06:55:12,16772,6926,4914565,7872300,13666056,0.0,8.5,99.0,96,60.17,72,2437,0x0000000000000000
06:55:13,16765,6926,4914565,7872300,13666057,0.0,9.5,100.0,96,62.49,73,2444,0x0000000000000000
06:55:14,16767,6926,4914565,7872300,13666057,0.0,8.5,100.0,96,62.56,72,2444,0x0000000000000000
06:55:15,16769,6926,4914565,7872300,13666057,0.0,8.5,99.0,96,60.99,71,2444,0x0000000000000000
06:55:16,16769,6926,4914565,7872300,13666081,0.1,8.7,99.0,75,58.66,71,2457,0x0000000000000000
06:55:17,16770,6926,4914568,7872300,13666082,0.0,7.2,100.0,96,61.19,74,2450,0x0000000000000000
06:55:18,16772,6926,4914568,7872300,13666145,0.4,8.4,92.9,63,44.94,71,2476,0x0000000000000000
06:55:19,16773,6925,4914588,7872300,13666165,0.1,7.1,100.0,96,61.82,74,2444,0x0000000000000000
06:55:20,16767,6925,4915154,7872300,13666776,13.6,8.1,100.0,96,61.66,73,2437,0x0000000000000000
06:55:21,16767,6925,4915201,7872300,13666814,0.4,7.6,100.0,96,61.30,72,2444,0x0000000000000000
06:55:22,16768,6925,4915201,7872300,13666814,0.0,7.7,99.0,96,60.23,74,2444,0x0000000000000000
06:55:23,16759,6925,4915202,7872300,13666815,0.0,8.4,100.0,96,62.27,73,2444,0x0000000000000000
06:55:24,16759,6925,4915202,7872300,13666815,0.0,7.8,100.0,96,62.17,73,2444,0x0000000000000000
06:55:25,16758,6925,4915202,7872300,13666815,0.0,7.4,99.0,96,60.32,73,2457,0x0000000000000000
06:55:26,16757,6925,4915202,7872300,13666815,0.0,8.2,99.0,96,59.02,73,2450,0x0000000000000000
06:55:27,16759,6925,4915204,7872300,13666817,0.0,7.9,100.0,96,60.71,73,2450,0x0000000000000000
06:55:28,16764,6925,4915210,7872300,13666897,0.3,8.7,78.0,96,42.87,73,2444,0x0000000000000000
06:55:29,16764,6925,4915210,7872300,13666897,0.0,7.1,100.0,96,61.88,76,2444,0x0000000000000000
06:55:30,16764,6925,4915210,7872300,13666897,0.0,7.2,100.0,96,62.04,73,2437,0x0000000000000000
06:55:31,16764,6925,4915210,7872300,13666897,0.0,6.9,100.0,96,61.36,73,2444,0x0000000000000000
06:55:32,16765,6925,4915210,7872300,13666897,0.0,7.2,99.0,96,60.97,76,2444,0x0000000000000000
06:55:33,16768,6925,4915210,7872300,13666897,0.0,7.9,100.0,96,62.38,74,2444,0x0000000000000000
06:55:34,16768,6925,4915210,7872300,13666897,0.0,7.3,100.0,96,62.46,77,2444,0x0000000000000000
06:55:35,16769,6925,4915210,7872300,13666898,0.0,7.1,69.3,95,60.72,73,2457,0x0000000000000000
06:55:36,16769,6925,4915256,7872300,13666958,0.6,7.9,98.0,96,58.86,74,2450,0x0000000000000000
06:55:37,16769,6925,4915256,7872300,13666958,0.0,7.2,100.0,94,59.65,71,2457,0x0000000000000000
06:55:38,16768,6925,4915300,7872300,13667419,9.5,8.0,55.6,14,30.33,66,2405,0x0000000000000000
06:55:39,16747,6925,4915300,7872300,13667493,0.3,7.5,47.1,94,29.25,69,2470,0x0000000000000000
06:55:40,16748,6925,4915300,7872300,13667729,0.9,8.3,92.1,90,36.27,69,2470,0x0000000000000000
06:55:41,16748,6925,4915300,7872300,13668220,1.9,8.1,63.4,78,34.25,68,2463,0x0000000000000000
06:55:42,16750,6925,4915300,7872300,13668667,1.7,8.0,90.0,94,34.85,68,2463,0x0000000000000000
06:55:43,16744,6925,4915300,7872300,13669116,1.8,8.7,58.4,80,34.77,68,2463,0x0000000000000000
06:55:44,16741,6925,4915426,7872300,13669303,1.2,3.4,30.3,0,21.78,65,2398,0x0000000000000000
06:55:45,16755,6925,4915559,7872300,13676273,27.3,8.5,83.8,80,53.17,68,2450,0x0000000000000000
06:55:46,16757,6925,4915559,7872300,13676273,0.0,7.2,100.0,96,59.05,72,2457,0x0000000000000000
06:55:47,16745,6925,4915562,7872300,13676482,1.1,7.5,93.9,78,39.45,67,2457,0x0000000000000000
06:55:48,16756,6925,4915564,7872300,13676908,1.7,8.3,89.1,83,34.49,68,2470,0x0000000000000000
06:55:49,16760,6925,4915581,7872300,13677343,1.7,7.2,90.9,84,34.66,68,2463,0x0000000000000000
06:55:50,16760,6925,4915590,7872300,13677773,1.7,7.2,90.0,85,34.56,68,2463,0x0000000000000000
06:55:51,16763,6925,4915596,7872300,13678152,1.5,7.8,90.9,83,34.84,67,2463,0x0000000000000000
06:55:52,16767,6925,4915596,7872300,13678684,2.1,7.4,49.0,82,34.01,68,2470,0x0000000000000000
06:55:53,16760,6925,4915596,7872300,13679077,1.8,9.0,91.8,88,34.72,68,2463,0x0000000000000000
06:55:54,16759,6925,4915597,7872300,13679554,1.9,8.2,88.1,80,34.26,66,2463,0x0000000000000000
06:55:55,16762,6925,4915597,7872300,13679837,1.1,8.3,92.0,79,35.35,67,2457,0x0000000000000000
06:55:56,16762,6925,4915597,7872300,13680265,1.7,8.2,90.8,91,34.88,67,2470,0x0000000000000000
06:55:57,16764,6925,4915598,7872300,13680266,0.0,2.5,28.6,0,19.68,64,2398,0x0000000000000000
06:55:58,16759,6925,4915598,7872300,13680266,0.0,1.8,20.8,0,13.74,63,2398,0x0000000000000000
06:55:59,16761,6925,4915598,7872300,13680266,0.0,1.4,19.4,0,13.65,63,2398,0x0000000000000000
06:56:00,16770,6925,4918454,7872300,13692983,52.1,2.6,22.2,54,16.50,63,2424,0x0000000000000000
06:56:01,16744,6925,4918454,7872300,13769969,300.7,8.6,43.8,96,30.32,70,2450,0x0000000000000000
06:56:02,16730,6925,4918454,7872300,13769970,0.1,9.3,100.0,96,61.27,69,2450,0x0000000000000000
06:56:03,16720,6925,4918454,7872300,13769970,0.0,9.5,100.0,96,60.86,71,2450,0x0000000000000000
06:56:04,16720,6925,4918454,7872300,13770255,1.1,8.5,98.0,95,59.63,69,2463,0x0000000000000000
06:56:05,16696,6925,4918454,7872307,13812628,165.6,8.0,68.7,96,44.42,71,2450,0x0000000000000000
06:56:06,16679,6925,4918454,7872307,13812628,0.0,9.1,100.0,96,60.96,71,2450,0x0000000000000000
06:56:07,16686,6925,4918454,7872312,13841218,111.7,9.1,79.8,96,49.18,70,2457,0x0000000000000000
06:56:08,16676,6925,4918458,7872312,13841226,0.3,9.8,100.0,96,60.57,73,2457,0x0000000000000000
06:56:09,16674,6925,4918458,7872312,13841280,0.2,9.1,97.0,80,39.86,67,2470,0x0000000000000000
06:56:10,16683,6925,4918458,7872312,13841672,1.5,8.5,76.8,85,34.61,67,2470,0x0000000000000000
06:56:11,16684,6925,4918458,7872312,13842057,1.5,8.5,91.0,88,34.94,67,2470,0x0000000000000000
06:56:12,16685,6925,4918458,7872312,13842338,1.1,8.8,91.0,83,34.81,67,2463,0x0000000000000000
06:56:13,16683,6925,4918458,7872312,13842765,1.9,9.5,75.0,78,34.29,65,2463,0x0000000000000000
06:56:14,16684,6925,4918458,7872312,13843174,1.6,8.6,74.7,85,34.89,66,2463,0x0000000000000000
06:56:15,16684,6925,4918458,7872312,13843574,1.6,9.2,90.9,88,34.76,67,2463,0x0000000000000000
06:56:16,16684,6925,4918458,7872312,13843963,1.5,8.7,91.2,87,34.74,66,2463,0x0000000000000000
06:56:17,16687,6925,4918458,7872312,13844332,1.4,8.6,91.9,83,34.68,65,2463,0x0000000000000000
06:56:18,16680,6925,4918458,7872312,13844809,1.9,9.1,68.0,81,33.90,66,2470,0x0000000000000000
06:56:19,16684,6925,4918470,7872312,13845143,1.3,7.6,75.8,56,33.01,64,2457,0x0000000000000000
06:56:20,16685,6925,4918470,7872312,13845143,0.0,2.5,44.0,0,13.69,62,2398,0x0000000000000000
06:56:21,16668,6925,4921317,7872312,13847560,11.1,2.3,36.4,0,13.57,62,2411,0x0000000000000000
06:56:22,16680,6925,4921819,7872312,13862153,57.4,8.5,79.0,96,47.72,69,2476,0x0000000000000000
06:56:23,16694,6925,4921819,7872312,13887321,98.3,14.5,72.5,96,50.69,70,2470,0x0000000000000000
06:56:24,16674,6925,4921819,7872312,13887417,0.4,9.1,97.0,83,50.89,66,2463,0x0000000000000000
06:56:25,16675,6925,4921819,7872312,13887716,1.2,8.4,90.9,85,34.39,65,2457,0x0000000000000000
06:56:26,16676,6925,4921819,7872312,13888080,1.4,8.1,65.3,81,34.32,65,2470,0x0000000000000000
06:56:27,16678,6925,4921819,7872312,13888510,1.7,8.0,51.5,82,33.57,66,2463,0x0000000000000000
06:56:28,16671,6925,4921819,7872312,13888895,1.6,8.8,90.9,89,34.25,66,2463,0x0000000000000000
06:56:29,16670,6925,4921819,7872312,13889291,1.5,8.2,91.0,87,34.10,65,2463,0x0000000000000000
06:56:30,16666,6925,4922105,7872312,13889606,1.4,6.1,57.0,96,32.96,69,2463,0x0000000000000000
06:56:31,16665,6925,4922105,7872312,13889606,0.0,8.0,100.0,96,59.49,70,2470,0x0000000000000000
06:56:32,16667,6925,4922105,7872312,13889671,0.3,8.6,97.0,84,37.79,65,2470,0x0000000000000000
06:56:33,16654,6925,4922106,7872312,13889853,0.7,9.1,93.9,94,35.24,66,2470,0x0000000000000000
06:56:34,16655,6925,4922106,7872312,13890163,1.2,8.0,90.0,84,34.30,66,2463,0x0000000000000000
06:56:35,16655,6925,4922106,7872312,13890456,1.1,8.3,92.2,90,34.56,66,2470,0x0000000000000000
06:56:36,16658,6925,4922110,7872312,13890833,1.5,8.6,91.8,83,34.08,64,2457,0x0000000000000000
06:56:37,16661,6925,4922110,7872312,13890880,0.2,2.8,29.7,0,16.99,62,2411,0x0000000000000000
06:56:38,16656,6925,4922110,7872312,13890880,0.0,3.0,44.9,0,13.42,61,2411,0x0000000000000000
06:56:39,16671,6925,4922331,7872312,13891069,1.0,4.0,50.5,96,21.40,67,2444,0x0000000000000000
06:56:40,16670,6925,4922331,7872312,13891069,0.0,8.2,100.0,96,59.71,68,2470,0x0000000000000000
06:56:41,16670,6925,4922331,7872312,13891259,0.7,8.0,93.0,84,39.07,65,2463,0x0000000000000000
06:56:42,16668,6925,4922331,7872312,13891747,1.9,8.0,88.0,82,33.57,65,2463,0x0000000000000000
06:56:43,16663,6925,4922331,7872312,13892149,1.7,9.0,91.0,85,33.90,65,2463,0x0000000000000000
06:56:44,16664,6925,4922331,7872312,13892542,1.5,8.3,90.9,83,34.08,63,2457,0x0000000000000000
06:56:45,16657,6925,4922331,7872312,13893006,1.8,7.9,69.7,79,33.57,65,2463,0x0000000000000000
06:56:46,16660,6925,4922331,7872312,13893455,1.8,8.2,90.0,83,33.67,64,2463,0x0000000000000000
06:56:47,16660,6925,4922331,7872312,13893887,1.7,7.9,88.9,81,33.87,65,2470,0x0000000000000000
06:56:48,16665,6925,4922331,7872312,13894244,1.4,9.4,91.0,88,33.62,65,2463,0x0000000000000000
06:56:49,16664,6925,4922345,7872312,13894713,1.8,8.2,89.9,82,33.61,65,2463,0x0000000000000000
06:56:50,16664,6925,4922345,7872312,13894812,0.4,4.0,51.5,0,21.14,61,2411,0x0000000000000000
06:56:51,16666,6925,4922471,7872312,13894907,0.5,3.7,48.5,56,16.79,67,2424,0x0000000000000000
06:56:52,16666,6925,4922471,7872312,13894907,0.0,8.2,100.0,96,59.69,68,2470,0x0000000000000000
06:56:53,16678,6925,4922472,7872312,13908974,54.9,7.9,37.4,0,30.86,61,2411,0x0000000000000000
06:56:54,16630,6925,4922479,7872312,13908980,0.6,8.7,87.0,96,35.09,69,2476,0x0000000000000000
06:56:55,16617,6925,4922479,7872312,13909070,0.4,8.5,96.0,89,40.11,64,2463,0x0000000000000000
06:56:56,16628,6925,4922479,7872312,13909354,1.1,8.2,91.9,75,36.82,65,2470,0x0000000000000000
06:56:57,16641,6925,4922479,7872312,13909775,1.7,8.5,89.2,83,35.44,64,2463,0x0000000000000000
06:56:58,16651,6925,4922480,7872312,13910200,1.8,8.9,90.9,78,35.56,65,2470,0x0000000000000000
06:56:59,16657,6925,4922480,7872312,13910632,1.7,8.2,89.9,86,35.44,65,2470,0x0000000000000000
06:57:00,16648,6925,4922480,7872312,13910952,1.2,8.4,85.9,75,36.04,65,2470,0x0000000000000000
06:57:01,16661,6925,4922480,7872312,13911285,1.3,8.2,91.0,86,36.22,63,2470,0x0000000000000000
06:57:02,16667,6925,4922480,7872312,13911806,2.0,7.8,62.0,76,34.98,63,2463,0x0000000000000000
06:57:03,16674,6925,4922480,7872312,13912460,2.6,8.6,85.9,80,35.06,65,2463,0x0000000000000000
06:57:04,16680,6925,4922480,7872312,13912823,1.4,8.8,91.9,90,35.29,65,2470,0x0000000000000000
06:57:05,16681,6925,4922480,7872312,13912954,0.5,4.3,52.5,0,21.53,61,2411,0x0000000000000000
06:57:06,16684,6925,4922481,7872312,13912955,0.0,2.5,32.0,0,13.08,60,2411,0x0000000000000000
06:57:07,16672,6925,4923001,7872312,13913440,4.0,8.9,90.0,94,50.59,66,2470,0x0000000000000000
06:57:08,16499,6925,4923002,7872312,13940037,103.9,7.4,70.0,96,29.27,67,2437,0x0000000000000000
06:57:09,16498,6925,4923002,7872312,13940037,0.0,8.6,100.0,96,58.43,68,2450,0x0000000000000000
06:57:10,16494,6925,4923002,7872312,13940037,0.0,8.6,100.0,96,58.52,70,2457,0x0000000000000000
06:57:11,16494,6925,4923005,7872312,13940047,0.0,8.8,99.0,95,44.62,65,2476,0x0000000000000000
06:57:12,16497,6925,4923005,7872312,13940536,1.9,8.2,85.0,78,37.65,65,2463,0x0000000000000000
06:57:13,16491,6925,4923005,7872312,13940882,1.4,9.1,73.3,90,36.77,65,2470,0x0000000000000000
06:57:14,16492,6925,4923005,7872312,13941354,1.8,8.2,83.0,88,34.74,64,2470,0x0000000000000000
06:57:15,16495,6925,4923005,7872312,13942000,2.5,7.8,66.7,96,35.33,65,2470,0x0000000000000000
06:57:16,16496,6925,4923005,7872312,13942679,2.6,7.4,70.4,65,34.30,65,2457,0x0000000000000000
06:57:17,16499,6925,4923006,7872312,13943315,2.5,7.4,80.8,64,34.94,65,2463,0x0000000000000000
06:57:18,16499,6925,4923006,7872312,13943994,2.7,8.1,60.6,95,35.65,64,2470,0x0000000000000000
06:57:19,16503,6925,4923018,7872312,13944739,2.9,7.5,61.6,57,34.95,63,2457,0x0000000000000000
06:57:20,16504,6925,4923018,7872312,13945198,1.8,7.9,84.2,64,36.42,63,2463,0x0000000000000000
06:57:21,16503,6925,4923018,7872312,13945994,3.1,7.2,75.8,53,34.16,65,2457,0x0000000000000000
06:57:22,16503,6925,4923018,7872312,13946647,2.6,7.6,79.8,70,35.12,63,2463,0x0000000000000000
06:57:23,16497,6925,4923028,7872312,13947339,2.9,8.8,80.0,71,34.84,63,2463,0x0000000000000000
06:57:24,16497,6925,4923028,7872312,13947556,0.9,4.6,56.6,0,23.96,61,2411,0x0000000000000000
06:57:25,16506,6925,4923082,7872312,13951987,17.4,7.1,59.0,69,32.59,63,2463,0x0000000000000000
06:57:26,16506,6925,4923085,7872312,13952267,1.1,8.1,91.1,84,34.47,64,2470,0x0000000000000000
06:57:27,16507,6925,4923091,7872312,13952444,0.8,8.4,68.4,95,39.51,67,2476,0x0000000000000000
06:57:28,16503,6925,4923091,7872312,13952680,0.9,9.2,92.0,70,37.53,64,2463,0x0000000000000000
06:57:29,16503,6925,4923091,7872312,13952744,0.3,8.8,98.0,79,35.67,64,2470,0x0000000000000000
06:57:30,16503,6925,4923092,7872312,13952922,0.7,8.6,89.9,87,42.30,65,2463,0x0000000000000000
06:57:31,16503,6925,4923094,7872312,13952964,0.2,8.5,97.0,79,35.67,63,2470,0x0000000000000000
06:57:32,16503,6925,4923095,7872312,13953089,0.5,8.4,91.9,77,42.78,65,2476,0x0000000000000000
06:57:33,16502,6925,4923095,7872312,13953411,1.3,8.9,92.0,88,34.04,64,2463,0x0000000000000000
06:57:34,16503,6925,4923095,7872312,13953644,1.0,8.3,91.0,75,34.36,64,2470,0x0000000000000000
06:57:35,16497,6925,4923096,7872312,13953754,0.4,8.7,97.0,94,35.68,64,2463,0x0000000000000000
06:57:36,16497,6925,4923278,7872312,13953981,1.1,8.5,91.8,92,42.50,64,2470,0x0000000000000000
06:57:37,16497,6925,4923278,7872312,13954023,0.2,9.0,97.0,94,35.73,65,2476,0x0000000000000000
06:57:38,16492,6925,4923279,7872312,13954115,0.5,9.4,70.0,95,42.85,67,2483,0x0000000000000000
06:57:39,16493,6925,4923279,7872312,13954164,0.2,8.8,96.0,82,35.56,64,2470,0x0000000000000000
06:57:40,16491,6925,4923279,7872312,13954203,0.2,9.1,93.0,94,36.45,65,2476,0x0000000000000000
06:57:41,16491,6925,4923279,7872312,13954351,0.6,8.7,93.9,82,42.12,63,2463,0x0000000000000000
06:57:42,16492,6925,4923279,7872312,13954547,0.8,8.8,94.0,95,34.75,65,2476,0x0000000000000000
06:57:43,16494,6925,4923279,7872312,13954639,0.5,9.6,92.0,95,41.75,67,2483,0x0000000000000000
06:57:44,16495,6925,4923279,7872312,13954745,0.4,8.7,94.9,72,36.05,64,2470,0x0000000000000000
06:57:45,16487,6925,4923280,7872312,13954784,0.1,9.2,96.0,94,36.50,65,2476,0x0000000000000000
06:57:46,16487,6925,4923282,7872312,13954854,0.3,8.7,93.0,87,42.73,64,2470,0x0000000000000000
06:57:47,16488,6925,4923282,7872312,13954958,0.4,8.7,96.0,94,35.47,65,2476,0x0000000000000000
06:57:48,16493,6925,4923284,7872312,13955027,0.4,9.2,93.0,94,43.15,65,2476,0x0000000000000000
06:57:49,16493,6925,4923308,7872312,13955142,0.5,8.7,95.0,93,35.66,64,2470,0x0000000000000000
06:57:50,16495,6925,4923314,7872312,13955259,0.5,8.7,91.9,95,40.89,68,2476,0x0000000000000000
06:57:51,16495,6925,4923314,7872312,13955334,0.3,8.5,96.0,94,38.01,65,2476,0x0000000000000000
06:57:52,16495,6925,4923314,7872312,13955421,0.3,8.6,97.0,94,36.20,65,2470,0x0000000000000000
06:57:53,16491,6925,4923318,7872312,13955534,0.4,9.6,91.9,87,42.61,65,2463,0x0000000000000000
06:57:54,16491,6925,4923319,7872312,13955594,0.2,8.7,96.0,95,35.94,65,2470,0x0000000000000000
06:57:55,16488,6925,4923319,7872312,13955650,0.2,8.7,91.9,80,37.79,66,2470,0x0000000000000000
06:57:56,16489,6925,4923320,7872312,13955725,0.3,8.7,98.0,94,41.35,65,2470,0x0000000000000000
06:57:57,16489,6925,4923320,7872312,13955759,0.1,8.7,98.0,94,36.51,65,2470,0x0000000000000000
06:57:58,16482,6925,4923321,7872312,13955875,0.5,8.9,84.0,77,42.58,64,2463,0x0000000000000000
06:57:59,16483,6925,4923321,7872312,13955994,0.5,8.8,97.0,95,35.87,65,2470,0x0000000000000000
06:58:00,16486,6925,4923322,7872312,13956107,0.4,9.1,90.1,95,42.66,68,2483,0x0000000000000000
06:58:01,16487,6925,4923322,7872312,13956394,1.1,9.0,93.9,94,34.45,65,2470,0x0000000000000000
06:58:02,16486,6925,4923327,7872312,13956516,0.5,9.2,92.0,90,36.72,65,2470,0x0000000000000000
06:58:03,16488,6925,4923329,7872312,13956564,0.3,10.0,98.0,94,42.53,65,2470,0x0000000000000000
06:58:04,16489,6925,4923329,7872312,13956613,0.2,9.3,97.0,93,35.95,65,2470,0x0000000000000000
06:58:05,16493,6925,4923333,7872312,13956694,0.3,9.3,93.9,94,42.72,66,2476,0x0000000000000000
06:58:06,16493,6925,4923333,7872312,13956826,0.5,9.0,94.0,82,35.04,65,2470,0x0000000000000000
06:58:07,16493,6925,4923333,7872312,13956855,0.1,9.5,97.1,91,36.39,65,2470,0x0000000000000000
06:58:08,16492,6925,4923335,7872312,13956913,0.2,10.2,73.0,94,42.94,65,2470,0x0000000000000000
06:58:09,16492,6925,4923335,7872312,13956937,0.1,9.3,98.0,94,36.30,65,2470,0x0000000000000000
06:58:10,16493,6925,4923337,7872312,13957026,0.4,9.5,93.0,95,43.01,68,2483,0x0000000000000000
06:58:11,16493,6925,4923337,7872312,13957198,0.7,8.9,76.0,81,35.69,64,2470,0x0000000000000000
06:58:12,16494,6925,4923511,7872312,13957433,7.1,9.8,98.0,94,36.42,65,2470,0x0000000000000000
06:58:13,16490,6925,4923517,7872312,13957550,0.5,10.1,93.0,95,43.39,68,2483,0x0000000000000000
06:58:14,16489,6925,4923517,7872312,13957633,0.3,9.2,96.0,76,35.94,65,2470,0x0000000000000000
06:58:15,16492,6925,4923549,7872312,13957700,0.3,9.6,98.0,95,36.71,65,2470,0x0000000000000000
06:58:16,16492,6925,4923550,7872312,13957765,0.3,9.0,90.1,91,42.84,65,2470,0x0000000000000000
06:58:17,16492,6925,4923550,7872312,13957789,0.1,9.4,99.0,95,36.78,65,2470,0x0000000000000000
06:58:18,16492,6925,4923551,7872312,13957890,0.4,9.8,92.9,95,43.13,66,2483,0x0000000000000000
06:58:19,16492,6925,4923563,7872312,13957925,0.1,9.4,98.0,95,36.54,65,2470,0x0000000000000000
06:58:20,16485,6925,4923567,7872312,13958049,0.5,9.2,91.1,95,36.56,65,2476,0x0000000000000000
06:58:21,16485,6925,4923567,7872312,13958059,0.0,9.3,99.0,95,42.94,65,2470,0x0000000000000000
06:58:22,16485,6925,4923567,7872312,13958185,0.5,8.8,75.8,95,35.32,65,2470,0x0000000000000000
06:58:23,16488,6925,4923567,7872312,13958287,0.4,10.3,90.9,94,36.63,65,2470,0x0000000000000000
06:58:24,16488,6925,4923571,7872312,13958391,0.4,9.1,96.0,86,42.00,65,2470,0x0000000000000000
06:58:25,16485,6925,4923571,7872312,13958454,0.2,9.3,96.0,89,36.08,65,2470,0x0000000000000000
06:58:26,16485,6925,4923574,7872312,13958512,0.2,9.3,93.0,95,43.26,65,2470,0x0000000000000000
06:58:27,16485,6925,4923574,7872312,13958535,0.1,9.3,99.0,95,36.67,65,2470,0x0000000000000000
06:58:28,16492,6925,4923577,7872312,13958658,0.5,9.7,78.4,95,43.03,68,2483,0x0000000000000000
06:58:29,16492,6925,4923577,7872312,13958698,0.2,9.3,98.0,94,36.19,65,2470,0x0000000000000000
06:58:30,16487,6925,4923577,7872312,13958809,0.4,9.4,91.1,95,41.48,68,2483,0x0000000000000000
06:58:31,16488,6925,4923577,7872312,13958989,0.7,9.0,92.9,80,35.85,64,2463,0x0000000000000000
06:58:32,16488,6925,4923578,7872312,13959035,0.2,9.2,93.0,94,36.59,65,2476,0x0000000000000000
06:58:33,16485,6925,4923581,7872312,13959104,0.3,10.2,99.0,94,43.01,65,2470,0x0000000000000000
06:58:34,16483,6925,4923581,7872312,13959151,0.2,9.5,98.0,81,36.30,65,2470,0x0000000000000000
06:58:35,16489,6925,4923582,7872312,13959208,0.2,9.5,94.0,94,43.46,66,2476,0x0000000000000000
06:58:36,16490,6925,4923582,7872312,13959286,0.3,9.4,97.0,94,36.04,65,2476,0x0000000000000000
06:58:37,16490,6925,4923584,7872312,13959399,0.4,9.0,79.0,95,41.89,68,2483,0x0000000000000000
06:58:38,16489,6925,4923584,7872312,13959424,0.1,10.3,99.0,94,37.15,65,2476,0x0000000000000000
06:58:39,16489,6925,4923584,7872312,13959457,0.1,9.4,96.0,93,36.53,65,2476,0x0000000000000000
06:58:40,16499,6925,4923584,7872312,13959458,0.0,2.0,25.7,0,16.08,61,2411,0x0000000000000000
06:58:41,16499,6925,4923631,7872312,13960208,3.0,8.7,82.8,79,36.47,64,2463,0x0000000000000000
06:58:42,16500,6925,4923631,7872312,13960312,0.4,9.1,96.0,80,36.12,64,2463,0x0000000000000000
06:58:43,16500,6925,4923631,7872312,13960622,1.2,9.5,92.0,81,34.42,63,2463,0x0000000000000000
06:58:44,16500,6925,4923631,7872312,13961129,2.0,8.4,87.9,82,33.37,64,2463,0x0000000000000000
06:58:45,16500,6925,4923631,7872312,13961668,2.1,8.5,88.0,79,33.24,64,2463,0x0000000000000000
06:58:46,16500,6925,4923631,7872312,13962150,1.9,8.8,88.2,82,33.57,64,2463,0x0000000000000000
06:58:47,16500,6925,4923631,7872312,13962607,1.8,8.7,90.0,84,33.53,64,2470,0x0000000000000000
06:58:48,16505,6925,4923631,7872312,13963064,1.9,9.0,89.0,82,33.41,64,2463,0x0000000000000000
06:58:49,16506,6925,4923648,7872312,13963344,1.1,8.8,92.0,79,34.78,64,2470,0x0000000000000000
06:58:50,16507,6925,4923648,7872312,13963763,1.6,8.6,91.0,79,33.90,64,2463,0x0000000000000000
06:58:51,16510,6925,4923648,7872312,13964134,1.4,8.9,90.9,84,34.03,64,2463,0x0000000000000000
06:58:52,16511,6925,4923648,7872312,13964662,2.1,8.5,88.0,82,33.25,64,2457,0x0000000000000000
06:58:53,16510,6925,4923648,7872312,13965156,1.9,9.3,88.9,78,33.28,64,2463,0x0000000000000000
06:58:54,16510,6925,4923648,7872312,13965645,1.9,9.1,82.0,82,32.96,64,2470,0x0000000000000000
06:58:55,16510,6925,4923648,7872312,13966126,1.9,8.8,88.0,82,33.36,64,2470,0x0000000000000000
06:58:56,16509,6925,4923648,7872312,13966566,1.7,8.7,89.9,83,33.52,64,2470,0x0000000000000000
06:58:57,16509,6925,4923650,7872312,13967065,1.9,8.6,88.1,82,33.41,64,2463,0x0000000000000000
06:58:58,16514,6925,4923650,7872315,13967539,2.0,9.5,90.0,84,33.50,64,2470,0x0000000000000000
06:58:59,16514,6925,4923650,7872315,13967925,1.5,8.7,90.0,76,34.05,64,2470,0x0000000000000000
06:59:00,16513,6925,4923650,7872315,13968358,1.7,8.7,82.0,86,33.10,64,2470,0x0000000000000000
06:59:01,16513,6925,4923650,7872315,13968786,1.7,8.6,80.0,84,33.29,64,2470,0x0000000000000000
06:59:02,16514,6925,4923651,7872315,13969248,1.8,8.9,89.9,89,33.37,64,2463,0x0000000000000000
06:59:03,16514,6925,4923652,7872315,13969551,1.2,9.4,76.2,93,37.37,65,2476,0x0000000000000000
06:59:04,16514,6925,4923652,7872315,13969567,0.1,9.3,98.0,93,35.95,64,2470,0x0000000000000000
06:59:05,16514,6925,4923652,7872315,13969615,0.2,9.3,97.0,93,35.83,64,2470,0x0000000000000000
06:59:06,16514,6925,4923652,7872315,13969906,1.1,8.9,92.9,83,34.35,64,2463,0x0000000000000000
06:59:07,16508,6925,4923654,7872315,13970143,7.8,9.6,94.9,85,35.04,64,2470,0x0000000000000000
06:59:08,16501,6925,4923658,7872315,13970255,6.5,10.4,97.0,80,35.18,64,2463,0x0000000000000000
06:59:09,16500,6925,4923658,7872315,13970427,6.1,10.2,93.0,84,34.44,64,2463,0x0000000000000000
06:59:10,16500,6925,4923658,7872315,13970701,1.1,8.8,75.2,83,34.09,64,2463,0x0000000000000000
06:59:11,16497,6925,4923658,7872315,13970975,8.4,9.2,92.0,79,34.62,64,2470,0x0000000000000000
06:59:12,16476,6925,4923658,7872315,13971135,21.0,12.0,96.0,86,35.29,63,2470,0x0000000000000000
06:59:13,16478,6925,4923658,7872315,13971401,1.0,9.7,75.8,92,33.98,64,2470,0x0000000000000000
06:59:14,16478,6925,4923658,7872315,13971811,2.7,9.0,90.8,89,33.73,64,2463,0x0000000000000000
06:59:15,16480,6925,4923658,7872315,13972052,3.7,9.4,93.0,81,34.51,63,2463,0x0000000000000000
06:59:16,16481,6925,4923658,7872315,13972531,2.6,8.2,86.9,77,33.32,64,2463,0x0000000000000000
06:59:17,16480,6925,4923658,7872315,13972937,1.6,8.4,91.1,80,33.77,64,2463,0x0000000000000000
06:59:18,16474,6925,4923658,7872315,13973281,1.8,8.7,90.9,83,33.66,64,2470,0x0000000000000000
06:59:19,16480,6925,4923674,7872315,13973642,1.8,8.2,90.9,76,33.77,63,2457,0x0000000000000000
06:59:20,16485,6925,4923674,7872315,13974058,3.4,7.9,62.4,80,33.39,63,2463,0x0000000000000000
06:59:21,16485,6925,4923674,7872315,13974552,1.9,8.3,88.9,84,33.14,64,2463,0x0000000000000000
06:59:22,16482,6925,4923674,7872315,13974948,7.6,9.8,68.4,79,33.66,64,2470,0x0000000000000000
06:59:23,16481,6925,4923674,7872315,13975442,2.3,8.2,89.1,81,32.68,64,2470,0x0000000000000000
06:59:24,16484,6925,4923674,7872315,13975903,1.9,7.8,51.5,83,33.10,64,2463,0x0000000000000000
06:59:25,16496,6925,4923698,7872315,13976330,3.8,8.1,90.0,77,33.57,64,2463,0x0000000000000000
06:59:26,16495,6925,4923705,7872315,13976514,0.8,7.8,68.7,94,38.47,64,2476,0x0000000000000000
06:59:27,16496,6925,4923721,7872315,13976569,0.2,8.8,99.0,94,36.37,64,2476,0x0000000000000000
06:59:28,16499,6925,4923804,7872315,13976811,2.0,9.4,94.9,85,35.14,64,2463,0x0000000000000000
06:59:29,16500,6925,4923804,7872315,13976861,0.2,8.7,98.0,94,35.97,64,2470,0x0000000000000000
06:59:30,16500,6925,4923804,7872315,13976874,0.1,8.9,99.0,94,35.91,64,2470,0x0000000000000000
06:59:31,16500,6925,4923804,7872315,13976882,0.0,8.7,99.0,84,36.06,64,2470,0x0000000000000000
06:59:32,16501,6925,4923804,7872315,13977197,1.2,8.2,90.0,95,33.86,64,2470,0x0000000000000000
06:59:33,16498,6925,4923804,7872315,13977364,0.7,9.2,94.0,94,34.96,64,2470,0x0000000000000000
06:59:34,16498,6925,4923804,7872315,13977438,0.3,8.8,97.0,93,35.17,64,2476,0x0000000000000000
06:59:35,16498,6925,4923804,7872315,13977630,0.8,8.6,94.9,92,34.83,64,2470,0x0000000000000000
06:59:36,16499,6925,4923804,7872315,13977936,1.2,8.5,91.0,88,33.76,64,2463,0x0000000000000000
06:59:37,16499,6925,4923804,7872315,13978173,0.9,8.4,92.0,83,34.38,64,2470,0x0000000000000000
06:59:38,16494,6925,4923804,7872315,13978516,1.3,8.9,91.0,80,33.63,63,2463,0x0000000000000000
06:59:39,16493,6925,4923804,7872315,13978779,1.0,8.4,66.3,85,34.02,64,2463,0x0000000000000000
06:59:40,16494,6925,4923804,7872315,13978933,0.6,9.1,96.0,94,35.21,64,2476,0x0000000000000000
06:59:41,16495,6925,4923804,7872315,13979243,1.2,8.1,89.9,88,34.26,64,2470,0x0000000000000000
06:59:42,16494,6925,4923804,7872315,13979601,1.4,8.2,90.9,86,33.60,64,2470,0x0000000000000000
06:59:43,16492,6925,4923804,7872315,13979827,0.9,9.4,94.9,85,34.22,64,2463,0x0000000000000000
06:59:44,16493,6925,4923804,7872315,13980236,1.6,8.3,67.7,84,33.47,64,2463,0x0000000000000000
06:59:45,16500,6925,4923804,7872315,13980395,0.6,8.4,94.0,83,34.47,64,2463,0x0000000000000000
06:59:46,16501,6925,4923804,7872315,13980638,0.9,8.6,93.1,86,34.83,64,2470,0x0000000000000000
06:59:47,16480,6925,4925443,7872315,13982118,7.8,6.1,57.1,0,28.46,61,2431,0x0000000000000000
06:59:48,16488,6925,4926389,7872315,14007556,100.4,6.8,39.4,96,30.83,67,2457,0x0000000000000000
06:59:49,16490,6925,4926405,7872315,14007567,0.1,7.5,100.0,96,59.81,68,2450,0x0000000000000000
06:59:50,16487,6925,4926405,7872315,14007567,0.0,7.6,100.0,96,59.98,68,2457,0x0000000000000000
06:59:51,16487,6925,4926405,7872315,14007567,0.0,7.2,100.0,96,59.71,69,2457,0x0000000000000000
06:59:52,16564,6925,4926405,7872315,14014399,26.7,9.0,88.2,96,56.50,69,2457,0x0000000000000000
06:59:53,16506,6925,4926405,7872316,14014404,0.4,9.2,100.0,96,60.97,68,2450,0x0000000000000000
06:59:54,16506,6925,4926405,7872316,14014404,0.0,8.5,100.0,96,60.61,72,2457,0x0000000000000000
06:59:55,16557,6925,4926405,7872316,14051724,145.8,13.4,60.2,50,47.68,68,2411,0x0000000000000000
06:59:56,16542,6925,4926405,7872316,14051724,0.0,7.6,100.0,96,61.03,69,2457,0x0000000000000000
06:59:57,16533,6925,4926405,7872316,14051728,0.0,7.3,100.0,96,61.31,70,2450,0x0000000000000000
06:59:58,16475,6925,4926405,7872316,14051742,0.1,8.2,99.0,96,60.25,70,2463,0x0000000000000000
06:59:59,16376,6925,4926405,7872316,14080592,112.7,8.0,47.4,96,48.74,69,2457,0x0000000000000000
07:00:00,16376,6925,4926405,7872316,14080592,0.0,8.9,100.0,96,61.03,71,2457,0x0000000000000000
07:00:01,16354,6925,4926405,7872316,14093252,49.7,8.8,80.8,54,53.54,68,2437,0x0000000000000000
07:00:02,16343,6925,4926405,7872316,14093266,0.1,8.6,99.0,81,55.73,66,2476,0x0000000000000000
07:00:03,16325,6925,4926406,7872316,14093431,0.7,9.6,95.0,83,35.80,65,2470,0x0000000000000000
07:00:04,16325,6925,4926406,7872316,14093606,0.7,8.6,96.0,84,36.01,66,2470,0x0000000000000000
07:00:05,16328,6925,4926406,7872316,14093842,0.9,8.4,69.0,87,34.50,65,2470,0x0000000000000000
07:00:06,16323,6925,4926406,7872316,14094207,1.4,8.3,91.8,82,34.51,65,2470,0x0000000000000000
07:00:07,16330,6925,4926406,7872316,14094503,1.2,8.4,91.9,84,34.59,65,2470,0x0000000000000000
07:00:08,16341,6925,4926406,7872316,14094935,1.9,9.2,90.1,83,34.05,65,2463,0x0000000000000000
07:00:09,16354,6925,4926406,7872316,14095286,1.4,8.4,91.9,83,34.40,65,2470,0x0000000000000000
07:00:10,16363,6925,4926406,7872316,14095641,1.4,8.9,91.0,89,34.49,65,2470,0x0000000000000000
07:00:11,16375,6925,4926406,7872316,14096052,1.6,9.6,90.0,83,33.71,65,2463,0x0000000000000000
07:00:12,16386,6925,4926406,7872316,14096331,1.1,8.5,92.0,89,34.74,65,2463,0x0000000000000000
07:00:13,16384,6925,4926415,7872316,14096639,1.2,8.5,70.0,96,50.08,69,2476,0x0000000000000000
07:00:14,16389,6925,4926415,7872316,14096715,0.3,7.7,96.0,78,42.04,65,2470,0x0000000000000000
07:00:15,16392,6925,4926415,7872316,14096916,0.8,7.7,88.9,88,34.72,65,2463,0x0000000000000000
07:00:16,16395,6925,4926415,7872316,14097190,1.1,7.8,78.6,80,34.21,64,2463,0x0000000000000000
07:00:17,16390,6925,4926415,7872316,14097490,1.3,8.3,93.0,94,34.47,65,2470,0x0000000000000000
07:00:18,16390,6925,4926415,7872316,14097609,0.5,8.7,95.0,77,35.31,65,2470,0x0000000000000000
07:00:19,16395,6925,4926430,7872316,14097767,0.6,8.0,92.9,90,34.73,65,2470,0x0000000000000000
07:00:20,16398,6925,4926430,7872316,14097831,0.2,7.7,95.0,94,35.08,65,2463,0x0000000000000000
07:00:21,16401,6925,4926430,7872316,14097954,0.5,7.9,94.1,82,35.48,65,2476,0x0000000000000000
07:00:22,16394,6925,4926430,7872316,14098010,0.3,8.6,67.3,90,35.56,65,2463,0x0000000000000000
07:00:23,16308,6925,4927804,7872316,14099087,5.7,6.6,36.0,75,24.83,68,2424,0x0000000000000000
07:00:24,16311,6925,4927804,7872316,14099087,0.0,8.5,100.0,96,60.15,68,2450,0x0000000000000000
07:00:25,16311,6925,4927804,7872316,14099087,0.0,8.5,100.0,96,60.92,70,2450,0x0000000000000000
07:00:26,16313,6925,4927804,7872316,14099087,0.0,8.7,100.0,96,60.06,70,2457,0x0000000000000000
07:00:27,16314,6925,4927804,7872316,14099087,0.0,7.8,72.0,96,59.28,73,2457,0x0000000000000000
07:00:28,16304,6925,4927804,7872316,14099087,0.0,8.2,100.0,96,61.36,70,2450,0x0000000000000000
07:00:29,16305,6925,4927804,7872316,14099087,0.0,7.4,100.0,96,60.80,71,2457,0x0000000000000000
07:00:30,16365,6925,4927804,7872316,14133337,133.9,11.9,80.8,0,51.26,64,2437,0x0000000000000000
07:00:31,16359,6925,4927804,7872316,14136639,12.8,8.2,94.1,96,56.57,71,2457,0x0000000000000000
07:00:32,16358,6925,4927804,7872316,14136639,0.0,8.4,100.0,96,61.69,70,2450,0x0000000000000000
07:00:33,16342,6925,4927804,7872316,14136639,0.0,9.5,100.0,96,61.01,69,2457,0x0000000000000000
07:00:34,16353,6925,4927804,7872316,14143036,25.0,7.8,55.1,96,57.12,70,2450,0x0000000000000000
07:00:35,16353,6925,4927804,7872316,14143036,0.0,7.5,100.0,96,61.94,71,2444,0x0000000000000000
07:00:36,16357,6925,4927804,7872316,14143036,0.0,7.8,100.0,96,61.67,70,2457,0x0000000000000000
07:00:37,16356,6925,4927804,7872316,14143040,0.0,7.2,100.0,96,60.85,72,2457,0x0000000000000000
07:00:38,16349,6925,4927804,7872316,14143052,0.0,8.2,99.0,96,60.40,71,2457,0x0000000000000000
07:00:39,16356,6925,4927804,7872316,14143052,0.0,7.4,100.0,96,61.58,71,2457,0x0000000000000000
07:00:40,16360,6925,4927804,7872316,14143052,0.0,7.4,100.0,96,61.71,72,2457,0x0000000000000000
07:00:41,16347,6925,4927804,7872316,14180175,145.0,14.4,80.4,0,52.23,65,2437,0x0000000000000000
07:00:42,16306,6925,4927804,7872320,14198457,71.4,9.6,85.1,96,51.47,71,2450,0x0000000000000000
07:00:43,16298,6925,4927804,7872320,14198459,0.1,9.6,100.0,96,62.11,70,2444,0x0000000000000000
07:00:44,16300,6925,4927804,7872320,14198461,0.1,8.5,100.0,96,61.96,71,2457,0x0000000000000000
07:00:45,16327,6925,4927804,7872320,14224491,101.7,8.0,82.7,0,52.48,65,2444,0x0000000000000000
07:00:46,16324,6925,4927804,7872320,14253497,113.3,7.8,78.6,96,48.56,73,2457,0x0000000000000000
07:00:47,16324,6925,4927804,7872320,14253501,0.0,8.8,100.0,96,62.50,75,2444,0x0000000000000000
07:00:48,16308,6925,4927804,7872320,14253513,0.0,9.7,100.0,96,62.00,73,2450,0x0000000000000000
07:00:49,16316,6925,4927820,7872320,14266477,50.6,8.3,91.8,47,58.17,67,2457,0x0000000000000000
07:00:50,16325,6925,4927820,7872327,14295631,113.9,7.1,73.7,96,48.90,72,2450,0x0000000000000000
07:00:51,16325,6925,4927820,7872327,14295631,0.0,7.4,100.0,96,62.46,72,2450,0x0000000000000000
07:00:52,16325,6925,4927820,7872327,14295631,0.0,7.8,100.0,96,61.90,72,2437,0x0000000000000000
07:00:53,16325,6925,4927820,7872327,14299143,13.9,8.0,97.0,96,61.36,70,2450,0x0000000000000000
07:00:54,16326,6925,4927820,7872327,14315502,64.0,8.9,87.9,96,54.09,72,2450,0x0000000000000000
07:00:55,16327,6925,4927820,7872327,14315502,0.0,8.4,100.0,96,62.23,72,2444,0x0000000000000000
07:00:56,16328,6925,4927820,7872327,14315502,0.0,8.2,100.0,96,62.16,72,2444,0x0000000000000000
07:00:57,16332,6925,4927820,7872327,14332629,67.0,8.0,87.1,19,56.86,67,2450,0x0000000000000000
07:00:58,16364,6925,4927820,7872328,14353138,80.0,8.3,84.7,96,51.11,72,2450,0x0000000000000000
07:00:59,16364,6925,4927821,7872328,14353139,0.0,8.2,100.0,96,61.45,72,2444,0x0000000000000000
07:01:00,16340,6925,4927821,7872328,14372984,77.5,12.2,61.3,96,53.22,71,2424,0x0000000000000000
07:01:01,16340,6925,4927821,7872328,14372984,0.0,7.5,100.0,96,61.48,72,2450,0x0000000000000000
07:01:02,16340,6925,4927821,7872328,14373081,0.4,8.0,96.0,94,41.57,68,2463,0x0000000000000000
07:01:03,16324,6925,4927821,7872328,14373226,0.6,8.7,94.0,89,35.77,67,2470,0x0000000000000000
07:01:04,16330,6925,4927821,7872328,14373487,1.0,8.3,93.0,89,35.35,67,2470,0x0000000000000000
07:01:05,16339,6925,4927821,7872328,14373667,0.7,7.9,93.1,82,35.69,67,2470,0x0000000000000000
07:01:06,16343,6925,4927821,7872328,14374040,1.5,7.7,90.9,84,34.70,67,2470,0x0000000000000000
07:01:07,16351,6925,4928964,7872328,14375408,40.4,9.6,75.0,79,34.02,66,2463,0x0000000000000000
07:01:08,16342,6925,4928997,7872328,14375852,17.9,7.4,61.2,77,34.48,67,2470,0x0000000000000000
07:01:09,16344,6925,4929132,7872328,14376297,7.2,6.1,71.7,83,35.01,67,2470,0x0000000000000000
07:01:10,16349,6925,4929132,7872328,14376438,0.6,5.6,95.0,94,36.16,67,2470,0x0000000000000000
07:01:11,16353,6925,4929132,7872328,14376660,0.9,5.6,94.0,85,35.41,67,2470,0x0000000000000000
07:01:12,16345,6925,4929134,7872328,14376677,0.1,5.7,80.0,96,45.85,71,2463,0x0000000000000000
07:01:13,16349,6925,4929134,7872328,14376677,0.0,6.7,100.0,94,59.55,69,2463,0x0000000000000000
07:01:14,16357,6925,4929138,7872328,14376982,1.2,5.6,91.0,82,34.94,67,2470,0x0000000000000000
07:01:15,16361,6925,4929138,7872328,14377372,1.5,5.4,92.0,89,34.88,67,2470,0x0000000000000000
07:01:16,16363,6925,4929142,7872328,14377446,0.3,5.8,94.0,94,35.75,67,2470,0x0000000000000000
07:01:17,16366,6925,4929148,7872328,14377574,0.5,5.6,94.0,81,35.62,67,2470,0x0000000000000000
07:01:18,16371,6925,4929148,7872328,14377650,0.3,6.4,95.0,85,35.82,66,2470,0x0000000000000000
07:01:19,16373,6925,4929163,7872328,14377698,0.2,6.2,97.0,80,36.02,66,2470,0x0000000000000000
07:01:20,16374,6925,4929163,7872328,14377784,0.3,5.8,96.0,94,35.90,67,2470,0x0000000000000000
07:01:21,16373,6925,4929163,7872328,14377888,0.4,5.7,95.0,89,35.75,66,2470,0x0000000000000000
07:01:22,16371,6925,4929382,7872328,14378164,1.4,5.9,76.8,45,34.30,65,2470,0x0000000000000000
07:01:23,16340,6925,4929564,7872328,14378366,1.0,6.2,51.5,96,23.33,71,2418,0x0000000000000000
07:01:24,16340,6925,4929564,7872328,14378366,0.0,6.0,100.0,96,60.94,69,2457,0x0000000000000000
07:01:25,16340,6925,4929564,7872328,14378366,0.0,5.9,100.0,96,60.90,70,2457,0x0000000000000000
07:01:26,16344,6925,4929564,7872328,14378366,0.0,5.9,100.0,96,60.17,71,2457,0x0000000000000000
07:01:27,16343,6925,4929564,7872328,14378366,0.0,6.0,77.2,96,59.93,72,2450,0x0000000000000000
07:01:28,16341,6925,4929564,7872328,14378367,0.0,6.6,100.0,96,61.52,70,2450,0x0000000000000000
07:01:29,16345,6925,4929564,7872328,14378370,0.0,5.9,100.0,96,61.29,71,2457,0x0000000000000000
07:01:30,16350,6925,4929592,7872328,14378393,0.1,5.9,71.0,96,59.62,71,2450,0x0000000000000000
07:01:31,16350,6925,4929595,7872328,14378396,0.0,5.4,100.0,96,61.78,75,2444,0x0000000000000000
07:01:32,16352,6925,4929603,7872328,14378406,0.2,5.5,100.0,96,61.95,72,2450,0x0000000000000000
07:01:33,16353,6925,4929605,7872328,14378407,0.0,6.2,100.0,96,61.09,74,2450,0x0000000000000000
07:01:34,16363,6925,4929607,7872328,14378408,0.0,5.6,75.0,96,60.19,75,2444,0x0000000000000000
07:01:35,16364,6925,4929607,7872328,14378408,0.0,5.7,100.0,96,62.59,72,2444,0x0000000000000000
07:01:36,16364,6925,4929611,7872328,14378412,0.0,5.7,100.0,96,61.83,70,2444,0x0000000000000000
07:01:37,16366,6925,4929611,7872328,14378412,0.0,5.6,82.0,88,60.00,72,2450,0x0000000000000000
07:01:38,16359,6925,4929611,7872328,14378412,0.0,6.5,100.0,96,62.36,72,2444,0x0000000000000000
07:01:39,16360,6925,4929611,7872328,14378412,0.0,5.9,100.0,96,61.84,71,2450,0x0000000000000000
07:01:40,16362,6925,4929611,7872328,14378412,0.0,5.9,100.0,96,61.94,75,2444,0x0000000000000000
07:01:41,16363,6925,4929611,7872328,14378412,0.0,5.9,55.0,96,60.40,76,2444,0x0000000000000000
07:01:42,16363,6925,4929611,7872328,14378412,0.0,6.1,100.0,96,62.36,73,2450,0x0000000000000000
07:01:43,16368,6925,4929614,7872328,14378413,0.0,6.8,100.0,96,62.70,73,2450,0x0000000000000000
07:01:44,16368,6925,4929614,7872328,14378413,0.0,5.9,100.0,96,61.59,74,2444,0x0000000000000000
07:01:45,16369,6925,4929614,7872328,14378413,0.0,5.6,88.0,96,60.94,73,2444,0x0000000000000000
07:01:46,16370,6925,4929614,7872328,14378413,0.0,5.5,100.0,96,62.57,73,2444,0x0000000000000000
07:01:47,16370,6925,4929618,7872328,14378417,0.0,5.5,100.0,96,62.57,72,2444,0x0000000000000000
07:01:48,16366,6925,4929623,7872328,14378420,0.0,6.3,99.0,83,60.33,73,2444,0x0000000000000000
07:01:49,16364,6925,4929636,7872328,14378436,0.4,5.7,100.0,96,63.10,73,2444,0x0000000000000000
07:01:50,16364,6925,4929636,7872328,14378436,0.0,5.9,100.0,96,62.71,76,2444,0x0000000000000000
07:01:51,16364,6925,4929636,7872328,14378436,0.0,5.5,100.0,96,62.11,72,2444,0x0000000000000000
07:01:52,16367,6925,4929636,7872328,14403858,99.3,5.3,57.7,96,51.56,72,2405,0x0000000000000000
07:01:53,16354,6925,4929663,7872328,14403872,0.1,6.2,100.0,96,63.09,72,2437,0x0000000000000000
07:01:54,16354,6925,4929663,7872328,14403872,0.0,5.7,100.0,96,62.78,73,2437,0x0000000000000000
07:01:55,16358,6925,4929685,7872328,14403885,0.1,5.5,100.0,96,62.69,73,2444,0x0000000000000000
07:01:56,16326,6925,4929686,7872328,14471042,262.3,6.7,55.1,0,41.47,66,2398,0x0000000000000000
07:01:57,16340,6925,4929686,7872328,14479615,33.5,6.0,91.0,96,55.62,73,2444,0x0000000000000000
07:01:58,16364,6925,4929686,7872352,14479615,0.0,7.1,100.0,96,63.22,77,2444,0x0000000000000000
07:01:59,16363,6925,4929686,7872352,14479615,0.0,5.9,100.0,96,62.93,73,2437,0x0000000000000000
07:02:00,16352,6925,4929686,7872352,14497004,68.1,8.9,90.3,63,58.56,69,2444,0x0000000000000000
07:02:01,16276,6925,4929686,7872352,14533053,140.7,5.4,74.5,96,46.52,73,2437,0x0000000000000000
07:02:02,16276,6925,4929686,7872352,14533053,0.0,5.7,100.0,96,62.70,72,2444,0x0000000000000000
07:02:03,16266,6925,4929686,7872352,14533053,0.0,6.4,100.0,96,62.92,73,2437,0x0000000000000000
07:02:04,16266,6925,4929686,7872352,14533053,0.0,5.6,100.0,96,62.14,71,2437,0x0000000000000000
07:02:05,16290,6925,4929686,7872388,14602245,270.3,10.1,40.8,96,38.35,72,2431,0x0000000000000000
07:02:06,16290,6925,4929686,7872388,14602247,0.0,6.4,100.0,96,62.55,73,2444,0x0000000000000000
07:02:07,16290,6925,4929686,7872388,14602251,0.0,6.0,100.0,96,62.95,74,2444,0x0000000000000000
07:02:08,16289,6925,4929691,7872388,14602272,0.6,6.8,100.0,96,61.91,73,2444,0x0000000000000000
07:02:09,16294,6925,4929691,7872391,14661631,231.9,5.4,61.1,0,43.64,66,2398,0x0000000000000000
07:02:10,16291,6925,4929703,7872391,14662794,4.5,5.8,97.0,96,57.80,73,2444,0x0000000000000000
07:02:11,16292,6925,4929705,7872391,14662801,0.3,6.0,100.0,96,62.71,75,2437,0x0000000000000000
07:02:12,16291,6925,4929710,7872391,14662804,0.0,6.0,100.0,96,63.06,77,2444,0x0000000000000000
07:02:13,16283,6925,4929710,7872391,14664386,6.3,7.1,98.0,96,62.50,72,2444,0x0000000000000000
07:02:14,16305,6925,4929710,7872391,14680607,63.2,8.5,89.1,96,55.72,72,2444,0x0000000000000000
07:02:15,16306,6925,4929710,7872391,14680607,0.0,6.0,100.0,96,63.47,74,2444,0x0000000000000000
07:02:16,16308,6925,4929710,7872391,14680608,0.0,5.9,100.0,96,62.62,77,2437,0x0000000000000000
07:02:17,16310,6925,4929732,7872391,14680624,0.2,5.9,100.0,96,62.15,75,2444,0x0000000000000000
07:02:18,16306,6925,4929732,7872391,14680646,0.1,6.6,100.0,96,60.85,73,2457,0x0000000000000000
07:02:19,16321,6925,4929746,7872391,14685146,17.6,6.2,95.0,96,59.04,75,2457,0x0000000000000000
07:02:20,16322,6925,4929746,7872391,14685146,0.0,6.3,100.0,94,47.04,70,2476,0x0000000000000000
07:02:21,16331,6925,4929746,7872391,14685357,0.8,5.9,93.9,94,36.52,69,2470,0x0000000000000000
07:02:22,16336,6925,4929747,7872391,14685563,0.8,5.7,93.0,86,36.03,68,2470,0x0000000000000000
07:02:23,16330,6925,4929747,7872391,14685825,1.0,6.5,93.0,86,35.64,68,2463,0x0000000000000000
07:02:24,16334,6925,4929747,7872391,14685977,0.6,5.8,93.9,80,36.02,69,2470,0x0000000000000000
07:02:25,16342,6925,4929747,7872391,14686260,1.1,5.7,93.9,94,36.03,69,2463,0x0000000000000000
07:02:26,16348,6925,4929747,7872391,14686549,1.1,5.8,93.1,85,35.93,69,2470,0x0000000000000000
07:02:27,16343,6925,4929747,7872391,14686835,2.8,5.9,92.0,77,35.57,68,2470,0x0000000000000000
07:02:28,16343,6925,4929747,7872391,14687237,1.6,6.5,90.9,84,34.89,68,2463,0x0000000000000000
07:02:29,16345,6925,4929747,7872391,14687545,1.2,5.6,92.0,92,35.55,68,2463,0x0000000000000000
07:02:30,16326,6925,4929753,7872391,14687685,0.5,5.7,77.2,96,44.19,73,2470,0x0000000000000000
07:02:31,16330,6925,4929753,7872391,14687708,0.1,6.2,99.0,79,55.37,69,2457,0x0000000000000000
07:02:32,16334,6925,4929753,7872391,14687852,0.6,5.6,93.9,86,36.11,69,2470,0x0000000000000000
07:02:33,16335,6925,4929753,7872391,14687918,0.3,6.8,96.0,94,36.76,69,2470,0x0000000000000000
07:02:34,16341,6925,4929753,7872391,14688043,0.5,5.9,93.0,89,35.89,68,2470,0x0000000000000000
07:02:35,16343,6925,4929753,7872391,14688151,0.4,5.9,68.0,93,36.14,68,2470,0x0000000000000000
07:02:36,16345,6925,4929753,7872391,14688276,0.5,6.2,97.0,83,36.76,68,2470,0x0000000000000000
07:02:37,16348,6925,4929753,7872391,14688371,0.4,6.2,96.0,94,36.25,68,2470,0x0000000000000000
07:02:38,16346,6925,4930748,7872391,14688937,4.2,6.7,97.0,88,36.77,67,2470,0x0000000000000000
07:02:39,16347,6925,4930748,7872391,14688961,0.1,5.9,97.0,83,36.86,67,2476,0x0000000000000000
07:02:40,16349,6925,4930750,7872391,14689803,3.3,6.0,40.8,96,43.37,72,2437,0x0000000000000000
07:02:41,16350,6925,4930750,7872391,14689803,0.0,5.7,100.0,96,61.72,73,2444,0x0000000000000000
07:02:42,16351,6925,4930750,7872391,14689803,0.0,5.7,100.0,96,61.71,71,2444,0x0000000000000000
07:02:43,16347,6925,4930767,7872391,14689813,0.2,6.4,100.0,96,60.58,72,2444,0x0000000000000000
07:02:44,16349,6925,4930767,7872391,14689814,0.0,5.9,99.0,96,60.08,74,2437,0x0000000000000000
07:02:45,16352,6925,4930769,7872391,14689815,0.0,6.4,100.0,96,62.07,73,2444,0x0000000000000000
07:02:46,16355,6925,4930769,7872391,14689815,0.0,6.0,100.0,96,61.48,75,2450,0x0000000000000000
07:02:47,16357,6925,4930769,7872391,14689815,0.0,6.0,52.5,96,60.40,73,2444,0x0000000000000000
07:02:48,16350,6925,4930772,7872391,14689816,0.0,6.6,100.0,96,62.19,72,2444,0x0000000000000000
07:02:49,16351,6925,4930773,7872391,14689817,0.0,6.0,100.0,96,62.40,73,2444,0x0000000000000000
07:02:50,16352,6925,4930785,7872391,14689829,0.1,6.2,100.0,96,61.35,75,2444,0x0000000000000000
07:02:51,16352,6925,4930785,7872391,14689829,0.0,6.0,99.0,96,60.40,73,2450,0x0000000000000000
07:02:52,16351,6925,4930788,7872391,14690478,2.5,5.9,66.7,96,59.38,73,2450,0x0000000000000000
07:02:53,16349,6925,4930788,7872391,14690478,0.0,6.4,100.0,96,61.51,73,2450,0x0000000000000000
07:02:54,16351,6925,4930788,7872391,14690765,1.1,6.0,92.0,82,39.78,68,2463,0x0000000000000000
07:02:55,16350,6925,4930788,7872391,14691121,1.4,5.6,91.0,83,35.30,69,2470,0x0000000000000000
07:02:56,16349,6925,4930788,7872391,14691460,1.3,5.4,91.9,84,35.41,68,2470,0x0000000000000000
07:02:57,16350,6925,4930788,7872391,14691627,0.7,5.6,94.9,93,36.19,68,2470,0x0000000000000000
07:02:58,16347,6925,4930789,7872391,14691767,0.5,6.4,85.1,94,37.39,69,2476,0x0000000000000000
07:02:59,16347,6925,4930789,7872391,14691767,0.0,5.7,100.0,96,60.41,73,2450,0x0000000000000000
07:03:00,16349,6925,4930789,7872391,14691910,0.6,5.5,94.9,81,47.93,69,2463,0x0000000000000000
07:03:01,16351,6925,4930789,7872391,14691941,0.1,5.9,95.0,93,37.78,68,2470,0x0000000000000000
07:03:02,16352,6925,4930793,7872391,14691958,0.1,6.6,94.0,96,57.73,72,2450,0x0000000000000000
07:03:03,16343,6925,4930793,7872391,14692078,0.5,6.6,97.0,90,52.05,69,2463,0x0000000000000000
07:03:04,16344,6925,4930795,7872391,14692144,0.3,6.0,97.0,95,37.45,69,2476,0x0000000000000000
07:03:05,16345,6925,4930795,7872391,14692181,0.1,6.0,91.9,96,48.07,72,2457,0x0000000000000000
07:03:06,16344,6925,4930795,7872391,14692185,0.2,6.2,100.0,96,61.30,72,2450,0x0000000000000000
07:03:07,16346,6925,4930795,7872391,14692295,0.4,5.8,92.1,83,37.26,69,2470,0x0000000000000000
07:03:08,16344,6925,4930796,7872391,14692578,1.1,6.5,92.0,92,35.54,69,2463,0x0000000000000000
07:03:09,16344,6925,4930796,7872391,14692707,0.5,5.6,96.0,79,36.50,68,2470,0x0000000000000000
07:03:10,16339,6925,4930839,7872391,14692805,0.4,5.9,68.0,62,33.85,66,2405,0x0000000000000000
07:03:11,16340,6925,4930839,7872391,14692805,0.0,5.7,100.0,96,61.53,72,2444,0x0000000000000000
07:03:12,16340,6925,4930840,7872391,14692806,0.0,5.9,100.0,96,61.49,73,2444,0x0000000000000000
07:03:13,16332,6925,4930841,7872391,14692807,0.0,6.6,100.0,96,60.86,73,2444,0x0000000000000000
07:03:14,16333,6925,4930844,7872391,14692809,0.0,5.9,99.0,96,60.38,75,2444,0x0000000000000000
07:03:15,16335,6925,4930844,7872391,14692809,0.0,5.9,100.0,96,62.45,73,2444,0x0000000000000000
07:03:16,16335,6925,4930844,7872391,14692809,0.0,5.7,100.0,96,62.05,73,2444,0x0000000000000000
07:03:17,16338,6925,4930844,7872391,14692809,0.0,6.0,81.8,78,60.32,72,2444,0x0000000000000000
07:03:18,16329,6925,4930844,7872391,14692809,0.0,6.6,100.0,96,62.53,73,2444,0x0000000000000000
07:03:19,16332,6925,4930844,7872391,14692809,0.0,5.8,100.0,96,62.73,73,2444,0x0000000000000000
07:03:20,16334,6925,4930857,7872391,14692822,0.1,6.4,100.0,96,61.71,72,2444,0x0000000000000000
07:03:21,16336,6925,4930857,7872391,14692822,0.0,6.0,64.6,96,61.02,74,2444,0x0000000000000000
07:03:22,16337,6925,4930857,7872391,14692822,0.0,6.0,100.0,96,62.81,72,2444,0x0000000000000000
07:03:23,16339,6925,4930857,7872391,14692822,0.0,6.9,100.0,96,62.23,73,2437,0x0000000000000000
07:03:24,16341,6925,4930871,7872391,14692838,1.1,6.2,92.1,95,60.96,73,2450,0x0000000000000000
07:03:25,16341,6925,4930871,7872391,14692838,0.0,6.2,100.0,96,62.53,74,2444,0x0000000000000000
07:03:26,16341,6925,4930871,7872391,14692838,0.0,6.1,100.0,96,62.91,75,2437,0x0000000000000000
07:03:27,16341,6925,4930873,7872391,14692844,0.3,6.0,100.0,96,62.39,75,2444,0x0000000000000000
07:03:28,16338,6925,4930875,7872391,14692847,0.1,7.5,99.0,96,61.35,74,2437,0x0000000000000000
07:03:29,16340,6925,4930875,7872391,14692847,0.0,6.1,100.0,96,62.99,74,2444,0x0000000000000000
07:03:30,16340,6925,4930876,7872391,14692848,0.0,6.3,100.0,96,62.70,74,2437,0x0000000000000000
07:03:31,16340,6925,4930876,7872391,14692848,0.0,6.0,100.0,96,62.18,74,2444,0x0000000000000000
07:03:32,16334,6925,4930876,7872391,14692848,0.0,6.4,78.0,96,61.11,74,2444,0x0000000000000000
07:03:33,16335,6925,4930876,7872391,14692848,0.0,6.7,100.0,96,63.28,74,2444,0x0000000000000000
07:03:34,16336,6925,4930876,7872391,14692848,0.0,6.2,100.0,96,62.76,75,2444,0x0000000000000000
07:03:35,16338,6925,4930876,7872391,14692848,0.0,6.1,99.0,96,60.91,72,2444,0x0000000000000000
07:03:36,16337,6925,4930876,7872391,14692848,0.0,6.6,100.0,96,62.74,75,2437,0x0000000000000000
07:03:37,16338,6925,4930876,7872391,14692848,0.0,6.1,100.0,96,63.51,76,2444,0x0000000000000000
07:03:38,16336,6925,4930876,7872391,14692849,0.1,6.9,100.0,96,62.76,74,2437,0x0000000000000000
07:03:39,16336,6925,4930876,7872391,14692849,0.0,6.0,99.0,96,62.13,74,2444,0x0000000000000000
07:03:40,16337,6925,4930877,7872391,14692850,0.0,6.2,100.0,96,63.46,74,2437,0x0000000000000000
07:03:41,16337,6925,4930877,7872391,14692850,0.0,6.1,100.0,96,63.40,75,2444,0x0000000000000000
07:03:42,16337,6925,4930883,7872391,14692852,0.0,6.0,100.0,96,62.27,75,2444,0x0000000000000000
07:03:43,16350,6925,4930883,7872391,14701061,32.1,6.6,54.5,96,58.28,74,2437,0x0000000000000000
07:03:44,16352,6925,4930883,7872391,14701061,0.0,5.9,100.0,96,62.87,75,2437,0x0000000000000000
07:03:45,16349,6925,4930883,7872391,14706388,20.8,6.2,96.0,96,61.19,75,2444,0x0000000000000000
07:03:46,16340,6925,4930884,7872391,14734166,108.5,6.3,78.6,96,49.19,77,2450,0x0000000000000000
07:03:47,16341,6925,4930884,7872391,14734184,0.1,6.2,98.0,81,58.56,72,2450,0x0000000000000000
07:03:48,16316,6925,4930906,7872391,14734497,1.4,6.6,74.0,89,35.91,70,2463,0x0000000000000000
07:03:49,16316,6925,4930906,7872391,14734723,0.9,5.4,93.0,94,36.52,70,2470,0x0000000000000000
07:03:50,16301,6925,4930982,7872391,14734782,0.3,5.8,83.0,5,36.96,68,2470,0x0000000000000000
07:03:51,16307,6925,4930982,7872391,14734783,0.0,5.6,100.0,96,62.62,75,2450,0x0000000000000000
07:03:52,16317,6925,4930982,7872391,14734903,0.5,5.6,96.0,90,50.12,71,2463,0x0000000000000000
07:03:53,16326,6925,4930982,7872391,14734903,0.0,6.5,89.0,94,38.77,70,2476,0x0000000000000000
07:03:54,16334,6925,4930982,7872391,14734903,0.0,6.5,95.0,96,55.76,74,2444,0x0000000000000000
07:03:55,16342,6925,4930982,7872391,14734994,0.4,5.6,97.0,90,55.76,71,2444,0x0000000000000000
07:03:56,16346,6925,4930982,7872391,14735031,0.1,5.7,99.0,93,38.18,70,2476,0x0000000000000000
07:03:57,16339,6925,4930982,7872391,14735031,0.0,5.9,67.7,96,50.77,74,2450,0x0000000000000000
07:03:58,16338,6925,4930983,7872391,14735040,0.0,6.3,98.0,96,62.32,74,2450,0x0000000000000000
07:03:59,16338,6925,4930983,7872391,14735164,0.5,5.8,97.0,94,38.31,70,2476,0x0000000000000000
07:04:00,16342,6925,4930983,7872391,14735275,0.4,5.6,96.1,87,37.24,70,2463,0x0000000000000000
07:04:01,16345,6925,4930983,7872391,14735341,0.3,5.7,97.0,94,37.66,70,2476,0x0000000000000000
07:04:02,16345,6925,4930983,7872391,14735356,0.1,6.0,100.0,90,38.01,70,2470,0x0000000000000000
07:04:03,16342,6925,4930984,7872391,14736897,6.1,6.3,85.0,76,45.90,70,2470,0x0000000000000000
07:04:04,16344,6925,4930984,7872391,14737105,0.8,5.4,91.2,82,35.96,69,2463,0x0000000000000000
07:04:05,16329,6925,4930984,7872391,14737300,0.8,5.6,64.0,95,42.33,72,2470,0x0000000000000000
07:04:06,16333,6925,4930984,7872391,14737461,0.6,5.6,93.0,91,36.97,70,2463,0x0000000000000000
07:04:07,16336,6925,4930984,7872391,14737601,0.6,5.6,91.0,95,37.37,70,2476,0x0000000000000000
07:04:08,16332,6925,4930984,7872391,14737774,0.7,6.3,96.0,85,45.79,69,2463,0x0000000000000000
07:04:09,16336,6925,4930984,7872391,14737863,0.3,5.3,95.0,94,37.42,70,2463,0x0000000000000000
07:04:10,16337,6925,4930984,7872391,14738066,0.8,5.3,57.6,95,45.77,73,2463,0x0000000000000000
07:04:11,16341,6925,4930984,7872391,14738227,0.6,5.4,94.1,78,36.83,69,2470,0x0000000000000000
07:04:12,16343,6925,4930987,7872391,14738457,0.9,5.3,67.7,86,40.81,72,2470,0x0000000000000000
07:04:13,16345,6925,4930987,7872391,14738696,0.9,6.0,53.0,89,41.92,69,2463,0x0000000000000000
07:04:14,16346,6925,4930988,7872391,14739114,1.6,5.3,87.9,81,37.94,70,2470,0x0000000000000000
07:04:15,16345,6925,4930988,7872391,14739206,0.4,5.3,57.4,81,43.53,68,2476,0x0000000000000000
07:04:16,16348,6925,4930988,7872391,14739610,1.6,5.2,90.9,86,35.24,69,2470,0x0000000000000000
07:04:17,16348,6925,4930988,7872391,14740267,2.6,5.4,58.0,95,45.58,72,2463,0x0000000000000000
07:04:18,16344,6925,4930988,7872391,14740489,0.9,6.2,93.0,91,35.91,69,2470,0x0000000000000000
07:04:19,16343,6925,4930988,7872391,14740740,1.1,5.5,91.0,94,35.41,69,2463,0x0000000000000000
07:04:20,16345,6925,4931003,7872391,14741253,2.0,5.5,89.0,94,36.59,70,2470,0x0000000000000000
07:04:21,16348,6925,4931003,7872391,14741511,1.0,5.3,92.9,83,45.05,69,2470,0x0000000000000000
07:04:22,16349,6925,4931003,7872391,14741915,1.6,5.3,88.0,82,36.35,71,2470,0x0000000000000000
07:04:23,16347,6925,4931003,7872391,14742066,0.6,6.3,96.0,87,44.94,69,2470,0x0000000000000000
07:04:24,16348,6925,4931003,7872391,14742275,0.8,5.4,92.9,80,35.99,68,2470,0x0000000000000000
07:04:25,16349,6925,4931007,7872391,14742575,1.2,5.5,92.1,94,45.79,70,2463,0x0000000000000000
07:04:26,16350,6925,4931008,7872391,14742889,1.2,5.3,92.0,85,35.62,68,2470,0x0000000000000000
07:04:27,16352,6925,4931008,7872391,14743294,1.6,5.5,90.0,85,34.84,68,2463,0x0000000000000000
07:04:28,16345,6925,4931008,7872391,14743707,2.0,6.0,90.9,88,34.83,68,2463,0x0000000000000000
07:04:29,16345,6925,4931008,7872391,14743956,1.0,5.4,93.9,90,35.58,68,2470,0x0000000000000000
07:04:30,16346,6925,4931008,7872391,14744171,0.8,5.4,94.1,94,35.90,68,2470,0x0000000000000000
07:04:31,16346,6925,4931008,7872391,14744194,0.1,5.5,93.0,95,44.19,72,2470,0x0000000000000000
07:04:32,16346,6925,4931009,7872391,14744440,0.9,5.5,93.0,86,38.76,68,2470,0x0000000000000000
07:04:33,16344,6925,4931009,7872391,14744464,0.2,6.6,97.0,94,37.76,69,2470,0x0000000000000000
07:04:34,16341,6925,4931010,7872391,14744488,0.1,5.6,92.1,94,47.40,68,2463,0x0000000000000000
07:04:35,16344,6925,4931010,7872391,14744847,1.4,5.2,91.9,85,35.59,68,2470,0x0000000000000000
07:04:36,16345,6925,4931010,7872391,14745137,1.1,6.0,92.2,89,35.47,68,2470,0x0000000000000000
07:04:37,16337,6925,4931010,7872391,14745270,0.6,5.7,81.6,77,37.21,70,2476,0x0000000000000000
07:04:38,16340,6925,4931010,7872391,14745398,0.5,6.4,96.0,87,45.13,68,2463,0x0000000000000000
07:04:39,16344,6925,4931010,7872391,14745458,0.2,5.8,97.0,88,37.39,67,2476,0x0000000000000000
07:04:40,16344,6925,4931010,7872391,14745657,0.8,5.3,60.0,77,45.95,69,2463,0x0000000000000000
07:04:41,16345,6925,4931010,7872391,14746008,1.4,5.3,92.0,86,35.49,68,2463,0x0000000000000000
07:04:42,16345,6925,4931010,7872391,14746092,0.3,5.6,89.0,96,53.58,72,2444,0x0000000000000000
07:04:43,16345,6925,4931013,7872391,14746097,0.2,6.3,100.0,96,61.80,72,2444,0x0000000000000000
07:04:44,16347,6925,4931013,7872391,14746097,0.0,5.8,100.0,96,61.18,75,2444,0x0000000000000000
07:04:45,16347,6925,4931013,7872391,14746460,1.4,5.8,69.7,96,59.40,73,2444,0x0000000000000000
07:04:46,16347,6925,4931013,7872391,14746460,0.0,5.5,100.0,96,62.13,73,2444,0x0000000000000000
07:04:47,16347,6925,4931013,7872391,14746460,0.0,5.5,100.0,96,62.41,72,2437,0x0000000000000000
07:04:48,16339,6925,4931013,7872391,14746460,0.0,6.2,100.0,96,61.10,76,2444,0x0000000000000000
07:04:49,16342,6925,4931013,7872391,14746460,0.0,5.5,100.0,96,60.63,73,2457,0x0000000000000000
07:04:50,16340,6925,4931028,7872391,14746719,1.0,5.6,98.0,96,59.42,74,2450,0x0000000000000000
07:04:51,16341,6925,4931028,7872391,14746830,0.4,5.4,97.0,91,50.67,70,2463,0x0000000000000000
07:04:52,16343,6925,4931028,7872391,14746985,0.6,5.5,96.0,93,36.77,69,2476,0x0000000000000000
07:04:53,16347,6925,4931028,7872391,14747368,1.5,6.4,91.9,85,35.59,68,2470,0x0000000000000000
07:04:54,16347,6925,4931035,7872391,14747659,1.1,5.4,92.9,82,35.60,68,2470,0x0000000000000000
07:04:55,16349,6925,4931035,7872391,14747889,0.9,5.3,93.0,81,35.93,68,2470,0x0000000000000000
07:04:56,16362,6925,4931039,7872391,14748603,2.8,5.8,71.0,81,37.15,68,2463,0x0000000000000000
07:04:57,16362,6925,4931039,7872391,14749035,1.7,5.5,90.0,80,34.57,68,2463,0x0000000000000000
07:04:58,16358,6925,4931039,7872391,14749436,1.7,6.1,90.9,85,34.74,68,2463,0x0000000000000000
07:04:59,16358,6925,4931039,7872391,14749892,1.8,5.7,90.2,85,34.86,68,2463,0x0000000000000000
07:05:00,16358,6925,4931040,7872391,14750375,1.9,5.5,89.9,84,34.28,68,2463,0x0000000000000000
07:05:01,16358,6925,4931040,7872391,14750791,1.6,5.5,48.0,82,34.44,67,2463,0x0000000000000000
07:05:02,16358,6925,4931044,7872391,14751136,1.3,5.6,90.9,87,34.81,68,2470,0x0000000000000000
07:05:03,16355,6925,4931044,7872391,14751574,1.7,6.1,89.9,84,34.39,68,2463,0x0000000000000000
07:05:04,16355,6925,4931044,7872391,14752015,1.7,5.7,90.0,84,34.48,67,2463,0x0000000000000000
07:05:05,16356,6925,4931044,7872391,14752395,1.5,5.7,74.0,86,34.51,67,2463,0x0000000000000000
07:05:06,16356,6925,4931044,7872391,14752812,1.6,5.3,90.0,85,34.54,67,2463,0x0000000000000000
07:05:07,16355,6925,4931044,7872391,14753255,1.7,5.2,90.1,78,34.35,67,2470,0x0000000000000000
07:05:08,16348,6925,4931044,7872391,14753588,1.3,5.9,82.8,85,35.00,67,2470,0x0000000000000000
07:05:09,16351,6925,4931044,7872391,14754057,1.8,5.1,81.0,85,34.41,67,2463,0x0000000000000000
07:05:10,16352,6925,4931047,7872391,14754454,1.6,5.7,57.6,80,34.41,66,2463,0x0000000000000000
07:05:11,16355,6925,4931047,7872391,14754895,1.7,6.8,90.1,86,34.24,67,2470,0x0000000000000000
07:05:12,16357,6925,4931047,7872391,14755288,1.5,5.7,90.9,85,34.56,67,2470,0x0000000000000000
07:05:13,16350,6925,4931047,7872391,14755680,1.5,6.3,89.9,76,34.38,66,2470,0x0000000000000000
07:05:14,16351,6925,4931047,7872391,14755859,0.7,5.6,89.1,94,38.12,68,2476,0x0000000000000000
07:05:15,16351,6925,4931047,7872391,14755859,0.0,6.1,100.0,94,37.14,67,2476,0x0000000000000000
07:05:16,16350,6925,4931047,7872391,14755859,0.0,6.2,100.0,94,37.22,68,2470,0x0000000000000000
07:05:17,16350,6925,4931047,7872391,14755859,0.0,6.1,100.0,94,37.13,67,2476,0x0000000000000000
07:05:18,16354,6925,4931047,7872391,14755859,0.0,6.9,100.0,94,37.16,67,2470,0x0000000000000000
07:05:19,16354,6925,4931047,7872391,14755859,0.0,6.5,100.0,94,37.26,67,2476,0x0000000000000000
07:05:20,16353,6925,4931103,7872391,14755920,0.3,6.3,99.0,94,37.03,67,2470,0x0000000000000000
07:05:21,16354,6925,4931124,7872391,14755943,0.2,6.4,100.0,94,37.03,67,2476,0x0000000000000000
07:05:22,16355,6925,4931124,7872391,14755943,0.0,6.1,100.0,94,37.21,67,2470,0x0000000000000000
07:05:23,16349,6925,4931124,7872391,14755943,0.0,6.7,100.0,94,37.12,67,2476,0x0000000000000000
07:05:24,16349,6925,4931124,7872391,14755943,0.0,6.2,100.0,94,37.27,67,2470,0x0000000000000000
07:05:25,16348,6925,4931124,7872391,14755943,0.0,6.2,100.0,94,37.20,67,2476,0x0000000000000000
07:05:26,16348,6925,4931124,7872391,14755943,0.0,6.1,100.0,94,37.19,67,2470,0x0000000000000000
07:05:27,16347,6925,4931124,7872391,14755943,0.0,6.5,99.0,94,37.22,67,2476,0x0000000000000000
07:05:28,16349,6925,4931124,7872391,14755943,0.0,6.8,100.0,94,37.18,67,2476,0x0000000000000000
07:05:29,16349,6925,4931125,7872391,14755944,0.0,6.1,100.0,94,37.23,67,2476,0x0000000000000000
07:05:30,16349,6925,4931125,7872391,14755944,0.0,5.9,94.0,94,39.32,67,2476,0x0000000000000000
07:05:31,16349,6925,4931125,7872391,14755944,0.0,6.1,100.0,94,37.17,67,2470,0x0000000000000000
07:05:32,16350,6925,4931125,7872391,14755944,0.0,6.1,100.0,94,37.15,67,2476,0x0000000000000000
07:05:33,16348,6925,4931125,7872391,14755944,0.0,7.0,99.0,94,37.15,67,2470,0x0000000000000000
07:05:34,16350,6925,4931125,7872391,14755944,0.0,6.3,100.0,93,37.13,67,2476,0x0000000000000000
07:05:35,16350,6925,4931125,7872391,14755944,0.0,6.6,100.0,94,37.21,67,2470,0x0000000000000000
07:05:36,16348,6925,4931137,7872391,14755954,0.0,6.5,100.0,93,36.93,67,2476,0x0000000000000000
07:05:37,16348,6925,4931137,7872391,14755954,0.0,6.2,100.0,94,37.03,67,2476,0x0000000000000000
07:05:38,16352,6925,4931137,7872391,14755954,0.0,7.0,100.0,93,37.10,67,2476,0x0000000000000000
07:05:39,16352,6925,4931137,7872391,14755954,0.0,6.1,99.0,94,37.11,67,2476,0x0000000000000000
07:05:40,16352,6925,4931137,7872391,14755954,0.0,6.2,100.0,93,37.20,67,2476,0x0000000000000000
07:05:41,16350,6925,4931137,7872391,14755954,0.0,6.3,100.0,94,37.22,67,2470,0x0000000000000000
07:05:42,16354,6925,4931137,7872391,14755955,0.0,6.4,100.0,94,37.07,67,2476,0x0000000000000000
07:05:43,16352,6925,4931137,7872391,14755955,0.0,7.1,100.0,94,37.15,67,2470,0x0000000000000000
07:05:44,16352,6925,4931137,7872391,14755955,0.0,6.7,100.0,94,37.08,67,2476,0x0000000000000000
07:05:45,16353,6925,4931137,7872391,14755955,0.0,6.2,100.0,94,37.14,67,2470,0x0000000000000000
07:05:46,16353,6925,4931138,7872391,14756264,1.2,5.7,45.5,82,37.83,67,2470,0x0000000000000000
07:05:47,16354,6925,4931139,7872391,14756665,1.6,5.7,91.0,83,34.51,66,2470,0x0000000000000000
07:05:48,16354,6925,4931141,7872391,14757058,1.6,6.3,81.6,86,34.17,66,2463,0x0000000000000000
07:05:49,16355,6925,4931141,7872391,14757406,1.4,5.7,91.0,75,34.34,66,2470,0x0000000000000000
07:05:50,16358,6925,4931147,7872391,14757776,1.4,5.7,90.1,85,34.22,66,2463,0x0000000000000000
07:05:51,16359,6925,4931155,7872391,14758124,1.4,6.0,90.9,80,34.61,66,2470,0x0000000000000000
07:05:52,16359,6925,4931155,7872391,14758526,1.6,5.7,90.9,77,34.44,66,2470,0x0000000000000000
07:05:53,16355,6925,4931156,7872391,14758912,1.5,6.4,91.0,83,34.75,66,2470,0x0000000000000000
07:05:54,16355,6925,4931158,7872391,14759344,1.7,5.8,90.9,83,33.96,65,2470,0x0000000000000000
07:05:55,16356,6925,4931158,7872391,14759655,1.2,5.9,92.1,84,35.00,66,2470,0x0000000000000000
07:05:56,16356,6925,4931158,7872391,14760070,1.6,5.7,90.0,83,34.04,65,2463,0x0000000000000000
07:05:57,16355,6925,4931158,7872391,14760413,1.3,5.8,92.0,84,34.85,66,2463,0x0000000000000000
07:05:58,16350,6925,4931158,7872391,14760835,1.6,6.3,83.8,84,34.07,66,2463,0x0000000000000000
07:05:59,16351,6925,4931158,7872391,14761215,1.5,5.7,90.1,81,34.32,66,2463,0x0000000000000000
07:06:00,16353,6925,4931158,7872391,14761446,0.9,6.0,93.0,79,34.78,66,2470,0x0000000000000000
07:06:01,16353,6925,4931158,7872391,14761764,1.2,5.8,93.0,87,34.59,66,2470,0x0000000000000000
07:06:02,16352,6925,4931158,7872391,14762178,1.6,5.7,90.9,86,34.71,66,2463,0x0000000000000000
07:06:03,16346,6925,4931161,7872391,14762626,1.8,6.4,89.9,80,33.68,65,2463,0x0000000000000000
