t,memavail_mib,swap_used_mib,pswpin,pswpout,pgmajfault,nvme_read_mib,cpu_pct,cpu_max_core_pct,gpu_util,gpu_w,gpu_c,sm_mhz,throttle
07:36:39,121113,4207,5383882,8580622,16263343,0.0,100.0,0.0,2,5.29,57,383,0x0000000000000000
07:36:40,120963,4207,5383891,8580622,16264995,209.6,4.0,30.7,2,5.28,56,383,0x0000000000000000
07:36:41,120871,4207,5383914,8580622,16265302,60.7,10.8,36.0,2,5.24,56,383,0x0000000000000000
07:36:42,120816,4207,5383914,8580622,16265354,18.7,6.0,84.0,2,5.26,56,383,0x0000000000000000
07:36:43,120792,4207,5383958,8580622,16265996,86.7,5.6,72.7,2,5.25,56,383,0x0000000000000000
07:36:44,120748,4207,5383959,8580622,16266002,9.5,7.0,91.1,2,5.27,56,390,0x0000000000000000
07:36:45,120718,4207,5383959,8580622,16266013,12.9,6.0,86.9,2,5.21,56,383,0x0000000000000000
07:36:46,120697,4207,5383959,8580622,16266074,17.7,6.0,63.4,2,5.25,55,383,0x0000000000000000
07:36:47,120688,4207,5383959,8580622,16266074,11.3,4.7,36.8,2,5.24,55,383,0x0000000000000000
07:36:48,120671,4207,5383959,8580622,16266104,28.7,4.6,57.1,2,5.26,55,390,0x0000000000000000
07:36:49,120646,4207,5383963,8580622,16266223,36.7,5.7,56.3,2,5.24,55,383,0x0000000000000000
07:36:50,120613,4207,5383963,8580622,16266311,22.1,6.2,66.7,2,5.22,55,383,0x0000000000000000
07:36:51,120578,4207,5383963,8580622,16266457,26.6,6.7,66.3,2,5.17,55,383,0x0000000000000000
07:36:52,120537,4207,5383980,8580622,16266628,28.6,10.1,80.6,2,5.17,55,383,0x0000000000000000
07:36:53,120232,4207,5383980,8580622,16266635,4.9,11.5,48.5,2,5.17,54,383,0x0000000000000000
07:36:54,120084,4207,5383980,8580622,16266636,0.0,6.4,88.0,2,5.19,54,390,0x0000000000000000
07:36:55,120037,4207,5383980,8580622,16266636,0.1,6.6,100.0,2,5.13,54,383,0x0000000000000000
07:36:56,119943,4207,5383980,8580622,16266642,3.2,11.3,96.0,2,5.16,54,383,0x0000000000000000
07:36:57,119933,4207,5383987,8580622,16267134,293.4,5.3,35.7,2,5.16,54,383,0x0000000000000000
07:36:58,119846,4207,5383987,8580622,16267701,73.8,5.0,57.8,2,5.27,54,383,0x0000000000000000
07:36:59,119814,4207,5383988,8580622,16268147,77.8,5.1,73.5,2,5.17,54,383,0x0000000000000000
07:37:00,119465,4207,5383988,8580622,16268174,13.1,6.9,53.0,2,5.14,54,383,0x0000000000000000
07:37:01,119130,4207,5383988,8580622,16268958,74.0,22.6,82.0,2,5.16,54,396,0x0000000000000000
07:37:02,119685,4207,5384027,8580622,16270069,75.2,7.2,99.0,2,5.14,53,383,0x0000000000000000
07:37:03,120141,4207,5384046,8580622,16270464,31.8,5.6,46.0,2,5.13,53,383,0x0000000000000000
07:37:04,119878,4207,5384054,8580622,16270474,0.4,8.3,51.0,2,5.18,53,383,0x0000000000000000
07:37:05,119639,4207,5384054,8580622,16270499,19.9,21.3,90.0,2,5.15,53,396,0x0000000000000000
07:37:06,119344,4207,5384054,8580622,16270499,1.2,12.0,45.5,2,5.14,53,383,0x0000000000000000
07:37:07,119333,4207,5384054,8580622,16270502,1.6,6.4,100.0,2,5.09,53,383,0x0000000000000000
07:37:08,119329,4207,5384054,8580622,16270502,0.0,5.8,100.0,2,5.08,53,390,0x0000000000000000
07:37:09,119319,4207,5384054,8580622,16270503,0.1,13.2,54.0,2,5.10,53,383,0x0000000000000000
07:37:10,118843,4207,5384054,8580622,16270505,0.2,19.4,65.3,2,5.12,53,396,0x0000000000000000
07:37:11,119895,4207,5384054,8580622,16270511,1.7,9.2,81.2,2,5.06,53,390,0x0000000000000000
07:37:12,119691,4207,5384054,8580622,16270512,0.1,5.9,99.0,2,5.03,52,390,0x0000000000000000
07:37:13,119613,4207,5384054,8580622,16270512,0.0,5.8,100.0,2,5.07,52,390,0x0000000000000000
07:37:14,119451,4207,5384054,8580622,16270514,0.1,6.5,98.0,2,5.06,52,383,0x0000000000000000
07:37:15,119302,4207,5384054,8580622,16270514,0.1,5.9,100.0,2,5.09,52,390,0x0000000000000000
07:37:16,119192,4207,5384054,8580622,16270514,0.0,5.9,100.0,2,5.05,52,390,0x0000000000000000
07:37:17,119191,4207,5384054,8580622,16270514,0.0,5.9,100.0,2,5.02,52,390,0x0000000000000000
07:37:18,118900,4207,5384054,8580622,16270520,0.5,12.2,61.4,2,5.05,52,390,0x0000000000000000
07:37:19,118863,4207,5384054,8580622,16270521,0.0,6.3,74.0,2,5.08,52,383,0x0000000000000000
07:37:20,118840,4207,5384054,8580622,16270521,0.2,6.0,99.0,2,5.04,52,383,0x0000000000000000
07:37:21,118713,4207,5384054,8580622,16270521,0.0,13.1,99.0,2,5.03,52,396,0x0000000000000000
07:37:22,118630,4207,5384065,8580622,16270532,0.0,6.8,45.0,2,5.02,52,396,0x0000000000000000
07:37:23,117863,4207,5384070,8580622,16270562,4.0,24.2,88.0,2,5.05,51,390,0x0000000000000000
07:37:24,115615,4207,5384070,8580622,16270786,28.2,8.5,89.0,0,8.20,52,2418,0x0000000000000000
07:37:25,90161,4207,5384070,8580622,16270798,1.9,6.8,100.0,3,12.26,52,2418,0x0000000000000000
07:37:26,62844,4207,5384090,8580622,16270803,0.1,6.8,100.0,4,12.10,52,2418,0x0000000000000000
07:37:27,39689,4207,5384090,8580622,16270805,12.7,6.6,96.0,4,12.11,52,2418,0x0000000000000000
07:37:28,39477,4207,5384090,8580622,16270817,119.5,7.3,97.0,3,12.10,52,2418,0x0000000000000000
07:37:29,39311,4207,5384091,8580622,16270818,140.8,8.4,100.0,3,12.37,52,2418,0x0000000000000000
07:37:30,39161,4207,5384091,8580622,16270822,135.0,7.9,100.0,3,12.33,52,2418,0x0000000000000000
07:37:31,39002,4207,5384091,8580622,16270822,134.5,7.6,100.0,3,12.34,52,2418,0x0000000000000000
07:37:32,38844,4207,5384091,8580622,16270822,136.8,7.4,100.0,3,12.34,52,2418,0x0000000000000000
07:37:33,39040,4207,5384091,8580622,16270826,127.2,7.5,99.0,3,12.30,52,2418,0x0000000000000000
07:37:34,38870,4207,5384091,8580622,16270826,138.8,8.3,100.0,3,12.34,52,2418,0x0000000000000000
07:37:35,39057,4207,5384091,8580622,16270830,130.5,7.7,100.0,3,12.34,52,2418,0x0000000000000000
07:37:36,38900,4207,5384091,8580622,16270830,136.2,7.6,100.0,3,12.33,52,2418,0x0000000000000000
07:37:37,38740,4207,5384091,8580622,16270830,135.2,7.6,100.0,3,12.31,52,2418,0x0000000000000000
07:37:38,38926,4207,5384091,8580622,16270834,131.0,7.7,100.0,3,12.29,52,2418,0x0000000000000000
07:37:39,38752,4207,5384091,8580622,16270835,144.5,8.0,99.0,3,12.32,52,2418,0x0000000000000000
07:37:40,38890,4207,5384092,8580622,16270841,141.5,7.6,100.0,3,12.30,52,2418,0x0000000000000000
07:37:41,38720,4207,5384092,8580622,16270841,141.2,7.6,100.0,3,12.31,52,2418,0x0000000000000000
07:37:42,38555,4207,5384092,8580622,16270841,136.5,7.7,100.0,3,12.29,52,2418,0x0000000000000000
07:37:43,38746,4207,5384092,8580622,16270845,132.7,7.6,99.0,3,12.24,52,2418,0x0000000000000000
07:37:44,38572,4207,5384093,8580622,16270848,146.3,8.3,100.0,3,12.28,51,2418,0x0000000000000000
07:37:45,38748,4207,5384093,8580622,16270852,134.0,7.6,100.0,3,12.25,51,2418,0x0000000000000000
07:37:46,38582,4207,5384093,8580622,16270852,137.5,7.7,100.0,3,12.25,51,2418,0x0000000000000000
07:37:47,38415,4207,5384094,8580622,16270853,138.3,7.6,100.0,3,12.26,51,2418,0x0000000000000000
07:37:48,38582,4207,5384094,8580622,16270857,135.9,7.6,100.0,3,12.21,51,2418,0x0000000000000000
07:37:49,38414,4207,5384095,8580622,16270858,150.5,8.2,100.0,3,12.27,51,2418,0x0000000000000000
07:37:50,38569,4207,5384096,8580622,16270863,135.7,7.6,99.0,3,12.22,51,2418,0x0000000000000000
07:37:51,38399,4207,5384096,8580622,16270863,142.8,7.5,100.0,3,12.24,51,2418,0x0000000000000000
07:37:52,38575,4207,5384106,8580622,16270877,133.5,7.8,100.0,3,12.22,51,2418,0x0000000000000000
07:37:53,38408,4207,5384106,8580622,16270877,139.2,7.8,100.0,3,12.20,51,2418,0x0000000000000000
07:37:54,38243,4207,5384106,8580622,16270877,139.2,8.3,100.0,3,12.18,51,2418,0x0000000000000000
07:37:55,38416,4207,5384106,8580622,16270881,135.2,7.6,100.0,3,12.06,51,2418,0x0000000000000000
07:37:56,38265,4207,5384106,8580622,16270881,136.5,7.9,100.0,3,12.02,51,2418,0x0000000000000000
07:37:57,38443,4207,5384110,8580622,16270887,130.7,7.6,99.0,3,12.01,51,2418,0x0000000000000000
07:37:58,38277,4207,5384110,8580622,16270887,144.0,7.6,100.0,3,11.99,51,2418,0x0000000000000000
07:37:59,38105,4207,5384110,8580622,16270887,140.2,8.3,100.0,3,12.01,51,2418,0x0000000000000000
07:38:00,38284,4207,5384110,8580622,16270891,139.8,7.5,100.0,3,12.01,51,2418,0x0000000000000000
07:38:01,38138,4207,5384110,8580622,16270891,138.8,7.4,100.0,3,11.98,51,2418,0x0000000000000000
07:38:02,38324,4207,5384110,8580622,16270895,136.7,7.7,100.0,3,12.00,51,2418,0x0000000000000000
07:38:03,38173,4207,5384110,8580622,16270895,137.5,7.5,99.0,3,12.01,51,2418,0x0000000000000000
07:38:04,37992,4207,5384110,8580622,16270895,148.1,8.3,100.0,3,12.02,51,2418,0x0000000000000000
07:38:05,38181,4207,5384110,8580622,16270899,132.9,7.6,100.0,3,11.98,50,2418,0x0000000000000000
07:38:06,38031,4207,5384110,8580622,16270899,134.5,7.6,100.0,3,11.96,50,2418,0x0000000000000000
07:38:07,38212,4207,5384110,8580622,16270903,133.0,7.6,100.0,3,11.96,50,2418,0x0000000000000000
07:38:08,38062,4207,5384110,8580622,16270903,138.5,7.6,100.0,3,11.96,50,2418,0x0000000000000000
07:38:09,37905,4207,5384112,8580622,16270906,140.3,8.1,100.0,3,11.99,50,2418,0x0000000000000000
07:38:10,38089,4207,5384112,8580622,16270911,139.4,7.7,99.0,3,11.95,50,2418,0x0000000000000000
07:38:11,37942,4207,5384112,8580622,16270911,142.8,7.5,100.0,3,11.98,50,2418,0x0000000000000000
07:38:12,38119,4207,5384112,8580622,16270917,134.8,8.2,100.0,3,11.96,50,2418,0x0000000000000000
07:38:13,37968,4207,5384112,8580622,16270917,133.8,7.8,100.0,3,11.95,50,2418,0x0000000000000000
07:38:14,38134,4207,5384112,8580622,16270922,131.8,8.3,100.0,3,11.97,50,2418,0x0000000000000000
07:38:15,37987,4207,5384112,8580622,16270923,135.5,7.6,100.0,3,11.93,50,2418,0x0000000000000000
07:38:16,37854,4207,5384112,8580622,16270923,132.2,7.6,100.0,3,11.93,50,2418,0x0000000000000000
07:38:17,38039,4207,5384112,8580622,16270927,129.2,7.7,100.0,3,11.90,50,2418,0x0000000000000000
07:38:18,37894,4207,5384112,8580622,16270927,134.8,7.7,100.0,3,11.91,50,2418,0x0000000000000000
07:38:19,37875,4207,5384112,8580622,16270928,138.4,8.4,99.0,3,11.94,50,2418,0x0000000000000000
07:38:20,37926,4207,5384112,8580622,16270931,135.8,7.6,100.0,3,11.90,50,2418,0x0000000000000000
07:38:21,37790,4207,5384112,8580622,16270931,133.5,7.7,100.0,3,11.91,50,2418,0x0000000000000000
07:38:22,37993,4207,5384125,8580622,16270948,128.3,7.8,100.0,3,11.86,50,2418,0x0000000000000000
07:38:23,37870,4207,5384125,8580622,16270948,135.5,7.7,100.0,3,11.89,50,2418,0x0000000000000000
07:38:24,37744,4207,5384131,8580622,16270953,136.5,8.5,100.0,3,11.89,50,2418,0x0000000000000000
07:38:25,37974,4207,5384131,8580622,16270957,126.7,7.6,100.0,3,11.84,50,2418,0x0000000000000000
07:38:26,37873,4207,5384131,8580622,16270957,130.2,7.6,99.0,3,11.87,50,2418,0x0000000000000000
07:38:27,38115,4207,5384131,8580622,16270961,128.2,7.9,100.0,3,11.85,50,2418,0x0000000000000000
07:38:28,37968,4207,5384131,8580622,16270961,147.0,7.3,100.0,3,11.86,50,2418,0x0000000000000000
07:38:29,37825,4207,5384131,8580622,16270961,138.8,8.2,100.0,3,11.86,49,2418,0x0000000000000000
07:38:30,38008,4207,5384131,8580622,16270965,135.2,7.8,100.0,3,11.84,49,2418,0x0000000000000000
07:38:31,37856,4207,5384131,8580622,16270965,137.0,7.5,100.0,3,11.85,49,2418,0x0000000000000000
07:38:32,38058,4207,5384131,8580622,16270969,133.9,7.6,100.0,3,11.81,49,2418,0x0000000000000000
07:38:33,37911,4207,5384131,8580622,16270969,139.2,7.7,100.0,3,11.81,49,2418,0x0000000000000000
07:38:34,37744,4207,5384131,8580622,16270969,139.6,8.1,100.0,3,11.85,49,2418,0x0000000000000000
07:38:35,37943,4207,5384131,8580622,16270973,135.1,7.6,99.0,3,11.85,49,2418,0x0000000000000000
07:38:36,37802,4207,5384131,8580622,16270973,135.8,7.6,100.0,3,11.88,49,2418,0x0000000000000000
07:38:37,38000,4207,5384131,8580622,16270977,131.7,7.5,100.0,3,11.83,49,2418,0x0000000000000000
07:38:38,37873,4207,5384131,8580622,16270977,134.0,7.6,100.0,3,11.82,49,2418,0x0000000000000000
07:38:39,37715,4207,5384132,8580622,16270980,139.7,8.1,100.0,3,11.84,49,2418,0x0000000000000000
07:38:40,37949,4207,5384132,8580622,16270983,130.3,8.0,100.0,3,11.79,49,2418,0x0000000000000000
07:38:41,37836,4207,5384132,8580622,16270983,130.8,7.6,100.0,3,11.79,49,2418,0x0000000000000000
07:38:42,38068,4207,5384132,8580622,16270987,129.2,7.6,100.0,3,11.77,49,2418,0x0000000000000000
07:38:43,37961,4207,5384132,8580622,16270987,130.8,7.7,100.0,3,11.76,49,2418,0x0000000000000000
07:38:44,37819,4207,5384132,8580622,16270987,138.5,8.4,99.0,3,11.81,49,2418,0x0000000000000000
07:38:45,38012,4207,5384132,8580622,16270992,131.7,7.8,100.0,3,11.78,49,2418,0x0000000000000000
07:38:46,37870,4207,5384132,8580622,16270992,135.0,7.7,100.0,3,11.76,49,2418,0x0000000000000000
07:38:47,38081,4207,5384132,8580622,16270996,129.7,7.5,100.0,2,11.75,49,2418,0x0000000000000000
07:38:48,37960,4207,5384132,8580622,16270996,135.0,7.6,100.0,3,11.74,49,2418,0x0000000000000000
07:38:49,37799,4207,5384132,8580622,16270996,136.0,8.4,100.0,3,11.75,49,2418,0x0000000000000000
07:38:50,38008,4207,5384132,8580622,16271000,132.9,7.8,100.0,3,11.73,49,2418,0x0000000000000000
07:38:51,37890,4207,5384133,8580622,16271001,133.3,7.6,100.0,3,11.78,49,2418,0x0000000000000000
07:38:52,38127,4207,5384149,8580622,16271021,131.5,7.7,99.0,3,11.74,49,2418,0x0000000000000000
07:38:53,38017,4207,5384149,8580622,16271021,134.2,7.7,100.0,3,11.75,49,2418,0x0000000000000000
07:38:54,37885,4207,5384149,8580622,16271021,139.0,8.4,100.0,3,11.74,49,2418,0x0000000000000000
07:38:55,38099,4207,5384149,8580622,16271025,132.6,8.0,100.0,3,11.70,49,2418,0x0000000000000000
07:38:56,37957,4207,5384149,8580622,16271026,135.5,7.8,100.0,3,11.70,48,2418,0x0000000000000000
07:38:57,38175,4207,5384149,8580622,16271030,127.0,7.8,100.0,3,11.68,48,2418,0x0000000000000000
07:38:58,38057,4207,5384149,8580622,16271030,135.8,7.8,100.0,3,11.72,48,2418,0x0000000000000000
07:38:59,37901,4207,5384149,8580622,16271030,136.5,8.3,100.0,3,11.67,48,2418,0x0000000000000000
07:39:00,38092,4207,5384149,8580622,16271034,129.2,7.8,99.0,3,11.66,48,2418,0x0000000000000000
07:39:01,37972,4207,5384149,8580622,16271034,132.8,7.7,100.0,3,11.70,48,2418,0x0000000000000000
07:39:02,38195,4207,5384151,8580622,16271040,127.7,7.8,100.0,3,11.70,48,2418,0x0000000000000000
07:39:03,38062,4207,5384152,8580622,16271042,133.5,7.7,100.0,3,11.65,48,2418,0x0000000000000000
07:39:04,37907,4207,5384152,8580622,16271042,139.2,8.4,100.0,3,11.70,48,2418,0x0000000000000000
07:39:05,38120,4207,5384152,8580622,16271046,130.7,7.6,100.0,3,11.69,48,2418,0x0000000000000000
07:39:06,37997,4207,5384152,8580622,16271046,133.0,7.5,100.0,3,11.67,48,2418,0x0000000000000000
07:39:07,38206,4207,5384152,8580622,16271050,134.2,7.8,100.0,3,11.71,48,2418,0x0000000000000000
07:39:08,38086,4207,5384152,8580622,16271050,133.0,7.7,100.0,3,11.64,48,2418,0x0000000000000000
07:39:09,37938,4207,5384152,8580622,16271051,139.8,8.2,99.0,3,11.70,48,2418,0x0000000000000000
07:39:10,38115,4207,5384152,8580622,16271055,128.9,7.7,100.0,3,11.66,48,2418,0x0000000000000000
07:39:11,37975,4207,5384152,8580622,16271055,131.0,7.6,100.0,3,11.64,48,2418,0x0000000000000000
07:39:12,38161,4207,5384152,8580622,16271057,132.6,7.6,100.0,3,11.67,48,2418,0x0000000000000000
07:39:13,38055,4207,5384152,8580622,16271059,130.6,7.8,100.0,3,11.66,48,2418,0x0000000000000000
07:39:14,37897,4207,5384152,8580622,16271059,140.0,8.4,100.0,3,11.70,48,2418,0x0000000000000000
07:39:15,38083,4207,5384152,8580622,16271063,130.2,7.6,100.0,3,11.67,48,2418,0x0000000000000000
07:39:16,37929,4207,5384152,8580622,16271063,133.5,7.5,100.0,3,11.67,48,2418,0x0000000000000000
07:39:17,37759,4207,5384152,8580622,16271064,135.6,8.1,100.0,3,11.66,48,2418,0x0000000000000000
07:39:18,37969,4207,5384153,8580622,16271069,126.1,7.8,99.0,3,11.60,48,2418,0x0000000000000000
07:39:19,37844,4207,5384153,8580622,16271069,137.8,8.3,100.0,3,11.64,48,2418,0x0000000000000000
07:39:20,38070,4207,5384153,8580622,16271073,130.2,7.8,100.0,3,11.63,48,2418,0x0000000000000000
07:39:21,37948,4207,5384153,8580622,16271073,131.2,7.7,100.0,3,11.62,48,2418,0x0000000000000000
07:39:22,37825,4207,5384166,8580622,16271086,134.3,7.7,100.0,3,11.64,48,2418,0x0000000000000000
07:39:23,38024,4207,5384166,8580622,16271090,128.0,7.5,100.0,3,11.64,48,2418,0x0000000000000000
07:39:24,37874,4207,5384166,8580622,16271091,137.1,8.1,100.0,3,11.64,48,2418,0x0000000000000000
07:39:25,38088,4207,5384166,8580622,16271095,131.2,7.7,100.0,3,11.62,48,2418,0x0000000000000000
07:39:26,37978,4207,5384166,8580622,16271095,132.2,7.8,100.0,3,11.62,48,2418,0x0000000000000000
07:39:27,37860,4207,5384166,8580622,16271095,133.0,7.5,99.0,3,11.62,48,2418,0x0000000000000000
07:39:28,38073,4207,5384166,8580622,16271099,131.7,7.7,100.0,3,11.61,47,2418,0x0000000000000000
07:39:29,37915,4207,5384167,8580622,16271100,136.3,8.2,100.0,3,11.63,47,2418,0x0000000000000000
07:39:30,38121,4207,5384168,8580622,16271105,127.2,7.7,100.0,3,11.63,47,2418,0x0000000000000000
07:39:31,37982,4207,5384168,8580622,16271105,134.5,7.6,100.0,3,11.64,47,2418,0x0000000000000000
07:39:32,37862,4207,5384168,8580622,16271105,132.2,7.5,100.0,3,11.64,47,2418,0x0000000000000000
07:39:33,38081,4207,5384168,8580622,16271109,133.5,7.7,100.0,3,11.64,47,2418,0x0000000000000000
07:39:34,37933,4207,5384168,8580622,16271109,131.2,8.4,100.0,3,11.65,47,2418,0x0000000000000000
07:39:35,38136,4207,5384168,8580622,16271111,122.4,7.7,100.0,3,11.61,47,2418,0x0000000000000000
07:39:36,38032,4207,5384168,8580622,16271113,125.1,7.7,100.0,3,11.58,47,2418,0x0000000000000000
07:39:37,37914,4207,5384168,8580622,16271113,129.5,7.8,99.0,3,11.60,47,2418,0x0000000000000000
07:39:38,38143,4207,5384168,8580622,16271117,121.7,7.7,100.0,3,11.59,47,2418,0x0000000000000000
07:39:39,38014,4207,5384168,8580622,16271118,130.6,8.4,100.0,3,11.59,47,2418,0x0000000000000000
07:39:40,37903,4207,5384168,8580622,16271118,125.0,7.9,100.0,3,11.56,47,2418,0x0000000000000000
07:39:41,38132,4207,5384168,8580622,16271122,122.4,7.6,100.0,3,11.56,47,2418,0x0000000000000000
07:39:42,38020,4207,5384168,8580622,16271122,122.8,7.6,100.0,3,11.55,47,2418,0x0000000000000000
07:39:43,37911,4207,5384168,8580622,16271122,123.5,7.7,100.0,3,11.55,47,2418,0x0000000000000000
07:39:44,38102,4207,5384168,8580622,16271127,132.7,8.5,100.0,3,11.58,47,2418,0x0000000000000000
07:39:45,37993,4207,5384168,8580622,16271127,127.0,7.6,100.0,3,11.56,47,2418,0x0000000000000000
07:39:46,38216,4207,5384168,8580622,16271131,123.2,7.7,99.0,3,11.55,47,2418,0x0000000000000000
07:39:47,38106,4207,5384168,8580622,16271131,127.5,7.8,100.0,3,11.56,47,2418,0x0000000000000000
07:39:48,37976,4207,5384168,8580622,16271131,126.5,7.8,100.0,3,11.57,47,2418,0x0000000000000000
07:39:49,38185,4207,5384168,8580622,16271136,126.2,8.4,100.0,3,11.58,47,2418,0x0000000000000000
07:39:50,38068,4207,5384168,8580622,16271136,131.0,8.0,100.0,3,11.56,47,2418,0x0000000000000000
07:39:51,37943,4207,5384168,8580622,16271136,124.8,7.7,100.0,3,11.58,47,2418,0x0000000000000000
07:39:52,38154,4207,5384174,8580622,16271146,122.0,7.9,100.0,3,11.57,47,2418,0x0000000000000000
07:39:53,38037,4207,5384174,8580622,16271146,122.5,7.7,100.0,3,11.56,47,2418,0x0000000000000000
07:39:54,38241,4207,5384174,8580622,16271151,127.5,8.4,100.0,3,11.54,47,2418,0x0000000000000000
07:39:55,38119,4207,5384174,8580622,16271151,128.8,7.8,100.0,3,11.55,47,2418,0x0000000000000000
07:39:56,37998,4207,5384174,8580622,16271151,126.2,7.7,100.0,3,11.56,47,2418,0x0000000000000000
07:39:57,38223,4207,5384174,8580622,16271155,122.4,7.8,99.0,3,11.54,47,2418,0x0000000000000000
07:39:58,38106,4207,5384175,8580622,16271156,127.3,7.8,100.0,3,11.54,47,2418,0x0000000000000000
07:39:59,37951,4207,5384175,8580622,16271156,131.2,8.4,100.0,3,11.58,47,2418,0x0000000000000000
07:40:00,38147,4207,5384175,8580622,16271160,128.5,8.0,100.0,3,11.52,47,2418,0x0000000000000000
07:40:01,38006,4207,5384175,8580622,16271160,132.2,7.6,100.0,3,11.51,47,2418,0x0000000000000000
07:40:02,38230,4207,5384175,8580622,16271164,123.2,7.9,100.0,3,11.52,47,2418,0x0000000000000000
07:40:03,38115,4207,5384175,8580622,16271164,127.2,7.9,100.0,3,11.50,47,2418,0x0000000000000000
07:40:04,37986,4207,5384175,8580622,16271164,133.8,8.4,100.0,3,11.56,47,2418,0x0000000000000000
07:40:05,38209,4207,5384175,8580622,16271168,124.7,7.9,100.0,3,11.51,46,2418,0x0000000000000000
07:40:06,38088,4207,5384175,8580622,16271168,126.0,7.7,99.0,3,11.50,46,2418,0x0000000000000000
07:40:07,37964,4207,5384175,8580622,16271168,127.3,7.9,100.0,3,11.55,46,2418,0x0000000000000000
07:40:08,38182,4207,5384175,8580622,16271172,125.1,7.7,100.0,3,11.48,46,2418,0x0000000000000000
07:40:09,38062,4207,5384175,8580622,16271172,132.8,8.6,100.0,3,11.51,46,2418,0x0000000000000000
07:40:10,38274,4207,5384175,8580622,16271176,123.0,7.7,100.0,2,11.45,46,2418,0x0000000000000000
07:40:11,38130,4207,5384175,8580622,16271176,126.2,7.8,100.0,3,11.48,46,2418,0x0000000000000000
07:40:12,37985,4207,5384175,8580622,16271177,127.1,7.8,100.0,3,11.50,46,2418,0x0000000000000000
07:40:13,38190,4207,5384175,8580622,16271181,129.8,8.1,100.0,3,11.50,46,2418,0x0000000000000000
07:40:14,38043,4207,5384175,8580622,16271182,134.8,8.5,100.0,3,11.53,46,2418,0x0000000000000000
07:40:15,38248,4207,5384175,8580622,16271186,124.3,8.0,99.0,3,11.52,46,2418,0x0000000000000000
07:40:16,38136,4207,5384175,8580622,16271186,125.9,7.8,100.0,3,11.49,46,2418,0x0000000000000000
07:40:17,38018,4207,5384175,8580622,16271186,131.5,7.9,100.0,3,11.50,46,2418,0x0000000000000000
07:40:18,38243,4207,5384175,8580622,16271190,121.7,7.8,100.0,3,11.48,46,2418,0x0000000000000000
07:40:19,38113,4207,5384175,8580622,16271191,133.8,8.5,100.0,4,11.53,46,2418,0x0000000000000000
07:40:20,37994,4207,5384175,8580622,16271192,130.4,8.0,100.0,4,11.52,46,2418,0x0000000000000000
07:40:21,38215,4207,5384175,8580622,16271196,123.4,7.7,100.0,3,11.52,46,2418,0x0000000000000000
07:40:22,38086,4207,5384185,8580622,16271206,127.8,8.2,100.0,3,11.52,46,2418,0x0000000000000000
07:40:23,38285,4207,5384185,8580622,16271210,119.1,7.6,100.0,3,11.50,46,2418,0x0000000000000000
07:40:24,38129,4207,5384185,8580622,16271211,130.7,8.5,99.0,3,11.48,46,2418,0x0000000000000000
07:40:25,37984,4207,5384185,8580622,16271211,128.5,7.5,100.0,3,11.48,46,2418,0x0000000000000000
07:40:26,38185,4207,5384185,8580622,16271215,119.4,7.6,100.0,3,11.50,46,2418,0x0000000000000000
07:40:27,38044,4207,5384185,8580622,16271215,125.2,7.5,100.0,3,11.51,46,2418,0x0000000000000000
07:40:28,37904,4207,5384185,8580622,16271215,126.0,7.5,100.0,3,11.48,46,2418,0x0000000000000000
07:40:29,38094,4207,5384186,8580622,16271220,130.0,8.3,100.0,3,11.48,46,2418,0x0000000000000000
07:40:30,37943,4207,5384186,8580622,16271220,129.8,7.9,100.0,4,11.49,46,2418,0x0000000000000000
07:40:31,38156,4207,5384186,8580622,16271224,120.6,7.6,100.0,3,11.45,46,2418,0x0000000000000000
07:40:32,38037,4207,5384186,8580622,16271224,128.6,7.7,100.0,3,11.45,46,2418,0x0000000000000000
07:40:33,37883,4207,5384186,8580622,16271224,135.8,7.8,100.0,3,11.47,46,2418,0x0000000000000000
07:40:34,38055,4207,5384186,8580622,16271228,131.4,8.4,99.0,4,11.52,46,2418,0x0000000000000000
07:40:35,37916,4207,5384186,8580622,16271228,133.0,7.8,100.0,4,11.47,46,2418,0x0000000000000000
07:40:36,37801,4207,5384186,8580622,16271228,126.0,7.8,100.0,3,11.48,46,2418,0x0000000000000000
07:40:37,38006,4207,5384186,8580622,16271235,128.6,8.0,100.0,3,11.48,46,2418,0x0000000000000000
07:40:38,37872,4206,5384186,8580622,16271235,126.8,7.6,100.0,3,11.46,46,2418,0x0000000000000000
07:40:39,38070,4206,5384186,8580622,16271239,131.9,8.4,100.0,3,11.48,46,2418,0x0000000000000000
07:40:40,37954,4206,5384188,8580622,16271242,127.1,8.2,100.0,3,11.47,46,2418,0x0000000000000000
07:40:41,37847,4206,5384188,8580622,16271242,123.2,7.7,100.0,3,11.43,46,2418,0x0000000000000000
07:40:42,38067,4206,5384188,8580622,16271246,119.5,7.8,100.0,4,11.42,46,2418,0x0000000000000000
07:40:43,37961,4206,5384188,8580622,16271246,127.2,7.7,99.0,3,11.40,46,2418,0x0000000000000000
07:40:44,37830,4206,5384188,8580622,16271246,132.5,8.4,100.0,4,11.47,46,2418,0x0000000000000000
07:40:45,38034,4206,5384188,8580622,16271250,123.2,7.8,100.0,4,11.41,46,2418,0x0000000000000000
07:40:46,37901,4206,5384188,8580622,16271250,122.0,7.7,100.0,3,11.44,46,2418,0x0000000000000000
07:40:47,38093,4206,5384188,8580622,16271254,119.7,7.8,100.0,3,11.44,46,2418,0x0000000000000000
07:40:48,37954,4206,5384188,8580622,16271254,124.8,7.8,100.0,3,11.43,46,2418,0x0000000000000000
07:40:49,37795,4206,5384188,8580622,16271256,133.1,8.5,100.0,3,11.50,46,2418,0x0000000000000000
07:40:50,37991,4206,5384188,8580622,16271260,128.9,7.9,100.0,4,11.51,46,2418,0x0000000000000000
07:40:51,37859,4206,5384188,8580622,16271260,126.8,7.7,100.0,3,11.46,45,2418,0x0000000000000000
07:40:52,37716,4206,5384197,8580622,16271269,131.3,8.0,100.0,4,11.48,45,2418,0x0000000000000000
07:40:53,37941,4206,5384197,8580622,16271273,124.7,7.9,99.0,3,11.44,45,2418,0x0000000000000000
07:40:54,37812,4206,5384210,8580622,16271280,132.1,8.3,100.0,4,11.49,45,2418,0x0000000000000000
07:40:55,38009,4206,5384210,8580622,16271284,123.9,7.7,100.0,3,11.43,45,2418,0x0000000000000000
07:40:56,37875,4206,5384210,8580622,16271284,121.5,7.7,100.0,4,11.40,45,2418,0x0000000000000000
07:40:57,37758,4206,5384210,8580622,16271284,122.8,7.7,100.0,3,11.44,45,2418,0x0000000000000000
07:40:58,37985,4206,5384210,8580622,16271288,120.2,7.7,100.0,3,11.40,45,2418,0x0000000000000000
07:40:59,37850,4206,5384210,8580622,16271290,135.4,8.4,100.0,4,11.45,45,2418,0x0000000000000000
07:41:00,37718,4206,5384211,8580622,16271291,129.5,7.7,100.0,4,11.46,45,2418,0x0000000000000000
07:41:01,37951,4206,5384211,8580622,16271295,117.7,7.7,100.0,3,11.38,45,2418,0x0000000000000000
07:41:02,37835,4206,5384211,8580622,16271295,119.8,7.8,100.0,3,11.41,45,2418,0x0000000000000000
07:41:03,38060,4206,5384211,8580622,16271299,123.4,7.9,99.0,3,11.44,45,2418,0x0000000000000000
07:41:04,37938,4206,5384211,8580622,16271300,132.5,8.5,100.0,4,11.42,45,2418,0x0000000000000000
07:41:05,37808,4206,5384211,8580622,16271300,127.2,8.1,100.0,3,11.42,45,2418,0x0000000000000000
07:41:06,38001,4206,5384211,8580622,16271304,119.7,7.9,100.0,3,11.39,45,2418,0x0000000000000000
07:41:07,37880,4206,5384211,8580622,16271304,126.0,7.8,100.0,3,11.41,45,2418,0x0000000000000000
07:41:08,37765,4206,5384211,8580622,16271304,119.5,7.6,100.0,3,11.39,45,2418,0x0000000000000000
07:41:09,37962,4206,5384211,8580622,16271308,132.4,8.5,100.0,4,11.44,45,2418,0x0000000000000000
07:41:10,37863,4206,5384211,8580622,16271308,127.8,7.9,100.0,3,11.47,45,2418,0x0000000000000000
07:41:11,38076,4206,5384211,8580622,16271311,127.2,7.7,100.0,3,11.44,45,2418,0x0000000000000000
07:41:12,37953,4206,5384211,8580622,16271312,134.8,8.0,100.0,4,11.45,45,2418,0x0000000000000000
07:41:13,37814,4206,5384211,8580622,16271312,126.5,7.6,100.0,3,11.45,45,2418,0x0000000000000000
07:41:14,38006,4206,5384211,8580622,16271317,134.0,8.6,99.0,3,11.46,45,2418,0x0000000000000000
07:41:15,37892,4206,5384211,8580622,16271317,132.0,7.6,100.0,4,11.44,45,2418,0x0000000000000000
07:41:16,37759,4206,5384211,8580622,16271317,138.0,7.9,100.0,4,11.46,45,2418,0x0000000000000000
07:41:17,37989,4206,5384211,8580622,16271321,125.2,7.8,100.0,4,11.41,45,2418,0x0000000000000000
07:41:18,37837,4206,5384211,8580622,16271321,140.5,7.7,100.0,4,11.47,45,2418,0x0000000000000000
07:41:19,38016,4206,5384211,8580622,16271325,132.7,8.6,100.0,3,11.44,45,2418,0x0000000000000000
07:41:20,37888,4206,5384211,8580622,16271325,129.5,8.2,100.0,4,11.47,45,2418,0x0000000000000000
07:41:21,37752,4206,5384211,8580622,16271325,122.8,7.9,100.0,3,11.40,45,2418,0x0000000000000000
07:41:22,37958,4206,5384226,8580622,16271344,128.3,8.1,100.0,4,11.42,45,2418,0x0000000000000000
07:41:23,37843,4206,5384226,8580622,16271344,136.0,7.9,100.0,4,11.44,45,2418,0x0000000000000000
07:41:24,38041,4206,5384226,8580622,16271349,135.0,8.5,99.0,3,11.48,45,2418,0x0000000000000000
07:41:25,37928,4206,5384226,8580622,16271349,130.0,7.9,100.0,4,11.42,45,2418,0x0000000000000000
07:41:26,37807,4206,5384226,8580622,16271349,122.2,7.6,100.0,3,11.40,45,2418,0x0000000000000000
07:41:27,38017,4206,5384226,8580622,16271354,126.0,8.4,100.0,4,11.38,45,2418,0x0000000000000000
07:41:28,37908,4206,5384226,8580622,16271354,125.5,7.8,100.0,3,11.41,45,2418,0x0000000000000000
07:41:29,37790,4206,5384228,8580622,16271355,129.5,8.5,100.0,3,11.43,45,2418,0x0000000000000000
07:41:30,38009,4206,5384236,8580622,16271363,127.0,7.7,100.0,4,11.40,45,2418,0x0000000000000000
07:41:31,37905,4206,5384236,8580622,16271363,125.2,7.8,100.0,3,11.43,45,2418,0x0000000000000000
07:41:32,38125,4206,5384236,8580622,16271367,122.7,7.8,100.0,4,11.43,45,2418,0x0000000000000000
07:41:33,38024,4206,5384236,8580622,16271367,123.8,7.7,100.0,3,11.40,45,2418,0x0000000000000000
07:41:34,37905,4206,5384236,8580622,16271367,133.0,8.3,99.0,3,11.48,45,2418,0x0000000000000000
07:41:35,38129,4206,5384237,8580622,16271372,121.0,7.8,100.0,4,11.43,45,2418,0x0000000000000000
07:41:36,38027,4206,5384237,8580622,16271372,123.0,7.9,100.0,3,11.43,45,2418,0x0000000000000000
07:41:37,37898,4206,5384237,8580622,16271372,128.0,7.8,100.0,3,11.43,45,2418,0x0000000000000000
07:41:38,38102,4206,5384237,8580622,16271377,125.7,8.0,100.0,4,11.42,45,2418,0x0000000000000000
07:41:39,37950,4206,5384237,8580622,16271378,139.1,8.5,100.0,4,11.48,45,2418,0x0000000000000000
07:41:40,38144,4206,5384239,8580622,16271384,133.2,8.2,100.0,3,11.42,45,2418,0x0000000000000000
07:41:41,38028,4206,5384239,8580622,16271384,126.0,7.6,100.0,3,11.45,45,2418,0x0000000000000000
07:41:42,37898,4206,5384239,8580622,16271384,123.8,7.6,100.0,4,11.42,45,2418,0x0000000000000000
07:41:43,38096,4206,5384239,8580622,16271388,121.7,7.7,99.0,4,11.40,45,2418,0x0000000000000000
07:41:44,37952,4206,5384239,8580622,16271389,131.8,8.7,100.0,4,11.44,45,2418,0x0000000000000000
07:41:45,37836,4206,5384239,8580622,16271389,122.5,7.8,100.0,3,11.39,45,2418,0x0000000000000000
07:41:46,38073,4206,5384239,8580622,16271393,117.5,7.9,100.0,3,11.35,45,2418,0x0000000000000000
07:41:47,37965,4206,5384239,8580622,16271393,123.8,7.7,100.0,3,11.40,45,2418,0x0000000000000000
07:41:48,38184,4206,5384239,8580622,16271397,117.7,7.7,100.0,3,11.39,45,2418,0x0000000000000000
07:41:49,38051,4206,5384239,8580622,16271397,133.0,8.5,100.0,4,11.41,45,2418,0x0000000000000000
07:41:50,37922,4206,5384239,8580622,16271397,126.2,8.0,100.0,4,11.39,45,2418,0x0000000000000000
07:41:51,38146,4206,5384239,8580622,16271401,120.7,8.0,100.0,4,11.40,45,2418,0x0000000000000000
07:41:52,38003,4206,5384250,8580622,16271409,130.3,8.0,100.0,4,11.38,45,2418,0x0000000000000000
07:41:53,37881,4206,5384250,8580622,16271409,123.5,7.8,100.0,4,11.37,45,2418,0x0000000000000000
07:41:54,38078,4206,5384250,8580622,16271413,134.2,8.6,99.0,4,11.37,45,2418,0x0000000000000000
07:41:55,37964,4206,5384250,8580622,16271413,126.5,7.7,100.0,3,11.36,45,2418,0x0000000000000000
07:41:56,38186,4206,5384250,8580622,16271417,120.7,7.9,100.0,3,11.36,45,2418,0x0000000000000000
07:41:57,38062,4206,5384250,8580622,16271417,130.8,7.8,100.0,4,11.36,45,2418,0x0000000000000000
07:41:58,37923,4206,5384250,8580622,16271417,135.2,8.0,100.0,4,11.42,45,2418,0x0000000000000000
07:41:59,38133,4206,5384250,8580622,16271421,129.9,8.4,100.0,4,11.42,45,2418,0x0000000000000000
07:42:00,38001,4206,5384250,8580622,16271421,139.2,8.0,100.0,4,11.44,45,2418,0x0000000000000000
07:42:01,39564,4206,5384250,8580622,16271421,122.3,7.9,100.0,3,11.37,45,2418,0x0000000000000000
07:42:02,39729,4206,5384250,8580622,16271425,119.6,8.0,100.0,3,11.34,45,2418,0x0000000000000000
07:42:03,39575,4206,5384250,8580622,16271425,125.2,7.9,99.0,4,11.36,45,2418,0x0000000000000000
07:42:04,39742,4206,5384250,8580622,16271429,124.9,8.6,100.0,3,11.36,45,2418,0x0000000000000000
07:42:05,39580,4206,5384250,8580622,16271429,133.8,7.8,100.0,3,11.38,45,2418,0x0000000000000000
07:42:06,39425,4206,5384250,8580622,16271429,126.8,7.9,100.0,3,11.35,45,2418,0x0000000000000000
07:42:07,39601,4206,5384250,8580622,16271433,127.7,7.9,100.0,3,11.35,45,2418,0x0000000000000000
07:42:08,39444,4206,5384250,8580622,16271433,128.2,7.8,100.0,4,11.39,45,2418,0x0000000000000000
07:42:09,39266,4206,5384250,8580622,16271485,135.5,8.6,100.0,3,11.38,45,2418,0x0000000000000000
07:42:10,39433,4206,5384250,8580622,16271489,126.4,8.0,100.0,4,11.38,45,2418,0x0000000000000000
07:42:11,39624,4206,5384250,8580622,16271489,130.8,8.1,100.0,4,11.41,45,2418,0x0000000000000000
07:42:12,39779,4206,5384250,8580622,16271493,126.0,8.0,99.0,3,11.35,45,2418,0x0000000000000000
07:42:13,39739,4207,5384250,8581162,16271505,136.9,9.0,100.0,4,11.42,45,2418,0x0000000000000000
07:42:14,39607,4212,5384282,8584653,16271686,139.2,10.1,100.0,3,11.51,45,2418,0x0000000000000000
07:42:15,39825,4213,5384282,8584992,16271705,127.4,7.9,100.0,3,11.34,45,2418,0x0000000000000000
07:42:16,39709,4213,5384282,8585274,16271710,130.9,8.0,100.0,3,11.37,45,2418,0x0000000000000000
07:42:17,39920,4214,5384287,8585502,16271737,127.8,7.9,100.0,3,11.34,45,2418,0x0000000000000000
07:42:18,39788,4214,5384287,8585661,16271811,134.6,8.1,100.0,3,11.32,45,2418,0x0000000000000000
07:42:19,39648,4214,5384289,8586396,16272033,147.0,9.0,100.0,4,11.38,45,2418,0x0000000000000000
07:42:20,39859,4215,5384289,8587334,16272182,138.1,7.9,99.0,3,11.34,45,2418,0x0000000000000000
07:42:21,39740,4216,5384294,8588124,16272187,127.0,8.0,100.0,3,11.34,45,2418,0x0000000000000000
07:42:22,39598,4216,5384394,8588984,16272304,134.9,8.1,100.0,3,11.36,45,2418,0x0000000000000000
07:42:23,39815,4217,5384394,8589843,16272308,127.9,8.0,100.0,3,11.33,45,2418,0x0000000000000000
07:42:24,39777,4222,5384395,8595737,16272318,133.1,10.1,100.0,3,11.57,45,2418,0x0000000000000000
07:42:25,40566,4749,5384403,8732969,16272332,118.1,10.3,100.0,2,11.38,45,2418,0x0000000000000000
07:42:26,41193,5458,5384446,8918646,16272378,127.1,11.2,100.0,3,11.36,45,2418,0x0000000000000000
07:42:27,41567,5937,5384446,9042554,16272422,125.3,10.5,100.0,3,11.41,45,2418,0x0000000000000000
07:42:28,41855,6033,5384473,9067082,16272474,125.0,8.7,99.0,3,11.66,45,2418,0x0000000000000000
07:42:29,41964,6258,5384474,9120972,16272480,127.6,10.8,100.0,3,11.73,45,2418,0x0000000000000000
07:42:30,42037,6438,5384474,9166810,16272482,124.3,9.6,100.0,3,11.68,45,2418,0x0000000000000000
07:42:31,42270,6486,5384474,9178620,16272486,120.2,8.2,100.0,3,11.51,45,2418,0x0000000000000000
07:42:32,42087,6486,5384475,9178620,16272523,137.7,9.5,100.0,3,11.36,45,2418,0x0000000000000000
07:42:33,42256,6486,5384507,9178620,16272600,129.7,7.9,100.0,3,11.33,45,2418,0x0000000000000000
07:42:34,42074,6486,5384507,9178620,16272603,141.7,9.0,100.0,3,11.33,45,2418,0x0000000000000000
07:42:35,41908,6486,5384507,9178620,16272603,132.5,7.9,99.0,3,11.33,45,2418,0x0000000000000000
07:42:36,42086,6486,5384507,9178620,16272607,124.7,8.0,100.0,3,11.29,45,2418,0x0000000000000000
07:42:37,41921,6486,5384514,9178620,16272621,134.0,8.5,100.0,3,11.30,45,2418,0x0000000000000000
07:42:38,42092,6486,5384514,9178620,16272666,128.2,7.8,100.0,3,11.31,45,2418,0x0000000000000000
07:42:39,41919,6486,5384514,9178620,16272670,132.2,8.9,100.0,3,11.30,45,2418,0x0000000000000000
07:42:40,41747,6486,5385325,9178620,16273389,138.9,8.3,100.0,3,11.32,45,2418,0x0000000000000000
07:42:41,41934,6486,5385370,9178620,16273430,120.0,7.9,100.0,3,11.28,45,2418,0x0000000000000000
07:42:42,41775,6486,5385370,9178620,16273430,130.2,8.4,99.0,3,11.32,45,2418,0x0000000000000000
07:42:43,41600,6486,5385425,9178620,16273498,134.3,8.1,100.0,3,11.31,45,2418,0x0000000000000000
07:42:44,41774,6486,5385427,9178620,16273507,125.6,8.6,100.0,3,11.27,45,2418,0x0000000000000000
07:42:45,41622,6486,5385430,9178620,16273553,127.9,8.3,100.0,3,11.27,45,2418,0x0000000000000000
07:42:46,41805,6486,5385430,9178620,16273557,120.8,7.8,100.0,3,11.30,45,2418,0x0000000000000000
07:42:47,41650,6486,5385430,9178620,16273557,126.0,8.0,100.0,3,11.27,45,2418,0x0000000000000000
07:42:48,42140,6495,5385430,9180757,16273557,127.0,8.2,100.0,3,11.30,45,2418,0x0000000000000000
07:42:49,42459,6601,5385430,9206871,16273563,130.0,10.0,99.0,3,11.44,45,2418,0x0000000000000000
07:42:50,42438,6734,5385432,9236547,16273568,134.3,9.7,100.0,3,11.71,45,2418,0x0000000000000000
07:42:51,42276,6734,5385432,9236547,16273568,124.8,8.0,100.0,3,11.27,45,2418,0x0000000000000000
07:42:52,42450,6734,5385457,9236547,16273595,122.2,8.4,100.0,3,11.27,45,2418,0x0000000000000000
07:42:53,42301,6734,5385457,9236547,16273595,124.2,7.9,100.0,3,11.24,45,2418,0x0000000000000000
07:42:54,42454,6734,5385459,9236607,16273648,134.5,8.8,100.0,3,11.31,44,2418,0x0000000000000000
07:42:55,42299,6734,5385626,9236607,16273801,130.5,7.9,100.0,3,11.25,44,2418,0x0000000000000000
07:42:56,42159,6735,5385633,9236796,16273807,122.8,7.8,100.0,3,11.26,44,2418,0x0000000000000000
07:42:57,42348,6735,5385634,9236796,16273812,121.6,8.0,99.0,2,11.23,44,2418,0x0000000000000000
07:42:58,42186,6735,5385639,9236796,16273814,127.3,7.9,100.0,3,11.24,44,2418,0x0000000000000000
07:42:59,42011,6735,5385662,9236996,16273838,134.6,8.8,100.0,3,11.30,44,2418,0x0000000000000000
07:43:00,42173,6735,5385682,9236996,16273900,132.8,8.4,100.0,4,11.25,44,2418,0x0000000000000000
07:43:01,42034,6735,5385686,9237344,16273904,128.6,8.0,100.0,3,11.20,44,2418,0x0000000000000000
07:43:02,42198,6735,5385724,9237344,16273914,123.9,7.8,99.0,3,11.24,44,2418,0x0000000000000000
07:43:03,42229,6734,5388011,9237718,16275750,146.4,8.2,100.0,3,11.24,44,2418,0x0000000000000000
07:43:04,42062,6734,5388013,9237718,16275753,134.5,8.6,100.0,3,11.27,44,2418,0x0000000000000000
07:43:05,42242,6734,5388013,9237718,16275758,123.9,7.9,100.0,3,11.24,44,2418,0x0000000000000000
07:43:06,42306,6734,5388013,9237873,16275758,121.2,7.9,100.0,3,11.25,44,2418,0x0000000000000000
07:43:07,42134,6734,5388027,9237873,16275765,133.2,8.0,100.0,3,11.27,44,2418,0x0000000000000000
07:43:08,42395,6734,5388027,9238200,16275769,126.2,8.0,100.0,3,11.26,44,2418,0x0000000000000000
07:43:09,42223,6734,5388027,9238200,16275772,133.4,8.5,100.0,3,11.29,44,2418,0x0000000000000000
07:43:10,42475,6734,5388044,9238492,16275783,126.6,8.1,99.0,3,11.24,44,2418,0x0000000000000000
07:43:11,42318,6734,5388045,9238492,16275788,126.8,7.8,100.0,3,11.24,44,2418,0x0000000000000000
07:43:12,42268,6734,5388045,9238771,16275790,127.2,7.9,100.0,3,11.23,44,2418,0x0000000000000000
07:43:13,42445,6734,5388045,9238771,16275794,119.7,7.9,100.0,3,11.25,44,2418,0x0000000000000000
07:43:14,42273,6734,5388048,9238771,16275817,134.7,8.6,100.0,3,11.28,44,2418,0x0000000000000000
07:43:15,42194,6734,5388048,9238999,16275817,127.5,7.9,100.0,3,11.27,44,2418,0x0000000000000000
07:43:16,42370,6734,5388048,9238999,16275824,130.2,8.0,100.0,3,11.30,44,2418,0x0000000000000000
07:43:17,42213,6735,5388052,9239248,16275851,132.6,7.9,100.0,3,11.29,44,2418,0x0000000000000000
07:43:18,42393,6735,5388060,9239248,16275857,117.8,7.7,99.0,3,11.30,44,2418,0x0000000000000000
07:43:19,42265,6735,5388060,9239500,16275859,133.2,8.6,100.0,3,11.32,44,2418,0x0000000000000000
07:43:20,42092,6735,5388064,9239500,16275864,131.2,8.2,100.0,4,11.31,44,2418,0x0000000000000000
07:43:21,42251,6735,5388077,9239500,16275873,126.5,7.9,100.0,3,11.32,44,2418,0x0000000000000000
07:43:22,42192,6734,5388092,9239774,16275887,127.6,7.8,100.0,3,11.33,44,2418,0x0000000000000000
07:43:23,42042,6734,5388092,9239774,16275887,125.3,7.9,100.0,3,11.29,44,2418,0x0000000000000000
07:43:24,42384,6734,5388104,9239988,16275968,135.2,8.8,100.0,3,11.29,44,2418,0x0000000000000000
07:43:25,42228,6734,5388104,9239988,16275968,128.5,7.8,100.0,3,11.26,44,2418,0x0000000000000000
07:43:26,42490,6734,5388104,9240210,16275972,119.0,7.9,99.0,2,11.22,44,2418,0x0000000000000000
07:43:27,42328,6734,5388104,9240210,16275974,132.9,8.3,100.0,3,11.26,44,2418,0x0000000000000000
07:43:28,42155,6734,5388191,9240210,16276056,135.8,8.0,100.0,3,11.24,44,2418,0x0000000000000000
07:43:29,42386,6734,5388192,9240571,16276068,127.2,8.6,100.0,2,11.22,44,2418,0x0000000000000000
07:43:30,42226,6734,5388192,9240571,16276091,130.4,8.1,100.0,3,11.25,44,2418,0x0000000000000000
07:43:31,42425,6734,5388219,9240852,16276143,123.6,8.0,100.0,3,11.26,44,2418,0x0000000000000000
07:43:32,42273,6734,5388219,9240852,16276143,124.6,7.6,100.0,3,11.23,44,2418,0x0000000000000000
07:43:33,42230,6734,5388219,9241180,16276143,122.8,8.0,100.0,3,11.22,44,2418,0x0000000000000000
07:43:34,42402,6734,5388233,9241180,16276153,127.5,8.4,99.0,2,11.27,44,2418,0x0000000000000000
07:43:35,42250,6734,5388233,9241180,16276153,124.2,7.7,100.0,3,11.26,44,2418,0x0000000000000000
07:43:36,42223,6734,5388233,9241424,16276153,121.0,7.4,100.0,3,11.24,44,2418,0x0000000000000000
07:43:37,42389,6734,5388315,9241424,16276279,138.2,8.2,100.0,3,11.22,44,2418,0x0000000000000000
07:43:38,42311,6734,5388315,9241546,16276279,122.0,7.6,100.0,3,11.24,44,2418,0x0000000000000000
07:43:39,42172,6734,5388319,9241546,16276286,134.3,8.5,100.0,3,11.27,44,2418,0x0000000000000000
07:43:40,42329,6734,5388322,9241692,16276293,129.8,8.1,100.0,3,11.27,44,2418,0x0000000000000000
07:43:41,42171,6734,5388329,9241692,16276303,131.0,7.9,100.0,3,11.28,44,2418,0x0000000000000000
07:43:42,42354,6734,5388335,9241692,16276312,125.0,8.1,99.0,3,11.28,44,2418,0x0000000000000000
07:43:43,42246,6734,5388335,9242014,16276315,132.6,7.8,100.0,3,11.27,44,2418,0x0000000000000000
07:43:44,42065,6734,5388335,9242014,16276316,139.3,8.7,100.0,3,11.29,44,2418,0x0000000000000000
07:43:45,42256,6734,5388338,9242014,16276321,122.7,7.9,100.0,3,11.22,44,2418,0x0000000000000000
07:43:46,42107,6734,5388338,9242014,16276321,125.2,7.9,100.0,3,11.26,44,2418,0x0000000000000000
07:43:47,42441,6734,5388340,9242240,16276330,124.9,8.1,100.0,3,11.26,44,2418,0x0000000000000000
07:43:48,42288,6734,5388341,9242240,16276333,129.1,8.1,100.0,3,11.25,44,2418,0x0000000000000000
07:43:49,42384,6734,5388341,9242401,16276334,137.0,8.8,100.0,3,11.27,44,2418,0x0000000000000000
07:43:50,42524,6734,5388341,9242401,16276341,125.8,7.9,99.0,3,11.23,44,2418,0x0000000000000000
07:43:51,42403,6734,5388341,9242520,16276341,135.0,8.1,100.0,3,11.27,44,2418,0x0000000000000000
07:43:52,42243,6734,5388360,9242520,16276360,129.4,7.9,100.0,3,11.26,44,2418,0x0000000000000000
07:43:53,42432,6734,5388366,9242520,16276370,119.4,8.0,100.0,3,11.20,44,2418,0x0000000000000000
07:43:54,42352,6734,5388366,9242835,16276372,133.2,8.6,100.0,3,11.25,44,2418,0x0000000000000000
07:43:55,42506,6734,5392293,9242835,16279016,149.9,8.1,100.0,2,11.22,44,2418,0x0000000000000000
07:43:56,42389,6734,5396695,9242835,16281963,156.4,8.6,99.0,3,11.26,44,2418,0x0000000000000000
07:43:57,42230,6734,5396695,9242835,16281963,128.8,7.9,100.0,3,11.24,44,2418,0x0000000000000000
07:43:58,42455,6734,5396695,9242835,16281970,132.2,8.1,100.0,3,11.23,44,2418,0x0000000000000000
07:43:59,42294,6734,5396695,9242835,16281971,135.6,8.6,100.0,3,11.24,44,2418,0x0000000000000000
07:44:00,42495,6734,5396695,9242840,16281981,123.7,8.1,100.0,3,11.20,44,2418,0x0000000000000000
07:44:01,42332,6734,5396695,9242840,16281982,132.9,8.1,100.0,3,11.22,44,2418,0x0000000000000000
07:44:02,42165,6734,5396695,9242840,16281982,129.5,8.0,100.0,3,11.24,44,2418,0x0000000000000000
07:44:03,42420,6734,5396696,9242849,16281987,124.0,7.8,99.0,3,11.23,44,2418,0x0000000000000000
07:44:04,42249,6734,5396696,9242849,16281988,134.3,8.7,100.0,3,11.24,44,2418,0x0000000000000000
07:44:05,42119,6734,5396696,9242885,16281988,122.1,7.7,100.0,3,11.23,44,2418,0x0000000000000000
07:44:06,42302,6734,5396696,9242885,16281992,122.6,7.9,100.0,3,11.23,44,2418,0x0000000000000000
07:44:07,42148,6734,5396696,9242885,16281992,127.2,7.8,100.0,3,11.26,44,2418,0x0000000000000000
07:44:08,42321,6734,5396696,9242885,16281996,124.0,7.8,100.0,3,11.23,44,2418,0x0000000000000000
07:44:09,42148,6734,5396696,9242885,16282001,137.0,8.6,100.0,3,11.26,44,2418,0x0000000000000000
07:44:10,42091,6734,5396739,9242891,16282044,131.5,8.2,100.0,3,11.23,44,2418,0x0000000000000000
07:44:11,42273,6734,5396740,9242891,16282049,124.2,7.9,99.0,3,11.22,44,2418,0x0000000000000000
07:44:12,42188,6734,5396740,9242952,16282049,128.2,8.2,100.0,3,11.23,44,2418,0x0000000000000000
07:44:13,42363,6734,5396747,9242952,16282058,124.7,7.8,100.0,3,11.24,44,2418,0x0000000000000000
07:44:14,42262,6734,5396748,9242952,16282062,137.7,8.8,100.0,3,11.26,44,2418,0x0000000000000000
07:44:15,42104,6734,5396748,9242952,16282062,124.8,7.9,100.0,3,11.20,44,2418,0x0000000000000000
07:44:16,42273,6734,5396748,9242952,16282066,129.2,7.9,99.0,3,11.22,44,2418,0x0000000000000000
07:44:17,42202,6734,5396748,9243018,16282066,130.8,8.1,100.0,3,11.24,44,2418,0x0000000000000000
07:44:18,42040,6734,5396748,9243018,16282066,128.8,8.0,100.0,3,11.22,44,2418,0x0000000000000000
07:44:19,42255,6734,5396748,9243018,16282074,129.2,8.5,100.0,3,11.22,44,2418,0x0000000000000000
07:44:20,42094,6734,5396748,9243018,16282079,131.7,8.1,100.0,3,11.21,44,2418,0x0000000000000000
07:44:21,42372,6734,5396748,9243018,16282083,120.2,8.0,100.0,3,11.23,44,2418,0x0000000000000000
07:44:22,42222,6734,5396760,9243018,16282095,127.5,7.9,100.0,3,11.20,44,2418,0x0000000000000000
07:44:23,42086,6734,5396760,9243111,16282095,128.2,7.9,100.0,3,11.23,44,2418,0x0000000000000000
07:44:24,42264,6734,5396779,9243111,16282113,128.1,8.6,99.0,3,11.22,44,2418,0x0000000000000000
07:44:25,42105,6734,5396779,9243111,16282113,130.0,7.9,100.0,3,11.18,44,2418,0x0000000000000000
07:44:26,42086,6734,5396779,9243111,16282113,126.8,7.9,100.0,3,11.23,44,2418,0x0000000000000000
07:44:27,42273,6734,5396796,9243111,16282125,123.8,8.0,100.0,3,11.20,44,2418,0x0000000000000000
07:44:28,42265,6734,5396796,9243181,16282125,128.8,8.0,100.0,3,11.23,44,2418,0x0000000000000000
07:44:29,42428,6734,5396797,9243181,16282132,134.4,8.6,100.0,3,11.22,44,2418,0x0000000000000000
07:44:30,42394,6734,5396801,9243181,16282136,128.1,8.0,100.0,2,11.21,44,2418,0x0000000000000000
07:44:31,42234,6734,5396807,9243181,16282140,130.7,7.9,100.0,3,11.20,44,2418,0x0000000000000000
07:44:32,42420,6734,5396807,9243181,16282144,118.5,7.9,99.0,3,11.17,44,2418,0x0000000000000000
07:44:33,42337,6734,5396807,9243236,16282144,123.8,8.0,100.0,3,11.16,44,2418,0x0000000000000000
07:44:34,42165,6734,5396810,9243236,16282146,129.2,8.7,100.0,3,11.18,44,2418,0x0000000000000000
07:44:35,42369,6735,5396825,9243591,16282163,121.0,8.1,100.0,3,11.18,44,2418,0x0000000000000000
07:44:36,42218,6735,5396825,9243591,16282163,123.8,8.1,100.0,3,11.19,44,2418,0x0000000000000000
07:44:37,42406,6735,5396826,9243591,16282168,126.2,8.3,100.0,3,11.19,44,2418,0x0000000000000000
07:44:38,42254,6735,5396826,9243591,16282170,125.9,8.0,100.0,3,11.15,44,2418,0x0000000000000000
07:44:39,42081,6735,5396826,9243591,16282170,130.8,8.6,100.0,3,11.19,44,2418,0x0000000000000000
07:44:40,42258,6735,5396845,9243591,16282193,122.9,8.3,99.0,3,11.17,44,2418,0x0000000000000000
07:44:41,42108,6735,5396845,9243591,16282193,123.0,8.0,100.0,3,11.19,44,2418,0x0000000000000000
07:44:42,41946,6735,5396845,9243591,16282236,142.9,8.3,100.0,3,11.22,44,2418,0x0000000000000000
07:44:43,42118,6735,5396845,9243591,16282240,128.5,8.0,100.0,3,11.17,44,2418,0x0000000000000000
07:44:44,41958,6737,5396845,9244109,16282245,133.5,8.8,100.0,3,11.23,44,2418,0x0000000000000000
07:44:45,42132,6737,5396852,9244109,16282255,125.7,7.9,100.0,3,11.17,44,2418,0x0000000000000000
07:44:46,41975,6737,5396852,9244109,16282255,131.0,8.1,100.0,3,11.19,44,2418,0x0000000000000000
07:44:47,41809,6737,5396852,9244109,16282255,131.2,7.9,99.0,3,11.20,44,2418,0x0000000000000000
07:44:48,42021,6738,5396852,9244544,16282263,124.6,8.0,54.0,3,11.16,44,2418,0x0000000000000000
07:44:49,41856,6738,5396852,9244544,16282268,130.7,8.5,100.0,3,11.19,44,2418,0x0000000000000000
07:44:50,41721,6738,5396854,9244544,16282281,124.6,8.1,100.0,3,11.17,44,2418,0x0000000000000000
07:44:51,41866,6738,5396854,9244544,16282284,127.1,8.2,100.0,3,11.19,44,2418,0x0000000000000000
07:44:52,41701,6738,5396869,9244544,16282300,135.3,8.2,99.0,3,11.19,44,2418,0x0000000000000000
07:44:53,41879,6738,5396869,9244544,16282304,128.7,7.9,100.0,3,11.18,44,2418,0x0000000000000000
07:44:54,42447,6738,5396870,9244544,16282309,138.0,8.7,100.0,3,11.21,44,2418,0x0000000000000000
07:44:55,42323,6738,5396870,9244544,16282309,128.0,8.2,100.0,3,11.20,44,2418,0x0000000000000000
07:44:56,42466,6738,5396870,9244544,16282313,128.3,8.0,100.0,3,11.20,44,2418,0x0000000000000000
07:44:57,42298,6738,5396870,9244544,16282313,132.2,8.0,100.0,3,11.21,44,2418,0x0000000000000000
07:44:58,42481,6738,5396870,9244623,16282317,127.2,8.1,100.0,3,11.18,44,2418,0x0000000000000000
07:44:59,42305,6738,5396870,9244623,16282320,134.4,8.8,99.0,3,11.20,44,2418,0x0000000000000000
07:45:00,42193,6738,5396873,9244623,16282328,126.3,8.2,100.0,3,11.14,44,2418,0x0000000000000000
07:45:01,42371,6738,5396886,9244623,16282351,131.7,8.2,100.0,3,11.17,44,2418,0x0000000000000000
07:45:02,42212,6738,5396886,9244623,16282351,130.8,8.0,100.0,3,11.18,44,2418,0x0000000000000000
07:45:03,42385,6738,5396906,9244623,16282365,129.3,8.0,100.0,3,11.16,44,2418,0x0000000000000000
07:45:04,42448,6738,5396906,9244623,16282366,136.0,8.8,100.0,3,11.19,44,2418,0x0000000000000000
07:45:05,42283,6738,5396906,9244623,16282366,135.0,8.0,100.0,3,11.17,44,2418,0x0000000000000000
07:45:06,42461,6738,5396908,9244623,16282372,125.2,8.1,99.0,3,11.16,44,2418,0x0000000000000000
07:45:07,42302,6738,5396908,9244674,16282372,133.8,8.2,100.0,3,11.19,44,2418,0x0000000000000000
07:45:08,42133,6738,5396908,9244674,16282372,132.8,8.1,100.0,3,11.20,44,2418,0x0000000000000000
07:45:09,42316,6738,5396908,9244674,16282377,133.0,8.6,100.0,3,11.20,44,2418,0x0000000000000000
07:45:10,42143,6738,5396912,9244674,16282386,135.2,8.2,100.0,3,11.19,44,2418,0x0000000000000000
07:45:11,42529,6738,5396916,9244674,16282391,125.0,8.0,100.0,2,11.18,44,2418,0x0000000000000000
07:45:12,42369,6738,5396916,9244674,16282391,130.8,8.2,100.0,3,11.19,44,2418,0x0000000000000000
07:45:13,42170,6738,5404154,9244674,16285261,171.2,8.3,100.0,3,10.96,44,2405,0x0000000000000000
07:45:14,42279,6738,5415756,9244674,16288965,185.1,8.9,100.0,3,10.96,44,2405,0x0000000000000000
07:45:15,42059,6738,5427996,9244674,16293496,186.1,8.4,99.0,3,10.92,44,2405,0x0000000000000000
07:45:16,42183,6738,5438278,9244674,16297599,171.3,9.3,100.0,2,10.93,44,2405,0x0000000000000000
07:45:17,41989,6738,5446331,9244674,16300781,165.9,9.4,100.0,3,10.95,44,2405,0x0000000000000000
07:45:18,41828,6738,5446331,9244674,16300781,128.5,8.1,100.0,3,10.93,43,2405,0x0000000000000000
07:45:19,42002,6738,5446331,9244674,16300785,123.5,8.5,100.0,2,10.90,43,2405,0x0000000000000000
07:45:20,41833,6738,5446340,9244674,16300788,133.8,8.2,100.0,3,10.90,43,2405,0x0000000000000000
07:45:21,42008,6738,5446340,9244674,16300792,123.2,8.0,99.0,3,10.89,43,2405,0x0000000000000000
07:45:22,42009,6738,5446357,9244674,16300805,129.3,8.2,100.0,3,10.88,43,2405,0x0000000000000000
07:45:23,41832,6738,5446800,9244674,16301293,152.6,8.2,100.0,3,10.91,43,2405,0x0000000000000000
07:45:24,42010,6738,5446809,9244674,16301312,129.8,9.0,100.0,3,10.92,43,2405,0x0000000000000000
07:45:25,41844,6738,5446809,9244674,16301314,135.4,8.2,100.0,3,10.93,43,2405,0x0000000000000000
07:45:26,41755,6738,5446809,9244674,16301315,129.9,7.9,100.0,3,10.93,43,2405,0x0000000000000000
07:45:27,41853,6738,5446812,9244674,16301321,132.8,8.2,100.0,3,10.92,43,2405,0x0000000000000000
07:45:28,41686,6738,5446812,9244674,16301321,136.0,8.2,100.0,3,10.92,43,2405,0x0000000000000000
07:45:29,41872,6738,5446813,9244674,16301330,122.7,8.6,99.0,2,10.90,43,2405,0x0000000000000000
07:45:30,41702,6738,5446814,9244674,16301331,134.0,8.1,100.0,3,10.90,43,2405,0x0000000000000000
07:45:31,42122,6738,5446814,9244674,16301331,133.2,8.3,100.0,3,10.93,43,2405,0x0000000000000000
07:45:32,42289,6738,5446815,9244674,16301336,126.7,8.0,100.0,3,10.92,43,2405,0x0000000000000000
07:45:33,42131,6738,5446815,9244674,16301336,128.2,8.0,100.0,3,10.91,43,2405,0x0000000000000000
07:45:34,42290,6738,5446815,9244674,16301341,128.2,8.8,100.0,3,10.93,43,2405,0x0000000000000000
07:45:35,42131,6738,5446815,9244674,16301341,130.5,8.1,100.0,3,10.88,43,2405,0x0000000000000000
07:45:36,41973,6738,5446815,9244674,16301342,130.3,8.1,100.0,3,10.92,43,2405,0x0000000000000000
07:45:37,42148,6738,5446829,9244674,16301354,129.0,8.1,99.0,3,10.91,43,2405,0x0000000000000000
07:45:38,41984,6738,5446869,9244674,16301383,130.8,8.1,100.0,3,10.92,43,2405,0x0000000000000000
07:45:39,42151,6738,5446885,9244674,16301392,132.1,8.8,100.0,3,10.95,43,2405,0x0000000000000000
07:45:40,41975,6738,5446888,9244674,16301397,134.1,8.3,100.0,3,10.90,43,2405,0x0000000000000000
07:45:41,41827,6738,5446888,9244674,16301397,127.8,8.1,100.0,3,10.93,43,2405,0x0000000000000000
07:45:42,42012,6738,5446888,9244674,16301401,125.2,8.0,100.0,3,10.91,43,2405,0x0000000000000000
07:45:43,41844,6738,5446888,9244674,16301401,133.8,8.1,100.0,3,10.91,43,2405,0x0000000000000000
07:45:44,41670,6738,5446889,9244674,16301403,135.1,8.7,100.0,3,10.94,43,2405,0x0000000000000000
07:45:45,41852,6738,5446889,9244674,16301407,124.5,8.0,99.0,3,10.91,43,2405,0x0000000000000000
07:45:46,41693,6738,5446889,9244674,16301407,129.8,8.1,100.0,3,10.88,43,2405,0x0000000000000000
07:45:47,41854,6738,5447275,9244674,16301654,135.8,8.6,96.0,3,10.91,43,2405,0x0000000000000000
07:45:48,42259,6738,5447383,9244674,16301733,132.9,8.2,98.0,2,10.71,43,2405,0x0000000000000000
07:45:49,42064,6738,5447419,9244674,16301760,142.3,8.9,100.0,2,10.75,43,2405,0x0000000000000000
07:45:50,41836,6738,5451721,9244674,16303096,130.9,6.1,46.4,0,10.59,43,2405,0x0000000000000000
07:45:51,41634,6738,5451746,9244674,16303115,160.8,8.3,99.0,2,10.80,43,2405,0x0000000000000000
07:45:52,41426,6738,5451787,9244674,16303146,172.4,8.5,99.0,3,10.86,43,2405,0x0000000000000000
07:45:53,41217,6738,5451805,9244674,16303163,165.5,8.6,100.0,2,10.87,43,2405,0x0000000000000000
07:45:54,41353,6738,5451825,9244674,16303181,164.1,9.3,100.0,2,10.88,43,2405,0x0000000000000000
07:45:55,41137,6738,5451839,9244674,16303190,168.8,8.4,99.0,2,10.87,43,2405,0x0000000000000000
07:45:56,42153,6738,5452293,9244674,16303570,139.7,7.8,92.9,2,10.76,43,2405,0x0000000000000000
07:45:57,41954,6738,5452314,9244674,16303587,160.1,8.5,92.1,2,10.84,43,2405,0x0000000000000000
07:45:58,42055,6738,5452329,9244674,16303599,156.2,8.5,100.0,2,10.81,43,2405,0x0000000000000000
07:45:59,41837,6738,5452336,9244674,16303603,162.3,9.1,100.0,2,10.83,43,2405,0x0000000000000000
07:46:00,41628,6738,5452349,9244674,16303613,162.3,8.5,100.0,2,10.80,43,2405,0x0000000000000000
07:46:01,41455,6738,5452351,9244674,16303615,161.5,8.3,99.0,2,10.84,43,2405,0x0000000000000000
07:46:02,41255,6738,5452356,9244674,16303620,166.0,8.2,100.0,2,10.82,43,2405,0x0000000000000000
07:46:03,41049,6738,5452360,9244674,16303624,168.0,8.1,99.0,2,10.82,43,2405,0x0000000000000000
07:46:04,41259,6738,5452370,9244674,16303633,182.1,9.2,100.0,2,10.84,43,2405,0x0000000000000000
07:46:05,40952,6738,5452383,9244674,16303643,265.8,8.2,96.0,2,10.79,43,2405,0x0000000000000000
07:46:06,40748,6738,5452389,9244674,16303649,166.3,8.4,100.0,2,10.81,43,2405,0x0000000000000000
07:46:07,40536,6738,5452397,9244674,16303654,163.0,8.6,100.0,2,10.80,43,2405,0x0000000000000000
07:46:08,40335,6738,5452402,9244674,16303659,163.0,8.4,100.0,2,10.81,43,2405,0x0000000000000000
07:46:09,40124,6738,5452405,9244674,16303665,162.7,9.1,100.0,2,10.82,43,2405,0x0000000000000000
07:46:10,39911,6738,5452407,9244674,16303667,161.8,8.5,100.0,2,10.80,43,2405,0x0000000000000000
07:46:11,39700,6738,5452407,9244674,16303667,171.8,8.3,100.0,3,10.82,43,2405,0x0000000000000000
07:46:12,39393,6738,5452409,9244674,16303669,265.0,8.4,97.1,2,10.78,43,2405,0x0000000000000000
07:46:13,39190,6738,5452415,9244674,16303675,160.0,8.4,100.0,2,10.80,43,2405,0x0000000000000000
07:46:14,38988,6738,5452419,9244674,16303702,157.5,8.0,100.0,2,10.78,43,2405,0x0000000000000000
07:46:15,38802,6738,5452423,9244674,16303705,153.0,7.0,100.0,2,10.74,43,2405,0x0000000000000000
07:46:16,38612,6738,5452423,9244674,16303705,149.0,7.1,100.0,2,10.74,43,2405,0x0000000000000000
07:46:17,38423,6738,5452423,9244674,16303705,154.0,7.1,100.0,2,10.77,43,2405,0x0000000000000000
07:46:18,38801,6740,5452426,9245181,16303706,152.0,7.2,100.0,2,10.76,43,2405,0x0000000000000000
07:46:19,38585,6740,5452427,9245181,16303709,162.7,9.2,100.0,2,10.80,43,2405,0x0000000000000000
07:46:20,38374,6740,5452431,9245181,16303713,162.5,8.6,100.0,2,10.82,43,2405,0x0000000000000000
07:46:21,38273,6743,5452433,9245313,16303715,162.0,8.5,99.0,2,10.81,43,2405,0x0000000000000000
07:46:22,38075,6743,5452456,9245313,16303732,159.8,8.4,100.0,2,10.80,43,2405,0x0000000000000000
07:46:23,37944,6743,5452457,9245313,16303733,160.0,8.6,100.0,2,10.82,43,2405,0x0000000000000000
07:46:24,37718,6743,5452460,9245313,16303736,173.3,9.3,100.0,2,10.81,43,2405,0x0000000000000000
07:46:25,37519,6743,5452464,9245313,16303740,160.0,8.4,100.0,2,10.77,43,2405,0x0000000000000000
07:46:26,37327,6743,5452465,9245313,16303741,160.5,8.6,100.0,2,10.78,43,2405,0x0000000000000000
07:46:27,37125,6743,5452465,9245313,16303741,162.0,8.6,100.0,2,10.78,43,2405,0x0000000000000000
07:46:28,37004,6743,5452466,9245313,16303743,155.6,8.8,100.0,2,10.79,43,2405,0x0000000000000000
07:46:29,42105,6743,5452473,9245313,16303767,129.3,8.9,99.0,2,10.71,43,2405,0x0000000000000000
07:46:30,41908,6743,5452473,9245313,16303768,152.0,8.7,100.0,2,10.76,43,2405,0x0000000000000000
07:46:31,41713,6743,5452473,9245313,16303770,160.5,8.6,100.0,2,10.78,43,2405,0x0000000000000000
07:46:32,41514,6743,5452473,9245313,16303770,159.8,8.5,100.0,2,10.81,43,2405,0x0000000000000000
07:46:33,41316,6743,5452473,9245313,16303770,158.8,8.5,100.0,2,10.75,43,2405,0x0000000000000000
07:46:34,41112,6743,5452473,9245313,16303770,161.2,9.3,100.0,2,10.77,43,2405,0x0000000000000000
07:46:35,40914,6743,5452473,9245313,16303770,157.8,8.2,100.0,2,10.76,43,2405,0x0000000000000000
07:46:36,40728,6743,5452473,9245313,16303770,148.2,7.2,100.0,2,10.73,43,2405,0x0000000000000000
07:46:37,40542,6743,5452481,9245313,16303783,151.7,7.2,99.0,2,10.71,43,2398,0x0000000000000000
07:46:38,40352,6743,5452481,9245313,16303786,151.2,7.3,100.0,2,10.70,43,2398,0x0000000000000000
07:46:39,40148,6743,5452495,9245313,16303791,155.1,8.0,100.0,2,10.72,43,2398,0x0000000000000000
07:46:40,39958,6743,5452495,9245313,16303792,149.8,7.2,100.0,2,10.70,43,2405,0x0000000000000000
07:46:41,39769,6743,5452997,9245313,16304248,151.5,7.3,100.0,2,10.71,43,2398,0x0000000000000000
07:46:42,39581,6743,5452998,9245313,16304249,153.0,7.3,100.0,2,10.75,43,2398,0x0000000000000000
07:46:43,39398,6743,5452998,9245313,16304249,150.2,7.1,100.0,2,10.74,43,2405,0x0000000000000000
07:46:44,39214,6743,5452998,9245313,16304249,151.8,7.8,100.0,2,10.75,43,2405,0x0000000000000000
07:46:45,39005,6743,5452999,9245313,16304250,175.0,7.0,100.0,2,10.72,43,2405,0x0000000000000000
07:46:46,39733,6743,5453000,9245313,16304251,148.5,7.2,100.0,2,10.71,43,2405,0x0000000000000000
07:46:47,39570,6747,5453001,9245313,16304252,147.3,7.1,100.0,2,10.73,43,2405,0x0000000000000000
07:46:48,39403,6752,5453008,9245313,16304259,147.3,7.3,99.0,2,10.70,43,2405,0x0000000000000000
07:46:49,39249,6752,5453015,9245313,16304264,150.5,8.0,100.0,2,10.72,43,2405,0x0000000000000000
07:46:50,39150,6752,5453020,9245313,16304267,144.5,7.5,100.0,2,10.73,43,2405,0x0000000000000000
07:46:51,39255,6978,5453024,9302159,16304272,142.0,9.7,100.0,2,10.93,43,2405,0x0000000000000000
07:46:52,42693,6984,5454493,9307939,16305520,119.6,8.2,73.7,0,10.89,43,2398,0x0000000000000000
07:46:53,42021,6984,5460014,9307939,16308129,39.1,4.2,38.0,52,12.51,46,2411,0x0000000000000000
07:46:54,40753,6984,5461685,9308120,16309674,7.7,10.2,68.0,0,38.65,45,2431,0x0000000000000000
07:46:55,40725,6984,5466700,9308120,16314212,25.0,2.0,19.2,0,10.70,43,2411,0x0000000000000000
07:46:56,40704,6984,5471385,9308120,16318243,38.0,1.8,18.0,0,10.57,43,2411,0x0000000000000000
07:46:57,40674,6984,5476039,9308120,16321519,18.4,1.2,17.0,0,10.36,43,2405,0x0000000000000000
07:46:58,40661,6984,5479927,9308120,16324621,17.3,1.2,17.0,0,10.29,43,2405,0x0000000000000000
07:46:59,40632,6984,5484922,9308120,16327922,20.0,1.8,17.0,0,10.27,43,2405,0x0000000000000000
07:47:00,40613,6984,5489019,9308120,16331016,18.8,1.6,15.2,0,10.23,43,2405,0x0000000000000000
07:47:01,38966,6984,5492670,9308120,16333776,25.5,2.6,19.0,0,10.25,43,2405,0x0000000000000000
07:47:02,34016,7000,5492950,9313883,16334240,87.7,8.4,57.4,0,10.37,43,2405,0x0000000000000000
07:47:03,34023,7000,5492952,9313883,16336327,481.8,3.0,23.0,0,10.22,43,2405,0x0000000000000000
07:47:04,34298,6999,5492980,9314232,16338490,495.2,3.7,23.2,0,10.23,43,2405,0x0000000000000000
07:47:05,34298,6999,5492982,9314248,16340544,476.8,2.9,31.2,0,10.24,43,2405,0x0000000000000000
07:47:06,34298,6999,5492982,9314253,16342434,438.8,2.8,30.9,0,10.22,43,2405,0x0000000000000000
07:47:07,34285,6999,5493073,9314351,16344446,451.1,3.2,19.6,0,10.21,43,2405,0x0000000000000000
07:47:08,34295,6999,5493099,9314364,16346468,463.2,2.7,32.6,0,10.24,43,2405,0x0000000000000000
07:47:09,34346,7000,5493685,9314794,16348822,477.8,3.8,35.8,0,10.22,43,2405,0x0000000000000000
07:47:10,34344,7000,5493685,9314798,16350852,471.7,3.2,40.6,0,10.20,43,2405,0x0000000000000000
07:47:11,34318,7000,5493705,9314883,16352970,484.5,3.3,38.4,0,10.19,43,2405,0x0000000000000000
07:47:12,34313,7001,5493749,9315018,16354973,461.3,2.8,28.3,0,10.20,43,2405,0x0000000000000000
07:47:13,34311,7001,5493750,9315018,16356989,468.0,2.9,32.6,0,10.23,43,2405,0x0000000000000000
07:47:14,34320,7001,5493806,9315018,16358887,426.7,4.2,26.2,0,10.27,43,2405,0x0000000000000000
07:47:15,34319,7001,5493806,9315118,16360715,424.5,3.1,28.2,0,10.25,43,2405,0x0000000000000000
07:47:16,34330,7002,5493807,9315396,16362478,408.3,2.7,27.6,0,10.24,43,2405,0x0000000000000000
07:47:17,34327,7002,5493808,9315396,16364184,395.7,2.8,32.7,0,10.26,43,2405,0x0000000000000000
07:47:18,34324,7001,5493975,9315445,16366115,409.0,2.8,34.3,0,10.28,43,2405,0x0000000000000000
07:47:19,34336,7001,5493980,9315445,16368029,444.0,3.5,25.8,0,10.24,42,2405,0x0000000000000000
07:47:20,34333,7001,5493982,9315445,16369782,406.4,2.9,31.3,0,10.25,42,2405,0x0000000000000000
07:47:21,34320,7001,5493984,9315456,16371614,425.2,2.8,19.0,0,10.24,42,2405,0x0000000000000000
07:47:22,34317,7001,5494023,9315456,16373461,421.8,3.0,19.2,0,10.23,42,2405,0x0000000000000000
07:47:23,34316,7001,5494023,9315456,16375138,389.7,2.8,29.3,0,10.23,42,2405,0x0000000000000000
07:47:24,34304,7002,5494861,9315496,16377330,388.3,3.3,27.8,0,10.26,42,2405,0x0000000000000000
07:47:25,34299,7002,5495506,9315591,16380190,537.7,2.0,19.0,0,10.26,42,2405,0x0000000000000000
07:47:26,34299,7002,5495506,9315942,16382317,494.1,3.0,32.3,0,10.25,42,2405,0x0000000000000000
07:47:27,34298,7002,5495506,9315942,16384554,519.5,3.1,28.7,0,10.26,42,2405,0x0000000000000000
07:47:28,34290,7002,5495527,9316118,16386483,442.7,2.6,23.2,0,10.25,42,2405,0x0000000000000000
07:47:29,34285,7002,5495558,9316118,16388485,456.6,3.5,31.9,0,10.24,42,2405,0x0000000000000000
07:47:30,34284,7002,5495558,9316263,16390197,397.6,2.9,34.0,0,10.26,42,2405,0x0000000000000000
07:47:31,34274,7002,5495558,9316263,16391929,402.2,3.1,28.2,0,10.26,42,2405,0x0000000000000000
07:47:32,34276,7002,5495559,9316361,16393757,424.2,2.8,19.2,0,10.27,42,2405,0x0000000000000000
07:47:33,34273,7002,5495560,9316361,16395701,451.1,2.8,22.7,0,10.27,42,2405,0x0000000000000000
07:47:34,34270,7002,5495563,9316361,16397441,403.2,3.8,32.4,0,10.30,42,2398,0x0000000000000000
07:47:35,34269,7002,5495563,9316361,16399270,424.9,2.9,33.7,0,10.28,42,2405,0x0000000000000000
07:47:36,34267,7003,5495564,9316484,16401158,437.4,3.1,28.7,0,10.26,42,2405,0x0000000000000000
07:47:37,34265,7003,5495573,9316534,16402960,412.4,2.9,20.0,0,10.25,42,2405,0x0000000000000000
07:47:38,34267,7003,5495580,9316644,16404922,451.6,3.2,42.4,0,10.25,42,2405,0x0000000000000000
07:47:39,34255,7003,5495582,9316645,16406592,378.9,3.7,28.0,0,10.24,42,2405,0x0000000000000000
07:47:40,34254,7003,5495583,9316645,16408270,384.3,2.6,30.5,0,10.26,42,2405,0x0000000000000000
07:47:41,34252,7003,5495598,9316645,16410211,445.5,3.2,33.0,0,10.25,42,2405,0x0000000000000000
07:47:42,34250,7003,5495632,9316645,16412113,435.0,3.1,27.6,0,10.25,42,2405,0x0000000000000000
07:47:43,34250,7003,5495705,9316645,16414051,429.3,3.1,20.6,0,10.24,42,2405,0x0000000000000000
07:47:44,34248,7003,5495731,9316645,16415787,393.4,3.4,35.1,0,10.24,42,2405,0x0000000000000000
07:47:45,34248,7003,5495744,9316645,16417581,412.5,3.1,19.2,0,10.25,42,2405,0x0000000000000000
07:47:46,34246,7003,5495744,9316645,16419135,358.6,2.7,32.0,0,10.25,42,2405,0x0000000000000000
07:47:47,34244,7003,5495746,9316646,16421134,461.3,3.1,36.5,0,10.24,42,2405,0x0000000000000000
07:47:48,34243,7003,5495753,9316646,16422881,403.1,2.7,18.4,0,10.23,42,2405,0x0000000000000000
07:47:49,34241,7003,5495991,9316646,16425003,446.5,3.7,35.7,0,10.25,42,2405,0x0000000000000000
07:47:50,34240,7003,5495992,9316646,16427045,472.7,3.2,39.6,0,10.23,42,2405,0x0000000000000000
07:47:51,34244,7003,5495995,9316646,16428759,394.7,3.2,30.1,0,10.25,42,2398,0x0000000000000000
07:47:52,34242,7003,5496020,9316646,16430390,371.6,2.7,28.6,0,10.26,42,2405,0x0000000000000000
07:47:53,34241,7003,5496020,9316646,16432188,416.0,2.9,22.0,0,10.24,42,2405,0x0000000000000000
07:47:54,34242,7003,5496107,9316646,16434055,411.2,3.7,20.0,0,10.24,42,2405,0x0000000000000000
07:47:55,34240,7003,5496107,9316646,16436021,452.8,2.9,35.4,0,10.24,42,2405,0x0000000000000000
07:47:56,34238,7003,5496109,9316646,16437949,443.5,2.9,35.5,0,10.21,42,2405,0x0000000000000000
07:47:57,34245,7003,5496113,9316646,16439665,389.8,3.3,32.0,0,10.23,42,2405,0x0000000000000000
07:47:58,34245,7003,5496121,9316646,16441273,369.1,3.0,34.7,0,10.24,42,2398,0x0000000000000000
07:47:59,34249,7003,5496122,9316647,16442812,354.4,3.3,31.3,0,10.25,42,2398,0x0000000000000000
07:48:00,34145,7003,5496130,9316649,16443714,295.9,5.0,54.0,2,10.36,42,2405,0x0000000000000000
07:48:01,33970,7003,5496130,9316650,16443717,153.1,7.4,100.0,2,10.65,42,2405,0x0000000000000000
07:48:02,33828,7003,5496156,9316650,16443729,151.5,7.3,100.0,2,10.64,42,2405,0x0000000000000000
07:48:03,33676,7003,5496156,9316650,16443729,150.0,7.3,100.0,2,10.63,42,2405,0x0000000000000000
07:48:04,33503,7003,5496159,9316650,16443735,152.2,7.7,100.0,2,10.64,42,2405,0x0000000000000000
07:48:05,33357,7003,5496165,9316650,16443743,155.2,7.3,100.0,2,10.65,42,2405,0x0000000000000000
07:48:06,33198,7003,5496165,9316650,16443743,152.1,7.4,100.0,2,10.64,42,2405,0x0000000000000000
07:48:07,33058,7003,5496168,9316650,16443746,153.0,7.3,100.0,2,10.65,42,2405,0x0000000000000000
07:48:08,32965,7003,5496170,9316650,16443753,149.4,7.4,100.0,2,10.62,42,2405,0x0000000000000000
07:48:09,32783,7003,5496170,9316650,16443757,151.9,7.9,100.0,2,10.63,42,2405,0x0000000000000000
07:48:10,32650,7003,5496172,9316650,16443759,147.0,7.2,100.0,2,10.64,42,2405,0x0000000000000000
07:48:11,31910,7003,5496178,9316650,16443977,808.0,5.1,63.4,2,10.51,42,2405,0x0000000000000000
07:48:12,31098,7003,5496178,9316650,16444225,933.9,4.6,28.1,2,10.42,43,2398,0x0000000000000000
07:48:13,30763,7003,5496178,9316650,16444280,327.2,6.9,90.0,2,10.56,43,2405,0x0000000000000000
07:48:14,30563,7003,5496180,9316650,16444283,155.1,8.1,100.0,2,10.66,43,2405,0x0000000000000000
07:48:15,30382,7003,5496180,9316650,16444283,154.8,7.3,100.0,2,10.67,43,2405,0x0000000000000000
07:48:16,30198,7003,5496181,9316650,16444284,159.3,6.9,100.0,2,10.66,43,2398,0x0000000000000000
07:48:17,30018,7003,5496181,9316650,16444284,152.6,7.3,100.0,2,10.65,43,2405,0x0000000000000000
07:48:18,29842,7003,5496187,9316650,16444289,153.4,7.5,100.0,2,10.67,43,2405,0x0000000000000000
07:48:19,29649,7003,5496188,9316650,16444297,157.2,7.9,100.0,2,10.68,43,2405,0x0000000000000000
07:48:20,29460,7003,5496188,9316850,16444297,152.8,7.7,100.0,2,10.67,43,2405,0x0000000000000000
07:48:21,29346,7003,5496196,9316928,16444310,159.7,7.6,100.0,2,10.69,43,2405,0x0000000000000000
07:48:22,33942,7003,5496219,9316928,16444334,118.3,8.2,100.0,2,10.64,43,2405,0x0000000000000000
07:48:23,33757,7003,5496220,9316928,16444335,152.3,7.2,100.0,2,10.73,43,2405,0x0000000000000000
07:48:24,33553,7003,5496342,9316928,16444496,160.2,7.7,100.0,2,10.73,43,2405,0x0000000000000000
07:48:25,33369,7003,5496342,9316928,16444496,151.5,7.2,100.0,2,10.72,43,2405,0x0000000000000000
07:48:26,33171,7003,5496342,9316928,16444496,162.5,7.2,100.0,2,10.71,43,2405,0x0000000000000000
07:48:27,32981,7003,5496344,9316928,16444506,156.6,7.3,100.0,2,10.72,43,2405,0x0000000000000000
07:48:28,32794,7003,5496344,9316928,16444506,153.2,7.3,100.0,2,10.71,43,2405,0x0000000000000000
07:48:29,32593,7003,5496459,9316928,16444607,156.4,8.2,100.0,2,10.73,43,2405,0x0000000000000000
07:48:30,32404,7003,5496461,9316928,16444617,155.4,7.2,100.0,2,10.72,43,2405,0x0000000000000000
07:48:31,32204,7003,5496462,9316928,16444618,156.0,7.4,100.0,2,10.73,43,2405,0x0000000000000000
07:48:32,32017,7003,5496462,9316928,16444618,153.0,7.2,100.0,2,10.72,43,2405,0x0000000000000000
07:48:33,31833,7003,5496463,9316928,16444619,152.0,7.2,100.0,2,10.71,43,2405,0x0000000000000000
07:48:34,31629,7003,5496475,9316928,16444629,162.3,8.1,100.0,2,10.73,43,2405,0x0000000000000000
07:48:35,31441,7003,5496475,9316928,16444629,155.0,7.2,100.0,2,10.74,43,2398,0x0000000000000000
07:48:36,31559,7003,5496475,9316928,16444629,153.8,7.3,100.0,2,10.73,43,2405,0x0000000000000000
07:48:37,31437,7003,5496476,9317058,16444630,155.8,7.7,100.0,2,10.73,43,2405,0x0000000000000000
07:48:38,30936,7003,5500487,9317547,16446991,114.5,5.8,57.6,36,11.46,45,2405,0x0000000000000000
07:48:39,30852,7003,5510710,9317547,16451510,40.1,3.0,20.6,0,10.34,43,2405,0x0000000000000000
07:48:40,30818,7003,5520335,9317547,16455783,37.6,1.3,20.2,0,10.30,43,2405,0x0000000000000000
07:48:41,30775,7003,5531405,9317547,16460387,51.1,1.5,16.0,0,10.27,43,2405,0x0000000000000000
07:48:42,30735,7003,5542784,9317547,16465180,44.4,1.2,19.2,0,10.30,43,2405,0x0000000000000000
07:48:43,30689,7003,5552900,9317547,16469825,42.3,2.2,18.2,0,10.27,43,2405,0x0000000000000000
07:48:44,30647,7003,5562125,9317547,16474020,37.1,2.0,18.0,0,10.28,43,2405,0x0000000000000000
07:48:45,30600,7003,5571375,9317547,16478355,38.1,1.3,18.0,0,10.27,43,2405,0x0000000000000000
07:48:46,37195,7003,5582276,9317547,16480299,59.2,3.9,43.4,0,10.35,43,2405,0x0000000000000000
07:48:47,37000,7003,5589980,9317547,16481735,35.0,4.8,71.6,0,10.30,43,2405,0x0000000000000000
07:48:48,36976,7003,5595768,9317547,16485998,22.7,2.1,20.7,0,10.29,43,2405,0x0000000000000000
07:48:49,36771,7003,5598153,9317547,16488368,9.3,4.1,46.8,0,10.28,43,2405,0x0000000000000000
07:48:50,36692,7003,5598154,9317547,16488369,0.0,6.1,100.0,0,10.29,43,2405,0x0000000000000000
07:48:51,36588,7003,5598161,9317547,16488381,0.5,6.3,100.0,0,10.30,43,2405,0x0000000000000000
07:48:52,35734,7003,5598262,9317547,16488525,8.4,8.2,95.0,0,10.33,43,2405,0x0000000000000000
07:48:53,35098,7003,5599302,9317547,16489326,345.7,4.3,56.0,0,10.60,43,2405,0x0000000000000000
07:48:54,33662,7003,5599854,9317547,16489971,169.4,6.1,48.0,0,11.30,43,2405,0x0000000000000000
07:48:55,33658,7003,5599855,9317547,16490010,4.1,7.4,98.0,0,10.33,43,2405,0x0000000000000000
07:48:56,33630,7003,5599901,9317547,16490062,2.1,7.8,100.0,0,10.33,43,2405,0x0000000000000000
07:48:57,33626,7003,5599901,9317547,16490062,0.0,7.4,100.0,0,10.33,43,2405,0x0000000000000000
07:48:58,33617,7003,5599950,9317547,16490108,0.2,7.4,100.0,0,10.34,43,2405,0x0000000000000000
07:48:59,32372,7003,5600079,9317547,16490269,6.8,7.9,96.0,96,40.43,55,2437,0x0000000000000000
07:49:00,32372,7003,5600080,9317547,16490272,0.1,7.7,100.0,96,97.97,60,2385,0x0000000000000000
07:49:01,32367,7003,5600082,9317547,16490288,1.0,8.0,100.0,96,96.79,62,2385,0x0000000000000000
07:49:02,32360,7003,5600082,9317547,16490319,4.3,8.3,100.0,96,96.82,62,2392,0x0000000000000000
07:49:03,32366,7003,5600083,9317547,16490320,0.0,7.7,100.0,96,97.11,62,2385,0x0000000000000000
07:49:04,32368,7003,5600091,9317547,16490327,0.1,8.5,100.0,96,96.15,64,2379,0x0000000000000000
07:49:05,32376,7003,5600091,9317547,16490327,0.0,7.7,100.0,96,97.00,64,2379,0x0000000000000000
07:49:06,32383,7003,5600091,9317547,16490327,0.0,7.6,100.0,96,96.77,64,2379,0x0000000000000000
07:49:07,32391,7003,5600091,9317547,16490331,0.4,7.6,100.0,96,96.48,61,2359,0x0000000000000000
07:49:08,32397,7003,5600194,9317547,16490422,16.4,6.8,81.6,96,97.26,64,2333,0x0000000000000000
07:49:09,32398,7003,5600651,9317547,16490737,52.5,4.8,45.9,0,14.00,48,2411,0x0000000000000000
07:49:10,32388,7003,5601063,9317547,16490982,3.5,7.1,94.0,0,11.33,48,2411,0x0000000000000000
07:49:11,32385,7003,5601067,9317547,16490985,0.0,7.5,100.0,0,11.32,47,2411,0x0000000000000000
07:49:12,32378,7003,5601067,9317547,16490985,0.0,7.4,100.0,0,11.35,47,2411,0x0000000000000000
07:49:13,32367,7003,5601176,9317547,16491058,0.9,7.3,98.0,0,11.24,47,2411,0x0000000000000000
07:49:14,32355,7003,5601645,9317547,16491465,16.7,7.5,86.7,1,11.20,46,2411,0x0000000000000000
07:49:15,32321,7003,5602018,9317547,16491576,2.0,8.4,67.0,85,19.48,49,2476,0x0000000000000000
07:49:16,32319,7003,5602091,9317547,16491623,0.5,7.9,95.0,55,14.05,48,2437,0x0000000000000000
07:49:17,32298,7003,5602099,9317547,16491636,0.7,8.3,87.9,38,20.77,48,2470,0x0000000000000000
07:49:18,32285,7003,5602151,9317547,16491710,2.5,8.0,93.0,9,15.75,47,2418,0x0000000000000000
07:49:19,34888,7003,5602216,9317547,16491802,4.0,9.3,91.0,95,20.91,49,2496,0x0000000000000000
07:49:20,34334,7003,5602216,9317547,16491802,0.0,7.6,100.0,0,13.23,46,2418,0x0000000000000000
07:49:21,34336,7003,5602220,9317547,16491805,0.2,7.6,99.0,10,12.76,49,2424,0x0000000000000000
07:49:22,34158,7003,5602317,9317547,16491872,1.2,7.6,94.1,90,13.97,48,2444,0x0000000000000000
07:49:23,34123,7003,5602324,9317547,16491875,0.0,7.4,98.0,0,11.04,46,2411,0x0000000000000000
07:49:24,33861,7003,5602368,9317547,16491919,2.7,8.1,91.9,0,11.05,46,2411,0x0000000000000000
07:49:25,33597,7003,5602412,9317547,16491958,2.2,8.0,83.2,90,18.19,48,2509,0x0000000000000000
07:49:26,33594,7003,5602412,9317547,16491958,0.0,8.0,82.0,0,16.23,46,2463,0x0000000000000000
07:49:27,33613,7003,5602413,9317547,16491959,0.0,8.3,89.0,86,19.15,48,2483,0x0000000000000000
07:49:28,33599,7003,5602481,9317547,16492019,0.3,8.1,80.0,0,16.08,46,2457,0x0000000000000000
07:49:29,33593,7003,5602532,9317547,16492067,0.2,8.8,85.0,65,17.59,47,2463,0x0000000000000000
07:49:30,33573,7003,5602532,9317547,16492067,0.0,7.9,84.2,0,15.86,46,2411,0x0000000000000000
07:49:31,33563,7003,5602532,9317547,16492067,0.0,7.9,80.8,0,14.33,46,2411,0x0000000000000000
07:49:32,33546,7003,5602532,9317547,16492067,0.0,8.0,76.0,0,16.05,46,2450,0x0000000000000000
07:49:33,33583,7003,5602532,9317547,16492067,0.0,7.8,88.0,47,17.38,46,2457,0x0000000000000000
07:49:34,33587,7003,5602532,9317547,16492070,0.1,8.5,80.0,0,13.16,46,2411,0x0000000000000000
07:49:35,33575,7003,5602532,9317547,16492070,0.0,7.8,81.8,0,14.10,46,2411,0x0000000000000000
07:49:36,33589,7003,5602533,9317547,16492072,0.1,7.8,90.0,42,15.30,47,2431,0x0000000000000000
07:49:37,33615,7003,5602536,9317547,16492075,0.0,8.1,86.1,0,14.84,46,2463,0x0000000000000000
07:49:38,33605,7003,5602536,9317547,16492075,0.0,7.9,74.7,35,15.84,46,2463,0x0000000000000000
07:49:39,33569,7003,5602617,9317547,16492200,4.6,8.4,81.2,78,15.75,47,2450,0x0000000000000000
07:49:40,33570,7003,5602617,9317547,16492200,0.0,8.1,81.0,77,15.91,47,2450,0x0000000000000000
07:49:41,33547,7003,5602643,9317547,16492226,0.4,8.1,65.3,0,16.11,46,2463,0x0000000000000000
07:49:42,33513,7003,5602643,9317547,16492226,0.0,7.7,92.0,0,14.18,46,2411,0x0000000000000000
07:49:43,33477,7003,5602643,9317547,16492226,0.0,7.7,63.6,0,12.57,45,2411,0x0000000000000000
07:49:44,33488,7003,5602643,9317547,16492227,0.1,8.5,80.2,0,13.06,45,2411,0x0000000000000000
07:49:45,33467,7003,5602643,9317547,16492228,0.1,7.8,90.0,0,12.31,45,2411,0x0000000000000000
07:49:46,33481,7003,5602643,9317547,16492228,0.0,7.7,69.7,0,10.86,45,2411,0x0000000000000000
07:49:47,33480,7003,5602648,9317547,16492233,0.0,7.9,70.0,0,14.16,45,2411,0x0000000000000000
07:49:48,33463,7003,5602648,9317547,16492233,0.0,7.9,69.0,65,15.72,46,2457,0x0000000000000000
07:49:49,33431,7003,5602649,9317547,16492236,0.1,8.6,82.2,7,13.32,45,2418,0x0000000000000000
07:49:50,33430,7003,5602649,9317547,16492236,0.0,7.8,82.8,0,13.77,45,2450,0x0000000000000000
07:49:51,33456,7003,5602651,9317547,16492239,0.1,8.0,74.0,43,13.73,46,2431,0x0000000000000000
07:49:52,33464,7003,5602671,9317547,16492258,0.1,8.2,82.2,0,13.67,45,2411,0x0000000000000000
07:49:53,33440,7003,5602671,9317547,16492258,0.0,8.1,72.0,0,14.05,45,2411,0x0000000000000000
07:49:54,33435,7003,5602671,9317547,16492260,0.1,8.5,78.0,0,14.24,45,2463,0x0000000000000000
07:49:55,33430,7003,5602671,9317547,16492260,0.0,7.9,54.0,0,14.25,45,2463,0x0000000000000000
07:49:56,33411,7003,5602671,9317547,16492261,0.0,8.0,75.0,0,12.52,45,2411,0x0000000000000000
07:49:57,33406,7003,5602671,9317547,16492261,0.0,7.9,75.2,85,14.16,46,2450,0x0000000000000000
07:49:58,33399,7003,5602673,9317547,16492266,0.3,7.8,64.6,0,12.52,45,2450,0x0000000000000000
07:49:59,33366,7003,5602673,9317547,16492266,0.0,8.5,85.1,18,14.12,45,2463,0x0000000000000000
07:50:00,34182,7003,5602813,9317547,16492436,11.8,7.8,57.6,0,12.98,45,2411,0x0000000000000000
07:50:01,33294,7003,5604638,9317547,16494108,23.6,6.7,64.6,42,19.21,47,2450,0x0000000000000000
07:50:02,32922,7003,5604638,9317547,16494108,0.0,9.1,100.0,51,40.09,50,2470,0x0000000000000000
07:50:03,32664,7003,5604640,9317547,16494111,0.1,8.9,96.0,55,40.20,55,2470,0x0000000000000000
07:50:04,31416,7003,5604657,9317575,16494126,0.6,6.9,71.3,0,16.51,46,2411,0x0000000000000000
07:50:05,31343,7003,5604657,9317575,16494126,0.0,7.5,69.0,4,17.88,47,2483,0x0000000000000000
07:50:06,31346,7003,5604657,9317575,16494132,0.2,8.5,80.0,34,15.59,47,2424,0x0000000000000000
07:50:07,32963,7003,5604657,9317575,16494132,2.1,8.6,87.0,37,17.47,48,2431,0x0000000000000000
07:50:08,31995,7003,5604704,9317575,16494194,4.1,8.3,89.9,76,25.87,49,2450,0x0000000000000000
07:50:09,25673,7052,5604728,9337713,16494244,2.7,11.3,97.0,0,11.53,46,2411,0x0000000000000000
07:50:10,20574,7052,5606347,9337739,16495677,27.2,6.8,64.6,0,12.48,46,2444,0x0000000000000000
07:50:11,20903,7053,5611237,9337768,16500124,50.2,2.7,27.0,0,10.97,45,2411,0x0000000000000000
07:50:12,23034,7053,5613371,9337768,16501924,10.6,6.1,50.0,0,10.91,45,2411,0x0000000000000000
07:50:13,22747,7053,5613532,9337768,16502100,7.1,7.3,79.0,0,11.21,45,2411,0x0000000000000000
07:50:14,22832,7053,5613716,9337768,16502486,39.6,8.8,85.0,45,13.96,49,2437,0x0000000000000000
07:50:15,22816,7053,5613922,9337768,16502525,0.8,7.9,65.0,0,14.62,45,2418,0x0000000000000000
07:50:16,22913,7053,5614018,9337768,16502553,1.3,8.1,83.0,17,15.39,46,2457,0x0000000000000000
07:50:17,22781,7053,5614171,9337768,16502799,16.5,8.3,99.0,16,17.93,46,2431,0x0000000000000000
07:50:18,22802,7053,5614375,9337768,16502944,2.9,7.3,99.0,19,20.64,47,2476,0x0000000000000000
07:50:19,22792,7053,5614375,9337768,16502947,0.2,7.8,100.0,16,17.35,46,2431,0x0000000000000000
07:50:20,22700,7053,5614375,9337768,16502947,0.0,6.8,99.0,17,20.45,46,2463,0x0000000000000000
07:50:21,22671,7053,5614429,9337768,16502991,0.7,6.8,88.9,17,16.14,46,2431,0x0000000000000000
07:50:22,22693,7053,5614461,9337768,16503023,0.3,6.5,89.0,0,13.78,45,2424,0x0000000000000000
07:50:23,22638,7053,5614464,9337768,16503027,0.0,6.4,57.0,0,12.04,45,2411,0x0000000000000000
07:50:24,22453,7053,5614490,9337768,16503067,2.2,7.4,92.0,22,14.84,46,2437,0x0000000000000000
07:50:25,22426,7053,5614494,9337768,16503071,0.0,6.4,89.1,4,12.72,45,2437,0x0000000000000000
07:50:26,22345,7053,5614509,9337768,16503084,0.5,6.2,78.2,0,11.88,45,2411,0x0000000000000000
07:50:27,22310,7053,5614525,9337768,16503102,0.4,6.9,91.9,62,14.86,47,2457,0x0000000000000000
07:50:28,22172,7053,5614555,9337768,16503176,0.5,6.6,74.0,0,14.48,45,2411,0x0000000000000000
07:50:29,22025,7053,5614654,9337768,16503306,9.5,6.5,37.6,1,15.59,45,2411,0x0000000000000000
07:50:30,22037,7053,5614696,9337768,16503383,1.4,6.2,83.7,0,14.88,46,2437,0x0000000000000000
07:50:31,21900,7053,5614696,9337768,16503385,0.1,6.4,65.3,0,10.84,45,2411,0x0000000000000000
07:50:32,21896,7053,5614717,9337768,16503414,1.4,6.1,63.0,1,10.93,45,2411,0x0000000000000000
07:50:33,21926,7053,5614762,9337768,16503588,3.7,6.7,68.0,3,14.80,46,2463,0x0000000000000000
07:50:34,21930,7053,5614825,9337768,16504123,67.3,5.8,63.9,0,14.31,45,2411,0x0000000000000000
07:50:35,21947,7053,5614843,9337768,16504156,9.5,5.6,84.3,0,10.86,45,2411,0x0000000000000000
07:50:36,21913,7053,5630047,9337768,16508282,62.3,1.4,19.2,0,10.87,45,2411,0x0000000000000000
07:50:37,21880,7053,5640478,9337768,16512705,41.1,1.2,18.2,0,10.77,45,2411,0x0000000000000000
07:50:38,21874,7053,5645774,9337768,16517730,24.4,1.1,17.0,0,10.76,45,2411,0x0000000000000000
07:50:39,21829,7053,5656106,9337768,16522458,40.7,2.0,16.3,0,10.77,45,2411,0x0000000000000000
07:50:40,21816,6980,5671575,9337768,16527356,61.0,1.8,19.0,0,10.77,45,2411,0x0000000000000000
07:50:41,22020,6980,5677724,9337768,16531710,24.4,1.7,19.0,0,10.75,44,2411,0x0000000000000000
07:50:42,21987,6980,5684916,9337768,16536177,29.1,1.5,18.2,0,10.75,44,2411,0x0000000000000000
07:50:43,21950,6980,5693181,9337768,16540688,36.4,2.0,18.8,0,10.74,44,2411,0x0000000000000000
07:50:44,21794,6980,5718642,9337768,16545334,111.9,3.3,21.0,0,10.76,44,2411,0x0000000000000000
07:50:45,21755,6980,5726354,9337768,16548259,30.3,3.3,36.9,0,10.74,44,2411,0x0000000000000000
07:50:46,21729,6980,5732210,9337768,16551370,23.0,2.6,29.5,0,10.74,44,2411,0x0000000000000000
07:50:47,21693,6980,5741572,9337768,16555384,36.6,2.0,19.2,0,10.74,44,2411,0x0000000000000000
07:50:48,21568,6980,5757798,9337768,16557910,63.4,3.1,21.2,0,10.73,44,2411,0x0000000000000000
07:50:49,21432,6980,5757970,9337768,16557959,0.9,6.7,96.0,0,10.75,44,2411,0x0000000000000000
07:50:50,21414,6980,5757974,9337768,16557960,0.0,6.3,99.0,0,10.72,44,2411,0x0000000000000000
07:50:51,21280,6980,5757999,9337768,16557979,0.3,6.2,98.0,0,10.71,44,2411,0x0000000000000000
07:50:52,21126,6980,5758024,9337768,16558003,0.1,6.4,99.0,0,10.73,44,2411,0x0000000000000000
07:50:53,21039,6980,5758024,9337768,16558003,0.0,6.4,100.0,0,10.74,44,2411,0x0000000000000000
07:50:54,20889,6980,5758026,9337768,16558009,0.4,6.9,100.0,0,10.75,44,2411,0x0000000000000000
07:50:55,20889,6980,5758026,9337768,16558009,0.0,6.3,100.0,0,10.72,44,2411,0x0000000000000000
07:50:56,20870,6980,5758027,9337768,16558015,0.8,6.3,100.0,0,10.72,44,2411,0x0000000000000000
07:50:57,20857,6980,5758027,9337768,16558017,0.1,6.2,100.0,0,10.71,44,2411,0x0000000000000000
07:50:58,20958,6980,5759314,9337769,16558914,5.1,5.3,80.8,0,10.71,44,2411,0x0000000000000000
07:50:59,20331,6980,5760613,9337888,16559814,5.8,6.3,61.6,0,10.79,44,2411,0x0000000000000000
07:51:00,19914,6980,5760863,9337977,16560009,2.5,6.1,96.0,0,10.84,44,2411,0x0000000000000000
07:51:01,20011,6980,5765841,9337977,16563351,21.0,2.7,28.3,0,10.68,44,2411,0x0000000000000000
07:51:02,19963,6980,5777786,9337977,16568154,46.7,1.3,20.2,0,10.63,44,2411,0x0000000000000000
07:51:03,19927,6980,5787620,9337977,16572837,42.2,2.1,20.8,0,10.62,44,2411,0x0000000000000000
07:51:04,19881,6980,5795092,9337977,16576567,29.2,1.9,18.2,0,10.65,44,2411,0x0000000000000000
07:51:05,19830,6980,5805812,9337977,16581107,41.9,1.2,18.0,0,10.64,44,2411,0x0000000000000000
07:51:06,19792,6980,5816732,9337977,16585640,42.7,1.4,18.0,0,10.62,44,2411,0x0000000000000000
07:51:07,19745,6980,5828716,9337977,16590425,46.8,1.9,17.0,0,10.63,44,2411,0x0000000000000000
07:51:08,19705,6980,5839045,9337977,16594737,40.3,1.2,19.2,0,10.61,44,2411,0x0000000000000000
07:51:09,19663,6980,5848748,9337977,16599245,38.0,1.7,17.8,0,10.63,44,2411,0x0000000000000000
07:51:10,19696,6980,5860675,9337977,16604088,46.6,1.4,17.2,0,10.61,43,2411,0x0000000000000000
07:51:11,19608,6980,5877135,9337977,16607848,69.0,3.3,21.9,0,10.59,43,2411,0x0000000000000000
07:51:12,19635,6980,5877135,9337977,16607851,0.8,1.4,20.8,0,10.59,43,2411,0x0000000000000000
07:51:13,19634,6980,5877135,9337977,16607851,0.0,1.3,20.2,0,10.59,43,2411,0x0000000000000000
07:51:14,19592,6980,5877135,9337977,16607854,0.1,2.0,21.2,0,10.45,43,2405,0x0000000000000000
07:51:15,19592,6980,5877135,9337977,16607854,0.0,1.4,20.8,0,10.30,43,2405,0x0000000000000000
07:51:16,19589,6980,5877135,9337977,16607854,0.0,1.3,21.0,0,10.31,43,2405,0x0000000000000000
07:51:17,19588,6980,5877135,9337977,16607854,0.0,1.2,21.0,0,10.31,43,2405,0x0000000000000000
07:51:18,19588,6980,5877135,9337977,16607854,0.0,1.3,20.2,0,10.31,43,2405,0x0000000000000000
07:51:19,19568,6980,5877139,9337977,16607860,0.3,2.0,21.0,0,10.32,43,2405,0x0000000000000000
07:51:20,19569,6980,5877140,9337977,16607861,0.0,1.3,20.8,0,10.32,43,2405,0x0000000000000000
07:51:21,19550,6980,5877946,9337977,16608641,9.1,2.1,21.0,0,10.30,43,2405,0x0000000000000000
07:51:22,18081,6980,5881924,9337980,16612403,15.6,2.5,21.2,0,10.31,43,2405,0x0000000000000000
07:51:23,17135,6980,5881926,9337980,16671506,231.2,13.9,43.0,0,15.37,43,2411,0x0000000000000000
07:51:24,17070,6980,5881933,9337980,16671511,0.0,7.2,72.0,0,18.50,43,2405,0x0000000000000000
07:51:25,17041,6980,5881933,9337980,16671511,0.0,8.0,90.1,96,27.93,52,2489,0x0000000000000000
07:51:26,17040,6980,5881933,9337980,16671511,0.0,8.6,100.0,96,56.38,52,2483,0x0000000000000000
07:51:27,17041,6980,5881933,9337980,16671511,0.0,8.5,96.0,96,55.92,52,2483,0x0000000000000000
07:51:28,16993,6980,5881939,9337980,16676232,19.2,9.5,53.5,79,52.41,52,2463,0x0000000000000000
07:51:29,16986,6980,5881941,9337980,16676237,0.0,9.2,100.0,96,57.00,54,2483,0x0000000000000000
07:51:30,16994,6980,5881941,9337980,16676237,0.0,8.5,100.0,96,57.13,54,2476,0x0000000000000000
07:51:31,16997,6980,5881946,9337980,16676239,0.0,8.1,99.0,96,55.89,55,2476,0x0000000000000000
07:51:32,17006,6980,5881964,9337980,16676437,1.0,8.8,93.1,96,55.05,54,2496,0x0000000000000000
07:51:33,16992,6980,5881965,9337980,16676444,0.4,7.7,89.1,96,35.24,53,2496,0x0000000000000000
07:51:34,16996,6980,5881965,9337980,16676494,0.2,8.5,91.0,73,52.37,50,2483,0x0000000000000000
07:51:35,17003,6980,5881981,9337980,16676745,1.0,7.7,78.8,87,23.47,50,2496,0x0000000000000000
07:51:36,17005,6980,5881981,9337980,16676745,0.0,8.8,100.0,96,55.44,55,2470,0x0000000000000000
07:51:37,17009,6980,5881982,9337980,16676746,0.0,8.5,100.0,96,57.23,55,2476,0x0000000000000000
07:51:38,17017,6980,5881982,9337980,16676746,0.0,8.2,100.0,96,56.43,55,2476,0x0000000000000000
07:51:39,17019,6980,5881982,9337980,16676746,0.0,9.3,94.0,96,55.69,56,2476,0x0000000000000000
07:51:40,17024,6980,5881982,9337980,16676746,0.0,8.5,100.0,96,57.10,56,2476,0x0000000000000000
07:51:41,17026,6980,5882012,9337980,16676777,1.4,8.9,100.0,96,57.58,55,2476,0x0000000000000000
07:51:42,17031,6980,5882012,9337980,16676777,0.0,8.2,57.0,86,56.03,56,2489,0x0000000000000000
07:51:43,17025,6980,5882042,9337980,16676807,1.1,7.9,50.5,57,49.27,52,2470,0x0000000000000000
07:51:44,17017,6980,5882042,9337980,16676809,0.2,9.6,100.0,96,53.31,57,2489,0x0000000000000000
07:51:45,16997,6980,5883273,9337980,16678215,12.9,8.6,88.0,95,39.20,54,2496,0x0000000000000000
07:51:46,16988,6980,5885865,9337980,16680204,20.2,9.6,100.0,96,56.69,58,2476,0x0000000000000000
07:51:47,16988,6980,5887755,9337980,16681535,14.9,9.0,100.0,96,57.73,57,2476,0x0000000000000000
07:51:48,16989,6980,5887764,9337980,16681544,0.0,8.5,100.0,96,56.89,58,2476,0x0000000000000000
07:51:49,16981,6980,5887764,9337980,16681545,0.1,9.3,99.0,96,56.25,58,2476,0x0000000000000000
07:51:50,16983,6980,5887764,9337980,16681545,0.0,8.5,100.0,96,58.27,58,2470,0x0000000000000000
07:51:51,16983,6980,5887764,9337980,16681545,0.0,8.7,100.0,96,57.62,58,2470,0x0000000000000000
07:51:52,16984,6980,5887788,9337980,16681569,0.1,8.5,63.0,96,56.03,58,2489,0x0000000000000000
07:51:53,16984,6980,5887790,9337980,16681614,0.2,8.6,99.0,96,54.55,59,2476,0x0000000000000000
07:51:54,16980,6980,5887790,9337980,16681693,0.5,9.4,97.0,96,56.33,58,2489,0x0000000000000000
07:51:55,16981,6980,5887790,9337980,16681752,0.3,8.6,66.0,96,42.55,58,2476,0x0000000000000000
07:51:56,16981,6980,5887790,9337980,16681752,0.0,8.5,100.0,96,57.67,59,2470,0x0000000000000000
07:51:57,16982,6980,5887790,9337980,16681752,0.0,8.7,100.0,96,57.75,59,2470,0x0000000000000000
07:51:58,16986,6980,5887793,9337980,16681756,0.1,8.3,99.0,96,56.65,59,2483,0x0000000000000000
07:51:59,16982,6980,5887793,9337980,16681759,0.2,9.3,100.0,96,56.95,59,2470,0x0000000000000000
07:52:00,16982,6980,5887793,9337980,16681759,0.0,8.4,100.0,96,58.56,60,2476,0x0000000000000000
07:52:01,16982,6980,5887793,9337980,16681759,0.0,8.8,100.0,96,57.62,60,2476,0x0000000000000000
07:52:02,16984,6980,5887796,9337980,16681777,1.6,8.2,85.0,96,56.46,60,2496,0x0000000000000000
07:52:03,16983,6980,5887796,9337980,16681820,0.2,8.7,90.0,96,54.88,60,2489,0x0000000000000000
07:52:04,16977,6980,5887798,9337980,16681822,0.1,9.6,90.0,95,48.77,57,2489,0x0000000000000000
07:52:05,16976,6980,5887798,9337980,16681865,0.2,8.6,96.0,96,50.05,61,2463,0x0000000000000000
07:52:06,16976,6980,5887798,9337980,16681866,0.0,8.6,100.0,96,58.31,61,2470,0x0000000000000000
07:52:07,16977,6980,5887801,9337980,16681869,0.0,8.8,100.0,96,57.92,61,2476,0x0000000000000000
07:52:08,16982,6980,5887801,9337980,16681869,0.0,8.4,63.0,96,56.51,60,2470,0x0000000000000000
07:52:09,16980,6980,5887801,9337980,16681872,0.4,9.3,100.0,96,58.40,61,2470,0x0000000000000000
07:52:10,16978,6980,5888095,9337980,16682102,6.7,8.7,100.0,96,58.75,60,2470,0x0000000000000000
07:52:11,16978,6980,5888095,9337980,16682102,0.0,8.6,99.0,96,57.90,62,2470,0x0000000000000000
07:52:12,16978,6980,5888095,9337980,16682143,0.2,8.4,79.8,96,56.33,61,2496,0x0000000000000000
07:52:13,16978,6980,5888096,9337980,16682144,0.0,8.6,100.0,96,55.83,63,2489,0x0000000000000000
07:52:14,16975,6980,5888101,9337980,16682221,0.3,9.3,69.0,59,41.49,63,2470,0x0000000000000000
07:52:15,16975,6980,5888101,9337980,16682221,0.0,8.4,100.0,96,57.10,62,2470,0x0000000000000000
07:52:16,16964,6980,5888650,9337980,16682722,9.8,9.3,100.0,96,58.21,62,2463,0x0000000000000000
07:52:17,16963,6980,5888864,9337980,16682914,1.7,8.5,100.0,96,57.95,62,2470,0x0000000000000000
07:52:18,16966,6980,5888892,9337980,16682926,0.1,8.8,90.0,96,57.00,63,2470,0x0000000000000000
07:52:19,17073,6980,5888894,9337980,16682929,0.1,9.5,100.0,96,57.72,62,2457,0x0000000000000000
07:52:20,17073,6980,5888894,9337980,16682929,0.0,8.7,100.0,96,58.45,62,2470,0x0000000000000000
07:52:21,17072,6980,5888894,9337980,16682929,0.0,8.4,99.0,85,57.38,62,2483,0x0000000000000000
07:52:22,17057,6980,5888914,9337980,16682988,0.2,8.6,64.0,96,55.44,62,2476,0x0000000000000000
07:52:23,17055,6980,5888914,9337980,16683114,0.5,8.5,96.0,96,57.79,63,2476,0x0000000000000000
07:52:24,17039,6980,5888931,9337980,16683266,0.6,9.3,69.0,91,38.81,61,2463,0x0000000000000000
07:52:25,17038,6980,5888931,9337980,16683266,0.0,8.7,100.0,96,58.76,62,2470,0x0000000000000000
07:52:26,17038,6980,5888931,9337980,16683266,0.0,8.6,100.0,96,58.71,64,2463,0x0000000000000000
07:52:27,17038,6980,5888931,9337980,16683267,0.1,8.7,91.1,96,57.85,63,2463,0x0000000000000000
07:52:28,17037,6980,5888933,9337980,16683269,0.0,8.5,100.0,96,58.19,63,2463,0x0000000000000000
07:52:29,17029,6980,5888933,9337980,16683270,0.0,9.3,100.0,96,59.08,64,2457,0x0000000000000000
07:52:30,17029,6980,5888933,9337980,16683270,0.0,8.7,100.0,96,58.88,64,2463,0x0000000000000000
07:52:31,17028,6980,5888933,9337980,16683270,0.0,8.3,65.7,96,57.06,63,2476,0x0000000000000000
07:52:32,17028,6980,5888933,9337980,16683314,0.2,8.5,98.0,96,55.73,63,2476,0x0000000000000000
07:52:33,17027,6980,5888933,9337980,16683346,0.1,8.7,99.0,94,54.34,61,2476,0x0000000000000000
07:52:34,17019,6980,5888944,9337980,16683394,0.3,9.6,76.0,96,46.70,65,2457,0x0000000000000000
07:52:35,17020,6980,5888944,9337980,16683394,0.0,8.8,100.0,96,58.84,64,2450,0x0000000000000000
07:52:36,17020,6980,5888944,9337980,16683394,0.0,8.6,100.0,96,59.05,63,2457,0x0000000000000000
07:52:37,17017,6980,5888957,9337980,16683400,0.1,8.4,63.6,87,56.95,61,2457,0x0000000000000000
07:52:38,17017,6980,5888961,9337980,16683405,0.1,8.7,100.0,96,59.58,64,2457,0x0000000000000000
07:52:39,17009,6980,5888961,9337980,16683406,0.0,9.4,100.0,96,59.60,67,2457,0x0000000000000000
07:52:40,17009,6980,5888961,9337980,16683406,0.0,8.6,100.0,96,58.94,64,2463,0x0000000000000000
07:52:41,17009,6980,5888962,9337980,16683408,0.0,8.6,99.0,96,57.47,65,2476,0x0000000000000000
07:52:42,17009,6980,5888962,9337980,16683469,0.2,8.6,98.0,96,56.01,65,2470,0x0000000000000000
07:52:43,17007,6980,5888966,9337980,16683532,0.2,8.7,70.4,95,47.32,61,2489,0x0000000000000000
07:52:44,17010,6980,5888966,9337980,16683532,0.0,9.3,100.0,96,55.24,65,2457,0x0000000000000000
07:52:45,17010,6980,5888966,9337980,16683532,0.0,8.5,100.0,96,58.86,63,2450,0x0000000000000000
07:52:46,17010,6980,5888966,9337980,16683532,0.0,8.6,100.0,96,58.73,65,2457,0x0000000000000000
07:52:47,17015,6980,5888966,9337980,16683532,0.0,8.6,99.0,96,57.55,65,2457,0x0000000000000000
07:52:48,17016,6980,5888966,9337980,16683532,0.0,8.5,100.0,96,59.71,64,2457,0x0000000000000000
07:52:49,17015,6980,5888973,9337980,16683540,0.3,9.0,100.0,96,59.92,69,2457,0x0000000000000000
07:52:50,17015,6980,5888973,9337980,16683540,0.0,8.7,70.0,96,58.30,65,2470,0x0000000000000000
07:52:51,17012,6980,5888973,9337980,16683583,0.2,8.8,66.7,96,55.88,63,2476,0x0000000000000000
07:52:52,17012,6980,5888999,9337980,16683609,0.1,8.8,100.0,96,58.65,66,2470,0x0000000000000000
07:52:53,17009,6980,5889018,9337980,16683702,0.4,8.3,79.2,84,40.16,61,2489,0x0000000000000000
07:52:54,17008,6980,5889023,9337980,16683710,0.1,9.5,100.0,96,58.23,66,2457,0x0000000000000000
07:52:55,17007,6980,5889023,9337980,16683710,0.0,8.5,100.0,96,59.28,66,2457,0x0000000000000000
07:52:56,17007,6980,5889023,9337980,16683710,0.0,8.3,100.0,96,58.77,66,2457,0x0000000000000000
07:52:57,17013,6980,5889023,9337980,16683710,0.0,8.6,99.0,96,57.86,66,2457,0x0000000000000000
07:52:58,17013,6980,5889025,9337980,16683712,0.0,8.5,100.0,96,59.87,65,2457,0x0000000000000000
07:52:59,17012,6980,5889025,9337980,16683713,0.0,9.6,100.0,96,59.75,65,2463,0x0000000000000000
07:53:00,17013,6980,5889025,9337980,16683713,0.0,8.5,99.0,88,58.69,66,2463,0x0000000000000000
07:53:01,17013,6980,5889025,9337980,16683755,0.2,8.6,99.0,76,56.42,66,2463,0x0000000000000000
07:53:02,17013,6980,5889029,9337980,16683756,0.0,8.7,100.0,96,58.60,66,2470,0x0000000000000000
07:53:03,17008,6980,5889029,9337980,16683796,0.2,8.5,89.9,96,44.43,66,2450,0x0000000000000000
07:53:04,17008,6980,5889029,9337980,16683800,0.1,9.3,100.0,96,59.81,66,2457,0x0000000000000000
07:53:05,17007,6980,5889029,9337980,16683800,0.0,8.4,100.0,96,59.58,66,2457,0x0000000000000000
07:53:06,17013,6980,5889029,9337980,16683800,0.0,8.5,99.0,96,59.15,70,2457,0x0000000000000000
07:53:07,17013,6980,5889029,9337980,16683800,0.0,8.8,100.0,96,58.11,67,2457,0x0000000000000000
07:53:08,17013,6980,5889029,9337980,16683800,0.0,8.6,100.0,96,60.27,65,2457,0x0000000000000000
07:53:09,17012,6980,5889030,9337980,16683803,0.2,9.2,100.0,96,59.47,67,2457,0x0000000000000000
07:53:10,17012,6980,5889030,9337980,16683803,0.0,8.4,75.8,96,58.03,67,2476,0x0000000000000000
07:53:11,17011,6980,5889031,9337980,16683846,0.2,8.8,78.0,96,56.49,67,2470,0x0000000000000000
07:53:12,17006,6980,5889044,9337980,16683857,0.1,8.8,93.0,94,53.24,64,2476,0x0000000000000000
07:53:13,17006,6980,5889044,9337980,16683901,0.2,8.6,99.0,96,51.24,67,2457,0x0000000000000000
07:53:14,17005,6980,5889044,9337980,16683902,0.0,9.4,100.0,96,59.88,69,2450,0x0000000000000000
07:53:15,17005,6980,5889044,9337980,16683902,0.0,8.6,100.0,96,59.85,67,2457,0x0000000000000000
07:53:16,17008,6980,5889044,9337980,16683902,0.0,8.5,84.0,96,57.89,67,2444,0x0000000000000000
07:53:17,17007,6980,5889044,9337980,16683902,0.0,8.9,100.0,96,60.43,68,2457,0x0000000000000000
07:53:18,17007,6980,5889044,9337980,16683902,0.0,8.7,100.0,96,60.70,70,2457,0x0000000000000000
07:53:19,17007,6980,5889094,9337980,16683959,0.7,9.2,88.9,96,59.37,68,2457,0x0000000000000000
07:53:20,17006,6980,5889094,9337980,16684033,0.3,8.4,98.0,95,58.33,67,2476,0x0000000000000000
07:53:21,17010,6980,5889094,9337980,16684035,0.1,9.2,100.0,96,57.02,67,2470,0x0000000000000000
07:53:22,17006,6980,5889120,9337980,16684207,0.7,8.9,88.8,76,43.62,64,2470,0x0000000000000000
07:53:23,17007,6980,5889142,9337980,16684264,3.4,8.7,100.0,96,58.08,67,2457,0x0000000000000000
07:53:24,17006,6980,5889142,9337980,16684265,0.0,9.7,100.0,96,60.10,68,2450,0x0000000000000000
07:53:25,17006,6980,5889142,9337980,16684265,0.0,8.4,100.0,96,59.56,69,2457,0x0000000000000000
07:53:26,17006,6980,5889142,9337980,16684265,0.0,8.5,78.0,96,58.54,68,2457,0x0000000000000000
07:53:27,17007,6980,5889142,9337980,16684265,0.0,9.2,100.0,96,60.69,68,2457,0x0000000000000000
07:53:28,17006,6980,5889245,9337980,16684365,0.4,8.7,100.0,96,60.63,67,2457,0x0000000000000000
07:53:29,17003,6980,5889245,9337980,16684365,0.0,9.0,64.0,85,59.17,68,2463,0x0000000000000000
07:53:30,17003,6980,5889246,9337980,16684427,0.6,8.1,59.6,83,56.82,67,2470,0x0000000000000000
07:53:31,17002,6980,5889246,9337980,16684427,0.0,7.0,100.0,96,59.46,68,2476,0x0000000000000000
07:53:32,17000,6980,5889246,9337980,16684452,0.1,7.6,94.0,96,46.18,68,2444,0x0000000000000000
07:53:33,17000,6980,5889246,9337980,16684452,0.0,6.9,100.0,96,60.07,69,2450,0x0000000000000000
07:53:34,16993,6980,5889246,9337980,16684453,0.1,8.1,100.0,96,60.42,72,2450,0x0000000000000000
07:53:35,16994,6980,5889246,9337980,16684453,0.0,6.8,99.0,96,59.36,69,2457,0x0000000000000000
07:53:36,16994,6980,5889246,9337980,16684453,0.0,7.2,100.0,96,59.32,69,2457,0x0000000000000000
07:53:37,16994,6980,5889246,9337980,16684453,0.0,7.1,100.0,96,60.44,72,2450,0x0000000000000000
07:53:38,16994,6980,5889246,9337980,16684453,0.0,6.9,100.0,96,60.62,69,2457,0x0000000000000000
07:53:39,16990,6980,5889246,9337980,16684453,0.0,7.9,78.0,96,58.98,69,2476,0x0000000000000000
07:53:40,16990,6980,5889246,9337980,16684494,0.2,7.2,99.0,96,56.99,68,2470,0x0000000000000000
07:53:41,16989,6980,5889247,9337980,16684495,0.0,7.3,100.0,94,56.08,66,2476,0x0000000000000000
07:53:42,17082,6980,5889247,9337980,16684534,0.2,7.3,93.1,96,47.86,68,2457,0x0000000000000000
07:53:43,17071,6980,5889247,9337980,16684537,0.1,7.4,100.0,96,60.58,68,2457,0x0000000000000000
07:53:44,17062,6980,5889247,9337980,16684537,0.0,7.8,100.0,96,60.19,68,2463,0x0000000000000000
07:53:45,17062,6980,5889247,9337980,16684537,0.0,7.1,65.0,78,58.47,67,2470,0x0000000000000000
07:53:46,17062,6980,5889247,9337980,16684537,0.0,7.1,100.0,96,60.88,69,2457,0x0000000000000000
07:53:47,17061,6980,5889252,9337980,16684540,0.0,7.0,100.0,96,60.81,69,2463,0x0000000000000000
07:53:48,17060,6980,5889252,9337980,16684540,0.0,6.7,100.0,96,60.36,69,2450,0x0000000000000000
07:53:49,17050,6980,5889252,9337980,16684542,0.2,7.7,99.0,96,58.84,69,2476,0x0000000000000000
07:53:50,17049,6980,5889252,9337980,16684566,0.1,7.2,94.0,96,57.15,69,2470,0x0000000000000000
07:53:51,17048,6980,5889254,9337980,16684661,0.4,7.2,91.0,78,50.03,65,2470,0x0000000000000000
07:53:52,17043,6980,5889275,9337980,16684725,0.3,7.5,98.0,96,50.82,71,2457,0x0000000000000000
07:53:53,17042,6980,5889275,9337980,16684725,0.0,7.5,100.0,96,60.53,69,2457,0x0000000000000000
07:53:54,17031,6980,5889275,9337980,16684726,0.1,10.0,100.0,96,60.24,69,2457,0x0000000000000000
07:53:55,17031,6980,5889275,9337980,16684726,0.0,8.6,99.0,96,58.88,72,2444,0x0000000000000000
07:53:56,17027,6980,5889276,9337980,16684739,1.2,9.4,100.0,96,60.93,69,2450,0x0000000000000000
07:53:57,17027,6980,5889278,9337980,16684741,0.0,8.6,100.0,96,61.71,70,2450,0x0000000000000000
07:53:58,17026,6980,5889278,9337980,16684741,0.0,8.3,100.0,96,60.16,69,2457,0x0000000000000000
07:53:59,17017,6980,5889278,9337980,16684783,0.2,9.3,98.0,96,58.39,69,2476,0x0000000000000000
07:54:00,17018,6980,5889278,9337980,16684783,0.0,9.3,100.0,96,57.79,70,2470,0x0000000000000000
07:54:01,17019,6980,5889280,9337980,16684951,0.7,8.6,73.7,77,45.21,64,2463,0x0000000000000000
07:54:02,17018,6980,5889280,9337980,16684951,0.0,8.5,100.0,96,56.38,68,2457,0x0000000000000000
07:54:03,17018,6980,5889280,9337980,16684951,0.0,8.5,100.0,96,60.63,69,2457,0x0000000000000000
07:54:04,17008,6980,5889281,9337980,16684953,0.0,9.4,100.0,96,60.05,68,2457,0x0000000000000000
07:54:05,17007,6980,5889281,9337980,16684953,0.0,8.6,99.0,96,58.96,70,2450,0x0000000000000000
07:54:06,17006,6980,5889281,9337980,16684953,0.0,8.5,100.0,96,61.14,72,2450,0x0000000000000000
07:54:07,17008,6980,5889281,9337980,16684953,0.0,8.6,100.0,96,60.92,70,2450,0x0000000000000000
07:54:08,17007,6980,5889281,9337980,16684953,0.0,8.3,99.0,96,60.10,70,2457,0x0000000000000000
07:54:09,17006,6980,5889283,9337980,16684996,0.3,9.3,99.0,95,57.30,67,2476,0x0000000000000000
07:54:10,17005,6980,5889327,9337980,16685040,1.2,8.6,100.0,96,59.26,70,2470,0x0000000000000000
07:54:11,17005,6980,5889328,9337980,16685083,0.2,9.1,86.9,96,46.12,69,2463,0x0000000000000000
07:54:12,17004,6980,5889328,9337980,16685083,0.0,8.5,100.0,96,60.75,70,2457,0x0000000000000000
07:54:13,17004,6980,5889328,9337980,16685083,0.0,8.8,100.0,96,61.11,71,2457,0x0000000000000000
07:54:14,16995,6980,5889328,9337980,16685083,0.0,9.4,99.0,96,60.11,70,2457,0x0000000000000000
07:54:15,16995,6980,5889331,9337980,16685085,0.0,8.6,100.0,96,59.46,69,2457,0x0000000000000000
07:54:16,16994,6980,5889331,9337980,16685085,0.0,8.7,100.0,96,61.05,73,2450,0x0000000000000000
07:54:17,16994,6980,5889331,9337980,16685085,0.0,8.5,100.0,96,60.76,71,2450,0x0000000000000000
07:54:18,16994,6980,5889334,9337980,16685088,0.0,8.4,99.0,96,59.06,70,2470,0x0000000000000000
07:54:19,16994,6980,5889334,9337980,16685147,0.3,9.1,99.0,96,57.68,69,2463,0x0000000000000000
07:54:20,16995,6980,5889334,9337980,16685147,0.0,8.7,99.0,96,58.92,69,2470,0x0000000000000000
07:54:21,16994,6980,5889337,9337980,16685208,0.2,8.5,69.0,96,43.78,72,2444,0x0000000000000000
07:54:22,16993,6980,5889352,9337980,16685223,0.1,9.1,100.0,96,61.19,71,2450,0x0000000000000000
07:54:23,16993,6980,5889353,9337980,16685224,0.0,8.5,100.0,96,60.81,69,2457,0x0000000000000000
07:54:24,16989,6980,5889353,9337980,16685224,0.0,9.7,80.0,96,60.50,71,2450,0x0000000000000000
07:54:25,16989,6980,5889353,9337980,16685224,0.0,8.7,100.0,96,59.94,73,2450,0x0000000000000000
07:54:26,16985,6980,5889353,9337980,16685224,0.0,9.1,100.0,96,61.87,69,2457,0x0000000000000000
07:54:27,16985,6980,5889353,9337980,16685225,0.1,8.5,100.0,96,60.78,70,2450,0x0000000000000000
07:54:28,16984,6980,5889353,9337980,16685225,0.0,8.8,78.0,96,59.30,70,2476,0x0000000000000000
07:54:29,16981,6980,5889354,9337980,16685266,0.2,9.4,99.0,96,58.00,70,2470,0x0000000000000000
07:54:30,16981,6980,5889355,9337980,16685267,0.0,8.8,96.9,94,53.69,67,2470,0x0000000000000000
07:54:31,16977,6980,5889356,9337980,16685302,0.1,8.8,96.0,96,51.05,70,2450,0x0000000000000000
07:54:32,16979,6980,5889356,9337980,16685302,0.0,8.9,100.0,96,60.96,70,2450,0x0000000000000000
07:54:33,16980,6980,5889356,9337980,16685302,0.0,8.5,100.0,96,60.78,71,2457,0x0000000000000000
07:54:34,16984,6980,5889356,9337980,16685305,0.3,9.3,99.0,96,58.81,70,2450,0x0000000000000000
07:54:35,16985,6980,5889356,9337980,16685305,0.0,8.6,100.0,96,61.58,70,2457,0x0000000000000000
07:54:36,16985,6980,5889356,9337980,16685305,0.0,8.6,100.0,96,61.21,72,2450,0x0000000000000000
07:54:37,16985,6980,5889356,9337980,16685305,0.0,8.5,97.0,96,60.52,70,2450,0x0000000000000000
07:54:38,16985,6980,5889356,9337980,16685346,0.2,8.8,98.0,96,59.24,70,2463,0x0000000000000000
07:54:39,16984,6980,5889358,9337980,16685348,0.1,9.4,100.0,96,58.01,72,2470,0x0000000000000000
07:54:40,16980,6980,5889361,9337980,16685554,0.7,8.7,88.9,78,46.85,66,2463,0x0000000000000000
07:54:41,16980,6980,5889361,9337980,16685568,0.2,8.8,100.0,96,53.88,74,2450,0x0000000000000000
07:54:42,16980,6980,5889361,9337980,16685568,0.0,8.8,100.0,96,61.08,70,2450,0x0000000000000000
07:54:43,16978,6980,5889361,9337980,16685568,0.0,8.5,100.0,96,61.06,71,2457,0x0000000000000000
07:54:44,16980,6979,5889362,9337980,16685569,0.0,9.3,99.0,96,59.33,71,2444,0x0000000000000000
07:54:45,16980,6979,5889362,9337980,16685569,0.0,8.5,100.0,96,61.65,72,2457,0x0000000000000000
07:54:46,16981,6979,5889362,9337980,16685569,0.0,8.7,100.0,96,61.44,70,2457,0x0000000000000000
07:54:47,16981,6979,5889363,9337980,16685570,0.0,8.2,99.0,96,60.48,73,2457,0x0000000000000000
07:54:48,16981,6979,5889368,9337980,16685617,0.2,8.7,99.0,96,59.10,72,2470,0x0000000000000000
07:54:49,16982,6979,5889368,9337980,16685617,0.0,9.5,100.0,96,58.37,71,2463,0x0000000000000000
07:54:50,16978,6979,5889371,9337980,16685694,0.3,8.9,69.7,94,47.27,69,2470,0x0000000000000000
07:54:51,16978,6979,5889371,9337980,16685694,0.0,8.8,100.0,96,60.08,72,2450,0x0000000000000000
07:54:52,16978,6979,5889399,9337980,16685721,0.1,9.0,100.0,96,61.35,71,2457,0x0000000000000000
07:54:53,16978,6979,5889400,9337980,16685722,0.0,8.5,100.0,96,60.90,71,2450,0x0000000000000000
07:54:54,16976,6979,5889400,9337980,16685722,0.0,9.7,100.0,96,59.91,71,2450,0x0000000000000000
07:54:55,16976,6979,5889400,9337980,16685722,0.0,8.6,100.0,96,61.69,74,2450,0x0000000000000000
07:54:56,16976,6979,5889400,9337980,16685722,0.0,8.8,100.0,96,61.33,75,2444,0x0000000000000000
07:54:57,16976,6979,5889400,9337980,16685722,0.0,8.4,99.0,95,60.10,71,2450,0x0000000000000000
07:54:58,16976,6979,5889400,9337980,16685779,0.2,8.6,98.0,96,57.99,71,2457,0x0000000000000000
07:54:59,16977,6979,5889400,9337980,16685779,0.0,10.2,100.0,96,60.14,73,2463,0x0000000000000000
07:55:00,16973,6979,5889400,9337980,16685805,0.1,8.7,68.3,96,45.77,71,2437,0x0000000000000000
07:55:01,16973,6979,5889400,9337980,16685807,0.2,8.7,100.0,96,61.32,73,2450,0x0000000000000000
07:55:02,16973,6979,5889400,9337980,16685807,0.0,8.7,100.0,96,61.51,73,2444,0x0000000000000000
07:55:03,16979,6979,5889402,9337980,16685809,0.0,8.6,99.0,96,60.78,72,2444,0x0000000000000000
07:55:04,16971,6979,5889405,9337980,16685814,0.0,9.6,100.0,96,60.05,72,2444,0x0000000000000000
07:55:05,16971,6979,5889405,9337980,16685814,0.0,8.5,100.0,96,62.35,72,2444,0x0000000000000000
07:55:06,16972,6979,5889405,9337980,16685814,0.0,8.6,100.0,96,61.19,71,2450,0x0000000000000000
07:55:07,16972,6979,5889405,9337980,16685814,0.0,8.7,99.0,96,60.15,72,2463,0x0000000000000000
07:55:08,16972,6979,5889405,9337980,16685843,0.1,8.9,99.0,96,58.36,72,2463,0x0000000000000000
07:55:09,16971,6979,5889405,9337980,16685944,0.4,9.7,97.0,94,54.80,68,2463,0x0000000000000000
07:55:10,17076,6979,5889412,9337980,16686017,0.3,8.8,92.0,96,47.28,70,2457,0x0000000000000000
07:55:11,17073,6979,5889412,9337980,16686017,0.0,8.8,100.0,96,61.68,71,2450,0x0000000000000000
07:55:12,17072,6979,5889412,9337980,16686017,0.0,8.7,100.0,96,61.61,72,2437,0x0000000000000000
07:55:13,17071,6979,5889412,9337980,16686017,0.0,8.4,66.0,95,59.77,72,2450,0x0000000000000000
07:55:14,17061,6979,5889412,9337980,16686018,0.0,9.4,100.0,96,62.02,73,2444,0x0000000000000000
07:55:15,17060,6979,5889412,9337980,16686018,0.0,8.8,100.0,96,61.86,72,2437,0x0000000000000000
07:55:16,17060,6979,5889412,9337980,16686018,0.0,8.5,100.0,96,61.50,71,2444,0x0000000000000000
07:55:17,17058,6979,5889412,9337980,16686018,0.0,9.0,92.9,96,60.26,72,2457,0x0000000000000000
07:55:18,17055,6979,5889412,9337980,16686061,0.2,10.1,99.0,96,58.66,72,2457,0x0000000000000000
07:55:19,17043,6979,5889413,9337980,16686125,0.2,9.6,79.0,94,50.10,68,2470,0x0000000000000000
07:55:20,17042,6979,5889482,9337980,16686204,1.2,8.7,100.0,96,57.64,73,2444,0x0000000000000000
07:55:21,17039,6979,5889482,9337980,16686204,0.0,8.8,100.0,96,61.56,74,2444,0x0000000000000000
07:55:22,17039,6979,5889506,9337980,16686228,0.1,8.6,100.0,96,61.04,72,2444,0x0000000000000000
07:55:23,17034,6979,5889619,9337980,16686334,2.1,8.7,99.0,96,60.00,72,2450,0x0000000000000000
07:55:24,17024,6979,5889968,9337980,16686614,4.6,9.7,100.0,96,61.85,72,2444,0x0000000000000000
07:55:25,17024,6979,5889968,9337980,16686615,0.1,8.5,100.0,96,62.02,72,2444,0x0000000000000000
07:55:26,17022,6979,5889968,9337980,16686615,0.0,8.8,99.0,96,60.83,73,2450,0x0000000000000000
07:55:27,17021,6979,5889968,9337980,16686640,0.1,8.6,99.0,96,58.36,71,2457,0x0000000000000000
07:55:28,17021,6979,5889968,9337980,16686640,0.0,8.7,100.0,96,60.69,74,2457,0x0000000000000000
07:55:29,17020,6979,5889969,9337980,16686676,0.1,9.8,92.1,95,44.59,72,2470,0x0000000000000000
07:55:30,17020,6979,5889969,9337980,16686676,0.0,8.5,100.0,96,61.38,71,2444,0x0000000000000000
07:55:31,17013,6979,5889969,9337980,16686676,2.0,9.4,100.0,96,61.47,76,2437,0x0000000000000000
07:55:32,17011,6979,5889969,9337980,16686676,0.0,8.7,100.0,96,60.93,73,2444,0x0000000000000000
07:55:33,17011,6979,5889969,9337980,16686676,0.0,8.6,98.0,96,60.33,73,2444,0x0000000000000000
07:55:34,17003,6979,5889969,9337980,16686676,0.0,9.2,100.0,96,62.09,74,2444,0x0000000000000000
07:55:35,17003,6979,5889969,9337980,16686676,0.0,8.6,100.0,96,61.64,73,2450,0x0000000000000000
07:55:36,17004,6979,5889969,9337980,16686676,0.0,8.5,100.0,89,60.54,72,2457,0x0000000000000000
07:55:37,17003,6979,5889969,9337980,16686701,0.1,8.7,100.0,96,58.55,72,2457,0x0000000000000000
07:55:38,17003,6979,5889969,9337980,16686701,0.0,8.7,99.0,96,60.68,72,2457,0x0000000000000000
07:55:39,17003,6979,5890305,9337980,16687206,5.3,9.5,79.0,94,37.76,69,2463,0x0000000000000000
07:55:40,17002,6979,5890314,9337980,16687215,0.0,8.7,100.0,96,60.39,72,2450,0x0000000000000000
07:55:41,17002,6979,5890314,9337980,16687215,0.0,8.8,100.0,96,61.41,73,2437,0x0000000000000000
07:55:42,17001,6979,5890314,9337980,16687215,0.0,8.6,100.0,96,61.54,72,2450,0x0000000000000000
07:55:43,17000,6979,5890314,9337980,16687215,0.0,8.5,81.0,96,60.16,73,2437,0x0000000000000000
07:55:44,16997,6979,5890314,9337980,16687215,0.0,10.2,100.0,96,62.32,73,2444,0x0000000000000000
07:55:45,16999,6979,5890314,9337980,16687215,0.0,8.8,100.0,96,62.44,73,2444,0x0000000000000000
07:55:46,16999,6979,5890314,9337980,16687215,0.0,8.5,99.0,85,60.75,72,2457,0x0000000000000000
07:55:47,16998,6979,5890314,9337980,16687308,0.4,8.7,98.0,75,58.52,72,2457,0x0000000000000000
07:55:48,16998,6979,5890314,9337980,16687308,0.0,8.8,100.0,96,60.84,73,2450,0x0000000000000000
07:55:49,16997,6979,5890314,9337980,16687350,0.2,9.8,74.0,96,47.82,72,2444,0x0000000000000000
07:55:50,16996,6979,5890314,9337980,16687350,0.0,8.6,100.0,96,61.96,73,2444,0x0000000000000000
07:55:51,16995,6979,5890314,9337980,16687350,0.0,8.9,100.0,96,61.93,72,2444,0x0000000000000000
07:55:52,16999,6979,5890331,9337980,16687366,0.1,8.7,82.0,96,61.29,74,2444,0x0000000000000000
07:55:53,16999,6979,5890331,9337980,16687366,0.0,9.0,100.0,96,61.06,73,2437,0x0000000000000000
07:55:54,16995,6979,5890353,9337980,16687395,0.8,9.8,100.0,96,62.21,74,2437,0x0000000000000000
07:55:55,16995,6979,5890353,9337980,16687395,0.0,8.6,99.0,96,61.87,74,2444,0x0000000000000000
07:55:56,16995,6979,5890353,9337980,16687395,0.0,8.7,74.0,96,60.45,73,2463,0x0000000000000000
07:55:57,16995,6979,5890353,9337980,16687437,0.2,8.7,78.0,96,58.83,73,2457,0x0000000000000000
07:55:58,16994,6979,5890353,9337980,16687461,0.1,8.9,98.0,94,55.08,70,2463,0x0000000000000000
07:55:59,17060,6979,5890355,9337980,16687503,0.2,9.9,95.9,96,51.18,73,2444,0x0000000000000000
07:56:00,17058,6979,5890355,9337980,16687503,0.0,8.5,100.0,96,61.71,74,2444,0x0000000000000000
07:56:01,17057,6979,5890576,9337980,16687630,0.9,8.7,100.0,96,61.99,73,2444,0x0000000000000000
07:56:02,17042,6979,5892920,9337980,16688970,9.3,8.9,99.0,77,60.09,71,2450,0x0000000000000000
07:56:03,17042,6979,5892920,9337980,16688970,0.0,8.9,100.0,96,62.14,75,2444,0x0000000000000000
07:56:04,17022,6979,5892920,9337980,16688970,0.0,9.4,100.0,96,62.51,74,2444,0x0000000000000000
07:56:05,17020,6979,5892920,9337980,16688970,0.0,8.4,99.0,96,61.65,72,2444,0x0000000000000000
07:56:06,17018,6979,5892927,9337980,16688995,0.1,8.7,97.0,95,60.27,74,2457,0x0000000000000000
07:56:07,17017,6979,5892927,9337980,16688995,0.0,8.9,100.0,96,59.00,73,2450,0x0000000000000000
07:56:08,17016,6979,5892928,9337980,16689013,0.1,9.0,98.0,93,51.24,70,2470,0x0000000000000000
07:56:09,17010,6979,5892928,9337980,16689042,0.4,9.4,79.8,96,49.27,73,2444,0x0000000000000000
07:56:10,17010,6979,5892928,9337980,16689042,0.0,8.6,100.0,96,61.96,74,2444,0x0000000000000000
07:56:11,17010,6979,5892928,9337980,16689042,0.0,8.5,100.0,96,62.09,73,2444,0x0000000000000000
07:56:12,17009,6979,5892928,9337980,16689042,0.0,8.8,99.0,91,60.01,71,2450,0x0000000000000000
07:56:13,17009,6979,5892929,9337980,16689043,0.0,8.6,100.0,96,62.47,77,2444,0x0000000000000000
07:56:14,16999,6979,5892929,9337980,16689044,0.1,9.1,100.0,96,62.33,74,2444,0x0000000000000000
07:56:15,16997,6979,5892929,9337980,16689044,0.0,8.2,100.0,96,61.92,77,2444,0x0000000000000000
07:56:16,16997,6979,5892931,9337980,16689046,0.0,8.4,99.0,96,60.25,75,2457,0x0000000000000000
07:56:17,16997,6979,5892931,9337980,16689046,0.0,8.4,97.0,96,59.10,74,2457,0x0000000000000000
07:56:18,16992,6979,5892935,9337980,16689050,0.0,8.5,94.1,94,51.30,70,2470,0x0000000000000000
07:56:19,16990,6979,5892935,9337980,16689092,0.2,8.2,95.0,96,54.34,74,2444,0x0000000000000000
07:56:20,16990,6979,5892935,9337980,16689092,0.0,7.7,100.0,96,62.16,74,2444,0x0000000000000000
07:56:21,16990,6979,5892935,9337980,16689092,0.0,7.0,100.0,96,61.78,74,2437,0x0000000000000000
07:56:22,16989,6979,5892956,9337980,16689113,0.1,7.2,53.0,96,60.46,72,2444,0x0000000000000000
07:56:23,16989,6979,5892956,9337980,16689113,0.0,7.1,100.0,96,62.46,74,2444,0x0000000000000000
07:56:24,16979,6979,5892956,9337980,16689113,0.0,8.0,100.0,96,62.66,75,2444,0x0000000000000000
07:56:25,16978,6979,5892956,9337980,16689113,0.0,6.9,99.0,96,61.53,73,2444,0x0000000000000000
07:56:26,16976,6979,5892956,9337980,16689153,0.2,7.5,87.9,96,60.43,75,2457,0x0000000000000000
07:56:27,16976,6979,5892956,9337980,16689153,0.0,7.2,100.0,96,59.32,74,2450,0x0000000000000000
07:56:28,17044,6979,5893015,9337980,16689534,7.4,7.2,60.0,94,47.37,70,2470,0x0000000000000000
07:56:29,17002,6979,5893016,9337980,16689618,0.4,7.8,84.8,95,23.03,71,2411,0x0000000000000000
07:56:30,17004,6979,5893016,9337980,16689804,0.7,8.9,93.0,84,35.93,69,2463,0x0000000000000000
07:56:31,17040,6979,5893016,9337980,16690295,1.9,8.0,84.8,83,35.07,69,2470,0x0000000000000000
07:56:32,17034,6979,5893016,9337980,16690792,1.9,7.9,67.7,84,33.94,68,2457,0x0000000000000000
07:56:33,17033,6979,5893021,9337980,16691219,1.7,8.0,89.0,82,34.84,68,2470,0x0000000000000000
07:56:34,16998,6979,5893089,9337980,16691409,1.2,4.9,35.6,0,30.09,66,2450,0x0000000000000000
07:56:35,17042,6979,5893263,9337980,16695263,15.2,8.0,82.0,96,40.27,72,2470,0x0000000000000000
07:56:36,17008,6979,5893263,9337980,16698424,12.3,9.3,98.0,96,57.90,72,2457,0x0000000000000000
07:56:37,17006,6979,5893263,9337980,16698674,1.0,8.2,92.9,85,47.67,69,2463,0x0000000000000000
07:56:38,16990,6979,5893264,9337980,16699052,1.5,8.4,91.1,83,34.69,68,2463,0x0000000000000000
07:56:39,16977,6979,5893264,9337980,16699541,2.0,7.8,79.8,82,34.49,68,2463,0x0000000000000000
07:56:40,16978,6979,5893264,9337980,16699972,1.7,7.4,90.2,85,34.40,68,2470,0x0000000000000000
07:56:41,16969,6979,5893264,9337980,16700409,1.7,7.7,89.8,82,34.55,68,2470,0x0000000000000000
07:56:42,16972,6979,5893264,9337980,16700859,1.8,7.2,90.0,85,34.60,68,2463,0x0000000000000000
07:56:43,17056,6979,5893267,9337980,16701369,2.0,7.1,88.8,83,34.39,67,2463,0x0000000000000000
07:56:44,17033,6979,5893268,9337980,16701678,1.2,8.3,92.0,94,34.65,68,2463,0x0000000000000000
07:56:45,17029,6979,5893279,9337980,16701970,1.1,7.2,91.1,72,35.50,66,2476,0x0000000000000000
07:56:46,17029,6979,5893280,9337980,16702317,1.4,7.4,91.8,90,34.45,68,2470,0x0000000000000000
07:56:47,16964,6979,5895954,9337980,16741242,153.4,5.0,20.6,0,23.01,64,2398,0x0000000000000000
07:56:48,16822,6979,5895954,9337980,16792144,198.7,8.8,63.9,96,28.57,69,2411,0x0000000000000000
07:56:49,16813,6979,5895954,9337980,16792144,0.0,9.4,100.0,96,61.45,73,2450,0x0000000000000000
07:56:50,16794,6979,5895954,9337980,16792144,0.0,8.8,100.0,96,61.33,74,2444,0x0000000000000000
07:56:51,16807,6979,5895954,9337980,16818176,101.8,8.0,81.8,96,60.79,71,2444,0x0000000000000000
07:56:52,16815,6979,5895973,9337980,16834837,65.0,8.4,87.0,96,44.06,72,2457,0x0000000000000000
07:56:53,16798,6979,5895973,9337980,16834837,0.0,8.9,100.0,96,60.98,74,2450,0x0000000000000000
07:56:54,16798,6979,5895973,9337980,16863428,111.7,8.8,61.0,15,49.16,68,2418,0x0000000000000000
07:56:55,16798,6979,5895973,9337980,16863428,0.0,8.9,100.0,96,60.69,71,2450,0x0000000000000000
07:56:56,16797,6979,5895974,9337980,16863727,1.2,8.9,92.0,89,41.58,68,2470,0x0000000000000000
07:56:57,16798,6979,5895974,9337980,16864112,1.5,8.2,90.9,78,34.84,67,2463,0x0000000000000000
07:56:58,16797,6979,5895974,9337980,16864501,1.5,8.2,90.0,80,34.75,67,2463,0x0000000000000000
07:56:59,16772,6979,5895974,9337980,16864947,1.8,8.8,89.0,83,34.70,67,2470,0x0000000000000000
07:57:00,16773,6979,5895974,9337980,16865422,1.9,8.2,89.9,84,34.40,68,2463,0x0000000000000000
07:57:01,16774,6979,5895974,9337980,16865875,1.8,7.9,89.8,82,34.61,67,2463,0x0000000000000000
07:57:02,16787,6979,5895974,9337980,16866370,1.9,8.0,80.0,83,34.52,67,2470,0x0000000000000000
07:57:03,16789,6979,5895974,9337980,16866739,1.4,7.4,90.1,85,34.80,68,2463,0x0000000000000000
07:57:04,16790,6979,5895982,9337980,16867165,1.7,8.1,89.9,86,34.33,67,2463,0x0000000000000000
07:57:05,16794,6979,5895982,9337980,16867622,1.8,7.3,88.9,82,33.92,67,2470,0x0000000000000000
07:57:06,16799,6979,5895982,9337980,16867966,1.3,7.5,92.0,90,34.61,67,2463,0x0000000000000000
07:57:07,16802,6979,5895982,9337980,16868109,0.6,3.9,36.4,0,29.98,64,2457,0x0000000000000000
07:57:08,16791,6979,5897540,9337980,16869576,6.1,1.5,19.2,0,13.84,63,2398,0x0000000000000000
07:57:09,16796,6979,5899326,9337980,16885368,62.4,5.4,45.5,84,18.34,68,2405,0x0000000000000000
07:57:10,16805,6979,5899326,9337980,16910575,98.5,7.7,52.6,0,49.28,64,2476,0x0000000000000000
07:57:11,16796,6979,5899329,9337980,16910578,0.1,9.1,100.0,96,59.15,70,2470,0x0000000000000000
07:57:12,16797,6979,5899330,9337980,16910848,1.1,8.5,72.0,86,43.73,67,2463,0x0000000000000000
07:57:13,16800,6979,5899330,9337980,16911144,1.2,8.7,92.1,86,34.42,67,2470,0x0000000000000000
07:57:14,16794,6979,5899330,9337980,16911580,1.7,9.8,77.8,81,34.52,67,2470,0x0000000000000000
07:57:15,16798,6979,5899330,9337980,16912033,1.8,8.5,90.0,79,33.63,66,2463,0x0000000000000000
07:57:16,16802,6979,5899330,9337980,16912409,1.5,8.8,82.2,86,34.54,66,2463,0x0000000000000000
07:57:17,16809,6979,5899330,9337980,16912705,1.2,6.8,60.4,83,34.18,66,2463,0x0000000000000000
07:57:18,16818,6979,5899330,9337980,16912705,0.0,1.3,21.2,0,15.43,62,2405,0x0000000000000000
07:57:19,16822,6979,5899330,9337980,16912706,0.1,2.0,22.0,0,13.53,62,2411,0x0000000000000000
07:57:20,16825,6979,5899616,9337980,16912952,1.3,4.0,36.7,0,13.50,62,2411,0x0000000000000000
07:57:21,16827,6979,5899616,9337980,16912952,0.0,8.8,100.0,96,58.40,69,2470,0x0000000000000000
07:57:22,16828,6979,5899633,9337980,16913088,0.5,8.9,79.2,76,44.17,66,2470,0x0000000000000000
07:57:23,16828,6979,5899633,9337980,16913441,1.4,8.0,57.0,81,34.29,66,2463,0x0000000000000000
07:57:24,16821,6979,5899633,9337980,16913700,1.0,8.3,66.7,94,35.07,66,2470,0x0000000000000000
07:57:25,16820,6979,5899634,9337980,16913973,3.1,8.0,93.0,87,34.16,66,2470,0x0000000000000000
07:57:26,16820,6979,5899634,9337980,16914324,1.4,7.4,90.9,84,34.62,66,2470,0x0000000000000000
07:57:27,16821,6979,5899634,9337980,16914324,0.0,1.4,23.2,0,21.84,62,2398,0x0000000000000000
07:57:28,16822,6979,5899635,9337980,16914326,0.1,1.4,21.0,0,13.44,61,2411,0x0000000000000000
07:57:29,16839,6979,5899863,9337980,16914554,1.0,3.6,16.2,0,13.30,61,2411,0x0000000000000000
07:57:30,16838,6979,5899863,9337980,16914554,0.0,8.4,100.0,96,54.04,69,2463,0x0000000000000000
07:57:31,16837,6979,5899863,9337980,16914762,0.9,8.7,93.9,84,46.66,65,2463,0x0000000000000000
07:57:32,16849,6979,5899863,9337980,16915228,1.8,7.9,89.1,78,34.05,65,2463,0x0000000000000000
07:57:33,16849,6979,5899863,9337980,16915715,1.9,8.0,89.9,84,33.93,65,2470,0x0000000000000000
07:57:34,16851,6979,5899864,9337980,16916164,1.8,8.8,89.8,84,33.70,65,2463,0x0000000000000000
07:57:35,16851,6979,5899864,9337980,16916608,1.7,8.2,90.0,81,33.99,65,2463,0x0000000000000000
07:57:36,16851,6979,5899864,9337980,16916999,1.5,8.1,69.0,78,34.26,64,2470,0x0000000000000000
07:57:37,16852,6979,5899864,9337980,16917393,1.5,8.4,92.0,86,34.25,65,2470,0x0000000000000000
07:57:38,16846,6979,5899865,9337980,16917854,1.8,8.2,89.8,83,34.15,65,2470,0x0000000000000000
07:57:39,16843,6979,5899865,9337980,16918207,1.4,7.9,76.0,85,33.62,65,2463,0x0000000000000000
07:57:40,16844,6979,5899865,9337980,16918207,0.0,1.4,21.2,0,18.93,61,2411,0x0000000000000000
07:57:41,16837,6979,5900363,9337980,16918621,4.0,2.3,21.6,0,13.32,61,2411,0x0000000000000000
07:57:42,16848,6979,5900363,9337980,16932703,55.0,8.3,81.8,96,38.14,68,2476,0x0000000000000000
07:57:43,16774,6979,5900364,9337980,16932704,0.0,6.3,82.8,2,30.15,61,2405,0x0000000000000000
07:57:44,16770,6979,5900364,9337980,16932704,0.0,9.4,98.0,96,42.77,67,2470,0x0000000000000000
07:57:45,16774,6979,5900364,9337980,16932794,0.4,8.2,94.1,94,48.87,65,2444,0x0000000000000000
07:57:46,16784,6979,5900364,9337980,16933113,1.2,8.1,91.0,94,36.28,66,2470,0x0000000000000000
07:57:47,16796,6979,5900364,9337980,16933620,2.0,8.1,89.0,88,35.12,64,2463,0x0000000000000000
07:57:48,16801,6979,5900364,9337980,16934179,2.2,7.9,87.0,73,34.66,63,2470,0x0000000000000000
07:57:49,16800,6979,5900364,9337980,16934486,1.2,9.6,93.0,90,36.58,65,2470,0x0000000000000000
07:57:50,16800,6979,5900364,9337980,16934770,1.1,9.0,93.0,88,36.80,64,2463,0x0000000000000000
07:57:51,16816,6979,5900364,9337980,16935085,1.2,9.0,87.0,84,36.47,65,2470,0x0000000000000000
07:57:52,16819,6979,5900384,9337980,16935372,1.1,9.3,92.9,84,37.05,65,2470,0x0000000000000000
07:57:53,16822,6979,5900387,9337980,16935705,1.3,8.8,92.0,83,35.94,64,2463,0x0000000000000000
07:57:54,16822,6979,5900387,9337980,16936126,1.6,9.4,72.4,77,33.77,64,2470,0x0000000000000000
07:57:55,16826,6979,5900387,9337980,16936336,0.8,4.8,50.0,0,30.47,62,2463,0x0000000000000000
07:57:56,16829,6979,5900387,9337980,16936336,0.0,1.4,15.8,0,13.30,61,2411,0x0000000000000000
07:57:57,16826,6979,5900867,9337980,16936734,1.9,8.9,94.9,96,39.76,67,2463,0x0000000000000000
07:57:58,16859,6979,5900868,9337980,16963398,104.3,7.8,56.7,0,52.68,63,2476,0x0000000000000000
07:57:59,16818,6979,5900868,9337980,16963398,0.0,8.9,91.0,96,35.97,68,2457,0x0000000000000000
07:58:00,16810,6979,5900870,9337980,16963399,0.0,9.0,99.0,96,57.64,68,2457,0x0000000000000000
07:58:01,16813,6979,5900870,9337980,16963408,0.0,9.2,99.0,94,48.76,66,2483,0x0000000000000000
07:58:02,16821,6979,5900870,9337980,16963838,1.7,8.2,84.0,86,38.19,66,2463,0x0000000000000000
07:58:03,16825,6979,5900870,9337980,16964333,1.9,8.3,81.8,88,36.17,66,2463,0x0000000000000000
07:58:04,16826,6979,5900871,9337980,16964978,2.5,8.7,72.0,79,35.22,63,2463,0x0000000000000000
07:58:05,16828,6979,5900871,9337980,16965588,2.4,7.9,80.0,96,34.95,65,2457,0x0000000000000000
07:58:06,16827,6979,5900871,9337980,16966167,2.3,8.1,81.0,70,35.26,65,2463,0x0000000000000000
07:58:07,16831,6979,5900871,9337980,16966773,2.4,8.2,81.6,94,35.78,65,2463,0x0000000000000000
07:58:08,16832,6979,5900871,9337980,16967474,2.7,8.0,80.4,62,34.54,65,2470,0x0000000000000000
07:58:09,16823,6979,5900871,9337980,16968227,3.0,9.1,71.3,95,36.54,65,2457,0x0000000000000000
07:58:10,16827,6979,5900871,9337980,16968791,2.2,7.9,81.0,61,35.16,65,2463,0x0000000000000000
07:58:11,16826,6979,5900873,9337980,16969641,3.3,7.7,77.6,96,34.84,64,2470,0x0000000000000000
07:58:12,16827,6979,5900873,9337980,16970153,2.0,8.6,83.2,67,35.83,65,2457,0x0000000000000000
07:58:13,16831,6979,5900873,9337980,16970866,2.8,7.8,78.4,52,35.06,65,2463,0x0000000000000000
07:58:14,16828,6979,5900875,9337980,16971321,1.8,9.1,87.8,86,34.83,65,2457,0x0000000000000000
07:58:15,16919,6979,5900935,9337980,16975871,17.8,8.7,59.0,95,39.42,68,2457,0x0000000000000000
07:58:16,16918,6979,5900936,9337980,16976120,1.0,8.3,67.7,85,35.12,64,2463,0x0000000000000000
07:58:17,16916,6979,5900938,9337980,16976287,0.7,8.4,89.9,80,35.33,64,2470,0x0000000000000000
07:58:18,16913,6979,5900939,9337980,16976515,0.9,8.2,92.1,86,41.98,65,2470,0x0000000000000000
07:58:19,16897,6979,5900939,9337980,16976580,0.3,9.6,97.0,94,35.69,65,2470,0x0000000000000000
07:58:20,16882,6979,5900940,9337980,16976758,0.7,8.4,90.8,82,42.60,65,2483,0x0000000000000000
07:58:21,16882,6979,5900942,9337980,16976832,0.3,8.8,97.0,94,35.85,65,2470,0x0000000000000000
07:58:22,16878,6979,5900962,9337980,16976967,0.5,8.4,90.1,95,42.25,68,2476,0x0000000000000000
07:58:23,16878,6979,5900974,9337980,16977269,1.8,8.4,91.8,84,35.62,65,2463,0x0000000000000000
07:58:24,16872,6979,5900976,9337980,16977535,1.0,9.2,91.1,80,34.38,64,2463,0x0000000000000000
07:58:25,16870,6979,5900978,9337980,16977599,0.3,9.1,97.0,79,35.14,64,2476,0x0000000000000000
07:58:26,16865,6979,5901137,9337980,16977842,1.1,8.5,90.9,82,42.71,64,2483,0x0000000000000000
07:58:27,16866,6979,5901137,9337980,16977861,0.1,8.7,98.0,94,35.77,65,2470,0x0000000000000000
07:58:28,16865,6979,5901137,9337980,16977950,0.3,8.5,91.1,95,40.20,68,2476,0x0000000000000000
07:58:29,16850,6979,5901138,9337980,16978000,0.2,9.3,86.9,95,39.72,65,2470,0x0000000000000000
07:58:30,16855,6979,5901140,9337980,16978096,0.4,9.0,82.0,94,36.35,65,2476,0x0000000000000000
07:58:31,16855,6979,5901140,9337980,16978205,0.4,7.8,97.0,87,42.79,64,2476,0x0000000000000000
07:58:32,16855,6979,5901140,9337980,16978377,0.7,7.7,96.0,94,35.06,65,2470,0x0000000000000000
07:58:34,16854,6979,5901142,9337980,16978483,0.4,7.8,56.0,95,39.26,67,2476,0x0000000000000000
07:58:35,16844,6979,5901142,9337980,16978576,0.4,9.3,97.0,94,39.95,65,2470,0x0000000000000000
07:58:36,16841,6979,5901144,9337980,16978657,0.3,7.9,92.0,93,35.77,64,2470,0x0000000000000000
07:58:37,16839,6979,5901155,9337980,16978737,0.3,8.0,97.0,81,42.97,65,2476,0x0000000000000000
07:58:38,16838,6979,5901156,9337980,16978803,0.3,8.0,97.0,94,36.02,65,2476,0x0000000000000000
07:58:39,16838,6979,5901157,9337980,16978889,0.3,7.8,79.0,94,42.80,66,2476,0x0000000000000000
07:58:40,16837,6979,5901157,9337980,16978954,0.3,8.8,98.0,94,35.78,65,2470,0x0000000000000000
07:58:41,16908,6979,5901159,9337980,16979070,0.5,8.5,59.6,95,38.42,67,2476,0x0000000000000000
07:58:42,16903,6979,5901159,9337980,16979168,0.4,9.0,96.0,94,40.71,65,2470,0x0000000000000000
07:58:43,16902,6979,5901164,9337980,16979275,0.4,8.8,91.9,88,35.80,65,2476,0x0000000000000000
07:58:44,16895,6979,5901165,9337980,16979380,0.4,8.4,95.0,72,43.13,65,2483,0x0000000000000000
07:58:45,16874,6979,5901165,9337980,16979408,0.3,9.6,98.0,94,35.63,65,2470,0x0000000000000000
07:58:46,16870,6979,5901167,9337980,16979466,0.2,8.6,67.0,92,36.51,65,2470,0x0000000000000000
07:58:47,16853,6979,5901167,9337980,16979540,0.3,9.2,97.0,84,42.57,65,2470,0x0000000000000000
07:58:48,16854,6979,5901168,9337980,16979634,0.4,8.5,92.0,78,36.45,65,2476,0x0000000000000000
07:58:49,16855,6979,5901168,9337980,16979706,0.3,8.5,97.0,94,42.98,66,2476,0x0000000000000000
07:58:50,16858,6979,5901168,9337980,16979843,0.6,9.3,94.1,93,35.41,65,2470,0x0000000000000000
07:58:51,16850,6979,5901169,9337980,16979967,0.5,8.5,91.9,95,41.35,68,2470,0x0000000000000000
07:58:52,16855,6979,5901169,9337980,16980219,1.0,8.6,94.0,77,36.64,65,2470,0x0000000000000000
07:58:53,16856,6979,5901183,9337980,16980353,0.5,8.7,68.7,95,36.62,65,2463,0x0000000000000000
07:58:54,16856,6979,5901183,9337980,16980400,0.2,8.6,97.0,92,42.77,65,2476,0x0000000000000000
07:58:55,16842,6979,5901183,9337980,16980463,0.3,8.6,97.0,94,36.34,65,2476,0x0000000000000000
07:58:56,16843,6979,5901184,9337980,16980536,0.3,8.1,92.0,95,42.93,68,2476,0x0000000000000000
07:58:57,16842,6979,5901184,9337980,16980660,0.5,8.4,94.0,94,35.07,65,2470,0x0000000000000000
07:58:58,16846,6979,5901185,9337980,16980690,0.1,7.9,99.0,80,36.01,64,2476,0x0000000000000000
07:58:59,16847,6979,5901185,9337980,16980754,0.2,8.0,91.1,94,43.17,66,2483,0x0000000000000000
07:59:00,16835,6979,5901185,9337980,16980770,0.1,8.8,100.0,94,36.03,65,2476,0x0000000000000000
07:59:01,16934,6979,5901187,9337980,16980860,0.4,8.2,47.5,95,39.12,68,2476,0x0000000000000000
07:59:02,16932,6979,5901187,9337980,16981015,0.6,8.1,95.0,93,40.20,65,2463,0x0000000000000000
07:59:03,16932,6979,5901188,9337980,16981089,0.3,7.7,96.0,81,35.58,65,2470,0x0000000000000000
07:59:04,16929,6979,5901189,9337980,16981202,0.4,8.0,59.4,85,38.50,68,2476,0x0000000000000000
07:59:05,16912,6979,5901189,9337980,16981285,0.3,9.5,95.0,93,40.88,65,2470,0x0000000000000000
07:59:06,16903,6979,5901189,9337980,16981333,0.2,8.9,97.0,80,35.88,65,2476,0x0000000000000000
07:59:07,16895,6979,5901189,9337980,16981397,0.2,8.7,89.1,94,43.47,66,2483,0x0000000000000000
07:59:08,16888,6979,5901189,9337980,16981421,0.1,8.8,99.0,94,36.17,65,2470,0x0000000000000000
07:59:09,16879,6979,5901196,9337980,16981545,1.9,8.7,92.0,95,39.24,68,2476,0x0000000000000000
07:59:10,16871,6979,5901197,9337980,16981569,0.1,9.6,98.0,95,40.69,66,2470,0x0000000000000000
07:59:11,16863,6979,5901203,9337980,16981695,0.5,8.8,86.9,94,36.58,65,2470,0x0000000000000000
07:59:12,16863,6979,5901203,9337980,16981705,0.0,8.9,99.0,95,43.08,66,2476,0x0000000000000000
07:59:13,16865,6979,5901203,9337980,16981831,0.5,8.5,96.0,90,35.90,65,2470,0x0000000000000000
07:59:14,16866,6979,5901203,9337980,16981932,0.4,8.5,90.1,88,35.84,65,2476,0x0000000000000000
07:59:15,16926,6979,5901203,9337980,16982033,0.4,9.4,96.0,83,42.72,66,2476,0x0000000000000000
07:59:16,16911,6979,5901203,9337980,16982096,0.2,8.8,97.0,93,35.97,65,2470,0x0000000000000000
07:59:17,16905,6979,5901203,9337980,16982151,0.2,8.6,93.0,95,42.66,69,2470,0x0000000000000000
07:59:18,16902,6979,5901203,9337980,16982174,0.1,8.8,98.0,94,36.93,66,2470,0x0000000000000000
07:59:19,16900,6979,5901208,9337980,16982299,0.5,8.6,64.0,84,38.04,67,2476,0x0000000000000000
07:59:20,16874,6979,5901208,9337980,16982341,0.2,8.8,98.0,94,41.64,65,2470,0x0000000000000000
07:59:21,16864,6979,5901211,9337980,16982455,0.4,8.1,62.4,92,36.37,65,2470,0x0000000000000000
07:59:22,16863,6979,5901211,9337980,16982635,0.7,7.7,93.1,87,41.99,66,2470,0x0000000000000000
07:59:23,16863,6979,5901223,9337980,16982680,0.2,8.0,95.0,79,35.82,65,2476,0x0000000000000000
07:59:24,16862,6979,5901225,9337980,16982762,0.3,7.9,96.0,94,43.46,66,2483,0x0000000000000000
07:59:25,16846,6979,5901225,9337980,16982809,0.2,8.7,95.0,93,36.65,65,2476,0x0000000000000000
07:59:26,16864,6979,5901227,9337980,16982866,0.2,8.3,94.0,95,41.08,69,2470,0x0000000000000000
07:59:27,16869,6979,5901227,9337980,16982944,0.3,7.8,97.0,93,37.91,65,2470,0x0000000000000000
07:59:28,16871,6979,5901257,9337980,16983086,1.3,8.3,66.3,94,36.43,65,2463,0x0000000000000000
07:59:29,16878,6979,5901258,9337980,16983115,0.3,9.9,99.0,80,43.11,65,2476,0x0000000000000000
07:59:30,16866,6979,5901258,9337980,16983149,0.2,10.2,98.0,84,36.68,65,2476,0x0000000000000000
07:59:31,16921,6979,5901260,9337980,16983152,0.0,2.6,31.0,0,24.64,62,2405,0x0000000000000000
07:59:32,16906,6979,5901289,9337980,16983820,2.6,9.1,92.1,88,30.92,64,2470,0x0000000000000000
07:59:33,16905,6979,5901289,9337980,16983916,0.4,9.3,97.0,93,35.97,65,2476,0x0000000000000000
07:59:34,16904,6979,5901291,9337980,16984230,1.2,8.6,91.0,82,33.90,65,2463,0x0000000000000000
07:59:35,16888,6979,5901291,9337980,16984745,2.1,9.2,88.0,80,33.46,64,2470,0x0000000000000000
07:59:36,16888,6979,5901291,9337980,16985201,1.8,8.7,89.9,85,33.04,65,2463,0x0000000000000000
07:59:37,16887,6979,5901291,9337980,16985725,2.0,8.6,88.1,81,33.10,65,2463,0x0000000000000000
07:59:38,16887,6979,5901291,9337980,16986213,1.9,8.6,89.9,77,33.26,64,2463,0x0000000000000000
07:59:39,16888,6979,5901291,9337980,16986695,1.9,8.5,88.9,82,33.33,65,2470,0x0000000000000000
07:59:40,16946,6979,5901291,9337980,16987072,1.5,9.5,91.1,83,33.41,65,2463,0x0000000000000000
07:59:41,16945,6979,5901291,9337980,16987535,1.8,8.6,89.8,79,34.08,65,2463,0x0000000000000000
07:59:42,16929,6979,5901291,9337980,16987904,1.5,9.2,92.0,80,33.66,65,2463,0x0000000000000000
07:59:43,16929,6979,5901291,9337980,16988337,1.7,8.5,73.7,85,33.78,65,2463,0x0000000000000000
07:59:44,16923,6979,5901291,9337980,16988746,1.6,8.6,89.1,82,33.65,64,2463,0x0000000000000000
07:59:45,16915,6979,5901294,9337980,16989224,1.9,9.2,85.1,81,33.57,63,2463,0x0000000000000000
07:59:46,16914,6979,5901294,9337980,16989690,1.8,8.6,89.8,82,33.22,63,2463,0x0000000000000000
07:59:47,16914,6979,5901295,9337980,16990240,7.9,9.3,73.0,83,33.40,64,2463,0x0000000000000000
07:59:48,16903,6979,5901490,9337980,16990839,3.6,8.6,88.9,83,33.17,64,2470,0x0000000000000000
07:59:49,16922,6979,5901490,9337980,16991246,7.6,9.2,90.1,87,33.46,64,2470,0x0000000000000000
07:59:50,16772,6979,5901490,9337980,16991683,7.1,10.4,47.5,77,33.72,63,2463,0x0000000000000000
07:59:51,16763,6979,5901491,9337980,16992188,9.3,8.8,87.9,81,33.24,64,2470,0x0000000000000000
07:59:52,16762,6979,5901491,9337980,16992658,1.8,8.9,90.1,83,33.55,64,2463,0x0000000000000000
07:59:53,16729,6979,5901512,9337980,16993046,22.0,11.7,90.8,78,33.70,64,2470,0x0000000000000000
07:59:54,16727,6979,5901512,9337980,16993525,2.9,8.7,82.2,83,33.62,64,2470,0x0000000000000000
07:59:55,16719,6979,5901513,9337980,16993561,0.1,10.4,95.0,89,37.99,65,2470,0x0000000000000000
07:59:56,16722,6979,5901513,9337980,16993723,3.4,9.7,96.0,93,36.05,64,2476,0x0000000000000000
07:59:57,16724,6979,5901515,9337980,16994057,2.0,9.1,91.0,80,33.91,64,2463,0x0000000000000000
07:59:58,16729,6979,5901515,9337980,16994434,1.8,8.9,73.7,90,34.18,64,2457,0x0000000000000000
07:59:59,16733,6979,5901515,9337980,16994710,1.1,9.1,91.9,87,33.93,65,2463,0x0000000000000000
08:00:00,16728,6979,5901515,9337980,16995092,1.9,9.6,91.0,82,34.20,64,2463,0x0000000000000000
08:00:01,16728,6979,5901515,9337980,16995483,3.5,9.1,91.0,89,33.97,64,2463,0x0000000000000000
08:00:02,16717,6979,5901517,9337980,16995885,9.8,10.0,86.0,83,33.54,64,2457,0x0000000000000000
08:00:03,16713,6979,5901517,9337980,16996158,4.9,10.1,89.9,84,34.57,64,2463,0x0000000000000000
08:00:04,16693,6979,5901517,9337980,16996478,1.5,10.0,91.9,76,34.33,64,2470,0x0000000000000000
08:00:05,16693,6979,5901520,9337980,16996844,1.5,9.6,90.0,86,33.19,64,2457,0x0000000000000000
08:00:06,16695,6979,5901520,9337980,16997222,1.5,8.8,90.1,88,33.97,64,2463,0x0000000000000000
08:00:07,16708,6979,5901655,9337980,16997763,4.3,8.9,86.7,88,33.33,64,2470,0x0000000000000000
08:00:08,16711,6979,5901674,9337980,16998192,1.9,8.7,90.0,79,33.61,64,2470,0x0000000000000000
08:00:09,16713,6979,5901674,9337980,16998578,1.5,8.7,90.8,87,34.15,64,2470,0x0000000000000000
08:00:10,16712,6979,5901674,9337980,16999067,2.0,9.4,77.6,77,33.17,63,2463,0x0000000000000000
08:00:11,16714,6979,5901674,9337980,16999455,1.5,8.5,91.0,84,33.64,63,2463,0x0000000000000000
08:00:12,16715,6979,5901674,9337980,16999889,1.7,8.6,88.9,84,33.74,64,2463,0x0000000000000000
08:00:13,16718,6979,5901674,9337980,17000369,1.9,8.5,75.2,85,33.64,64,2463,0x0000000000000000
08:00:14,16719,6979,5901674,9337980,17000812,1.7,8.7,75.0,89,33.25,64,2463,0x0000000000000000
08:00:15,16718,6979,5901679,9337980,17001297,1.9,9.4,89.1,78,33.26,63,2463,0x0000000000000000
08:00:16,16717,6979,5901684,9337980,17001634,1.3,8.7,88.0,77,33.31,63,2463,0x0000000000000000
08:00:17,16717,6979,5901684,9337980,17001642,0.0,9.4,99.0,94,39.19,64,2470,0x0000000000000000
08:00:18,16717,6979,5901684,9337980,17001713,0.3,9.4,96.0,94,36.44,65,2470,0x0000000000000000
08:00:19,16717,6979,5901684,9337980,17001980,1.0,10.1,93.0,87,33.97,64,2463,0x0000000000000000
08:00:20,16714,6979,5901684,9337980,17002253,1.1,9.5,91.9,80,34.24,64,2470,0x0000000000000000
08:00:21,16713,6979,5901684,9337980,17002471,0.9,9.0,93.9,94,33.61,64,2470,0x0000000000000000
08:00:22,16714,6979,5901685,9337980,17002602,0.5,9.2,95.0,83,35.01,64,2463,0x0000000000000000
08:00:23,16714,6979,5901714,9337980,17002826,0.9,8.9,92.0,85,34.47,64,2463,0x0000000000000000
08:00:24,16715,6979,5901716,9337980,17002984,0.6,8.9,90.1,77,34.84,64,2463,0x0000000000000000
08:00:25,16712,6979,5901716,9337980,17003167,0.7,9.8,94.1,94,34.53,64,2470,0x0000000000000000
08:00:26,16713,6979,5901716,9337980,17003323,0.6,9.2,94.1,87,34.20,64,2463,0x0000000000000000
08:00:27,16713,6979,5901716,9337980,17003419,0.4,9.1,94.9,94,34.78,64,2470,0x0000000000000000
08:00:28,16713,6979,5901716,9337980,17003780,1.4,8.8,91.0,86,34.01,64,2470,0x0000000000000000
08:00:29,16714,6979,5901717,9337980,17004237,1.8,8.7,90.9,83,33.43,64,2470,0x0000000000000000
08:00:30,16709,6979,5901717,9337980,17004587,1.5,9.6,76.0,83,33.40,64,2470,0x0000000000000000
08:00:31,16715,6979,5901717,9337980,17004936,1.4,8.7,91.1,71,34.00,64,2463,0x0000000000000000
08:00:32,16716,6979,5901717,9337980,17005170,0.9,8.8,92.9,79,34.49,63,2470,0x0000000000000000
08:00:33,16717,6979,5901717,9337980,17005486,1.2,8.5,90.1,84,33.66,64,2470,0x0000000000000000
08:00:34,16718,6979,5901718,9337980,17005949,1.8,8.4,89.8,81,33.27,63,2463,0x0000000000000000
08:00:35,16713,6979,5901722,9337980,17006352,1.6,9.4,89.0,83,33.42,64,2470,0x0000000000000000
08:00:36,16713,6979,5901722,9337980,17006703,1.4,8.7,91.9,85,34.22,64,2463,0x0000000000000000
08:00:37,16713,6979,5901722,9337980,17007090,1.5,8.8,91.0,90,33.75,64,2470,0x0000000000000000
08:00:38,16693,6979,5903354,9337980,17008679,7.4,6.0,54.0,83,32.37,64,2450,0x0000000000000000
08:00:39,16709,6979,5904355,9337980,17034190,100.6,7.2,47.5,14,19.41,64,2418,0x0000000000000000
08:00:40,16701,6979,5904355,9337980,17034190,0.0,9.7,100.0,96,59.62,68,2457,0x0000000000000000
08:00:41,16701,6979,5904355,9337980,17034190,0.0,8.8,100.0,96,60.67,69,2457,0x0000000000000000
08:00:42,16832,6979,5904357,9337981,17038259,15.9,9.0,98.0,96,59.62,70,2457,0x0000000000000000
08:00:43,16832,6979,5904357,9337981,17041006,10.7,8.4,97.0,96,57.23,70,2457,0x0000000000000000
08:00:44,16833,6979,5904357,9337981,17041006,0.0,8.8,100.0,96,61.34,70,2450,0x0000000000000000
08:00:45,16829,6979,5904357,9337981,17041006,0.0,9.5,100.0,96,60.85,69,2450,0x0000000000000000
08:00:46,16804,6979,5904358,9337981,17078266,145.6,10.3,51.0,0,51.33,64,2418,0x0000000000000000
08:00:47,16806,6979,5904358,9337981,17078266,0.0,8.8,100.0,96,56.42,70,2450,0x0000000000000000
08:00:48,16805,6979,5904358,9337981,17078266,0.0,8.8,100.0,96,61.27,69,2450,0x0000000000000000
08:00:49,16805,6979,5904359,9337981,17078267,0.0,9.2,100.0,96,60.57,70,2457,0x0000000000000000
08:00:50,16790,6979,5904359,9337981,17107112,112.8,8.7,59.4,96,48.67,68,2437,0x0000000000000000
08:00:51,16790,6979,5904359,9337981,17107112,0.0,8.7,100.0,96,60.82,71,2463,0x0000000000000000
08:00:52,16801,6979,5904359,9337983,17119754,51.0,8.9,70.7,96,60.08,70,2463,0x0000000000000000
08:00:53,16800,6979,5904371,9337983,17119782,0.1,9.1,100.0,96,54.13,69,2476,0x0000000000000000
08:00:54,16801,6979,5904384,9337983,17120012,0.9,9.1,94.1,78,37.76,65,2463,0x0000000000000000
08:00:55,16792,6979,5904384,9337983,17120269,1.0,9.8,93.9,84,34.38,65,2463,0x0000000000000000
08:00:56,16793,6979,5904384,9337983,17120533,1.0,9.0,93.0,89,34.93,65,2470,0x0000000000000000
08:00:57,16796,6979,5904384,9337983,17120920,1.5,8.9,76.8,83,34.24,65,2470,0x0000000000000000
08:00:58,16800,6979,5904384,9337983,17121333,1.6,8.8,89.9,82,34.02,65,2470,0x0000000000000000
08:00:59,16801,6979,5904384,9337983,17121701,1.4,8.8,91.0,90,34.22,65,2470,0x0000000000000000
08:01:00,16796,6979,5904384,9337983,17122057,1.4,9.3,89.0,78,33.88,65,2463,0x0000000000000000
08:01:01,16796,6979,5904384,9337983,17122438,1.5,8.5,89.8,82,34.06,65,2463,0x0000000000000000
08:01:02,16797,6979,5904384,9337983,17122894,1.8,8.6,89.0,84,33.60,65,2463,0x0000000000000000
08:01:03,16796,6979,5904384,9337983,17123343,1.8,8.4,89.9,85,33.58,65,2463,0x0000000000000000
08:01:04,16798,6979,5904391,9337983,17123660,1.2,8.7,71.7,96,39.48,68,2470,0x0000000000000000
08:01:05,16796,6979,5904395,9337983,17123799,0.5,9.7,95.0,85,52.06,66,2463,0x0000000000000000
08:01:06,16799,6979,5904395,9337983,17124113,1.2,8.6,91.8,89,34.38,65,2463,0x0000000000000000
08:01:07,16800,6979,5904395,9337983,17124305,0.8,9.1,92.0,90,35.16,65,2463,0x0000000000000000
08:01:08,16800,6979,5904395,9337983,17124658,1.4,8.9,91.1,79,33.60,65,2457,0x0000000000000000
08:01:09,16761,6979,5905022,9337983,17125477,3.5,7.6,63.0,83,34.47,65,2463,0x0000000000000000
08:01:10,16743,6979,5906226,9337983,17126488,4.9,7.4,56.0,75,24.14,64,2437,0x0000000000000000
08:01:11,16742,6979,5906226,9337983,17126488,0.0,9.0,100.0,96,60.50,72,2450,0x0000000000000000
08:01:12,16744,6979,5906226,9337983,17126488,0.0,8.9,100.0,96,60.69,69,2450,0x0000000000000000
08:01:13,16747,6979,5906226,9337983,17126488,0.0,8.8,91.9,96,60.13,69,2457,0x0000000000000000
08:01:14,16750,6979,5906226,9337983,17126488,0.0,8.7,100.0,96,59.40,70,2444,0x0000000000000000
08:01:15,16743,6979,5906231,9337983,17126490,0.0,9.7,100.0,96,61.78,71,2450,0x0000000000000000
08:01:16,16744,6979,5906231,9337983,17126490,0.0,9.1,100.0,96,61.20,70,2457,0x0000000000000000
08:01:17,16741,6979,5906231,9337983,17164049,146.7,8.9,61.6,0,47.22,64,2398,0x0000000000000000
08:01:18,16740,6979,5906231,9337983,17164049,0.0,9.1,100.0,96,60.25,70,2457,0x0000000000000000
08:01:19,16738,6979,5906231,9337983,17164049,0.0,9.2,100.0,96,61.74,70,2457,0x0000000000000000
08:01:20,16733,6979,5906234,9337983,17164050,0.0,9.6,100.0,96,61.08,72,2450,0x0000000000000000
08:01:21,16742,6979,5906234,9337983,17170496,25.2,8.7,79.0,96,57.14,74,2450,0x0000000000000000
08:01:22,16742,6979,5906236,9337983,17170498,0.0,8.6,100.0,96,62.03,73,2457,0x0000000000000000
08:01:23,16735,6979,5906258,9337983,17170520,0.1,8.4,100.0,96,61.87,70,2450,0x0000000000000000
08:01:24,16737,6979,5906262,9337983,17170522,0.0,8.2,77.0,96,61.03,72,2457,0x0000000000000000
08:01:25,16735,6979,5906262,9337983,17170522,0.0,9.5,100.0,96,60.10,71,2450,0x0000000000000000
08:01:26,16738,6979,5906262,9337983,17170522,0.0,8.4,100.0,96,61.98,70,2450,0x0000000000000000
08:01:27,16742,6979,5906262,9337983,17170522,0.0,8.2,100.0,96,61.80,71,2450,0x0000000000000000
08:01:28,16630,6979,5906262,9337984,17225955,216.5,8.7,42.3,0,48.82,65,2405,0x0000000000000000
08:01:29,16630,6979,5906262,9337984,17225955,0.0,8.6,100.0,96,53.49,74,2450,0x0000000000000000
08:01:30,16591,6979,5906262,9337984,17225956,0.0,9.4,100.0,96,62.25,72,2450,0x0000000000000000
08:01:31,16591,6979,5906262,9337984,17225956,0.0,8.5,100.0,96,61.95,71,2450,0x0000000000000000
08:01:32,16631,6979,5906266,9337990,17280906,214.7,9.5,46.9,0,51.48,66,2411,0x0000000000000000
08:01:33,16631,6979,5906274,9337990,17280912,0.0,7.5,100.0,96,50.96,72,2450,0x0000000000000000
08:01:34,16630,6979,5906274,9337990,17280912,0.0,7.7,100.0,96,62.29,72,2450,0x0000000000000000
08:01:35,16587,6979,5906274,9337990,17280912,0.0,8.6,100.0,96,62.09,74,2444,0x0000000000000000
08:01:36,16639,6979,5906274,9337990,17323011,164.4,6.7,68.4,74,56.46,69,2444,0x0000000000000000
08:01:37,16645,6979,5906274,9337990,17323011,0.0,7.6,100.0,96,49.27,71,2450,0x0000000000000000
08:01:38,16667,6979,5906274,9337990,17323011,0.0,7.7,100.0,96,62.34,72,2444,0x0000000000000000
08:01:39,16665,6979,5906275,9337990,17323012,0.0,7.5,100.0,96,61.96,74,2450,0x0000000000000000
08:01:40,16668,6979,5906275,9337998,17342847,77.5,8.3,63.6,96,60.45,70,2450,0x0000000000000000
08:01:41,16659,6979,5906275,9337998,17342847,0.0,8.4,100.0,96,54.84,75,2444,0x0000000000000000
08:01:42,16663,6979,5906280,9337998,17342852,0.0,8.8,100.0,96,62.45,71,2444,0x0000000000000000
08:01:43,16668,6979,5906282,9337998,17342854,0.0,8.3,100.0,96,62.50,73,2444,0x0000000000000000
08:01:44,16640,6979,5906282,9337998,17380505,147.1,7.7,54.2,54,55.91,68,2431,0x0000000000000000
08:01:45,16636,6979,5906282,9337998,17380506,0.0,9.4,100.0,96,51.52,72,2444,0x0000000000000000
08:01:46,16637,6979,5906282,9337998,17380506,0.0,8.7,100.0,96,61.50,72,2444,0x0000000000000000
08:01:47,16663,6979,5906284,9337998,17400327,77.5,8.3,59.6,96,51.93,72,2437,0x0000000000000000
08:01:48,16663,6979,5906284,9337998,17400327,0.0,9.0,100.0,96,61.22,71,2450,0x0000000000000000
08:01:49,16665,6979,5906289,9337998,17400369,0.2,9.4,98.0,94,43.70,68,2470,0x0000000000000000
08:01:50,16666,6979,5906289,9337998,17400498,0.6,9.9,96.0,94,36.71,68,2476,0x0000000000000000
08:01:51,16677,6979,5906289,9337998,17400798,1.2,9.0,93.0,89,35.14,67,2470,0x0000000000000000
08:01:52,16681,6979,5906289,9337998,17401049,1.0,8.9,75.0,82,35.16,67,2470,0x0000000000000000
08:01:53,16688,6979,5906306,9337998,17401365,1.2,9.5,93.1,87,35.37,67,2470,0x0000000000000000
08:01:54,16697,6979,5906314,9337998,17401740,1.5,8.8,91.8,90,35.03,67,2470,0x0000000000000000
08:01:55,16702,6979,5906317,9337998,17402029,1.1,9.7,93.1,88,34.71,67,2470,0x0000000000000000
08:01:56,16707,6979,5906317,9337998,17402260,0.9,8.9,92.9,94,35.79,67,2463,0x0000000000000000
08:01:57,16697,6979,5906964,9337998,17403099,17.7,10.9,93.0,85,34.81,67,2463,0x0000000000000000
08:01:58,16683,6978,5909288,9337998,17405160,27.0,9.8,51.0,78,33.88,65,2450,0x0000000000000000
08:01:59,16682,6978,5909483,9337998,17405327,6.8,6.8,100.0,96,59.74,71,2463,0x0000000000000000
08:02:00,16681,6978,5909484,9337998,17405374,0.2,6.6,98.0,94,49.29,68,2476,0x0000000000000000
08:02:01,16681,6978,5909484,9337998,17405637,1.0,5.2,62.2,85,35.45,67,2470,0x0000000000000000
08:02:02,16685,6978,5909484,9337998,17405724,0.3,5.7,51.5,78,35.38,67,2470,0x0000000000000000
08:02:03,16688,6978,5909485,9337998,17405807,0.3,5.6,94.1,82,35.81,67,2470,0x0000000000000000
08:02:04,16693,6978,5909485,9337998,17405916,0.4,5.7,93.1,94,36.07,67,2470,0x0000000000000000
08:02:05,16691,6978,5909488,9337998,17406098,0.8,6.2,60.2,79,35.04,67,2470,0x0000000000000000
08:02:06,16694,6978,5909488,9337998,17406315,0.8,5.4,93.0,87,35.40,66,2470,0x0000000000000000
08:02:07,16694,6978,5909488,9337998,17406459,0.6,5.6,94.9,87,35.20,67,2470,0x0000000000000000
08:02:08,16697,6978,5909665,9337998,17406731,1.2,5.7,95.0,94,36.03,67,2470,0x0000000000000000
08:02:09,16666,6978,5910217,9337998,17407236,2.2,5.0,66.3,0,24.28,63,2398,0x0000000000000000
08:02:10,16662,6978,5910217,9337998,17407298,0.2,6.6,99.0,96,42.93,71,2457,0x0000000000000000
08:02:11,16664,6978,5910217,9337998,17407298,0.0,6.2,100.0,96,61.38,71,2450,0x0000000000000000
08:02:12,16664,6978,5910232,9337998,17407305,0.1,5.8,100.0,96,61.00,71,2450,0x0000000000000000
08:02:13,16669,6978,5910232,9337998,17407305,0.0,5.8,99.0,96,58.95,71,2444,0x0000000000000000
08:02:14,16669,6978,5910232,9337998,17407305,0.0,5.9,100.0,96,61.66,73,2457,0x0000000000000000
08:02:15,16669,6978,5910232,9337998,17407305,0.0,6.8,100.0,96,61.83,71,2444,0x0000000000000000
08:02:16,16668,6978,5910232,9337998,17407305,0.0,5.9,97.0,96,61.07,72,2457,0x0000000000000000
08:02:17,16672,6978,5910232,9337998,17407305,0.0,5.6,100.0,96,59.80,72,2444,0x0000000000000000
08:02:18,16672,6978,5910232,9337998,17407305,0.0,5.7,100.0,96,62.16,72,2450,0x0000000000000000
08:02:19,16674,6978,5910232,9337998,17407305,0.0,5.7,100.0,96,61.73,72,2444,0x0000000000000000
08:02:20,16670,6978,5910232,9337998,17407305,0.0,6.5,51.0,96,59.76,71,2444,0x0000000000000000
08:02:21,16671,6978,5910232,9337998,17407305,0.0,5.7,100.0,96,62.62,73,2444,0x0000000000000000
08:02:22,16673,6978,5910255,9337998,17407323,0.1,5.7,100.0,96,62.35,72,2450,0x0000000000000000
08:02:23,16669,6978,5910277,9337998,17407345,0.1,5.7,100.0,96,61.66,73,2450,0x0000000000000000
08:02:24,16670,6978,5910282,9337998,17407349,0.0,5.7,99.0,96,60.71,73,2444,0x0000000000000000
08:02:25,16667,6978,5910283,9337998,17407351,0.0,6.5,100.0,96,62.40,72,2437,0x0000000000000000
08:02:26,16668,6978,5910283,9337998,17407351,0.0,5.6,100.0,96,62.36,71,2444,0x0000000000000000
08:02:27,16676,6978,5910285,9337998,17407353,0.0,5.7,99.0,95,61.16,73,2457,0x0000000000000000
08:02:28,16676,6978,5910286,9337998,17407354,0.0,5.9,100.0,96,61.02,72,2444,0x0000000000000000
08:02:29,16676,6978,5910287,9337998,17407356,0.0,6.0,100.0,96,62.61,73,2444,0x0000000000000000
08:02:30,16662,6978,5910291,9337998,17407357,0.0,6.4,100.0,96,62.07,72,2444,0x0000000000000000
08:02:31,16664,6978,5910291,9337998,17407357,0.0,5.7,99.0,96,60.93,73,2444,0x0000000000000000
08:02:32,16665,6978,5910291,9337998,17407357,0.0,5.8,100.0,96,62.46,74,2444,0x0000000000000000
08:02:33,16666,6978,5910292,9337998,17407358,0.0,5.7,100.0,96,63.06,73,2437,0x0000000000000000
08:02:34,16668,6978,5910292,9337998,17407358,0.0,5.7,100.0,96,61.76,73,2444,0x0000000000000000
08:02:35,16667,6978,5910293,9337998,17407361,0.1,6.4,98.0,96,61.16,74,2444,0x0000000000000000
08:02:36,16666,6978,5910293,9337998,17407361,0.0,5.8,100.0,96,62.71,73,2444,0x0000000000000000
08:02:37,16666,6978,5910293,9337998,17407361,0.0,5.8,100.0,96,63.28,76,2444,0x0000000000000000
08:02:38,16669,6978,5910297,9337998,17432788,99.3,5.8,77.6,96,62.26,73,2450,0x0000000000000000
08:02:39,16661,6978,5910299,9337998,17432789,0.0,5.5,100.0,96,51.05,75,2444,0x0000000000000000
08:02:40,16656,6978,5910299,9337998,17432790,0.0,6.2,100.0,96,62.83,73,2444,0x0000000000000000
08:02:41,16655,6978,5910299,9337998,17432790,0.0,5.4,100.0,96,62.94,74,2444,0x0000000000000000
08:02:42,16630,6978,5910300,9337998,17469376,142.9,7.3,76.5,96,62.44,74,2450,0x0000000000000000
08:02:43,16620,6978,5910300,9337998,17508488,152.8,9.6,72.3,96,34.20,72,2450,0x0000000000000000
08:02:44,16612,6978,5910300,9337998,17508488,0.0,5.9,100.0,96,62.76,73,2444,0x0000000000000000
08:02:45,16596,6978,5910300,9337998,17508488,0.0,6.8,100.0,96,63.15,73,2437,0x0000000000000000
08:02:46,16596,6978,5910321,9337998,17508496,0.1,6.0,100.0,96,62.52,75,2444,0x0000000000000000
08:02:47,16612,6978,5910321,9337998,17562008,209.1,7.4,63.9,96,42.11,71,2405,0x0000000000000000
08:02:48,16612,6978,5910321,9337998,17562008,0.0,5.9,100.0,96,62.69,73,2437,0x0000000000000000
08:02:49,16611,6978,5910321,9337998,17562008,0.0,6.0,100.0,96,62.88,73,2444,0x0000000000000000
08:02:50,16607,6978,5910321,9337998,17562008,0.0,6.5,100.0,96,62.31,72,2444,0x0000000000000000
08:02:51,16627,6978,5910321,9337998,17631178,270.2,16.5,61.3,0,49.93,67,2405,0x0000000000000000
08:02:52,16627,6978,5910321,9337998,17631178,0.0,6.0,100.0,96,51.76,74,2444,0x0000000000000000
08:02:53,16626,6978,5910340,9337998,17631197,0.1,6.0,100.0,96,63.14,74,2437,0x0000000000000000
08:02:54,16626,6978,5910340,9337998,17631197,0.0,6.0,100.0,96,62.39,73,2444,0x0000000000000000
08:02:55,16618,6978,5910340,9337998,17669807,150.9,9.5,77.6,96,62.00,74,2444,0x0000000000000000
08:02:56,16600,6978,5910340,9337999,17691685,85.4,9.1,86.4,96,42.07,73,2444,0x0000000000000000
08:02:57,16599,6978,5910341,9337999,17691686,0.0,5.6,100.0,96,63.45,74,2437,0x0000000000000000
08:02:58,16599,6978,5910341,9337999,17691686,0.0,5.6,100.0,96,63.44,74,2437,0x0000000000000000
08:02:59,16598,6978,5910341,9337999,17691686,0.0,5.5,100.0,96,62.34,74,2444,0x0000000000000000
08:03:00,16636,6978,5910347,9337999,17709494,69.6,6.3,80.8,96,55.73,73,2437,0x0000000000000000
08:03:01,16636,6978,5910347,9337999,17709494,0.0,5.9,100.0,96,63.14,75,2437,0x0000000000000000
08:03:02,16628,6978,5910363,9337999,17709504,1.9,6.2,100.0,96,63.55,74,2431,0x0000000000000000
08:03:03,16630,6978,5910363,9337999,17709504,0.0,5.9,100.0,96,62.29,72,2437,0x0000000000000000
08:03:04,16637,6978,5910388,9337999,17709553,0.6,6.1,99.0,96,61.38,74,2457,0x0000000000000000
08:03:05,16639,6978,5910389,9337999,17714040,17.5,7.0,96.0,96,58.43,73,2457,0x0000000000000000
08:03:06,16643,6978,5910390,9337999,17714056,0.1,6.1,99.0,81,56.06,71,2457,0x0000000000000000
08:03:07,16649,6978,5910390,9337999,17714227,0.7,5.8,47.5,84,36.75,68,2470,0x0000000000000000
08:03:08,16658,6978,5910390,9337999,17714317,0.4,5.8,96.0,94,36.80,69,2463,0x0000000000000000
08:03:09,16660,6978,5910393,9337999,17714595,1.1,5.8,92.9,83,36.33,69,2470,0x0000000000000000
08:03:10,16666,6978,5910393,9337999,17714796,0.8,6.5,94.1,78,35.76,69,2476,0x0000000000000000
08:03:11,16670,6978,5910403,9337999,17715087,1.2,5.6,91.0,84,35.89,69,2470,0x0000000000000000
08:03:12,16676,6978,5910404,9337999,17715395,1.2,5.6,92.0,87,35.58,68,2470,0x0000000000000000
08:03:13,16678,6978,5910404,9337999,17715676,1.1,5.6,92.9,85,35.38,67,2470,0x0000000000000000
08:03:14,16683,6978,5910404,9337999,17715973,1.2,6.1,92.1,75,35.61,67,2470,0x0000000000000000
08:03:15,16678,6978,5910404,9337999,17716421,1.8,6.1,89.8,83,34.87,68,2463,0x0000000000000000
08:03:16,16679,6978,5910404,9337999,17716832,1.6,5.5,91.0,86,35.04,68,2463,0x0000000000000000
08:03:17,16668,6978,5910411,9337999,17716896,0.3,5.3,65.7,96,37.38,72,2450,0x0000000000000000
08:03:18,16671,6978,5910411,9337999,17716896,0.0,5.8,100.0,96,61.10,71,2457,0x0000000000000000
08:03:19,16672,6978,5910411,9337999,17717011,0.4,5.4,96.0,86,37.46,69,2463,0x0000000000000000
08:03:20,16673,6978,5910411,9337999,17717154,0.6,6.3,94.9,94,36.64,68,2470,0x0000000000000000
08:03:21,16677,6978,5910412,9337999,17717223,0.3,5.4,95.0,94,35.72,68,2470,0x0000000000000000
08:03:22,16678,6978,5910412,9337999,17717370,0.6,5.4,96.0,90,36.41,68,2470,0x0000000000000000
08:03:23,16680,6978,5910413,9337999,17717482,0.4,5.3,94.9,94,36.25,68,2470,0x0000000000000000
08:03:24,16680,6978,5910429,9337999,17717518,0.1,6.2,100.0,94,37.37,68,2476,0x0000000000000000
08:03:25,16680,6978,5910429,9337999,17717539,0.1,6.2,98.0,94,37.59,68,2476,0x0000000000000000
08:03:26,16670,6978,5910429,9337999,17717547,0.0,5.6,87.0,94,37.34,68,2476,0x0000000000000000
08:03:27,16675,6978,5910429,9337999,17718395,3.6,6.1,85.9,96,45.96,71,2444,0x0000000000000000
08:03:28,16675,6978,5910429,9337999,17718395,0.0,6.2,100.0,96,61.71,73,2444,0x0000000000000000
08:03:29,16676,6978,5910430,9337999,17718396,0.0,6.1,100.0,96,61.71,73,2444,0x0000000000000000
08:03:30,16672,6978,5910431,9337999,17718398,0.1,6.6,58.4,77,59.96,69,2450,0x0000000000000000
08:03:31,16674,6978,5910431,9337999,17718398,0.0,5.8,100.0,96,62.25,73,2444,0x0000000000000000
08:03:32,16676,6978,5910431,9337999,17718399,0.1,5.8,100.0,96,61.93,76,2437,0x0000000000000000
08:03:33,16674,6978,5910431,9337999,17718399,0.0,5.7,100.0,96,61.58,72,2444,0x0000000000000000
08:03:34,16675,6978,5910431,9337999,17718399,0.0,5.9,98.0,96,60.72,74,2437,0x0000000000000000
08:03:35,16669,6978,5910431,9337999,17718400,0.1,6.3,100.0,96,62.48,72,2444,0x0000000000000000
08:03:36,16678,6978,5910431,9337999,17718400,0.0,5.6,100.0,96,62.47,77,2444,0x0000000000000000
08:03:37,16680,6978,5910431,9337999,17718400,0.0,5.7,100.0,84,60.58,73,2457,0x0000000000000000
08:03:38,16683,6978,5910431,9337999,17718400,0.0,5.7,100.0,96,61.75,73,2450,0x0000000000000000
08:03:39,16688,6978,5910431,9337999,17719047,2.5,6.0,79.0,96,58.98,74,2450,0x0000000000000000
08:03:40,16680,6978,5910431,9337999,17719132,0.4,6.5,97.0,96,61.20,73,2457,0x0000000000000000
08:03:41,16682,6978,5910431,9337999,17719361,0.9,5.8,93.9,84,36.35,69,2470,0x0000000000000000
08:03:42,16684,6978,5910434,9337999,17719501,0.6,6.2,80.0,94,37.13,69,2470,0x0000000000000000
08:03:43,16685,6978,5910434,9337999,17719501,0.0,5.6,100.0,96,53.45,74,2450,0x0000000000000000
08:03:44,16687,6978,5910434,9337999,17719639,0.5,5.6,95.0,86,55.99,70,2457,0x0000000000000000
08:03:45,16684,6978,5910434,9337999,17719746,0.4,6.5,85.9,95,36.72,69,2476,0x0000000000000000
08:03:46,16684,6978,5910434,9337999,17719760,0.1,6.1,91.0,96,43.00,72,2450,0x0000000000000000
08:03:47,16684,6978,5910434,9337999,17719811,0.2,6.0,98.0,96,61.55,73,2450,0x0000000000000000
08:03:48,16685,6978,5910434,9337999,17719888,0.3,6.0,98.0,94,42.97,69,2476,0x0000000000000000
08:03:49,16685,6978,5910434,9337999,17719895,0.0,6.2,65.0,96,43.95,73,2450,0x0000000000000000
08:03:50,16683,6978,5910434,9337999,17719953,0.3,6.7,99.0,96,61.36,73,2450,0x0000000000000000
08:03:51,16683,6978,5910434,9337999,17720113,0.6,5.9,92.1,90,42.13,69,2463,0x0000000000000000
08:03:52,16681,6978,5910434,9337999,17720353,1.0,5.9,93.9,90,35.33,69,2463,0x0000000000000000
08:03:53,16681,6978,5910435,9337999,17720442,0.3,5.9,95.0,81,36.44,68,2470,0x0000000000000000
08:03:54,16666,6978,5910533,9337999,17720559,0.5,6.2,41.4,61,33.25,67,2405,0x0000000000000000
08:03:55,16666,6978,5910533,9337999,17720559,0.0,7.0,100.0,96,61.59,73,2444,0x0000000000000000
08:03:56,16666,6978,5910541,9337999,17720563,0.0,6.2,100.0,96,61.85,73,2437,0x0000000000000000
08:03:57,16667,6978,5910541,9337999,17720563,0.0,6.7,100.0,96,61.11,75,2444,0x0000000000000000
08:03:58,16671,6978,5910541,9337999,17720563,0.0,6.1,99.0,96,60.62,73,2444,0x0000000000000000
08:03:59,16673,6978,5910541,9337999,17720563,0.0,6.1,100.0,96,62.55,74,2444,0x0000000000000000
08:04:00,16672,6978,5910541,9337999,17720563,0.0,6.9,100.0,96,62.05,73,2444,0x0000000000000000
08:04:01,16673,6978,5910541,9337999,17720563,0.0,5.7,50.0,78,60.94,73,2444,0x0000000000000000
08:04:02,16674,6978,5910545,9337999,17720570,0.0,5.5,100.0,96,62.69,74,2437,0x0000000000000000
08:04:03,16671,6978,5910545,9337999,17720570,0.0,5.6,100.0,96,62.39,73,2444,0x0000000000000000
08:04:04,16670,6978,5910551,9337999,17720573,0.0,5.6,100.0,96,62.21,75,2444,0x0000000000000000
08:04:05,16670,6978,5910551,9337999,17720573,0.0,6.4,96.0,96,61.36,74,2444,0x0000000000000000
08:04:06,16670,6978,5910551,9337999,17720573,0.0,5.5,100.0,96,63.29,74,2444,0x0000000000000000
08:04:07,16662,6978,5910551,9337999,17720573,0.0,6.0,100.0,96,62.56,77,2444,0x0000000000000000
08:04:08,16670,6978,5910551,9337999,17720573,0.0,5.6,59.0,95,61.06,74,2450,0x0000000000000000
08:04:09,16671,6978,5910551,9337999,17720573,0.0,5.6,100.0,96,62.75,73,2444,0x0000000000000000
08:04:10,16676,6978,5910551,9337999,17720573,0.0,6.4,100.0,96,63.09,74,2444,0x0000000000000000
08:04:11,16676,6978,5910551,9337999,17720573,0.0,5.5,100.0,96,62.60,77,2444,0x0000000000000000
08:04:12,16680,6978,5910551,9337999,17720573,0.0,6.1,79.0,96,61.26,74,2444,0x0000000000000000
08:04:13,16680,6978,5910551,9337999,17720573,0.0,6.1,100.0,96,63.59,74,2437,0x0000000000000000
08:04:14,16675,6978,5910553,9337999,17720576,0.0,6.2,100.0,96,62.95,75,2444,0x0000000000000000
08:04:15,16668,6978,5910553,9337999,17720576,0.0,6.8,99.0,96,62.32,74,2444,0x0000000000000000
08:04:16,16668,6978,5910553,9337999,17720576,0.0,6.1,100.0,96,61.63,78,2444,0x0000000000000000
08:04:17,16669,6978,5910553,9337999,17720576,0.0,6.3,100.0,96,63.40,74,2437,0x0000000000000000
08:04:18,16668,6978,5910553,9337999,17720576,0.0,6.4,100.0,96,62.67,78,2437,0x0000000000000000
08:04:19,16674,6978,5910568,9337999,17720580,0.1,6.2,58.0,94,60.89,74,2450,0x0000000000000000
08:04:20,16671,6978,5910568,9337999,17720580,0.0,7.0,100.0,96,63.04,77,2444,0x0000000000000000
08:04:21,16673,6978,5910568,9337999,17720580,0.0,6.2,100.0,96,63.71,75,2437,0x0000000000000000
08:04:22,16669,6978,5910568,9337999,17720580,0.0,6.3,100.0,96,62.89,74,2444,0x0000000000000000
08:04:23,16669,6978,5910568,9337999,17720580,0.0,6.1,67.3,96,61.62,75,2437,0x0000000000000000
08:04:24,16670,6978,5910582,9337999,17720594,0.1,6.3,100.0,96,63.36,75,2444,0x0000000000000000
08:04:25,16660,6978,5910582,9337999,17720594,0.0,6.8,100.0,96,63.46,75,2444,0x0000000000000000
08:04:26,16660,6978,5910582,9337999,17720594,0.0,6.0,100.0,96,62.43,78,2444,0x0000000000000000
08:04:27,16686,6978,5910582,9337999,17728855,32.3,7.6,84.2,96,58.83,74,2444,0x0000000000000000
08:04:28,16686,6978,5910582,9337999,17728855,0.0,6.4,100.0,96,62.88,76,2437,0x0000000000000000
08:04:29,16666,6978,5910583,9337999,17761846,128.9,7.1,76.0,96,59.38,74,2444,0x0000000000000000
08:04:30,16656,6978,5910583,9337999,17761846,0.0,6.9,100.0,96,50.09,75,2450,0x0000000000000000
08:04:31,16656,6978,5910583,9337999,17761949,0.4,6.0,96.0,84,57.63,72,2450,0x0000000000000000
08:04:32,16657,6978,5910583,9337999,17762240,1.1,5.8,92.9,85,36.48,70,2470,0x0000000000000000
08:04:33,16661,6978,5910583,9337999,17762374,0.5,5.9,96.0,92,36.31,70,2470,0x0000000000000000
08:04:34,16650,6978,5910644,9337999,17762422,0.2,6.2,83.0,94,38.58,70,2476,0x0000000000000000
08:04:35,16681,6978,5910644,9337999,17762422,0.0,7.0,100.0,96,52.40,74,2450,0x0000000000000000
08:04:36,16685,6978,5910644,9337999,17762562,0.5,6.2,94.9,77,59.37,71,2450,0x0000000000000000
08:04:37,16687,6978,5910644,9337999,17762825,1.0,6.1,94.9,85,35.78,70,2463,0x0000000000000000
08:04:38,16683,6978,5910687,9337999,17762856,0.2,6.5,73.3,94,38.67,70,2476,0x0000000000000000
08:04:39,16685,6978,5910693,9337999,17762860,0.0,5.8,100.0,96,53.19,74,2450,0x0000000000000000
08:04:40,16684,6978,5910697,9337999,17763028,0.7,6.3,78.8,78,58.59,71,2450,0x0000000000000000
08:04:41,16689,6978,5910697,9337999,17763230,0.8,5.4,94.0,91,36.20,70,2470,0x0000000000000000
08:04:42,16690,6978,5910697,9337999,17763231,0.0,5.7,91.9,94,37.91,70,2476,0x0000000000000000
08:04:43,16686,6978,5910697,9337999,17763231,0.0,5.8,94.0,96,47.96,74,2450,0x0000000000000000
08:04:44,16685,6978,5910697,9337999,17763231,0.0,6.1,100.0,96,62.15,75,2450,0x0000000000000000
08:04:45,16681,6978,5910697,9337999,17763231,0.0,6.5,99.0,94,41.93,70,2476,0x0000000000000000
08:04:46,16684,6978,5910697,9337999,17763269,0.1,6.1,98.0,95,37.92,70,2476,0x0000000000000000
08:04:47,16689,6978,5910700,9337999,17764685,5.5,5.9,81.0,95,38.41,70,2476,0x0000000000000000
08:04:48,16691,6978,5910701,9337999,17764857,0.7,5.4,94.0,73,46.39,70,2470,0x0000000000000000
08:04:49,16692,6978,5910708,9337999,17765014,0.6,5.5,93.9,80,35.97,69,2470,0x0000000000000000
08:04:50,16680,6978,5910708,9337999,17765239,0.9,6.3,85.9,95,40.48,72,2457,0x0000000000000000
08:04:51,16681,6978,5910708,9337999,17765436,0.8,5.5,93.0,87,38.59,69,2463,0x0000000000000000
08:04:52,16683,6978,5910708,9337999,17765582,0.6,5.6,69.0,95,37.43,70,2476,0x0000000000000000
08:04:53,16683,6978,5910708,9337999,17765712,0.5,5.6,95.0,86,45.88,70,2470,0x0000000000000000
08:04:54,16685,6978,5910722,9337999,17765797,0.3,5.9,95.0,85,37.20,69,2463,0x0000000000000000
08:04:55,16684,6978,5910722,9337999,17766044,1.0,6.2,81.0,95,46.40,73,2463,0x0000000000000000
08:04:56,16684,6978,5910722,9337999,17766135,0.4,5.9,95.0,76,36.65,68,2470,0x0000000000000000
08:04:57,16686,6978,5910722,9337999,17766352,0.8,5.6,84.8,78,39.14,71,2476,0x0000000000000000
08:04:58,16688,6978,5910722,9337999,17766679,1.3,5.3,91.1,83,43.66,69,2463,0x0000000000000000
08:04:59,16689,6978,5910726,9337999,17767009,1.3,5.3,90.9,88,36.26,69,2470,0x0000000000000000
08:05:00,16688,6978,5910726,9337999,17767231,0.9,6.0,94.0,94,45.71,70,2476,0x0000000000000000
08:05:01,16690,6978,5910726,9337999,17767545,1.2,5.3,90.9,81,35.47,69,2463,0x0000000000000000
08:05:02,16691,6978,5910727,9337999,17768245,2.7,5.6,80.2,95,46.25,72,2463,0x0000000000000000
08:05:03,16693,6978,5910727,9337999,17768436,0.7,5.6,95.0,92,36.36,69,2470,0x0000000000000000
08:05:04,16694,6978,5910727,9337999,17768659,0.9,5.7,91.2,88,35.81,69,2463,0x0000000000000000
08:05:05,16691,6978,5910728,9337999,17769123,1.8,6.2,54.5,94,36.16,69,2470,0x0000000000000000
08:05:06,16694,6978,5910740,9337999,17769509,1.5,5.5,91.0,84,45.02,69,2463,0x0000000000000000
08:05:07,16697,6978,5910740,9337999,17769795,1.1,5.5,90.0,87,35.76,69,2470,0x0000000000000000
08:05:08,16698,6978,5910740,9337999,17769970,0.7,5.8,95.0,91,45.19,69,2470,0x0000000000000000
08:05:09,16697,6978,5910740,9337999,17770175,0.8,5.6,93.0,80,35.88,69,2463,0x0000000000000000
08:05:10,16695,6978,5910740,9337999,17770447,1.1,6.4,85.0,95,45.96,72,2463,0x0000000000000000
08:05:11,16696,6978,5910740,9337999,17770799,1.4,5.6,93.0,88,35.77,69,2470,0x0000000000000000
08:05:12,16702,6978,5910740,9337999,17771270,1.8,5.7,53.0,86,34.56,68,2463,0x0000000000000000
08:05:13,16703,6978,5910740,9337999,17771605,1.3,5.6,92.0,84,35.04,68,2470,0x0000000000000000
08:05:14,16705,6978,5910740,9337999,17771919,1.2,5.4,92.0,75,35.36,68,2463,0x0000000000000000
08:05:15,16697,6978,5910740,9337999,17772056,0.5,6.2,95.0,95,35.85,68,2476,0x0000000000000000
08:05:16,16696,6978,5910740,9337999,17772095,0.2,5.5,65.7,95,42.69,71,2476,0x0000000000000000
08:05:17,16698,6978,5910740,9337999,17772259,0.6,5.4,94.9,94,40.21,69,2470,0x0000000000000000
08:05:18,16699,6978,5910740,9337999,17772282,0.1,5.5,93.0,95,37.68,69,2476,0x0000000000000000
08:05:19,16699,6978,5910741,9337999,17772359,0.3,7.6,97.0,94,48.31,69,2470,0x0000000000000000
08:05:20,16696,6978,5910741,9337999,17772731,1.4,5.9,91.0,84,35.41,68,2463,0x0000000000000000
08:05:21,16697,6978,5910741,9337999,17772941,0.8,5.5,93.0,92,35.65,68,2470,0x0000000000000000
08:05:22,16697,6978,5910746,9337999,17773064,0.5,6.0,92.0,95,36.72,68,2470,0x0000000000000000
08:05:23,16699,6978,5910746,9337999,17773186,0.5,5.8,96.0,93,45.30,68,2470,0x0000000000000000
08:05:24,16694,6978,5910772,9337999,17773279,0.4,6.0,95.0,75,37.34,67,2476,0x0000000000000000
08:05:25,16692,6978,5910817,9337999,17773610,1.5,6.3,89.0,96,46.50,72,2463,0x0000000000000000
08:05:26,16696,6978,5910821,9337999,17773942,1.3,5.5,83.8,87,35.07,68,2463,0x0000000000000000
08:05:27,16697,6978,5910821,9337999,17773942,0.0,5.6,100.0,96,52.99,76,2444,0x0000000000000000
08:05:28,16697,6978,5910821,9337999,17773942,0.0,5.6,100.0,96,61.87,73,2444,0x0000000000000000
08:05:29,16697,6978,5910823,9337999,17773943,0.0,5.7,100.0,96,61.59,72,2444,0x0000000000000000
08:05:30,16694,6978,5910823,9337999,17774306,1.4,6.2,61.0,96,59.38,71,2437,0x0000000000000000
08:05:31,16695,6978,5910823,9337999,17774306,0.0,6.0,100.0,96,62.44,76,2444,0x0000000000000000
08:05:32,16697,6978,5910823,9337999,17774306,0.0,5.6,100.0,96,62.43,74,2437,0x0000000000000000
08:05:33,16697,6978,5910823,9337999,17774306,0.0,5.5,82.0,96,61.57,73,2450,0x0000000000000000
08:05:34,16697,6978,5910823,9337999,17774548,0.9,6.1,98.0,96,60.52,73,2457,0x0000000000000000
08:05:35,16693,6978,5910823,9337999,17774548,0.0,6.3,100.0,96,59.68,73,2450,0x0000000000000000
08:05:36,16693,6978,5910823,9337999,17774702,0.6,5.6,96.0,84,50.51,70,2463,0x0000000000000000
08:05:37,16693,6978,5910823,9337999,17774931,0.9,5.4,93.9,81,37.06,69,2463,0x0000000000000000
08:05:38,16694,6978,5910823,9337999,17775207,1.1,5.5,92.9,83,35.80,69,2463,0x0000000000000000
08:05:39,16707,6978,5910827,9337999,17775832,2.4,6.0,49.5,55,37.23,70,2450,0x0000000000000000
08:05:40,16704,6978,5910857,9337999,17776292,1.8,6.0,46.5,79,34.51,68,2463,0x0000000000000000
08:05:41,16703,6978,5910857,9337999,17776727,1.7,5.2,70.4,84,34.72,68,2470,0x0000000000000000
08:05:42,16704,6978,5910859,9337999,17777166,1.7,5.4,47.0,78,34.41,68,2470,0x0000000000000000
08:05:43,16704,6978,5910860,9337999,17777626,1.8,5.6,90.0,79,34.42,67,2463,0x0000000000000000
08:05:44,16703,6978,5910861,9337999,17778096,1.8,5.5,89.9,79,34.67,68,2463,0x0000000000000000
08:05:45,16700,6978,5910863,9337999,17778486,1.5,6.1,74.0,83,34.26,68,2463,0x0000000000000000
08:05:46,16704,6978,5910863,9337999,17778828,1.3,5.6,49.0,83,34.96,68,2463,0x0000000000000000
08:05:47,16707,6978,5910865,9337999,17779259,1.7,5.6,90.1,83,34.27,68,2463,0x0000000000000000
08:05:48,16708,6978,5910867,9337999,17779690,1.7,5.7,90.9,85,34.63,68,2463,0x0000000000000000
08:05:49,16708,6978,5910868,9337999,17780102,1.6,5.6,90.2,84,34.83,68,2463,0x0000000000000000
08:05:50,16705,6978,5910869,9337999,17780513,1.7,6.2,49.5,84,34.23,68,2463,0x0000000000000000
08:05:51,16706,6978,5910869,9337999,17780934,1.6,5.3,90.9,85,34.80,68,2463,0x0000000000000000
08:05:52,16709,6978,5910870,9337999,17781333,1.6,5.3,90.9,86,34.86,68,2463,0x0000000000000000
08:05:53,16706,6978,5910870,9337999,17781750,1.6,5.5,91.1,85,34.58,68,2463,0x0000000000000000
08:05:54,16707,6978,5910888,9337999,17782199,1.8,5.7,89.9,84,34.41,68,2463,0x0000000000000000
08:05:55,16701,6978,5910889,9337999,17782630,1.8,6.0,89.8,86,34.49,68,2463,0x0000000000000000
08:05:56,16702,6978,5910890,9337999,17782982,1.4,5.7,80.8,88,34.74,67,2463,0x0000000000000000
08:05:57,16705,6978,5910890,9337999,17783275,1.1,5.3,87.0,84,34.47,67,2463,0x0000000000000000
08:05:58,16704,6978,5910890,9337999,17783275,0.0,5.9,100.0,94,39.01,68,2470,0x0000000000000000
08:05:59,16705,6978,5910890,9337999,17783275,0.0,5.9,100.0,94,37.12,68,2476,0x0000000000000000
08:06:00,16703,6978,5910890,9337999,17783275,0.0,6.4,100.0,94,36.95,68,2476,0x0000000000000000
08:06:01,16703,6978,5910890,9337999,17783275,0.0,5.8,100.0,94,37.11,67,2476,0x0000000000000000
08:06:02,16703,6978,5910890,9337999,17783275,0.0,5.8,100.0,93,37.07,68,2476,0x0000000000000000
08:06:03,16703,6978,5910890,9337999,17783275,0.0,5.8,99.0,94,37.15,68,2470,0x0000000000000000
08:06:04,16704,6978,5910890,9337999,17783275,0.0,6.2,100.0,93,36.86,67,2476,0x0000000000000000
08:06:05,16700,6978,5910890,9337999,17783275,0.0,6.8,100.0,94,37.05,68,2470,0x0000000000000000
08:06:06,16699,6978,5910890,9337999,17783275,0.0,5.8,100.0,93,37.05,67,2476,0x0000000000000000
08:06:07,16699,6978,5910890,9337999,17783275,0.0,6.0,100.0,94,37.10,68,2470,0x0000000000000000
08:06:08,16700,6978,5910904,9337999,17783278,0.1,5.9,100.0,94,37.18,67,2476,0x0000000000000000
08:06:09,16700,6978,5910904,9337999,17783278,0.0,5.7,100.0,94,36.98,67,2476,0x0000000000000000
08:06:10,16696,6978,5910904,9337999,17783278,0.0,6.4,99.0,94,37.21,67,2470,0x0000000000000000
08:06:11,16696,6978,5910904,9337999,17783278,0.0,5.8,100.0,93,37.02,67,2476,0x0000000000000000
08:06:12,16697,6978,5910904,9337999,17783278,0.0,5.8,100.0,94,37.10,67,2470,0x0000000000000000
08:06:13,16701,6978,5910904,9337999,17783278,0.0,5.6,93.0,94,36.89,67,2476,0x0000000000000000
08:06:14,16701,6978,5910904,9337999,17783278,0.0,5.9,100.0,93,39.06,67,2476,0x0000000000000000
08:06:15,16699,6978,5910904,9337999,17783278,0.0,6.6,100.0,94,37.08,67,2476,0x0000000000000000
08:06:16,16699,6978,5910904,9337999,17783278,0.0,5.8,100.0,94,37.02,67,2476,0x0000000000000000
08:06:17,16692,6978,5910904,9337999,17783279,0.1,6.2,100.0,94,37.00,67,2476,0x0000000000000000
08:06:18,16693,6978,5910904,9337999,17783279,0.0,5.7,100.0,94,37.12,67,2476,0x0000000000000000
08:06:19,16693,6978,5910904,9337999,17783279,0.0,5.8,99.0,93,36.92,67,2476,0x0000000000000000
08:06:20,16697,6978,5910904,9337999,17783279,0.0,6.5,100.0,94,36.99,67,2476,0x0000000000000000
08:06:21,16697,6978,5910904,9337999,17783279,0.0,5.9,100.0,93,36.85,67,2470,0x0000000000000000
08:06:22,16697,6978,5910904,9337999,17783279,0.0,5.8,100.0,94,37.12,67,2476,0x0000000000000000
08:06:23,16698,6978,5910908,9337999,17783280,0.0,6.1,100.0,92,36.79,67,2476,0x0000000000000000
08:06:24,16698,6978,5910924,9337999,17783296,0.1,6.2,100.0,94,37.11,67,2470,0x0000000000000000
08:06:25,16693,6978,5910924,9337999,17783296,0.0,6.5,100.0,94,36.88,67,2476,0x0000000000000000
08:06:26,16694,6978,5910924,9337999,17783296,0.0,5.9,99.0,94,36.93,67,2476,0x0000000000000000
08:06:27,16694,6978,5910929,9337999,17783297,0.0,5.8,100.0,94,37.07,67,2476,0x0000000000000000
08:06:28,16693,6978,5910929,9337999,17783297,0.0,5.9,100.0,92,36.94,67,2476,0x0000000000000000
08:06:29,16693,6978,5910930,9337999,17783471,0.7,5.7,89.0,94,36.89,67,2470,0x0000000000000000
08:06:30,16693,6978,5910931,9337999,17783843,1.5,6.1,91.1,85,37.42,67,2463,0x0000000000000000
08:06:31,16693,6978,5910931,9337999,17784276,1.7,5.3,90.9,83,34.60,66,2463,0x0000000000000000
08:06:32,16694,6978,5910932,9337999,17784621,1.3,5.3,92.0,83,34.46,66,2463,0x0000000000000000
08:06:33,16696,6978,5910932,9337999,17784953,1.3,5.7,90.9,83,34.29,66,2457,0x0000000000000000
08:06:34,16696,6978,5910932,9337999,17785349,1.5,5.4,89.1,85,34.46,66,2463,0x0000000000000000
08:06:35,16699,6978,5910932,9337999,17785698,1.4,6.1,85.9,86,34.10,66,2463,0x0000000000000000
08:06:36,16699,6978,5910933,9337999,17786035,1.3,5.5,92.1,84,34.61,66,2463,0x0000000000000000
08:06:37,16700,6978,5910936,9337999,17786456,1.6,5.5,91.1,76,34.24,65,2463,0x0000000000000000
08:06:38,16700,6978,5910936,9337999,17786808,1.4,5.7,47.5,81,34.21,66,2463,0x0000000000000000
08:06:39,16700,6978,5910936,9337999,17787219,1.6,5.6,90.9,84,34.51,66,2470,0x0000000000000000
08:06:40,16696,6978,5910936,9337999,17787566,1.4,6.3,92.0,91,34.58,66,2470,0x0000000000000000
08:06:41,16696,6978,5910936,9337999,17787938,1.5,5.8,42.0,80,34.51,66,2463,0x0000000000000000
08:06:42,16698,6978,5910938,9337999,17788365,1.7,5.7,90.1,85,33.99,66,2470,0x0000000000000000
08:06:43,16699,6978,5910940,9337999,17788690,1.3,5.8,91.9,89,34.84,66,2463,0x0000000000000000
08:06:44,16701,6978,5910940,9337999,17788982,1.1,5.8,54.0,82,34.54,66,2463,0x0000000000000000
08:06:45,16696,6978,5910941,9337999,17789269,1.1,6.2,93.0,90,34.63,66,2470,0x0000000000000000
08:06:46,16696,6978,5910942,9337999,17789727,1.8,5.3,90.8,86,34.06,66,2470,0x0000000000000000
