t,memavail_mib,swap_used_mib,pswpin,pswpout,pgmajfault,nvme_read_mib,cpu_pct,cpu_max_core_pct,gpu_util,gpu_w,gpu_c,sm_mhz,throttle
13:27:04,120879,4155,1719247,3473457,16522488,0.0,0.0,0.0,1,4.57,57,247,0x0000000000000000
13:27:05,120742,4155,1719251,3473457,16524179,229.1,10.0,31.0,1,4.51,56,260,0x0000000000000000
13:27:06,120628,4155,1719294,3473457,16524800,75.4,4.7,51.5,1,4.48,56,253,0x0000000000000000
13:27:07,120589,4155,1719298,3473457,16525404,89.1,4.0,67.3,0,4.33,56,208,0x0000000000000000
13:27:08,120545,4155,1719298,3473457,16525513,26.2,4.4,85.7,0,4.20,56,208,0x0000000000000000
13:27:09,120502,4155,1719374,3473457,16525561,15.0,5.0,58.2,0,4.12,56,227,0x0000000000000000
13:27:10,120448,4155,1719374,3473457,16525611,16.8,4.5,44.4,0,4.15,56,208,0x0000000000000000
13:27:11,120424,4155,1719374,3473457,16525611,20.9,2.0,28.3,0,4.24,55,208,0x0000000000000000
13:27:12,120399,4155,1719461,3473457,16525684,40.5,2.4,30.0,0,4.19,55,208,0x0000000000000000
13:27:13,120380,4155,1719461,3473457,16525806,30.3,10.5,56.0,0,4.19,55,208,0x0000000000000000
13:27:14,120332,4155,1719468,3473457,16526018,41.1,4.7,78.4,0,4.07,55,208,0x0000000000000000
13:27:15,120304,4155,1719468,3473457,16526659,85.1,3.9,57.4,0,4.06,55,208,0x0000000000000000
13:27:16,120239,4155,1719468,3473457,16526747,26.0,4.8,88.9,0,4.07,55,208,0x0000000000000000
13:27:17,120218,4155,1719468,3473457,16527138,68.2,3.7,62.2,0,4.05,55,208,0x0000000000000000
13:27:18,120197,4155,1719479,3473457,16527143,10.4,5.5,90.2,0,4.08,54,208,0x0000000000000000
13:27:19,120171,4155,1719479,3473457,16527277,24.8,4.6,84.8,0,4.11,54,208,0x0000000000000000
13:27:20,119850,4155,1719479,3473457,16527610,47.9,4.0,39.4,0,6.06,55,1358,0x0000000000000000
13:27:21,119870,4155,1719479,3473457,16528141,59.5,4.1,46.0,0,12.21,55,2411,0x0000000000000000
13:27:22,119836,4155,1719479,3473457,16528189,10.6,5.0,88.8,0,12.22,55,2411,0x0000000000000000
13:27:23,119107,4155,1719479,3473457,16528202,10.9,21.2,100.0,0,12.23,55,2411,0x0000000000000000
13:27:24,118834,4155,1719479,3473457,16528404,41.2,14.9,100.0,0,12.32,55,2411,0x0000000000000000
13:27:25,118551,4155,1719485,3473457,16528410,2.8,22.2,73.7,0,12.26,55,2411,0x0000000000000000
13:27:26,118084,4155,1719485,3473457,16528410,0.0,15.1,100.0,0,12.26,55,2411,0x0000000000000000
13:27:27,117554,4155,1719485,3473457,16528411,0.3,11.9,100.0,0,12.24,55,2411,0x0000000000000000
13:27:28,117101,4155,1719485,3473457,16528467,6.2,4.9,64.0,0,12.18,55,2411,0x0000000000000000
13:27:29,116783,4155,1719485,3473457,16528547,11.7,6.5,94.0,3,12.94,55,2411,0x0000000000000000
13:27:30,76200,4155,1719485,3473457,16528588,5.4,5.2,99.0,0,12.77,55,2411,0x0000000000000000
13:27:31,61709,4155,1719513,3473457,16529004,49.8,5.1,76.0,0,12.25,55,2411,0x0000000000000000
13:27:32,61686,4155,1719520,3473457,16529077,36.1,4.3,70.8,0,12.96,55,2411,0x0000000000000000
13:27:33,39606,4155,1719521,3473457,16529078,0.0,5.3,100.0,11,17.28,55,2424,0x0000000000000000
13:27:34,32931,4155,1719521,3473457,16529728,186.0,4.3,26.3,0,13.81,55,2411,0x0000000000000000
13:27:35,32992,4155,1719521,3473457,16531806,481.5,3.5,9.3,0,12.14,54,2411,0x0000000000000000
13:27:36,33038,4155,1719521,3473457,16533744,449.2,3.3,10.2,0,12.11,54,2411,0x0000000000000000
13:27:37,32835,4155,1719521,3473457,16534857,355.2,6.8,81.0,1,12.29,54,2411,0x0000000000000000
13:27:38,32798,4155,1719521,3473457,16535224,195.7,6.4,97.0,1,12.52,54,2411,0x0000000000000000
13:27:39,32560,4155,1719521,3473457,16535490,182.9,6.7,91.0,1,12.50,54,2411,0x0000000000000000
13:27:40,32636,4155,1719521,3473457,16536094,250.7,6.8,95.0,1,12.52,54,2411,0x0000000000000000
13:27:41,32394,4155,1719521,3473457,16536125,130.4,6.5,100.0,1,12.50,54,2411,0x0000000000000000
13:27:42,32515,4154,1719522,3473457,16536730,253.6,6.7,95.0,2,12.48,54,2411,0x0000000000000000
13:27:43,32634,4154,1719522,3473457,16537019,179.8,6.5,92.0,1,12.48,54,2411,0x0000000000000000
13:27:44,32390,4154,1719522,3473457,16537364,204.1,7.0,98.0,2,12.47,54,2411,0x0000000000000000
13:27:45,32440,4154,1719522,3473457,16537970,261.2,6.6,96.0,1,12.47,54,2411,0x0000000000000000
13:27:46,32208,4154,1719522,3473457,16538000,127.1,6.4,100.0,1,12.46,54,2411,0x0000000000000000
13:27:47,32341,4154,1719522,3473457,16538603,250.0,6.4,94.9,1,12.42,54,2411,0x0000000000000000
13:27:48,32468,4154,1719577,3473457,16538936,185.9,6.8,95.0,1,12.43,53,2411,0x0000000000000000
13:27:49,32252,4154,1719581,3473457,16539256,187.6,7.0,97.0,1,12.41,53,2411,0x0000000000000000
13:27:50,32378,4154,1719581,3473457,16539894,258.4,6.5,94.9,1,12.40,53,2411,0x0000000000000000
13:27:51,32141,4154,1719581,3473457,16539925,128.2,6.3,100.0,2,12.42,53,2411,0x0000000000000000
13:27:52,32272,4154,1719581,3473457,16540529,255.7,6.5,96.0,1,12.40,53,2411,0x0000000000000000
13:27:53,32389,4154,1719581,3473457,16540865,191.1,6.4,95.0,1,12.42,53,2411,0x0000000000000000
13:27:54,32168,4154,1719581,3473457,16541162,182.1,6.7,96.0,1,12.33,53,2411,0x0000000000000000
13:27:55,32286,4154,1719581,3473457,16541767,255.2,7.0,96.0,1,12.36,53,2411,0x0000000000000000
13:27:56,32063,4154,1719583,3473457,16541800,123.6,6.4,100.0,1,12.34,53,2411,0x0000000000000000
13:27:57,32176,4154,1719583,3473457,16542403,252.4,6.9,95.0,1,12.31,53,2411,0x0000000000000000
13:27:58,32302,4154,1719583,3473457,16542857,218.2,6.2,97.0,1,12.34,53,2411,0x0000000000000000
13:27:59,32064,4154,1719583,3473457,16543038,166.3,6.8,99.0,2,12.33,53,2411,0x0000000000000000
13:28:00,32204,4154,1719583,3473457,16543640,244.2,6.2,92.1,1,12.31,53,2411,0x0000000000000000
13:28:01,31967,4154,1719583,3473457,16543670,126.5,6.8,100.0,1,12.19,53,2411,0x0000000000000000
13:28:02,32093,4154,1719583,3473457,16544273,247.7,6.5,93.0,1,12.16,53,2411,0x0000000000000000
13:28:03,32213,4154,1719583,3473457,16544391,138.5,6.2,99.0,1,12.15,52,2411,0x0000000000000000
13:28:04,31962,4154,1719583,3473457,16544906,243.4,7.0,96.0,1,12.12,52,2411,0x0000000000000000
13:28:05,32107,4154,1719583,3473457,16545360,198.3,6.9,73.0,2,12.17,52,2411,0x0000000000000000
13:28:06,31872,4154,1719583,3473457,16545541,160.5,6.2,99.0,2,12.03,52,2411,0x0000000000000000
13:28:07,32013,4154,1719584,3473457,16546145,248.7,6.5,95.0,1,12.12,52,2411,0x0000000000000000
13:28:08,31780,4154,1719584,3473457,16546174,122.6,6.2,100.0,1,12.09,52,2411,0x0000000000000000
13:28:09,31890,4154,1719584,3473457,16546778,253.8,7.0,95.0,1,12.06,52,2411,0x0000000000000000
13:28:10,32005,4154,1719586,3473457,16547033,170.0,6.5,97.0,1,12.08,52,2411,0x0000000000000000
13:28:11,31772,4154,1719586,3473457,16547412,205.4,6.7,98.0,1,12.06,52,2411,0x0000000000000000
13:28:12,31902,4154,1719586,3473457,16548014,247.1,6.8,96.0,1,12.06,52,2411,0x0000000000000000
13:28:13,31681,4154,1719586,3473457,16548042,117.7,6.6,100.0,1,12.03,52,2411,0x0000000000000000
13:28:14,31814,4154,1719586,3473457,16548645,243.8,6.8,95.0,1,12.03,52,2411,0x0000000000000000
13:28:15,31577,4154,1719586,3473457,16548674,120.9,6.7,100.0,2,12.06,52,2411,0x0000000000000000
13:28:16,31704,4154,1719586,3473457,16549277,248.7,7.1,96.0,1,12.04,52,2411,0x0000000000000000
13:28:17,31851,4154,1719586,3473457,16549511,154.7,6.4,98.0,1,12.01,52,2411,0x0000000000000000
13:28:18,31654,4154,1719586,3473457,16549904,201.6,6.8,98.0,1,12.00,52,2411,0x0000000000000000
13:28:19,31794,4154,1719587,3473457,16550509,253.2,7.0,95.0,2,12.03,52,2411,0x0000000000000000
13:28:20,31569,4154,1719589,3473457,16550543,126.0,6.4,100.0,1,12.00,51,2411,0x0000000000000000
13:28:21,31700,4154,1719589,3473457,16551145,245.6,6.1,93.9,1,11.96,51,2411,0x0000000000000000
13:28:22,31478,4154,1719590,3473457,16551175,121.3,6.4,100.0,1,11.98,51,2411,0x0000000000000000
13:28:23,31597,4154,1719590,3473457,16551778,250.9,6.7,96.0,1,11.98,51,2411,0x0000000000000000
13:28:24,31708,4154,1719590,3473457,16552142,198.4,6.9,97.0,1,11.99,51,2411,0x0000000000000000
13:28:25,31463,4154,1719590,3473457,16552412,184.4,6.6,98.0,1,11.97,51,2411,0x0000000000000000
13:28:26,31587,4154,1719590,3473457,16553016,251.8,6.6,97.0,1,12.00,51,2411,0x0000000000000000
13:28:27,31356,4154,1719590,3473457,16553045,127.1,6.3,100.0,1,11.98,51,2411,0x0000000000000000
13:28:28,31487,4154,1719590,3473457,16553648,245.6,6.2,94.0,1,11.93,51,2411,0x0000000000000000
13:28:29,31630,4154,1719590,3473457,16553781,133.4,7.2,99.0,1,11.95,51,2411,0x0000000000000000
13:28:30,31450,4154,1719590,3473457,16554274,213.0,6.7,96.0,1,11.90,51,2411,0x0000000000000000
13:28:31,31609,4154,1719597,3473457,16554551,161.9,6.7,98.0,1,11.89,51,2411,0x0000000000000000
13:28:32,31423,4154,1719597,3473457,16554905,187.5,6.8,97.0,1,11.90,51,2411,0x0000000000000000
13:28:33,31573,4154,1719597,3473457,16555506,241.3,6.6,97.0,1,11.86,51,2411,0x0000000000000000
13:28:34,31336,4154,1719597,3473457,16555536,126.1,6.6,100.0,1,11.73,51,2411,0x0000000000000000
13:28:35,31471,4154,1719597,3473457,16556138,246.7,6.3,95.0,1,11.74,51,2411,0x0000000000000000
13:28:36,31251,4154,1719597,3473457,16556167,122.7,6.4,100.0,1,11.75,51,2411,0x0000000000000000
13:28:37,31352,4154,1719597,3473457,16556771,253.3,6.7,96.0,1,11.75,51,2411,0x0000000000000000
13:28:38,31496,4154,1719598,3473457,16557029,170.1,6.4,98.0,1,11.75,51,2411,0x0000000000000000
13:28:39,31269,4154,1719598,3473457,16557406,204.8,6.7,97.0,1,11.73,50,2411,0x0000000000000000
13:28:40,31397,4154,1719598,3473457,16558010,253.8,6.5,96.0,2,11.76,50,2411,0x0000000000000000
13:28:41,31180,4154,1719598,3473457,16558039,124.6,6.4,100.0,1,11.73,50,2411,0x0000000000000000
13:28:42,31337,4154,1719598,3473457,16558640,236.5,6.5,68.3,1,11.70,50,2411,0x0000000000000000
13:28:43,31149,4154,1719598,3473457,16558665,108.9,6.4,100.0,1,11.70,50,2411,0x0000000000000000
13:28:44,31310,4154,1719598,3473457,16559268,241.4,7.0,96.0,1,11.69,50,2411,0x0000000000000000
13:28:45,31108,4154,1719599,3473457,16559296,109.8,6.5,100.0,1,11.71,50,2411,0x0000000000000000
13:28:46,31269,4154,1719599,3473457,16559897,238.1,6.7,97.0,1,11.64,50,2411,0x0000000000000000
13:28:47,31418,4154,1719599,3473457,16560022,131.1,6.5,99.0,1,11.67,50,2411,0x0000000000000000
13:28:48,31231,4154,1719609,3473457,16560526,216.7,6.8,94.9,1,11.64,50,2411,0x0000000000000000
13:28:49,31384,4154,1719609,3473457,16560956,202.8,6.7,97.0,1,11.72,50,2411,0x0000000000000000
13:28:50,31223,4154,1719609,3473457,16561152,143.1,6.3,95.0,1,11.63,50,2411,0x0000000000000000
13:28:51,31342,4154,1719609,3473457,16561551,195.2,6.8,97.0,1,11.65,50,2411,0x0000000000000000
13:28:52,31159,4154,1719609,3473457,16561779,154.7,6.5,99.0,1,11.63,50,2411,0x0000000000000000
13:28:53,31319,4154,1719609,3473457,16562379,235.4,6.3,96.0,1,11.63,50,2411,0x0000000000000000
13:28:54,31123,4154,1719609,3473457,16562407,118.5,6.9,100.0,1,11.63,50,2411,0x0000000000000000
13:28:55,31279,4154,1719609,3473457,16563009,242.3,6.6,95.0,1,11.66,50,2411,0x0000000000000000
13:28:56,31100,4154,1719609,3473457,16563035,114.0,6.5,100.0,1,11.62,50,2411,0x0000000000000000
13:28:57,31254,4154,1719609,3473457,16563636,238.9,6.2,95.0,1,11.62,50,2411,0x0000000000000000
13:28:58,31066,4154,1719609,3473457,16563662,111.6,6.5,100.0,1,11.64,50,2411,0x0000000000000000
13:28:59,31198,4154,1719609,3473457,16564265,246.3,7.3,97.0,1,11.64,50,2411,0x0000000000000000
13:29:00,31013,4154,1719609,3473457,16564290,106.8,6.5,100.0,1,11.63,50,2411,0x0000000000000000
13:29:01,31174,4154,1719609,3473457,16564892,244.2,6.7,96.0,1,11.61,49,2411,0x0000000000000000
13:29:02,31313,4154,1719609,3473457,16565205,180.2,6.8,98.0,1,11.65,49,2411,0x0000000000000000
13:29:03,31120,4154,1719609,3473457,16565522,176.9,6.4,97.0,1,11.60,49,2411,0x0000000000000000
13:29:04,31252,4154,1719610,3473457,16566127,243.8,7.0,97.0,1,11.61,49,2411,0x0000000000000000
13:29:05,31042,4154,1719615,3473457,16566156,115.6,6.5,100.0,1,11.57,49,2411,0x0000000000000000
13:29:06,31195,4154,1719615,3473457,16566756,238.4,6.8,95.0,1,11.58,49,2411,0x0000000000000000
13:29:07,31016,4154,1719615,3473457,16566782,111.0,6.6,100.0,1,11.55,49,2411,0x0000000000000000
13:29:08,31201,4154,1719617,3473457,16567385,237.3,7.2,95.0,1,11.56,49,2411,0x0000000000000000
13:29:09,31018,4154,1719617,3473457,16567414,119.4,7.2,100.0,1,11.57,49,2411,0x0000000000000000
13:29:10,31183,4154,1719617,3473457,16568015,241.1,6.6,95.0,1,11.55,49,2411,0x0000000000000000
13:29:11,30977,4154,1719617,3473457,16568043,118.5,6.5,100.0,1,11.59,49,2411,0x0000000000000000
13:29:12,31130,4154,1719617,3473457,16568644,241.5,6.4,96.0,1,11.52,49,2411,0x0000000000000000
13:29:13,31268,4154,1719617,3473457,16568731,125.3,6.6,99.0,1,11.56,49,2411,0x0000000000000000
13:29:14,31077,4154,1719617,3473457,16569273,229.4,7.0,97.0,1,11.56,49,2411,0x0000000000000000
13:29:15,31255,4154,1719617,3473457,16569651,188.6,6.8,97.0,1,11.53,49,2411,0x0000000000000000
13:29:16,31070,4154,1719618,3473457,16569902,166.8,6.9,99.0,1,11.52,49,2411,0x0000000000000000
13:29:17,31228,4154,1719618,3473457,16570503,239.4,6.4,67.3,1,11.53,49,2411,0x0000000000000000
13:29:18,31028,4154,1719618,3473457,16570530,112.6,6.5,99.0,1,11.51,49,2411,0x0000000000000000
13:29:19,31191,4154,1719618,3473457,16571130,237.3,6.7,95.0,1,11.51,49,2411,0x0000000000000000
13:29:20,31003,4154,1719618,3473457,16571156,110.1,6.6,100.0,1,11.49,49,2411,0x0000000000000000
13:29:21,31154,4154,1719618,3473457,16571756,237.2,6.6,71.7,1,11.51,49,2411,0x0000000000000000
13:29:22,30967,4154,1719618,3473457,16571782,107.5,6.5,100.0,1,11.48,49,2411,0x0000000000000000
13:29:23,31054,4154,1719618,3473457,16572382,235.7,6.4,95.0,1,11.47,49,2411,0x0000000000000000
13:29:24,30828,4154,1719618,3473457,16572412,130.2,6.7,100.0,1,11.52,49,2411,0x0000000000000000
13:29:25,30965,4154,1719618,3473457,16573016,250.8,6.7,79.0,1,11.51,49,2411,0x0000000000000000
13:29:26,31098,4154,1719619,3473457,16573439,208.6,6.3,96.0,1,11.52,48,2411,0x0000000000000000
13:29:27,30899,4154,1719619,3473457,16573649,162.2,6.3,98.0,1,11.50,48,2411,0x0000000000000000
13:29:28,31063,4154,1719619,3473457,16574252,248.8,6.6,95.0,1,11.51,48,2411,0x0000000000000000
13:29:29,30882,4154,1719619,3473457,16574281,122.9,6.7,100.0,1,11.47,48,2411,0x0000000000000000
13:29:30,31055,4154,1719619,3473457,16574884,249.3,6.4,96.0,1,11.47,48,2411,0x0000000000000000
13:29:31,31220,4154,1719619,3473457,16574978,140.5,6.5,99.0,1,11.48,48,2411,0x0000000000000000
13:29:32,31055,4154,1719619,3473457,16575518,240.3,6.9,97.0,1,11.48,48,2411,0x0000000000000000
13:29:33,31208,4154,1719619,3473457,16576120,245.2,6.2,65.0,1,11.48,48,2411,0x0000000000000000
13:29:34,31032,4154,1719619,3473457,16576147,112.8,6.9,100.0,1,11.40,48,2411,0x0000000000000000
13:29:35,31173,4154,1719619,3473457,16576749,241.5,6.9,96.0,1,11.42,48,2411,0x0000000000000000
13:29:36,31009,4154,1719619,3473457,16576775,108.5,6.9,100.0,1,11.42,48,2411,0x0000000000000000
13:29:37,31203,4154,1719620,3473457,16577375,234.2,6.3,96.0,1,11.41,48,2411,0x0000000000000000
13:29:38,31037,4154,1719620,3473457,16577402,113.1,6.4,100.0,1,11.39,48,2411,0x0000000000000000
13:29:39,31186,4154,1719620,3473457,16578004,246.7,6.9,96.0,1,11.40,48,2411,0x0000000000000000
13:29:40,30974,4154,1721350,3473457,16579344,127.3,6.6,100.0,1,11.41,48,2411,0x0000000000000000
13:29:41,31123,4154,1721611,3473457,16580154,242.5,6.4,96.0,2,11.43,48,2411,0x0000000000000000
13:29:42,31287,4154,1721611,3473457,16580307,142.1,6.8,99.0,1,11.43,48,2411,0x0000000000000000
13:29:43,31119,4154,1721611,3473457,16580783,215.4,6.7,98.0,1,11.39,48,2411,0x0000000000000000
13:29:44,31290,4154,1721611,3473457,16581385,244.5,7.1,96.0,1,11.40,48,2411,0x0000000000000000
13:29:45,31108,4154,1721611,3473457,16581413,119.7,6.5,100.0,1,11.41,48,2411,0x0000000000000000
13:29:46,31278,4154,1721611,3473457,16582014,239.8,6.4,57.4,1,11.40,48,2411,0x0000000000000000
13:29:47,31116,4154,1721611,3473457,16582041,113.5,6.4,100.0,1,11.39,48,2411,0x0000000000000000
13:29:48,31219,4154,1721613,3473457,16582643,242.8,6.5,55.4,1,11.38,48,2411,0x0000000000000000
13:29:49,31039,4154,1721613,3473457,16582674,126.3,6.8,100.0,1,11.45,48,2411,0x0000000000000000
13:29:50,31215,4154,1721613,3473457,16583277,249.4,6.7,93.9,2,11.40,48,2411,0x0000000000000000
13:29:51,31390,4154,1721613,3473457,16583686,204.2,6.4,97.0,1,11.41,48,2411,0x0000000000000000
13:29:52,31209,4154,1721613,3473457,16583910,171.5,6.6,98.0,1,11.39,48,2411,0x0000000000000000
13:29:53,31415,4154,1721613,3473457,16584397,199.0,6.3,72.0,1,11.40,48,2411,0x0000000000000000
13:29:54,31245,4154,1721613,3473457,16584537,137.8,6.5,98.0,1,11.27,48,2411,0x0000000000000000
13:29:55,31445,4154,1721613,3473457,16585138,240.8,6.6,96.0,1,11.38,47,2411,0x0000000000000000
13:29:56,31264,4154,1721613,3473457,16585164,111.7,6.4,100.0,1,11.36,47,2411,0x0000000000000000
13:29:57,31414,4154,1721613,3473457,16585766,241.7,6.9,96.0,1,11.36,47,2411,0x0000000000000000
13:29:58,31222,4154,1721613,3473457,16585792,110.9,6.4,100.0,1,11.37,47,2411,0x0000000000000000
13:29:59,31349,4154,1721613,3473457,16586396,249.9,7.2,97.0,1,11.34,47,2411,0x0000000000000000
13:30:00,31152,4154,1721613,3473457,16586422,112.0,6.5,100.0,2,11.35,47,2411,0x0000000000000000
13:30:01,31300,4154,1721613,3473457,16587026,242.0,6.5,94.9,1,11.31,47,2411,0x0000000000000000
13:30:02,31435,4154,1721613,3473457,16587283,167.1,6.7,98.0,1,11.36,47,2411,0x0000000000000000
13:30:03,31259,4154,1721613,3473457,16587655,191.1,6.7,98.0,1,11.34,47,2411,0x0000000000000000
13:30:04,31409,4154,1721613,3473457,16588131,217.8,7.3,97.0,1,11.37,47,2411,0x0000000000000000
13:30:05,31294,4154,1721614,3473471,16588285,144.0,6.9,99.0,2,11.36,47,2411,0x0000000000000000
13:30:06,33070,4154,1721614,3473471,16588886,237.4,6.6,95.0,1,11.34,47,2411,0x0000000000000000
13:30:07,32851,4154,1721614,3473471,16588913,116.7,6.5,100.0,1,11.33,47,2411,0x0000000000000000
13:30:08,32972,4154,1721614,3473471,16589516,243.8,6.6,96.0,1,11.33,47,2411,0x0000000000000000
13:30:09,32737,4154,1721614,3473471,16589545,120.7,6.7,100.0,1,11.34,47,2411,0x0000000000000000
13:30:10,32876,4154,1721614,3473471,16590145,237.6,6.5,96.0,1,11.31,47,2411,0x0000000000000000
13:30:11,32663,4154,1721614,3473471,16590171,112.5,6.5,100.0,1,11.34,47,2411,0x0000000000000000
13:30:12,32997,4154,1721614,3473471,16590772,239.7,7.0,96.0,1,11.29,47,2411,0x0000000000000000
13:30:13,33170,4154,1721614,3474203,16591010,160.4,7.5,98.0,1,11.33,47,2411,0x0000000000000000
13:30:14,32986,4156,1721614,3475364,16591428,195.0,8.7,97.0,1,11.34,47,2411,0x0000000000000000
13:30:15,33150,4156,1721622,3475367,16592033,239.0,7.1,95.0,2,11.43,47,2411,0x0000000000000000
13:30:16,32926,4156,1721622,3475367,16592096,125.9,7.1,100.0,2,11.41,47,2411,0x0000000000000000
13:30:17,33116,4156,1721622,3475467,16592699,238.6,6.9,96.0,1,11.37,47,2411,0x0000000000000000
13:30:18,32897,4156,1721622,3475467,16592728,114.2,6.7,100.0,2,11.34,47,2411,0x0000000000000000
13:30:19,33099,4158,1721624,3476092,16593333,242.8,7.4,95.0,1,11.34,47,2411,0x0000000000000000
13:30:20,32891,4159,1721631,3476533,16593366,110.3,7.0,100.0,1,11.32,47,2411,0x0000000000000000
13:30:21,33020,4159,1721631,3476533,16593966,238.4,6.8,97.0,1,11.31,47,2411,0x0000000000000000
13:30:22,32803,4159,1721631,3476533,16593993,114.7,6.5,100.0,1,11.35,47,2411,0x0000000000000000
13:30:23,32948,4159,1721631,3476533,16594593,235.7,6.3,95.0,1,11.32,47,2411,0x0000000000000000
13:30:24,32727,4161,1721631,3476646,16594621,117.8,7.0,100.0,1,11.36,47,2411,0x0000000000000000
13:30:25,33018,4161,1721644,3476646,16595243,244.7,7.1,96.0,1,11.32,47,2411,0x0000000000000000
13:30:26,33144,4162,1721650,3476864,16595562,179.5,6.8,98.0,1,11.33,47,2411,0x0000000000000000
13:30:27,32993,4163,1721650,3477095,16595876,178.3,6.9,99.0,1,11.31,47,2411,0x0000000000000000
13:30:28,33119,4163,1721650,3477095,16596477,239.2,6.8,96.0,1,11.31,47,2411,0x0000000000000000
13:30:29,32950,4165,1721650,3477693,16596505,119.1,7.0,100.0,1,11.29,47,2411,0x0000000000000000
13:30:30,33097,4166,1721650,3477930,16597105,235.7,6.7,94.1,1,11.29,47,2411,0x0000000000000000
13:30:31,32882,4166,1721657,3477930,16597135,113.0,6.5,100.0,1,11.30,47,2411,0x0000000000000000
13:30:32,33081,4167,1721657,3478179,16597736,241.0,7.0,95.0,1,11.29,47,2411,0x0000000000000000
13:30:33,32924,4169,1721657,3478647,16597763,112.2,7.0,100.0,1,11.31,47,2411,0x0000000000000000
13:30:34,33029,4170,1722260,3479010,16598729,249.6,7.6,96.0,1,11.31,47,2411,0x0000000000000000
13:30:35,32795,4170,1722270,3479010,16598766,114.6,6.4,100.0,1,11.33,47,2411,0x0000000000000000
13:30:36,32911,4170,1722279,3479010,16599381,248.4,7.0,96.0,1,11.31,47,2411,0x0000000000000000
13:30:37,33155,4171,1722279,3479283,16599856,215.2,6.7,96.0,1,11.33,47,2411,0x0000000000000000
13:30:38,32999,4171,1722279,3479629,16600014,146.1,6.8,99.0,1,11.29,47,2411,0x0000000000000000
13:30:39,33131,4171,1722285,3479731,16600621,243.7,6.9,96.0,1,11.33,47,2411,0x0000000000000000
13:30:40,32950,4172,1722287,3479810,16600649,114.1,6.6,100.0,1,11.30,47,2411,0x0000000000000000
13:30:41,33068,4172,1722287,3479810,16601251,244.2,7.6,96.0,1,11.37,47,2411,0x0000000000000000
13:30:42,32855,4172,1722293,3479810,16601280,112.0,6.5,100.0,1,11.31,47,2411,0x0000000000000000
13:30:43,32981,4172,1722293,3479810,16601882,244.2,6.9,96.0,1,11.30,47,2411,0x0000000000000000
13:30:44,32750,4172,1722293,3479810,16601910,120.1,6.8,100.0,1,11.33,47,2411,0x0000000000000000
13:30:45,32870,4172,1722294,3479810,16602526,243.5,6.5,94.0,1,11.28,47,2411,0x0000000000000000
13:30:46,32996,4172,1722304,3479810,16602844,173.0,6.5,98.0,1,11.30,47,2411,0x0000000000000000
13:30:47,32779,4172,1722304,3479810,16603187,185.4,6.5,97.0,1,11.28,47,2411,0x0000000000000000
13:30:48,33157,4173,1722310,3480119,16603599,194.0,7.2,97.0,1,11.27,47,2411,0x0000000000000000
13:30:49,32932,4173,1722310,3480119,16603832,162.2,7.2,99.0,1,11.32,47,2411,0x0000000000000000
13:30:50,33060,4173,1722312,3480119,16604434,236.0,6.5,95.0,1,11.30,47,2411,0x0000000000000000
13:30:51,32964,4173,1722316,3480939,16604464,111.5,6.6,100.0,1,11.29,47,2411,0x0000000000000000
13:30:52,33135,4173,1722325,3481893,16605073,235.9,6.6,96.0,1,11.26,47,2411,0x0000000000000000
13:30:53,32914,4173,1722332,3481893,16605108,121.4,6.8,100.0,1,11.27,47,2411,0x0000000000000000
13:30:54,33026,4173,1722332,3481893,16605709,243.5,6.9,96.0,1,11.29,47,2411,0x0000000000000000
13:30:55,32911,4173,1722332,3481898,16605740,111.6,6.6,100.0,1,11.28,46,2411,0x0000000000000000
13:30:56,33083,4173,1722334,3482907,16606350,236.8,6.8,96.0,1,11.24,46,2411,0x0000000000000000
13:30:57,32912,4174,1722337,3484246,16606379,109.2,6.8,100.0,1,11.24,46,2411,0x0000000000000000
13:30:58,33035,4174,1722363,3484246,16606994,244.9,6.9,97.0,1,11.27,46,2411,0x0000000000000000
13:30:59,33149,4174,1722363,3484246,16607371,198.4,7.5,97.0,1,11.32,46,2411,0x0000000000000000
13:31:00,32940,4174,1722363,3484246,16607627,162.0,6.2,98.0,2,11.27,46,2411,0x0000000000000000
13:31:01,33075,4174,1722447,3484246,16608255,240.9,6.5,96.0,1,11.26,46,2411,0x0000000000000000
13:31:02,32850,4174,1722569,3484246,16608404,121.2,7.0,99.0,1,11.26,46,2411,0x0000000000000000
13:31:03,33137,4168,1722569,3484448,16609005,241.4,6.9,95.9,1,11.25,46,2411,0x0000000000000000
13:31:04,32896,4168,1722572,3484448,16609136,126.0,7.3,100.0,1,11.27,46,2411,0x0000000000000000
13:31:05,33070,4168,1722582,3484448,16609749,243.3,6.9,95.0,1,11.20,46,2411,0x0000000000000000
13:31:06,32924,4168,1722591,3484660,16609788,118.0,6.9,100.0,2,11.25,46,2411,0x0000000000000000
13:31:07,33053,4168,1722598,3484660,16610394,241.4,6.7,68.0,1,11.22,46,2411,0x0000000000000000
13:31:08,33236,4168,1722608,3484674,16610491,131.2,6.7,99.0,1,11.24,46,2411,0x0000000000000000
13:31:09,33004,4168,1722613,3484674,16611035,231.3,6.9,79.0,1,11.19,46,2411,0x0000000000000000
13:31:10,33193,4168,1724016,3484674,16612631,195.4,7.0,96.0,1,11.23,46,2411,0x0000000000000000
13:31:11,33006,4166,1724016,3484814,16612892,169.5,7.1,98.0,1,11.23,46,2411,0x0000000000000000
13:31:12,33086,4166,1724036,3484814,16613508,247.9,7.3,94.0,2,11.26,46,2411,0x0000000000000000
13:31:13,32939,4166,1724041,3484949,16613541,120.1,6.9,100.0,1,11.18,46,2411,0x0000000000000000
13:31:14,33105,4166,1724041,3484952,16614144,249.0,7.6,59.6,1,11.19,46,2411,0x0000000000000000
13:31:15,32840,4166,1724041,3484952,16614181,123.3,6.7,100.0,2,11.23,46,2411,0x0000000000000000
13:31:16,32949,4166,1724044,3484952,16614786,249.7,6.9,94.1,1,11.22,46,2411,0x0000000000000000
13:31:17,33193,4166,1724044,3484952,16615142,194.1,6.7,96.0,1,11.27,46,2411,0x0000000000000000
13:31:18,32953,4166,1724046,3484952,16615421,181.6,6.7,98.0,2,11.23,46,2411,0x0000000000000000
13:31:19,33102,4166,1724047,3484952,16616032,252.8,7.2,94.0,1,11.25,46,2411,0x0000000000000000
13:31:20,32922,4166,1724060,3486041,16616070,126.1,6.9,100.0,1,11.24,46,2411,0x0000000000000000
13:31:21,33005,4166,1724060,3486041,16616674,250.6,6.8,94.0,1,11.19,46,2411,0x0000000000000000
13:31:22,33127,4166,1724060,3486041,16617135,217.2,6.4,96.0,1,11.25,46,2411,0x0000000000000000
13:31:23,33013,4166,1724060,3487108,16617306,153.7,6.6,99.0,2,11.18,46,2411,0x0000000000000000
13:31:24,33141,4166,1724060,3487108,16617909,249.3,7.2,94.0,1,11.20,46,2411,0x0000000000000000
13:31:25,32863,4166,1724061,3487108,16617939,125.9,6.9,100.0,2,11.23,46,2411,0x0000000000000000
13:31:26,33063,4166,1724061,3487109,16618543,251.9,7.3,94.1,1,11.19,46,2411,0x0000000000000000
13:31:27,33223,4166,1724062,3487109,16618743,162.3,6.5,99.0,1,11.22,46,2411,0x0000000000000000
13:31:28,32988,4166,1724062,3487109,16619178,216.9,6.5,97.0,1,11.19,46,2411,0x0000000000000000
13:31:29,33164,4166,1724062,3487109,16619781,250.2,6.8,93.0,1,11.25,46,2411,0x0000000000000000
13:31:30,32966,4167,1724062,3488267,16619812,125.0,7.0,100.0,1,11.21,46,2411,0x0000000000000000
13:31:31,33064,4167,1724062,3488267,16620415,249.9,7.1,94.1,1,11.19,46,2411,0x0000000000000000
13:31:32,32978,4167,1724062,3489242,16620453,126.3,7.1,100.0,1,11.20,46,2411,0x0000000000000000
13:31:33,33005,4167,1724062,3489242,16621057,254.2,6.9,93.9,1,11.19,46,2411,0x0000000000000000
13:31:34,33106,4167,1724067,3489242,16621667,251.7,6.7,94.0,1,11.30,46,2411,0x0000000000000000
13:31:35,32975,4167,1724070,3490052,16621701,126.6,6.9,100.0,2,11.20,46,2411,0x0000000000000000
13:31:36,33104,4167,1724074,3490676,16622308,248.5,6.4,95.0,1,11.20,46,2411,0x0000000000000000
13:31:37,32928,4167,1724074,3490676,16622337,125.9,6.6,100.0,1,11.22,46,2411,0x0000000000000000
13:31:38,33033,4167,1724074,3490676,16622940,249.2,7.3,94.0,1,11.21,46,2411,0x0000000000000000
13:31:39,33144,4167,1724074,3490676,16623442,226.9,6.7,95.0,1,11.29,46,2411,0x0000000000000000
13:31:40,32902,4167,1724074,3490676,16623574,151.5,6.3,100.0,1,11.20,46,2411,0x0000000000000000
13:31:41,33153,4167,1724074,3490676,16624173,226.3,6.5,75.2,1,11.21,46,2411,0x0000000000000000
13:31:42,32978,4167,1724074,3490676,16624203,127.2,6.9,100.0,1,11.16,46,2411,0x0000000000000000
13:31:43,33110,4167,1724075,3490676,16624808,249.2,6.6,93.1,1,11.20,46,2411,0x0000000000000000
13:31:44,32901,4167,1724075,3490676,16624838,126.9,6.9,100.0,2,11.28,46,2411,0x0000000000000000
13:31:45,32995,4169,1724075,3491216,16625442,253.0,6.9,95.0,2,11.24,46,2411,0x0000000000000000
13:31:46,33122,4169,1724075,3491216,16625943,227.0,6.8,94.9,1,11.23,46,2411,0x0000000000000000
13:31:47,32977,4169,1724075,3491216,16626076,152.4,6.6,100.0,1,11.22,46,2411,0x0000000000000000
13:31:48,33087,4169,1724084,3491216,16626686,249.3,6.5,94.0,1,11.20,46,2411,0x0000000000000000
13:31:49,32912,4171,1724084,3491777,16626716,128.9,7.0,100.0,2,11.26,46,2411,0x0000000000000000
13:31:50,33060,4171,1724087,3491777,16627322,248.1,6.6,95.0,1,11.20,46,2411,0x0000000000000000
13:31:51,33206,4174,1724087,3492366,16627750,211.0,6.9,96.0,1,11.23,46,2411,0x0000000000000000
13:31:52,32950,4174,1724087,3492366,16627955,164.6,7.3,98.0,1,11.19,46,2411,0x0000000000000000
13:31:53,33078,4174,1724087,3492366,16628558,246.6,6.3,62.0,1,11.25,46,2411,0x0000000000000000
13:31:54,32821,4174,1724087,3492366,16628590,131.0,6.7,100.0,1,11.20,46,2411,0x0000000000000000
13:31:55,32928,4174,1724087,3492366,16629192,243.7,6.3,65.7,1,11.17,46,2411,0x0000000000000000
13:31:56,33205,4174,1724087,3492375,16629279,123.1,6.7,99.0,1,11.15,46,2411,0x0000000000000000
13:31:57,33007,4174,1724087,3492375,16629819,226.8,6.9,97.0,1,11.15,46,2411,0x0000000000000000
13:31:58,33144,4174,1724087,3492375,16630069,160.9,6.7,98.0,1,11.23,46,2411,0x0000000000000000
13:31:59,33048,4176,1724087,3493006,16630448,196.1,6.8,97.0,2,11.18,46,2411,0x0000000000000000
13:32:00,32979,4176,1724087,3493006,16631049,243.7,6.5,97.0,2,11.20,46,2411,0x0000000000000000
13:32:01,33006,4176,1724088,3493006,16631078,115.6,7.1,100.0,1,11.18,46,2411,0x0000000000000000
13:32:02,33166,4178,1724088,3493534,16631680,243.8,6.6,93.9,1,11.19,46,2411,0x0000000000000000
13:32:03,32977,4181,1724088,3494175,16631706,113.1,6.8,100.0,1,11.16,46,2411,0x0000000000000000
13:32:04,32966,4181,1724088,3494175,16632307,240.3,6.5,96.0,1,11.17,45,2411,0x0000000000000000
13:32:05,32773,4181,1724100,3494175,16632346,112.8,6.6,100.0,1,11.19,46,2411,0x0000000000000000
13:32:06,32927,4181,1724100,3494175,16632947,239.5,7.0,96.0,1,11.15,45,2411,0x0000000000000000
13:32:07,32945,4181,1724100,3494175,16632972,106.8,6.5,100.0,1,11.16,45,2411,0x0000000000000000
13:32:08,33089,4185,1724100,3494273,16633612,248.1,7.2,97.0,1,11.17,45,2411,0x0000000000000000
13:32:09,33164,4191,1724100,3494280,16633815,155.2,7.2,98.0,1,11.19,45,2411,0x0000000000000000
13:32:10,33102,4195,1724100,3494443,16634239,195.0,7.2,97.0,1,11.15,45,2411,0x0000000000000000
13:32:11,33177,4195,1724100,3494443,16634565,174.6,6.3,98.0,1,11.25,45,2411,0x0000000000000000
13:32:12,33070,4195,1724100,3494558,16634866,172.4,7.4,98.0,1,11.28,45,2411,0x0000000000000000
13:32:13,33181,4195,1724100,3494558,16635463,238.0,6.7,96.0,1,11.17,45,2411,0x0000000000000000
13:32:14,32953,4195,1724105,3494558,16635494,115.4,7.7,100.0,1,11.17,45,2411,0x0000000000000000
13:32:15,33086,4195,1724105,3494558,16636095,237.7,6.5,96.0,1,11.16,45,2411,0x0000000000000000
13:32:16,32873,4195,1724107,3494558,16636123,114.3,6.8,100.0,1,11.14,45,2411,0x0000000000000000
13:32:17,33017,4195,1724107,3494558,16636723,238.4,6.7,95.0,1,11.16,45,2411,0x0000000000000000
13:32:18,32809,4195,1724107,3494558,16636749,110.0,6.4,100.0,1,11.15,45,2411,0x0000000000000000
13:32:19,32956,4195,1724110,3494558,16637350,235.1,6.6,96.0,1,11.15,45,2411,0x0000000000000000
13:32:20,33073,4253,1724110,3509446,16637374,101.1,7.3,100.0,1,11.15,45,2411,0x0000000000000000
13:32:21,33188,4253,1724110,3509446,16637975,241.7,7.1,96.0,1,11.27,45,2411,0x0000000000000000
13:32:22,33050,4253,1724110,3509446,16638000,105.9,6.4,100.0,1,11.16,45,2411,0x0000000000000000
13:32:23,33174,4253,1724110,3509446,16638601,239.8,6.9,96.0,1,11.13,45,2411,0x0000000000000000
13:32:24,32993,4253,1724110,3509446,16638634,117.3,7.3,100.0,1,11.18,45,2411,0x0000000000000000
13:32:25,33184,4253,1724110,3509446,16639236,242.1,6.8,95.0,1,11.14,45,2411,0x0000000000000000
13:32:26,32984,4253,1724110,3509446,16639262,109.0,6.5,100.0,1,11.16,45,2411,0x0000000000000000
13:32:27,33135,4253,1724110,3509446,16639861,234.6,6.7,96.0,1,11.13,45,2411,0x0000000000000000
13:32:28,33117,4358,1724110,3536287,16639885,102.3,7.6,100.0,1,11.10,45,2411,0x0000000000000000
13:32:29,33259,4378,1724154,3541343,16640504,232.2,7.8,96.0,1,11.27,45,2411,0x0000000000000000
13:32:30,33277,4493,1724154,3570833,16640525,90.1,7.7,100.0,1,11.15,45,2411,0x0000000000000000
13:32:31,33426,4516,1724155,3576686,16641125,231.5,7.0,96.0,1,11.26,45,2411,0x0000000000000000
13:32:32,33449,4653,1724165,3611427,16641155,99.8,8.4,100.0,1,11.14,45,2411,0x0000000000000000
13:32:33,33578,4653,1724166,3611427,16641756,235.7,7.0,97.0,1,11.29,45,2411,0x0000000000000000
13:32:34,33429,4653,1724168,3611427,16641783,110.3,6.7,100.0,1,11.13,45,2411,0x0000000000000000
13:32:35,33522,4653,1724168,3611427,16642384,240.7,7.4,49.5,1,11.13,45,2411,0x0000000000000000
13:32:36,33410,4653,1724168,3611427,16642409,104.7,6.4,100.0,1,11.12,45,2411,0x0000000000000000
13:32:37,33704,4771,1724168,3641687,16643009,237.6,8.8,96.0,1,11.21,45,2411,0x0000000000000000
13:32:38,33502,4771,1724168,3641687,16643035,107.1,6.5,100.0,1,11.35,45,2411,0x0000000000000000
13:32:39,33820,4885,1724168,3669835,16643633,227.8,8.5,81.0,1,11.14,45,2411,0x0000000000000000
13:32:40,33607,4885,1724171,3669835,16643673,111.5,7.0,100.0,1,11.27,45,2411,0x0000000000000000
13:32:41,33811,4887,1724171,3670533,16644273,236.0,7.0,95.0,1,11.21,45,2411,0x0000000000000000
13:32:42,33732,5000,1724171,3699337,16644298,102.3,7.3,99.0,1,11.17,45,2411,0x0000000000000000
13:32:43,34016,5080,1724171,3719690,16644896,228.7,7.1,96.0,1,11.10,45,2411,0x0000000000000000
13:32:44,33872,5138,1724171,3734473,16644927,103.1,7.4,100.0,1,11.22,45,2411,0x0000000000000000
13:32:45,34138,5262,1724193,3766178,16645550,235.9,7.8,96.0,1,11.22,45,2411,0x0000000000000000
13:32:46,34116,5361,1724196,3791428,16645578,100.4,7.3,100.0,1,11.12,45,2411,0x0000000000000000
13:32:47,34260,5361,1724196,3791428,16646177,232.0,6.7,95.9,1,11.14,45,2411,0x0000000000000000
13:32:48,34215,5463,1724212,3817169,16646217,103.7,7.2,100.0,1,11.14,45,2411,0x0000000000000000
13:32:49,34333,5463,1724212,3817169,16646819,238.3,7.0,95.0,1,11.15,45,2411,0x0000000000000000
13:32:50,34203,5463,1724213,3817169,16646848,107.6,6.5,100.0,1,11.14,45,2411,0x0000000000000000
13:32:51,34349,5463,1724213,3817169,16647449,237.8,6.9,94.0,1,11.11,45,2411,0x0000000000000000
13:32:52,34313,5568,1724213,3843265,16647472,100.5,7.4,100.0,1,11.23,45,2411,0x0000000000000000
13:32:53,34448,5568,1724213,3843265,16648074,235.3,6.8,97.0,1,11.10,45,2411,0x0000000000000000
13:32:54,34456,5706,1724213,3878133,16648097,96.6,8.3,100.0,1,11.31,45,2411,0x0000000000000000
13:32:55,34616,5706,1724213,3878133,16648699,246.3,7.2,94.1,1,11.15,45,2411,0x0000000000000000
13:32:56,34834,5809,1724220,3903949,16648996,174.6,7.8,98.0,1,11.23,45,2411,0x0000000000000000
13:32:57,34795,5917,1724453,3931152,16649478,176.8,7.6,97.0,1,11.23,45,2411,0x0000000000000000
13:32:58,35090,6044,1724470,3963185,16649800,167.1,7.7,98.0,1,11.19,45,2411,0x0000000000000000
13:32:59,34861,6044,1724470,3963185,16650120,183.4,7.1,97.0,1,11.27,45,2411,0x0000000000000000
13:33:00,35137,6133,1724470,3985661,16650648,224.1,7.4,83.0,2,11.16,45,2411,0x0000000000000000
13:33:01,34906,6133,1724470,3985661,16650752,133.1,6.9,100.0,2,11.13,45,2411,0x0000000000000000
13:33:02,35243,6252,1724488,4015793,16651368,230.3,7.5,94.1,1,11.14,45,2411,0x0000000000000000
13:33:03,35084,6249,1724488,4015793,16651397,112.5,6.8,100.0,1,11.10,45,2411,0x0000000000000000
13:33:04,35379,6381,1724488,4049531,16651998,230.3,7.8,95.0,1,11.13,45,2411,0x0000000000000000
13:33:05,35335,6507,1724491,4081427,16652030,110.5,7.6,100.0,1,11.09,45,2411,0x0000000000000000
13:33:06,35442,6507,1724491,4081447,16652636,249.1,6.9,94.9,1,11.13,45,2411,0x0000000000000000
13:33:07,35248,6507,1724493,4081447,16652665,118.7,6.7,100.0,1,11.14,45,2411,0x0000000000000000
13:33:08,35415,6507,1724513,4081447,16652838,146.7,6.8,99.0,1,11.09,45,2411,0x0000000000000000
13:33:09,35326,6594,1724514,4102248,16652904,112.2,7.8,100.0,1,11.12,45,2411,0x0000000000000000
13:33:10,35474,6594,1724517,4102248,16652971,116.1,6.8,99.0,1,11.20,45,2411,0x0000000000000000
13:33:11,35731,6668,1724531,4119553,16653141,132.0,7.3,99.0,1,11.11,45,2411,0x0000000000000000
13:33:12,35517,6668,1724531,4119553,16653557,207.0,6.7,95.0,1,11.23,45,2411,0x0000000000000000
13:33:13,35852,6798,1724544,4148736,16653686,121.7,8.3,99.0,1,11.13,45,2411,0x0000000000000000
13:33:14,35630,6798,1724616,4148736,16653723,113.0,7.1,100.0,1,11.24,45,2411,0x0000000000000000
13:33:15,35829,6806,1724689,4150738,16653773,115.7,7.0,100.0,1,11.08,45,2411,0x0000000000000000
13:33:16,35616,6806,1724752,4150738,16653812,107.8,6.7,99.0,1,11.04,45,2411,0x0000000000000000
13:33:17,35755,6806,1724779,4150738,16653855,109.1,6.7,99.0,1,11.10,45,2411,0x0000000000000000
13:33:18,35618,6806,1724779,4150738,16653882,115.0,6.7,100.0,1,11.07,45,2411,0x0000000000000000
13:33:19,35739,6806,1724779,4150738,16653922,112.9,6.9,100.0,1,11.09,45,2411,0x0000000000000000
13:33:20,35526,6806,1724780,4150738,16653949,110.1,6.6,100.0,1,11.09,45,2411,0x0000000000000000
13:33:21,35732,6806,1724835,4150738,16653997,114.3,6.8,99.0,1,11.08,45,2411,0x0000000000000000
13:33:22,35517,6806,1724907,4150738,16654033,114.5,6.3,100.0,1,11.08,45,2411,0x0000000000000000
13:33:23,35659,6806,1724971,4150738,16654080,109.3,6.6,100.0,1,11.04,45,2411,0x0000000000000000
13:33:24,35447,6806,1725035,4150738,16654117,114.1,6.8,99.0,1,11.05,45,2411,0x0000000000000000
13:33:25,35599,6806,1725057,4150738,16654155,137.3,6.5,100.0,1,11.07,45,2411,0x0000000000000000
13:33:26,35603,6807,1725059,4150821,16654159,135.8,6.4,100.0,1,11.10,45,2411,0x0000000000000000
13:33:27,35456,6807,1725067,4150929,16654212,139.8,6.8,100.0,1,11.08,45,2411,0x0000000000000000
13:33:28,35315,6808,1725077,4151080,16654241,142.0,7.0,100.0,1,11.10,45,2411,0x0000000000000000
13:33:29,35180,6808,1725078,4151570,16654248,135.5,7.2,100.0,1,11.07,45,2411,0x0000000000000000
13:33:30,34981,6808,1725078,4151570,16654252,141.5,7.3,100.0,1,11.09,44,2411,0x0000000000000000
13:33:31,34805,6808,1725078,4151570,16654258,134.4,6.3,100.0,1,11.24,45,2411,0x0000000000000000
13:33:32,34610,6808,1725087,4151570,16654266,155.0,6.7,99.0,1,11.11,44,2411,0x0000000000000000
13:33:33,35643,6808,1725093,4151570,16654290,128.4,6.6,99.0,1,11.09,44,2411,0x0000000000000000
13:33:34,35462,6808,1725093,4151570,16654292,133.8,6.5,100.0,1,11.07,44,2411,0x0000000000000000
13:33:35,35301,6808,1728628,4151570,16655172,128.4,5.3,83.8,1,11.01,44,2411,0x0000000000000000
13:33:36,35433,6808,1728628,4151570,16655186,132.6,6.4,100.0,1,11.07,44,2411,0x0000000000000000
13:33:37,35264,6808,1728629,4151570,16655188,131.3,6.4,100.0,1,11.09,44,2411,0x0000000000000000
13:33:38,35461,6808,1728629,4151570,16655188,143.0,6.7,100.0,1,11.11,44,2411,0x0000000000000000
13:33:39,35266,6808,1728629,4151570,16655196,139.6,6.8,100.0,1,11.13,44,2411,0x0000000000000000
13:33:40,35092,6808,1728629,4151570,16655201,134.4,6.4,100.0,1,11.09,44,2411,0x0000000000000000
13:33:41,35041,6809,1728629,4152894,16655205,134.0,6.8,100.0,1,11.09,44,2411,0x0000000000000000
13:33:42,34879,6809,1728629,4152912,16655210,137.8,6.6,100.0,1,11.09,44,2411,0x0000000000000000
13:33:43,34714,6809,1728629,4152912,16655216,153.5,6.2,100.0,1,11.10,44,2411,0x0000000000000000
13:33:44,34467,6810,1728633,4153727,16655220,252.9,6.9,97.0,1,11.09,44,2411,0x0000000000000000
13:33:45,34309,6810,1728633,4153727,16655220,132.0,6.5,100.0,1,11.10,44,2411,0x0000000000000000
13:33:46,34132,6810,1728634,4153727,16655221,140.8,7.0,100.0,1,11.17,44,2411,0x0000000000000000
13:33:47,33964,6810,1728634,4153727,16655223,129.5,6.2,100.0,1,11.08,44,2411,0x0000000000000000
13:33:48,33795,6810,1728634,4153727,16655224,132.0,6.3,100.0,1,11.07,44,2411,0x0000000000000000
13:33:49,33616,6810,1728634,4153727,16655226,136.0,6.6,100.0,1,11.07,44,2411,0x0000000000000000
13:33:50,33437,6810,1728634,4153727,16655227,134.5,6.5,100.0,1,11.06,44,2411,0x0000000000000000
13:33:51,33276,6810,1728634,4153727,16655237,131.1,6.3,100.0,1,11.07,44,2411,0x0000000000000000
13:33:52,33337,6810,1728634,4153825,16655237,168.5,6.3,99.0,1,11.06,44,2411,0x0000000000000000
13:33:53,33240,6811,1728634,4155123,16655239,127.0,6.8,100.0,1,11.06,44,2411,0x0000000000000000
13:33:54,33092,6811,1728634,4155552,16655247,137.0,6.8,100.0,1,11.08,44,2411,0x0000000000000000
13:33:55,32943,6811,1728634,4156608,16655248,132.5,6.8,100.0,1,11.05,44,2411,0x0000000000000000
13:33:56,32833,6811,1728634,4156859,16655252,132.8,6.5,100.0,1,11.05,44,2411,0x0000000000000000
13:33:57,32683,6811,1728646,4156983,16655427,149.1,6.6,100.0,1,11.06,44,2411,0x0000000000000000
13:33:58,32568,6811,1728646,4157684,16655429,138.8,6.8,100.0,1,11.09,44,2411,0x0000000000000000
13:33:59,32405,6812,1728646,4160001,16655440,145.0,7.1,100.0,1,11.10,44,2411,0x0000000000000000
13:34:00,32240,6812,1728649,4160706,16655451,136.8,6.5,100.0,2,11.11,44,2411,0x0000000000000000
13:34:01,32122,6813,1728649,4161332,16655452,139.3,6.7,100.0,1,11.08,44,2411,0x0000000000000000
13:34:02,31966,6814,1728654,4162333,16655501,141.6,7.1,100.0,1,11.09,44,2411,0x0000000000000000
13:34:03,31828,6815,1728660,4162457,16655510,139.9,6.4,100.0,1,11.07,44,2411,0x0000000000000000
13:34:04,31723,6815,1728662,4162522,16655516,138.2,6.8,100.0,1,11.09,44,2411,0x0000000000000000
13:34:05,31566,6815,1728668,4162568,16655541,138.7,6.8,100.0,1,11.07,44,2411,0x0000000000000000
13:34:06,31391,6815,1728668,4162655,16655548,146.8,6.4,100.0,1,11.08,44,2411,0x0000000000000000
13:34:07,31309,6815,1728670,4162798,16655552,140.5,6.8,100.0,1,11.06,44,2411,0x0000000000000000
13:34:08,31185,6817,1728670,4163377,16655559,135.5,6.7,100.0,1,11.07,44,2411,0x0000000000000000
13:34:09,31038,6817,1728673,4163422,16655567,136.2,6.9,100.0,1,11.04,44,2411,0x0000000000000000
13:34:10,30880,6817,1728675,4163522,16655575,136.1,6.6,100.0,1,11.06,44,2411,0x0000000000000000
13:34:11,30733,6817,1728675,4163528,16655575,133.5,6.5,100.0,1,11.05,44,2411,0x0000000000000000
13:34:12,34890,6817,1728675,4163540,16655619,107.8,6.2,100.0,1,11.06,44,2411,0x0000000000000000
13:34:13,35720,6817,1728675,4163540,16655632,132.0,6.2,99.0,1,10.95,44,2411,0x0000000000000000
13:34:14,35544,6817,1728675,4163540,16655633,135.5,6.7,100.0,1,11.09,44,2411,0x0000000000000000
13:34:15,35349,6817,1731270,4163540,16657263,146.4,6.7,100.0,1,11.07,44,2411,0x0000000000000000
13:34:16,35180,6817,1731271,4163540,16657269,136.9,6.8,100.0,1,11.09,44,2411,0x0000000000000000
13:34:17,35012,6817,1731273,4163540,16657271,135.8,6.3,100.0,1,11.06,44,2411,0x0000000000000000
13:34:18,34843,6817,1731492,4163540,16657451,140.5,6.4,100.0,1,11.05,44,2411,0x0000000000000000
13:34:19,34675,6817,1731492,4163540,16657451,136.0,6.6,100.0,1,11.06,44,2411,0x0000000000000000
13:34:20,34511,6817,1731493,4163540,16657452,132.3,6.4,100.0,1,11.05,44,2411,0x0000000000000000
13:34:21,34341,6817,1731493,4163540,16657452,135.5,6.2,100.0,1,11.06,44,2411,0x0000000000000000
13:34:22,34174,6817,1731493,4163540,16657452,133.8,6.3,100.0,1,11.05,44,2411,0x0000000000000000
13:34:23,33986,6817,1732438,4163540,16658289,152.1,6.4,100.0,1,11.07,44,2411,0x0000000000000000
13:34:24,33808,6817,1733199,4163540,16658953,146.8,6.9,100.0,1,11.10,44,2411,0x0000000000000000
13:34:25,33618,6817,1733237,4163540,16658987,144.1,6.5,100.0,1,11.06,44,2411,0x0000000000000000
13:34:26,33447,6817,1733237,4163540,16658987,135.0,6.4,100.0,1,10.87,44,2405,0x0000000000000000
13:34:27,33266,6817,1733237,4163540,16658987,140.8,8.1,100.0,1,10.74,44,2405,0x0000000000000000
13:34:28,33100,6817,1733237,4163540,16658987,134.2,8.2,100.0,1,11.13,44,2405,0x0000000000000000
13:34:29,32907,6817,1733237,4163540,16658992,145.3,6.9,100.0,1,10.76,44,2405,0x0000000000000000
13:34:30,32745,6817,1733237,4163540,16658992,135.2,6.2,100.0,1,10.77,44,2398,0x0000000000000000
13:34:31,32574,6817,1733247,4163540,16659003,134.3,6.2,100.0,1,10.76,44,2405,0x0000000000000000
13:34:32,32400,6817,1733247,4163540,16659006,134.2,6.3,100.0,1,10.75,44,2405,0x0000000000000000
13:34:33,32227,6817,1733247,4163540,16659007,134.8,6.6,100.0,1,10.76,44,2405,0x0000000000000000
13:34:34,32038,6817,1733249,4163540,16659009,144.3,6.7,100.0,1,10.74,44,2405,0x0000000000000000
13:34:35,31846,6817,1733255,4163540,16659021,150.1,6.3,99.0,1,10.76,44,2405,0x0000000000000000
13:34:36,31674,6817,1733416,4163540,16659200,137.3,6.3,100.0,1,10.74,44,2405,0x0000000000000000
13:34:37,31455,6817,1737913,4163540,16663012,175.9,6.4,100.0,1,10.77,44,2398,0x0000000000000000
13:34:38,34915,6817,1740927,4163540,16955477,1173.2,4.8,50.0,0,10.61,44,2398,0x0000000000000000
13:34:39,34906,6817,1741039,4163540,17374791,1637.7,4.2,66.7,0,10.40,44,2405,0x0000000000000000
13:34:40,35835,6817,1741068,4163632,17778205,1575.0,8.8,74.1,0,10.47,44,2405,0x0000000000000000
13:34:41,35812,6818,1741076,4163777,18143890,1427.6,11.4,99.0,0,11.69,44,2405,0x0000000000000000
13:34:42,35667,6818,1741076,4163783,18335306,747.0,15.1,100.0,0,11.76,44,2405,0x0000000000000000
13:34:43,35843,6818,1741076,4163785,18402378,262.0,15.5,100.0,0,11.90,44,2405,0x0000000000000000
13:34:44,35858,6818,1741078,4163786,18463401,240.1,15.5,100.0,0,11.83,44,2405,0x0000000000000000
13:34:45,35857,6818,1741080,4163788,18495135,127.5,15.5,100.0,0,11.79,44,2405,0x0000000000000000
13:34:46,35859,6818,1741080,4163789,18528612,131.2,15.4,100.0,0,11.79,44,2405,0x0000000000000000
13:34:47,35856,6818,1741080,4163791,18572525,171.0,15.4,100.0,0,11.80,44,2405,0x0000000000000000
13:34:48,35855,6818,1741080,4163795,18624301,202.0,12.1,100.0,0,11.85,44,2405,0x0000000000000000
13:34:49,35854,6831,1741081,4167982,18730663,416.1,14.9,100.0,0,11.92,44,2405,0x0000000000000000
13:34:50,35854,6833,1741081,4169516,19138099,1591.5,9.5,100.0,0,11.80,44,2405,0x0000000000000000
13:34:51,35864,6834,1741081,4170329,19532105,1539.1,10.4,100.0,0,11.75,44,2405,0x0000000000000000
13:34:52,35858,6834,1741081,4170799,19936212,1578.5,10.3,100.0,0,11.75,44,2405,0x0000000000000000
13:34:53,35847,6834,1741082,4170853,20261204,1269.8,8.7,99.0,0,11.74,44,2405,0x0000000000000000
13:34:54,35824,6834,1741199,4170896,20444636,734.2,10.4,100.0,0,11.76,44,2405,0x0000000000000000
13:34:55,35864,6834,1741209,4170922,20482328,154.6,15.6,100.0,0,11.94,44,2405,0x0000000000000000
13:34:56,35872,6834,1741209,4170924,20513777,123.1,15.5,100.0,0,11.98,44,2405,0x0000000000000000
13:34:57,35867,6834,1741555,4170925,20545647,129.2,15.7,100.0,0,11.99,44,2405,0x0000000000000000
13:34:58,35868,6834,1741555,4170927,20577392,124.0,15.5,100.0,0,11.99,44,2405,0x0000000000000000
13:34:59,35869,6834,1741555,4170936,20612144,135.8,13.0,100.0,0,11.98,44,2405,0x0000000000000000
13:35:00,35867,6834,1741559,4170936,20646900,135.8,12.9,100.0,0,11.99,44,2405,0x0000000000000000
13:35:01,35868,6834,1741559,4170936,20680900,133.6,15.4,100.0,0,11.99,44,2405,0x0000000000000000
13:35:02,35868,6834,1741563,4170936,20720183,153.3,15.3,100.0,0,11.99,44,2405,0x0000000000000000
13:35:03,35868,6834,1741568,4170936,20758478,151.1,15.9,100.0,0,12.01,44,2405,0x0000000000000000
13:35:04,35866,6834,1741586,4170936,20805377,185.8,15.7,100.0,0,11.98,44,2405,0x0000000000000000
13:35:05,35856,6834,1741591,4170936,20908114,401.7,13.0,100.0,0,11.97,44,2405,0x0000000000000000
13:35:06,35863,6834,1741608,4170936,20960047,203.1,10.2,100.0,0,12.02,44,2405,0x0000000000000000
13:35:07,35883,6886,1741609,4183764,21129549,662.7,13.5,96.2,0,11.94,44,2405,0x0000000000000000
13:35:08,35875,6888,1741610,4184416,21521530,1531.3,9.4,87.1,0,11.77,44,2405,0x0000000000000000
13:35:09,35874,6890,1741616,4184885,21912261,1527.4,5.1,57.4,0,10.88,44,2405,0x0000000000000000
13:35:10,36317,7285,1741616,4286902,22065772,599.5,13.5,100.0,0,11.43,44,2405,0x0000000000000000
13:35:11,36382,7338,1741623,4307110,22429197,1424.8,11.2,99.0,0,11.85,44,2405,0x0000000000000000
13:35:12,36378,7349,1741644,4313012,22822841,1538.2,9.9,100.0,0,11.75,44,2405,0x0000000000000000
13:35:13,36418,7356,1741699,4316256,23157651,1308.2,8.8,100.0,0,11.77,44,2405,0x0000000000000000
13:35:14,36441,7358,1741699,4317664,23381310,878.2,8.6,100.0,0,11.80,44,2405,0x0000000000000000
13:35:15,36388,7358,1742553,4317664,23671790,1154.3,9.9,100.0,0,11.78,44,2405,0x0000000000000000
13:35:16,36537,7472,1742854,4346758,23918074,963.6,11.3,100.0,0,11.85,44,2405,0x0000000000000000
13:35:17,36515,7472,1742857,4346975,24139225,870.5,8.2,99.0,0,11.76,44,2405,0x0000000000000000
13:35:18,36508,7472,1742932,4346975,24362919,873.9,8.4,100.0,0,11.73,44,2398,0x0000000000000000
13:35:19,36513,7473,1742938,4347652,24569556,807.6,9.0,100.0,0,11.75,44,2405,0x0000000000000000
13:35:20,36510,7474,1742949,4348032,24772183,791.1,8.2,100.0,0,11.75,44,2405,0x0000000000000000
13:35:21,36410,7476,1742949,4349084,24891415,466.3,12.8,100.0,0,11.78,44,2405,0x0000000000000000
13:35:22,36341,7477,1742952,4349321,25106713,840.8,13.1,100.0,0,11.82,44,2405,0x0000000000000000
13:35:23,36084,7477,1742952,4349343,25143961,145.5,15.5,100.0,0,11.96,44,2405,0x0000000000000000
13:35:24,36225,7477,1743134,4349362,25173344,117.1,15.8,100.0,0,11.96,44,2398,0x0000000000000000
13:35:25,36132,7477,1743150,4349398,25201653,110.9,15.6,100.0,0,11.97,44,2405,0x0000000000000000
13:35:26,36065,7477,1743150,4349398,25229621,109.3,15.4,100.0,0,11.94,44,2398,0x0000000000000000
13:35:27,36527,7477,1743150,4349398,25261493,124.5,15.6,100.0,0,11.96,44,2405,0x0000000000000000
13:35:28,36527,7477,1743158,4350069,25290121,113.1,15.6,100.0,0,11.94,44,2405,0x0000000000000000
13:35:29,36544,7477,1743161,4350069,25317135,105.7,15.7,100.0,0,11.95,44,2405,0x0000000000000000
13:35:30,36543,7477,1743162,4350069,25344848,108.3,15.4,100.0,0,11.94,44,2405,0x0000000000000000
13:35:31,36543,7477,1743240,4350069,25372115,106.6,15.5,100.0,0,11.93,44,2405,0x0000000000000000
13:35:32,36543,7477,1743240,4350069,25399674,107.8,15.4,100.0,0,11.96,44,2405,0x0000000000000000
13:35:33,36597,7477,1743653,4350069,25491773,360.7,14.7,100.0,0,11.81,44,2405,0x0000000000000000
13:35:34,36595,7477,1743699,4350069,25664359,678.7,14.5,97.0,0,10.49,44,2398,0x0000000000000000
13:35:35,36596,7477,1743704,4350069,25909068,956.0,9.5,98.0,0,10.75,44,2405,0x0000000000000000
13:35:36,36633,7483,1743706,4355218,26203004,1148.4,11.2,75.0,0,11.18,44,2405,0x0000000000000000
13:35:37,36629,7483,1743706,4355517,26604833,1569.9,9.1,95.0,0,11.77,44,2405,0x0000000000000000
13:35:38,36642,7484,1743735,4356422,27003647,1558.0,6.7,77.5,0,11.03,44,2405,0x0000000000000000
13:35:39,36676,7484,1743739,4358032,27058739,217.8,15.8,100.0,0,11.76,44,2405,0x0000000000000000
13:35:40,36692,7485,1743809,4358302,27088498,116.3,13.1,100.0,0,11.84,44,2405,0x0000000000000000
13:35:41,36712,7486,1743814,4359904,27118646,117.8,13.0,100.0,0,11.77,44,2405,0x0000000000000000
13:35:42,36724,7490,1743853,4362410,27153162,135.4,15.5,100.0,0,11.81,44,2405,0x0000000000000000
13:35:43,36733,7492,1744117,4364523,27200555,185.9,15.6,100.0,0,11.83,44,2405,0x0000000000000000
13:35:44,36739,7492,1744118,4365736,27242668,164.5,15.6,100.0,0,11.81,44,2405,0x0000000000000000
13:35:45,36742,7492,1744123,4367083,27286389,171.1,15.4,100.0,0,11.85,44,2405,0x0000000000000000
13:35:46,36745,7492,1744184,4368150,27321112,137.7,15.6,100.0,0,11.84,44,2405,0x0000000000000000
13:35:47,36752,7492,1744446,4369364,27361532,159.3,14.0,100.0,0,11.79,44,2405,0x0000000000000000
13:35:48,36737,7492,1744474,4370262,27399189,147.1,15.5,100.0,0,11.84,44,2405,0x0000000000000000
13:35:49,36743,7492,1744477,4372008,27790060,1527.7,6.0,40.4,0,11.40,44,2405,0x0000000000000000
13:35:50,36739,7494,1744531,4373110,28186673,1550.6,3.8,61.1,0,10.35,44,2405,0x0000000000000000
13:35:51,36728,7496,1744531,4374189,28589719,1574.5,8.8,91.9,0,10.97,44,2405,0x0000000000000000
13:35:52,36728,7497,1744572,4375955,29001937,1610.6,10.5,99.0,0,11.73,44,2405,0x0000000000000000
13:35:53,34301,7497,1747161,4376613,29171521,667.2,9.6,100.0,0,11.74,44,2405,0x0000000000000000
13:35:54,34556,7497,1748938,4376613,29172943,20.2,9.5,100.0,2,12.30,44,2398,0x0000000000000000
13:35:55,34538,7497,1749070,4376613,29173039,0.6,9.4,98.0,5,12.02,44,2405,0x0000000000000000
13:35:56,34545,7497,1749305,4376613,29173267,4.8,5.3,98.0,3,11.04,44,2405,0x0000000000000000
13:35:57,34479,7497,1749371,4376613,29173583,28.1,5.1,98.0,7,10.65,44,2405,0x0000000000000000
13:35:58,34473,7497,1749710,4376613,29174030,16.4,5.2,98.0,3,10.66,44,2405,0x0000000000000000
13:35:59,34473,7497,1749746,4376613,29174050,0.2,5.6,99.0,3,10.66,44,2405,0x0000000000000000
13:36:00,34474,7497,1749848,4376613,29174152,1.6,5.8,98.0,4,10.65,44,2405,0x0000000000000000
13:36:01,34632,7497,1751933,4376613,29175890,13.2,4.8,62.2,7,11.18,44,2405,0x0000000000000000
13:36:02,34386,7497,1754785,4376613,29177920,34.7,2.8,40.8,0,10.42,44,2405,0x0000000000000000
13:36:03,34354,7497,1760010,4376613,29182484,28.4,0.5,7.2,0,10.32,44,2405,0x0000000000000000
13:36:04,34339,7497,1763688,4376613,29186012,84.9,2.1,21.4,0,10.31,44,2405,0x0000000000000000
13:36:05,27047,7499,1765404,4378458,29186983,48.3,6.8,70.2,3,10.70,44,2405,0x0000000000000000
13:36:06,27034,7499,1765636,4378458,29189002,432.5,6.0,57.6,0,10.50,44,2398,0x0000000000000000
13:36:07,27126,7499,1766187,4378458,29190903,407.6,9.0,100.0,0,11.75,44,2398,0x0000000000000000
13:36:08,27089,7499,1766490,4378590,29192936,457.9,5.8,35.4,0,11.49,44,2398,0x0000000000000000
13:36:09,27129,7499,1766867,4378611,29194959,447.6,3.7,12.4,0,10.33,44,2405,0x0000000000000000
13:36:10,27091,7499,1774139,4378611,29199844,164.9,1.2,6.1,0,10.34,43,2405,0x0000000000000000
13:36:11,27052,7499,1783024,4378620,29204591,34.7,0.2,1.0,0,10.32,43,2405,0x0000000000000000
13:36:12,27012,7499,1792269,4378620,29209524,37.4,0.6,5.0,0,10.34,43,2405,0x0000000000000000
13:36:13,26957,7499,1802378,4378620,29214201,39.5,2.7,21.0,0,10.30,43,2405,0x0000000000000000
13:36:14,26897,7499,1811096,4378620,29219054,34.1,1.0,8.1,0,10.85,43,2405,0x0000000000000000
13:36:15,26850,7499,1821107,4378620,29223874,39.1,0.3,1.0,0,10.29,43,2405,0x0000000000000000
13:36:16,26811,7499,1831133,4378620,29228837,42.6,0.6,2.0,0,10.30,43,2405,0x0000000000000000
13:36:17,26834,7499,1840528,4378620,29233640,39.7,1.5,19.0,0,10.29,43,2405,0x0000000000000000
13:36:18,26794,7499,1849658,4378620,29238156,37.3,0.3,1.1,0,10.29,43,2405,0x0000000000000000
13:36:19,26689,7499,1864423,4378785,29242285,63.7,1.4,10.9,0,10.29,43,2398,0x0000000000000000
13:36:20,26667,7499,1864463,4378960,29244280,459.1,4.6,17.5,0,10.36,43,2405,0x0000000000000000
13:36:21,26749,7499,1864482,4379120,29246631,544.9,3.6,12.9,0,10.30,43,2405,0x0000000000000000
13:36:22,26750,7499,1864545,4379499,29249085,565.4,2.1,9.6,0,10.30,43,2405,0x0000000000000000
13:36:23,26735,7499,1864634,4379886,29251632,585.1,2.0,7.3,0,10.28,43,2405,0x0000000000000000
13:36:24,26730,7500,1864645,4380107,29254169,587.9,2.7,8.2,0,10.29,43,2405,0x0000000000000000
13:36:25,26742,7500,1864646,4380152,29256402,518.3,3.2,21.4,0,10.28,43,2405,0x0000000000000000
13:36:26,26748,7500,1864776,4380380,29259039,599.3,3.8,48.0,0,10.60,43,2405,0x0000000000000000
13:36:27,26747,7500,1864776,4380415,29261448,559.3,5.0,58.0,0,11.22,43,2405,0x0000000000000000
13:36:28,26751,7500,1864835,4380632,29264006,592.3,5.1,57.6,0,11.21,43,2405,0x0000000000000000
13:36:29,26749,7500,1864839,4380772,29266692,622.2,6.3,59.0,0,11.26,43,2405,0x0000000000000000
13:36:30,26753,7500,1864876,4380889,29269230,587.6,4.3,57.0,0,11.28,43,2405,0x0000000000000000
13:36:31,26682,7500,1864888,4380889,29271853,607.1,4.7,59.0,0,11.23,43,2405,0x0000000000000000
13:36:32,26692,7500,1864892,4380891,29274550,624.5,5.0,55.0,0,11.28,43,2405,0x0000000000000000
13:36:33,26732,7500,1864892,4380896,29277101,592.3,5.5,58.0,0,11.24,43,2405,0x0000000000000000
13:36:34,26753,7500,1864893,4381000,29279017,444.4,4.4,30.9,0,11.19,43,2398,0x0000000000000000
13:36:35,26753,7500,1864909,4381240,29281582,593.3,4.6,30.0,0,10.81,43,2398,0x0000000000000000
13:36:36,26749,7500,1864925,4381490,29284172,597.3,5.1,57.6,0,11.22,43,2398,0x0000000000000000
13:36:37,26754,7501,1864927,4382005,29286602,563.8,7.3,56.3,0,11.15,43,2398,0x0000000000000000
13:36:38,26773,7501,1864931,4382158,29289138,588.6,6.2,60.6,0,11.75,43,2398,0x0000000000000000
13:36:39,26734,7501,1864931,4382158,29291912,640.7,2.2,7.2,0,10.48,43,2405,0x0000000000000000
13:36:40,26733,7501,1864931,4382268,29294533,608.5,2.0,9.1,0,10.23,43,2405,0x0000000000000000
13:36:41,26732,7501,1864934,4382268,29297240,628.0,2.8,12.6,0,10.22,43,2405,0x0000000000000000
13:36:42,26733,7501,1864939,4382497,29299948,627.9,1.7,5.1,0,10.22,43,2405,0x0000000000000000
13:36:43,26731,7501,1864945,4382570,29302668,630.4,2.1,14.3,0,10.23,43,2405,0x0000000000000000
13:36:44,26737,7501,1864947,4382776,29305447,644.8,2.1,9.1,0,10.41,43,2405,0x0000000000000000
13:36:45,26738,7501,1864947,4382971,29308191,635.1,2.6,8.7,0,10.23,43,2405,0x0000000000000000
13:36:46,26775,7501,1864954,4383104,29310611,561.6,2.0,6.1,0,10.21,43,2405,0x0000000000000000
13:36:47,26748,7501,1864958,4383186,29312869,523.4,2.5,10.8,0,10.21,43,2405,0x0000000000000000
13:36:48,26773,7501,1864960,4383285,29314973,488.5,4.5,28.7,0,10.37,43,2405,0x0000000000000000
13:36:49,26742,7501,1864960,4383350,29317194,515.5,6.4,50.5,0,11.19,43,2398,0x0000000000000000
13:36:50,26816,7506,1864963,4390845,29319088,439.3,3.8,27.3,0,10.67,43,2405,0x0000000000000000
13:36:51,26807,7506,1864963,4390935,29321417,540.8,2.6,16.0,0,10.21,43,2405,0x0000000000000000
13:36:52,26804,7506,1864963,4391020,29323721,535.3,3.2,12.0,0,10.20,43,2405,0x0000000000000000
13:36:53,26793,7507,1864963,4391117,29325787,479.9,3.8,17.0,0,10.22,43,2405,0x0000000000000000
13:36:54,26818,7507,1864963,4391276,29327931,496.7,4.0,11.6,0,10.22,43,2405,0x0000000000000000
13:36:55,26813,7507,1864963,4391435,29330286,547.0,2.2,8.3,0,10.24,43,2405,0x0000000000000000
13:36:56,26797,7508,1864978,4391681,29332504,506.3,3.3,10.3,0,10.20,43,2405,0x0000000000000000
13:36:57,26779,7508,1865245,4391813,29335050,543.1,3.3,9.1,0,10.20,43,2405,0x0000000000000000
13:36:58,26816,7509,1865245,4392002,29337501,569.4,2.5,10.9,0,10.24,43,2405,0x0000000000000000
13:36:59,26809,7509,1865245,4392138,29339851,537.9,1.9,8.6,0,10.23,43,2405,0x0000000000000000
13:37:00,26805,7509,1865252,4392190,29342021,502.7,2.6,10.4,0,10.23,43,2405,0x0000000000000000
13:37:01,26788,7510,1865252,4392251,29344213,507.6,3.5,13.1,0,10.21,43,2405,0x0000000000000000
13:37:02,26789,7510,1865253,4392345,29346118,459.0,3.2,15.5,0,10.21,43,2405,0x0000000000000000
13:37:03,26629,7510,1865409,4392431,29346228,141.6,6.4,98.0,1,10.45,43,2405,0x0000000000000000
13:37:04,26451,7510,1870303,4392568,29349972,200.6,7.4,99.0,1,10.68,43,2398,0x0000000000000000
13:37:05,26336,7510,1870347,4392573,29349980,143.0,6.6,100.0,1,10.65,43,2405,0x0000000000000000
13:37:06,26222,7510,1870421,4392672,29350220,169.2,6.7,100.0,1,10.64,43,2398,0x0000000000000000
13:37:07,26012,7510,1870469,4392723,29350241,143.4,6.6,100.0,1,10.65,43,2398,0x0000000000000000
13:37:08,25774,7511,1891581,4392946,29364043,245.8,7.4,100.0,1,10.68,43,2398,0x0000000000000000
13:37:09,25621,7511,1892879,4393135,29364821,161.8,7.3,99.0,1,10.72,43,2398,0x0000000000000000
13:37:10,25549,7510,1892993,4393163,29364881,137.1,7.2,100.0,1,10.67,43,2405,0x0000000000000000
13:37:11,25370,7510,1894034,4393163,29365673,146.7,6.7,100.0,1,10.70,43,2398,0x0000000000000000
13:37:12,25199,7510,1894097,4393165,29365691,139.2,6.5,100.0,1,10.65,43,2405,0x0000000000000000
13:37:13,25027,7510,1894151,4393165,29365711,135.4,6.4,100.0,1,10.62,43,2405,0x0000000000000000
13:37:14,24383,7511,1894179,4393290,29365924,740.2,5.2,69.6,2,10.57,43,2405,0x0000000000000000
13:37:15,23779,7512,1894180,4393773,29366124,748.8,6.6,66.3,1,10.44,43,2405,0x0000000000000000
13:37:16,23287,7512,1894211,4393941,29366279,521.4,8.1,79.2,1,10.72,43,2398,0x0000000000000000
13:37:17,23086,7512,1894229,4393941,29366308,144.7,8.8,100.0,2,11.10,43,2398,0x0000000000000000
13:37:18,22882,7512,1894229,4393941,29366314,143.1,6.4,100.0,1,10.76,43,2405,0x0000000000000000
13:37:19,22682,7512,1894232,4393941,29366317,140.2,6.8,100.0,1,10.69,43,2398,0x0000000000000000
13:37:20,22491,7512,1894234,4393941,29366319,135.9,6.4,100.0,1,10.65,43,2398,0x0000000000000000
13:37:21,22288,7512,1894235,4393941,29366320,141.3,6.4,100.0,1,10.64,43,2398,0x0000000000000000
13:37:22,22098,7512,1894236,4393941,29366321,138.7,6.4,100.0,1,10.63,43,2405,0x0000000000000000
13:37:23,21914,7512,1894236,4393941,29366321,133.7,6.3,99.0,1,10.65,43,2405,0x0000000000000000
13:37:24,21694,7512,1894236,4393941,29366364,152.6,6.8,100.0,1,10.64,43,2405,0x0000000000000000
13:37:25,21408,7512,1894252,4393941,29366402,236.0,6.3,98.0,1,10.68,43,2405,0x0000000000000000
13:37:26,22030,7513,1894307,4394224,29366493,19.0,7.0,96.0,2,10.51,43,2405,0x0000000000000000
13:37:27,21056,7514,1894856,4394632,29366828,459.0,5.9,60.3,0,11.45,43,2405,0x0000000000000000
13:37:28,23448,7514,1895407,4394632,29367324,30.2,5.0,79.8,0,10.30,43,2405,0x0000000000000000
13:37:29,22476,7514,1896030,4394632,29368154,57.8,3.9,55.6,0,10.36,43,2405,0x0000000000000000
13:37:30,21960,7514,1896030,4394632,29368303,21.4,4.9,72.3,0,10.39,43,2405,0x0000000000000000
13:37:31,21977,7514,1896044,4394632,29368755,46.5,4.7,71.3,0,10.28,43,2405,0x0000000000000000
13:37:32,21864,7514,1896055,4394632,29368871,12.5,4.9,88.1,0,10.29,43,2405,0x0000000000000000
13:37:33,21860,7514,1896774,4394632,29369397,56.4,1.7,31.9,0,10.30,43,2405,0x0000000000000000
13:37:34,21680,7514,1897444,4394632,29371462,238.9,6.1,30.7,0,10.33,43,2398,0x0000000000000000
13:37:35,21882,7514,1897530,4394632,29371766,60.6,15.1,77.0,0,11.97,43,2463,0x0000000000000000
13:37:36,21269,7514,1897534,4394632,29371808,23.5,9.3,74.5,0,10.46,43,2405,0x0000000000000000
13:37:37,21291,7514,1897536,4394632,29371810,0.0,5.2,64.0,0,10.35,43,2405,0x0000000000000000
13:37:38,21493,7514,1897536,4394632,29371810,0.1,5.4,100.0,0,10.29,43,2405,0x0000000000000000
13:37:39,21060,7514,1897542,4394632,29371818,0.1,5.8,43.1,0,10.30,43,2405,0x0000000000000000
13:37:40,21122,7514,1897543,4394632,29371826,0.6,5.4,99.0,0,10.30,43,2405,0x0000000000000000
13:37:41,21576,7514,1897549,4394632,29371830,0.1,5.2,54.0,0,10.29,43,2405,0x0000000000000000
13:37:42,21456,7514,1897553,4394632,29371834,0.1,5.3,100.0,0,10.29,43,2405,0x0000000000000000
13:37:43,21604,7514,1899176,4394632,29373139,18.1,4.0,42.6,0,10.31,43,2405,0x0000000000000000
13:37:44,21311,7514,1899204,4394632,29373198,4.9,6.3,100.0,94,28.08,50,2515,0x0000000000000000
13:37:45,21303,7514,1899211,4394632,29373207,0.4,5.3,99.0,93,38.42,46,2522,0x0000000000000000
13:37:46,21143,7514,1899426,4394632,29373425,10.1,5.2,82.8,94,45.71,50,2522,0x0000000000000000
13:37:47,20727,7514,1899432,4394632,29373426,0.0,5.2,77.2,0,17.53,44,2411,0x0000000000000000
13:37:48,21094,7514,1899432,4394632,29373426,0.0,5.3,63.0,0,10.69,44,2411,0x0000000000000000
13:37:49,20914,7514,1899433,4394632,29373430,0.1,5.6,100.0,0,10.67,44,2411,0x0000000000000000
13:37:50,20883,7514,1899434,4394632,29373431,0.0,5.2,100.0,0,10.68,44,2411,0x0000000000000000
13:37:51,21210,7514,1899839,4394632,29374078,46.6,4.6,71.6,0,10.65,44,2411,0x0000000000000000
13:37:52,21209,7514,1899879,4394632,29374135,3.8,5.1,98.0,0,10.62,44,2411,0x0000000000000000
13:37:53,20804,7514,1899917,4394632,29374168,11.1,4.5,41.4,0,10.62,44,2411,0x0000000000000000
13:37:54,21088,7514,1899931,4394632,29374192,1.7,5.5,76.2,0,10.64,44,2411,0x0000000000000000
13:37:55,20797,7514,1899938,4394632,29374198,0.2,5.2,72.7,0,10.64,44,2411,0x0000000000000000
13:37:56,21063,7514,1899938,4394632,29374198,0.0,5.4,100.0,0,10.65,44,2411,0x0000000000000000
13:37:57,21208,7514,1899957,4394632,29374216,0.3,5.2,92.0,0,10.66,44,2411,0x0000000000000000
13:37:58,20793,7514,1899957,4394632,29374216,0.0,5.2,70.0,0,10.68,44,2411,0x0000000000000000
13:37:59,21117,7514,1899957,4394632,29374216,0.0,5.6,64.0,0,10.67,44,2411,0x0000000000000000
13:38:00,20929,7514,1899969,4394632,29374229,0.1,5.2,100.0,0,10.68,44,2411,0x0000000000000000
13:38:01,21145,7514,1899969,4394632,29374230,0.1,5.2,81.8,0,10.69,44,2411,0x0000000000000000
13:38:02,21061,7514,1900237,4394632,29374357,7.2,5.6,54.0,7,12.71,44,2418,0x0000000000000000
13:38:03,20991,7514,1900525,4394632,29374408,1.1,5.6,81.2,7,17.33,44,2444,0x0000000000000000
13:38:04,20896,7514,1900569,4394632,29374430,0.7,6.2,72.7,0,22.82,44,2411,0x0000000000000000
13:38:05,20896,7514,1900570,4394632,29374431,0.0,5.3,84.0,46,18.05,45,2463,0x0000000000000000
13:38:06,20874,7514,1901562,4394632,29375298,14.2,5.6,66.7,0,13.99,44,2411,0x0000000000000000
13:38:07,20922,7514,1903558,4394632,29377581,110.5,4.3,59.4,0,13.43,44,2411,0x0000000000000000
13:38:08,20230,7514,1903892,4394722,29378141,40.5,4.9,75.5,2,10.71,44,2411,0x0000000000000000
13:38:09,20173,7514,1903915,4394722,29378175,2.5,5.6,85.0,0,18.38,44,2411,0x0000000000000000
13:38:10,20503,7514,1904041,4394722,29378244,1.8,5.5,75.2,0,12.45,44,2418,0x0000000000000000
13:38:11,20409,7514,1911461,4394722,29380871,30.1,2.7,49.5,0,13.85,44,2411,0x0000000000000000
13:38:12,20352,7514,1916811,4394722,29385431,21.0,0.3,1.0,0,10.65,44,2411,0x0000000000000000
13:38:13,20260,7514,1920284,4394722,29388222,15.6,3.7,71.7,0,10.66,44,2411,0x0000000000000000
13:38:14,20263,7514,1925590,4394722,29392521,22.2,5.6,100.0,0,10.71,44,2411,0x0000000000000000
13:38:15,20240,7514,1931369,4394722,29397061,23.2,5.4,100.0,0,10.69,44,2411,0x0000000000000000
13:38:16,20184,7514,1938439,4394722,29401747,28.1,6.1,100.0,0,10.68,44,2411,0x0000000000000000
13:38:17,20197,7514,1944606,4394722,29405740,29.0,5.6,100.0,0,10.68,44,2411,0x0000000000000000
13:38:18,20179,7514,1950882,4394722,29410174,28.3,5.2,100.0,0,10.68,44,2411,0x0000000000000000
13:38:19,20131,7514,1952097,4394722,29411014,4.8,5.5,100.0,0,10.69,44,2411,0x0000000000000000
13:38:20,20109,7514,1955421,4394722,29413453,13.4,5.4,100.0,0,10.66,44,2411,0x0000000000000000
13:38:21,19999,7514,1960496,4394805,29416270,26.8,6.0,100.0,0,10.66,44,2411,0x0000000000000000
13:38:22,19902,7514,1962853,4394805,29418027,14.8,5.3,78.8,0,10.68,44,2411,0x0000000000000000
13:38:23,19781,7514,1962866,4394805,29418041,0.7,5.1,85.1,47,11.59,45,2411,0x0000000000000000
13:38:24,19818,7514,1962976,4394805,29419087,6.4,5.9,57.0,78,11.94,44,2411,0x0000000000000000
13:38:25,19140,7515,1962976,4394998,29419087,0.0,5.8,89.0,0,11.88,44,2411,0x0000000000000000
13:38:26,19021,7515,1966036,4394998,29420820,27.9,6.7,86.9,0,13.83,44,2463,0x0000000000000000
13:38:27,18977,7515,1970802,4394998,29423094,18.6,5.6,85.9,0,12.53,44,2411,0x0000000000000000
13:38:28,18944,7515,1974380,4394998,29426137,14.0,5.4,86.1,21,12.70,45,2411,0x0000000000000000
13:38:29,19472,7515,1977577,4394998,29427956,17.5,6.6,69.0,0,14.03,44,2463,0x0000000000000000
13:38:30,19419,7515,1977595,4394998,29427975,1.2,5.2,86.9,0,11.28,44,2418,0x0000000000000000
13:38:31,19417,7515,1977603,4394998,29427979,0.0,5.2,100.0,0,10.69,44,2411,0x0000000000000000
13:38:32,19248,7515,1977603,4394998,29427979,0.0,5.2,41.0,0,10.65,44,2411,0x0000000000000000
13:38:33,18865,7515,1977603,4394998,29427980,0.1,5.2,80.0,0,10.63,44,2411,0x0000000000000000
13:38:34,19317,7515,1977611,4394998,29427987,0.0,5.8,38.0,0,10.63,44,2411,0x0000000000000000
13:38:35,18942,7515,1977612,4394998,29427988,0.0,5.5,98.0,0,10.63,44,2411,0x0000000000000000
13:38:36,19152,7515,1977647,4394998,29428232,149.3,6.1,68.0,0,10.63,44,2411,0x0000000000000000
13:38:37,17861,7517,1977676,4395486,29428257,0.4,7.9,89.0,3,21.90,44,2476,0x0000000000000000
13:38:38,17774,7517,1977676,4395486,29428257,0.0,6.3,52.5,22,17.57,48,2411,0x0000000000000000
13:38:39,17758,7517,1977676,4395486,29428257,0.0,5.8,100.0,96,56.05,53,2476,0x0000000000000000
13:38:40,16951,7517,1977679,4395486,29428447,81.8,6.5,86.1,96,45.82,51,2522,0x0000000000000000
13:38:41,16950,7517,1977682,4395486,29428449,0.0,5.3,100.0,96,40.76,53,2476,0x0000000000000000
13:38:42,17637,7517,1977688,4395486,29428537,17.3,5.7,100.0,95,58.99,54,2470,0x0000000000000000
13:38:43,17638,7517,1977690,4395486,29428539,0.0,5.5,100.0,96,53.97,54,2470,0x0000000000000000
13:38:44,17780,7517,1977691,4395486,29428541,0.0,5.8,100.0,96,57.77,55,2476,0x0000000000000000
13:38:45,17753,7517,1977691,4395486,29428547,0.3,5.4,100.0,96,58.78,56,2470,0x0000000000000000
13:38:46,17750,7517,1977695,4395486,29428574,0.5,5.4,99.0,96,56.85,54,2476,0x0000000000000000
13:38:47,17696,7517,1977696,4395486,29428576,0.0,5.1,90.9,96,59.33,55,2470,0x0000000000000000
13:38:48,18179,7517,1978799,4395486,29429595,8.7,5.7,44.0,0,27.44,48,2463,0x0000000000000000
13:38:49,18138,7517,1991515,4395486,29435154,50.8,6.6,94.0,96,24.61,50,2489,0x0000000000000000
13:38:50,18037,7517,2011573,4395486,29443141,78.3,5.8,100.0,0,13.29,47,2411,0x0000000000000000
13:38:51,17958,7517,2031439,4395486,29451241,77.6,7.8,100.0,0,10.98,46,2411,0x0000000000000000
13:38:52,17904,7517,2047534,4395486,29456978,62.9,5.8,100.0,0,10.92,46,2411,0x0000000000000000
13:38:53,17832,7517,2065335,4395486,29463643,69.5,5.7,100.0,0,10.89,46,2411,0x0000000000000000
13:38:54,17724,7517,2086321,4395486,29471498,82.0,6.1,100.0,0,10.90,46,2411,0x0000000000000000
13:38:55,17649,7517,2104874,4395486,29479576,72.5,9.2,100.0,0,10.95,46,2411,0x0000000000000000
13:38:56,17583,7517,2121058,4395486,29486287,63.3,5.8,100.0,0,11.27,46,2411,0x0000000000000000
13:38:57,17609,7517,2124329,4395486,29487701,12.9,6.2,100.0,0,10.88,46,2411,0x0000000000000000
13:38:58,17601,7517,2124329,4395486,29487701,0.0,5.4,100.0,96,51.74,54,2470,0x0000000000000000
13:38:59,17608,7517,2124329,4395486,29487702,0.0,6.1,100.0,96,57.86,55,2476,0x0000000000000000
13:39:00,17606,7517,2124335,4395486,29487708,0.0,5.4,100.0,96,58.84,56,2470,0x0000000000000000
13:39:01,17587,7517,2124418,4395486,29487806,3.0,5.6,100.0,96,57.78,56,2470,0x0000000000000000
13:39:02,17608,7517,2124488,4395486,29487888,1.7,5.5,100.0,96,59.59,58,2470,0x0000000000000000
13:39:03,17608,7517,2124529,4395486,29487928,0.2,5.3,100.0,96,57.08,56,2470,0x0000000000000000
13:39:04,17603,7517,2124591,4395486,29487999,0.3,6.3,99.0,96,59.24,60,2463,0x0000000000000000
13:39:05,17596,7517,2124593,4395486,29488006,0.4,6.3,100.0,96,57.41,57,2470,0x0000000000000000
13:39:06,17616,7516,2124735,4395486,29488523,2.1,5.5,100.0,96,53.54,53,2483,0x0000000000000000
13:39:07,17585,7516,2124876,4395486,29488738,1.1,6.5,100.0,96,37.40,55,2470,0x0000000000000000
13:39:08,17606,7516,2124878,4395486,29488752,0.7,5.6,100.0,96,59.10,58,2470,0x0000000000000000
13:39:09,17591,7516,2124878,4395486,29488752,0.0,5.8,100.0,96,58.50,58,2470,0x0000000000000000
13:39:10,17607,7516,2124878,4395486,29488752,0.0,5.7,100.0,96,59.96,59,2470,0x0000000000000000
13:39:11,17589,7516,2124878,4395486,29488752,0.0,5.3,100.0,96,57.66,58,2470,0x0000000000000000
13:39:12,17605,7516,2124911,4395486,29488764,0.1,6.1,100.0,95,59.14,57,2470,0x0000000000000000
13:39:13,17602,7516,2124996,4395486,29488831,3.9,5.2,100.0,96,59.53,60,2470,0x0000000000000000
13:39:14,17608,7516,2124996,4395486,29488836,0.2,5.9,100.0,96,58.46,59,2476,0x0000000000000000
13:39:15,17604,7516,2125762,4395486,29489420,3.0,5.5,100.0,96,59.80,59,2476,0x0000000000000000
13:39:16,17552,7516,2134884,4395486,29493905,36.4,6.6,100.0,88,43.26,55,2489,0x0000000000000000
13:39:17,17496,7516,2140817,4395486,29497488,23.9,6.7,100.0,96,57.74,62,2470,0x0000000000000000
13:39:18,17483,7516,2145990,4395486,29499954,20.7,6.5,100.0,96,58.50,59,2470,0x0000000000000000
13:39:19,17472,7516,2146587,4395486,29500288,2.6,6.3,100.0,96,60.13,61,2470,0x0000000000000000
13:39:20,17522,7516,2146587,4395486,29500289,0.0,5.6,100.0,96,59.12,60,2470,0x0000000000000000
13:39:21,17515,7516,2146587,4395486,29500289,0.0,5.7,100.0,96,60.25,60,2463,0x0000000000000000
13:39:22,17514,7516,2146589,4395486,29500290,0.0,5.3,100.0,96,58.01,59,2470,0x0000000000000000
13:39:23,17512,7516,2146591,4395486,29500313,0.2,5.4,100.0,96,60.48,61,2463,0x0000000000000000
13:39:24,17516,7516,2146591,4395486,29500313,0.0,6.0,100.0,96,58.62,61,2470,0x0000000000000000
13:39:25,17521,7516,2146644,4395486,29500627,1.3,6.0,100.0,96,52.44,57,2489,0x0000000000000000
13:39:26,17520,7516,2146644,4395486,29500627,0.0,5.4,100.0,96,47.69,60,2463,0x0000000000000000
13:39:27,17523,7516,2146644,4395486,29500628,0.0,5.5,100.0,96,60.24,62,2463,0x0000000000000000
13:39:28,17522,7516,2146644,4395486,29500628,0.0,5.6,100.0,96,58.99,61,2470,0x0000000000000000
13:39:29,17519,7516,2146644,4395486,29500669,4.8,6.7,100.0,96,59.27,60,2470,0x0000000000000000
13:39:30,17517,7516,2146644,4395486,29500669,0.0,5.4,100.0,96,60.53,61,2470,0x0000000000000000
13:39:31,17514,7516,2146644,4395486,29500669,0.0,5.6,100.0,96,59.37,63,2470,0x0000000000000000
13:39:32,17524,7516,2146644,4395486,29500694,0.2,5.4,100.0,96,60.63,61,2463,0x0000000000000000
13:39:33,17518,7516,2146756,4395486,29500723,0.7,5.3,100.0,96,58.94,62,2470,0x0000000000000000
13:39:34,17493,7516,2146758,4395486,29500882,0.6,6.1,100.0,96,60.52,63,2457,0x0000000000000000
13:39:35,17507,7516,2146885,4395486,29501130,1.6,7.2,100.0,64,33.62,56,2483,0x0000000000000000
13:39:36,17573,7516,2146887,4395486,29501132,0.0,7.5,100.0,96,59.53,63,2457,0x0000000000000000
13:39:37,17692,7516,2146887,4395486,29501132,0.0,5.6,100.0,96,56.82,64,2457,0x0000000000000000
13:39:38,17694,7516,2147218,4395486,29501438,5.3,5.4,100.0,96,60.42,62,2457,0x0000000000000000
13:39:39,17635,7516,2156098,4395486,29505178,37.3,6.4,100.0,96,59.56,62,2463,0x0000000000000000
13:39:40,17602,7516,2167592,4395486,29508718,44.9,6.2,100.0,96,60.75,65,2457,0x0000000000000000
13:39:41,17549,7516,2177641,4395486,29512735,39.2,6.3,100.0,96,59.32,63,2457,0x0000000000000000
13:39:42,17526,7516,2184964,4395486,29515696,28.8,6.6,100.0,96,60.95,63,2450,0x0000000000000000
13:39:43,17507,7516,2190973,4395486,29518092,26.6,6.0,100.0,96,59.04,63,2457,0x0000000000000000
13:39:44,17471,7516,2198983,4395486,29521312,38.6,7.2,100.0,96,54.75,60,2463,0x0000000000000000
13:39:45,17452,7516,2203059,4395486,29522881,16.9,7.1,100.0,96,51.61,63,2457,0x0000000000000000
13:39:46,17462,7516,2203059,4395486,29522881,0.0,5.7,100.0,94,60.27,64,2450,0x0000000000000000
13:39:47,17462,7516,2203059,4395486,29522881,0.0,5.3,100.0,96,59.89,63,2450,0x0000000000000000
13:39:48,17463,7516,2203134,4395486,29522952,0.3,5.7,100.0,96,59.86,64,2457,0x0000000000000000
13:39:49,17442,7516,2203135,4395486,29522953,0.0,5.8,100.0,96,60.89,64,2450,0x0000000000000000
13:39:50,17463,7516,2203135,4395486,29522953,0.0,5.5,100.0,96,59.90,63,2457,0x0000000000000000
13:39:51,17463,7516,2203135,4395486,29522978,0.2,5.5,100.0,96,60.98,64,2457,0x0000000000000000
13:39:52,17461,7516,2203135,4395486,29522978,0.0,5.4,100.0,96,59.08,64,2457,0x0000000000000000
13:39:53,17457,7516,2203135,4395486,29523090,0.4,5.6,100.0,95,61.24,66,2450,0x0000000000000000
13:39:54,17453,7516,2203156,4395486,29523169,0.4,6.8,100.0,96,37.89,64,2463,0x0000000000000000
13:39:55,17462,7516,2203156,4395486,29523169,0.0,5.3,100.0,96,61.12,64,2450,0x0000000000000000
13:39:56,17458,7516,2203156,4395486,29523169,0.0,5.6,100.0,96,59.99,67,2450,0x0000000000000000
13:39:57,17463,7516,2203156,4395486,29523169,0.0,5.5,100.0,96,61.66,66,2450,0x0000000000000000
13:39:58,17462,7516,2203156,4395486,29523169,0.0,5.3,100.0,96,60.54,67,2457,0x0000000000000000
13:39:59,17443,7516,2203156,4395486,29523169,0.0,5.9,100.0,94,61.59,66,2450,0x0000000000000000
13:40:00,17442,7516,2203165,4395486,29523178,0.0,5.3,100.0,96,58.98,66,2457,0x0000000000000000
13:40:01,17433,7516,2203165,4395486,29523219,0.2,5.7,100.0,96,59.74,65,2463,0x0000000000000000
13:40:02,17429,7516,2203198,4395486,29523249,0.2,5.7,100.0,96,61.81,65,2457,0x0000000000000000
13:40:03,17423,7516,2203219,4395486,29523385,0.6,6.0,100.0,96,45.51,60,2489,0x0000000000000000
13:40:04,17416,7516,2203219,4395486,29523386,0.0,5.9,100.0,96,58.98,64,2450,0x0000000000000000
13:40:05,17415,7516,2203219,4395486,29523386,0.0,6.7,100.0,96,60.32,65,2457,0x0000000000000000
13:40:06,17423,7516,2203226,4395486,29523390,0.0,5.4,100.0,96,61.45,65,2450,0x0000000000000000
13:40:07,17409,7516,2203238,4395486,29523399,0.0,5.7,100.0,96,60.93,68,2457,0x0000000000000000
13:40:08,17408,7516,2203239,4395486,29523400,0.0,5.6,100.0,96,61.51,67,2450,0x0000000000000000
13:40:09,17407,7516,2203251,4395486,29523408,0.3,6.1,100.0,96,60.21,65,2450,0x0000000000000000
13:40:10,17406,7516,2203251,4395486,29523432,0.2,5.6,100.0,96,61.57,66,2450,0x0000000000000000
13:40:11,17406,7516,2203251,4395486,29523432,0.0,5.2,100.0,96,60.28,67,2457,0x0000000000000000
13:40:12,17410,7516,2203265,4395486,29523657,0.9,5.9,100.0,96,55.26,63,2463,0x0000000000000000
13:40:13,17398,7516,2203265,4395486,29523698,0.2,5.8,100.0,96,46.09,66,2450,0x0000000000000000
13:40:14,17397,7516,2203265,4395486,29523701,0.0,6.0,100.0,96,61.40,69,2450,0x0000000000000000
13:40:15,17399,7516,2203265,4395486,29523701,0.0,5.3,100.0,96,60.54,66,2450,0x0000000000000000
13:40:16,17392,7516,2203265,4395486,29523701,0.0,5.6,99.0,95,61.39,68,2450,0x0000000000000000
13:40:17,17394,7516,2203266,4395486,29523702,0.0,5.5,100.0,96,61.61,67,2450,0x0000000000000000
13:40:18,17393,7516,2203266,4395486,29523702,0.0,5.7,100.0,96,60.80,68,2457,0x0000000000000000
13:40:19,17396,7516,2203287,4395486,29523721,0.1,5.8,100.0,96,61.81,66,2450,0x0000000000000000
13:40:20,17398,7516,2203287,4395486,29523749,0.2,5.5,100.0,96,60.16,67,2457,0x0000000000000000
13:40:21,17398,7516,2203287,4395486,29523757,0.0,5.3,100.0,96,62.05,67,2450,0x0000000000000000
13:40:22,17392,7516,2203289,4395486,29523846,0.4,6.1,100.0,96,43.40,66,2470,0x0000000000000000
13:40:23,17392,7516,2203289,4395486,29523846,0.0,5.4,100.0,96,61.62,70,2450,0x0000000000000000
13:40:24,17390,7516,2203289,4395486,29523846,0.0,6.1,100.0,96,61.03,67,2450,0x0000000000000000
13:40:25,17390,7516,2203289,4395486,29523846,0.0,5.6,100.0,96,62.22,68,2457,0x0000000000000000
13:40:26,17390,7516,2203289,4395486,29523846,0.0,5.5,100.0,96,61.08,68,2457,0x0000000000000000
13:40:27,17390,7516,2203289,4395486,29523846,0.0,5.5,100.0,96,62.64,69,2450,0x0000000000000000
13:40:28,17390,7516,2203289,4395486,29523846,0.0,5.3,100.0,96,60.77,67,2457,0x0000000000000000
13:40:29,17388,7516,2203291,4395486,29523882,0.2,6.1,100.0,87,60.74,66,2450,0x0000000000000000
13:40:30,17388,7516,2203291,4395486,29523882,0.0,5.4,100.0,96,62.16,69,2457,0x0000000000000000
13:40:31,17383,7516,2203356,4395486,29523939,0.4,5.9,100.0,96,49.42,64,2470,0x0000000000000000
13:40:32,17384,7516,2203356,4395486,29523939,0.0,5.3,100.0,96,60.82,67,2450,0x0000000000000000
13:40:33,17387,7516,2203356,4395486,29523939,0.0,5.5,100.0,96,61.00,68,2457,0x0000000000000000
13:40:34,17394,7516,2203357,4395486,29523940,0.0,6.1,100.0,96,62.80,68,2450,0x0000000000000000
13:40:35,17459,7516,2203357,4395486,29523940,0.0,6.4,100.0,96,61.28,70,2450,0x0000000000000000
13:40:36,17458,7516,2203361,4395486,29523941,0.0,5.6,100.0,96,62.11,70,2450,0x0000000000000000
13:40:37,17457,7516,2203361,4395486,29523941,0.0,5.4,100.0,96,61.27,67,2450,0x0000000000000000
13:40:38,17450,7516,2203361,4395486,29523994,0.3,5.6,100.0,96,62.80,68,2450,0x0000000000000000
13:40:39,17444,7516,2203361,4395486,29523995,0.0,5.6,100.0,96,60.39,68,2457,0x0000000000000000
13:40:40,17456,7516,2203364,4395486,29524042,0.2,6.2,100.0,96,54.82,64,2463,0x0000000000000000
13:40:41,17455,7516,2203364,4395486,29524042,0.0,5.5,100.0,96,49.03,68,2457,0x0000000000000000
13:40:42,17458,7516,2203364,4395486,29524042,0.0,5.8,100.0,96,61.76,69,2450,0x0000000000000000
13:40:43,17457,7516,2203364,4395486,29524042,0.0,5.3,100.0,96,61.65,68,2450,0x0000000000000000
13:40:44,17458,7516,2203364,4395486,29524042,0.0,6.0,100.0,87,61.47,65,2450,0x0000000000000000
13:40:45,17449,7516,2203366,4395486,29524043,0.0,5.4,100.0,96,62.25,69,2457,0x0000000000000000
13:40:46,17456,7516,2203366,4395486,29524043,0.0,5.6,100.0,96,61.83,68,2457,0x0000000000000000
13:40:47,17465,7516,2203366,4395486,29524043,0.0,5.3,100.0,96,62.40,69,2450,0x0000000000000000
13:40:48,17456,7516,2203366,4395486,29524071,0.2,5.5,100.0,96,60.58,69,2457,0x0000000000000000
13:40:49,17444,7516,2203366,4395486,29524120,0.2,5.8,100.0,96,63.11,70,2450,0x0000000000000000
13:40:50,17454,7516,2203375,4395486,29524246,0.5,6.4,100.0,87,42.05,68,2476,0x0000000000000000
13:40:51,17452,7516,2203375,4395486,29524246,0.0,5.2,100.0,96,62.04,69,2450,0x0000000000000000
13:40:52,17457,7516,2203375,4395486,29524246,0.0,5.5,100.0,96,61.71,69,2450,0x0000000000000000
13:40:53,17458,7516,2203375,4395486,29524246,0.0,5.7,100.0,96,62.92,69,2450,0x0000000000000000
13:40:54,17444,7516,2203375,4395486,29524246,0.0,5.7,100.0,96,61.08,68,2450,0x0000000000000000
13:40:55,17458,7516,2203375,4395486,29524246,0.0,5.4,100.0,96,62.71,70,2450,0x0000000000000000
13:40:56,17442,7516,2203378,4395486,29524248,0.1,5.4,100.0,96,61.33,68,2450,0x0000000000000000
13:40:57,17442,7516,2203378,4395486,29524278,0.2,5.6,100.0,95,61.74,68,2444,0x0000000000000000
13:40:58,17442,7516,2203378,4395486,29524278,0.0,5.5,100.0,96,62.47,68,2457,0x0000000000000000
13:40:59,17455,7516,2203434,4395486,29524514,1.4,6.8,100.0,96,51.54,65,2470,0x0000000000000000
13:41:00,17454,7516,2203440,4395486,29524518,0.0,5.3,100.0,96,53.63,69,2457,0x0000000000000000
13:41:01,17457,7516,2203440,4395486,29524518,0.0,5.6,100.0,96,62.48,71,2450,0x0000000000000000
13:41:02,17453,7516,2203483,4395486,29524538,0.2,5.5,100.0,96,62.04,69,2450,0x0000000000000000
13:41:03,17456,7516,2203483,4395486,29524538,0.0,5.6,100.0,96,61.72,69,2450,0x0000000000000000
13:41:04,17440,7516,2203485,4395486,29524547,0.0,5.8,100.0,96,62.87,71,2450,0x0000000000000000
13:41:05,17455,7516,2203490,4395486,29524556,0.0,6.3,100.0,96,61.77,70,2450,0x0000000000000000
13:41:06,17458,7516,2203490,4395486,29524577,0.1,5.7,100.0,96,63.15,73,2444,0x0000000000000000
13:41:07,17441,7516,2203510,4395486,29524591,0.2,5.8,100.0,96,61.30,71,2457,0x0000000000000000
13:41:08,17440,7516,2203510,4395486,29524591,0.0,5.3,100.0,96,63.26,71,2457,0x0000000000000000
13:41:09,17455,7516,2203515,4395486,29524635,0.2,6.2,100.0,96,39.79,68,2463,0x0000000000000000
13:41:10,17460,7516,2203515,4395486,29524635,0.0,5.5,100.0,96,62.69,71,2450,0x0000000000000000
13:41:11,17455,7516,2203515,4395486,29524635,0.0,5.6,100.0,96,61.89,70,2450,0x0000000000000000
13:41:12,17454,7516,2203529,4395486,29524645,0.1,5.8,100.0,96,63.09,70,2450,0x0000000000000000
13:41:13,17452,7516,2203529,4395486,29524645,0.0,5.3,100.0,96,61.82,70,2450,0x0000000000000000
13:41:14,17457,7516,2203529,4395486,29524645,0.0,6.2,100.0,96,63.53,70,2444,0x0000000000000000
13:41:15,17456,7516,2203529,4395486,29524645,0.0,5.4,100.0,96,61.81,70,2450,0x0000000000000000
13:41:16,17457,7516,2203529,4395486,29524675,0.2,5.6,100.0,89,61.71,67,2450,0x0000000000000000
13:41:17,17456,7516,2203530,4395486,29524676,0.0,5.5,100.0,96,63.36,71,2457,0x0000000000000000
13:41:18,17449,7516,2203530,4395486,29524708,0.2,6.3,100.0,96,49.94,66,2470,0x0000000000000000
13:41:19,17440,7516,2203531,4395486,29524710,0.1,5.7,100.0,96,55.58,70,2450,0x0000000000000000
13:41:20,17457,7516,2203531,4395486,29524710,0.0,5.6,100.0,87,61.80,68,2450,0x0000000000000000
13:41:21,17456,7516,2203531,4395486,29524710,0.0,5.4,100.0,96,63.09,71,2450,0x0000000000000000
13:41:22,17452,7516,2203531,4395486,29524710,0.0,5.8,100.0,96,62.24,72,2457,0x0000000000000000
13:41:23,17451,7516,2203531,4395486,29524710,0.0,5.3,100.0,96,63.10,70,2450,0x0000000000000000
13:41:24,17446,7516,2203531,4395486,29524710,0.0,6.0,100.0,96,61.78,70,2450,0x0000000000000000
13:41:25,17449,7516,2203531,4395486,29524717,0.2,5.4,100.0,96,62.98,70,2450,0x0000000000000000
13:41:26,17447,7516,2203531,4395486,29524717,0.0,5.3,100.0,96,61.79,71,2444,0x0000000000000000
13:41:27,17447,7516,2203531,4395486,29524717,0.0,5.3,100.0,96,61.34,68,2450,0x0000000000000000
13:41:28,17454,7516,2203532,4395486,29524757,0.2,5.9,100.0,96,45.46,72,2450,0x0000000000000000
13:41:29,17458,7516,2203532,4395486,29524758,0.1,6.0,100.0,96,63.20,74,2450,0x0000000000000000
13:41:30,17457,7516,2203532,4395486,29524758,0.0,5.5,100.0,96,61.88,70,2444,0x0000000000000000
13:41:31,17455,7516,2203532,4395486,29524758,0.0,5.4,100.0,96,63.43,70,2444,0x0000000000000000
13:41:32,17454,7516,2203532,4395486,29524758,0.0,5.4,100.0,96,62.33,71,2450,0x0000000000000000
13:41:33,17456,7516,2203532,4395486,29524758,0.0,5.5,100.0,96,62.15,70,2444,0x0000000000000000
13:41:34,17444,7516,2203621,4395486,29524784,1.3,5.8,100.0,96,63.58,72,2450,0x0000000000000000
13:41:35,17445,7516,2203621,4395486,29524810,0.2,6.3,99.0,96,62.04,71,2450,0x0000000000000000
13:41:36,17440,7516,2203621,4395486,29524818,0.0,5.4,100.0,96,63.38,71,2450,0x0000000000000000
13:41:37,17452,7516,2203626,4395486,29524969,0.6,6.1,100.0,84,43.14,65,2470,0x0000000000000000
13:41:38,17451,7516,2203626,4395486,29524969,0.0,5.3,100.0,96,62.65,70,2450,0x0000000000000000
13:41:39,17442,7516,2203626,4395486,29524970,0.1,6.2,100.0,96,62.00,71,2450,0x0000000000000000
13:41:40,17449,7516,2203626,4395486,29524970,0.0,5.3,100.0,96,63.89,71,2444,0x0000000000000000
13:41:41,17455,7516,2203626,4395486,29524970,0.0,5.6,100.0,96,62.15,71,2450,0x0000000000000000
13:41:42,17451,7516,2203627,4395486,29524971,0.0,5.7,100.0,96,63.38,70,2444,0x0000000000000000
13:41:43,17447,7516,2203628,4395486,29524972,0.0,5.4,100.0,96,62.68,72,2450,0x0000000000000000
13:41:44,17436,7516,2203628,4395486,29524980,0.2,5.7,100.0,96,63.10,73,2437,0x0000000000000000
13:41:45,17435,7516,2203628,4395486,29524980,0.0,5.5,100.0,96,61.96,72,2444,0x0000000000000000
13:41:46,17424,7516,2203639,4395486,29525161,0.7,6.0,100.0,96,55.59,67,2457,0x0000000000000000
13:41:47,17423,7516,2203639,4395486,29525161,0.0,5.3,100.0,96,54.63,71,2444,0x0000000000000000
13:41:48,17456,7516,2203639,4395486,29525161,0.0,5.6,100.0,88,62.25,70,2444,0x0000000000000000
13:41:49,17443,7516,2203639,4395486,29525162,0.0,5.8,100.0,96,63.48,72,2444,0x0000000000000000
13:41:50,17442,7516,2203639,4395486,29525162,0.0,5.5,100.0,96,62.54,70,2450,0x0000000000000000
13:41:51,17445,7516,2203639,4395486,29525162,0.0,5.3,100.0,96,63.54,72,2437,0x0000000000000000
13:41:52,17455,7516,2203639,4395486,29525162,0.0,5.6,100.0,96,62.64,74,2444,0x0000000000000000
13:41:53,17456,7516,2203639,4395486,29525186,0.2,5.3,100.0,96,63.51,72,2437,0x0000000000000000
13:41:54,17431,7516,2203639,4395486,29525186,0.0,5.8,100.0,96,62.15,73,2450,0x0000000000000000
13:41:55,17427,7516,2203639,4395486,29525304,0.5,5.4,100.0,96,62.44,69,2444,0x0000000000000000
13:41:56,17446,7516,2203647,4395486,29525411,0.4,5.9,100.0,96,39.66,70,2470,0x0000000000000000
13:41:57,17454,7516,2203647,4395486,29525411,0.0,5.7,100.0,96,63.17,72,2437,0x0000000000000000
13:41:58,17455,7516,2203650,4395486,29525412,0.0,5.6,100.0,96,62.40,71,2444,0x0000000000000000
13:41:59,17456,7516,2203650,4395486,29525413,0.0,6.0,100.0,96,63.90,71,2444,0x0000000000000000
13:42:00,17455,7516,2203653,4395486,29525416,0.0,5.3,100.0,96,63.02,74,2437,0x0000000000000000
13:42:01,17450,7516,2203653,4395486,29525416,0.0,5.6,100.0,95,63.82,71,2437,0x0000000000000000
13:42:02,17448,7516,2203653,4395486,29525416,0.0,5.3,100.0,96,62.60,72,2444,0x0000000000000000
13:42:03,17450,7516,2203653,4395486,29525427,0.2,5.5,100.0,96,62.76,72,2437,0x0000000000000000
13:42:04,17434,7516,2203653,4395486,29525427,0.1,6.0,100.0,96,63.15,73,2437,0x0000000000000000
13:42:05,17453,7516,2203657,4395486,29525524,0.4,6.5,100.0,96,50.85,67,2470,0x0000000000000000
13:42:06,17450,7516,2203667,4395486,29525532,0.1,6.0,100.0,96,60.19,72,2437,0x0000000000000000
13:42:07,17452,7516,2203700,4395486,29525560,0.1,5.7,100.0,96,62.39,73,2437,0x0000000000000000
13:42:08,17451,7516,2203700,4395486,29525560,0.0,5.3,100.0,96,64.06,72,2437,0x0000000000000000
13:42:09,17431,7516,2203700,4395486,29525560,0.0,5.8,100.0,96,62.78,73,2444,0x0000000000000000
13:42:10,17456,7516,2203700,4395486,29525560,0.0,5.6,100.0,96,64.25,72,2437,0x0000000000000000
13:42:11,17451,7516,2203700,4395486,29525560,0.0,5.3,100.0,96,62.60,73,2437,0x0000000000000000
13:42:12,17443,7516,2203707,4395486,29525612,0.3,5.5,99.0,96,63.98,71,2437,0x0000000000000000
13:42:13,17441,7516,2203707,4395486,29525612,0.0,5.4,100.0,96,61.91,75,2444,0x0000000000000000
13:42:14,17454,7516,2203707,4395486,29525626,0.1,6.8,100.0,96,59.05,69,2437,0x0000000000000000
13:42:15,17453,7516,2203707,4395486,29525626,0.0,5.3,100.0,96,54.21,72,2444,0x0000000000000000
13:42:16,17452,7516,2203707,4395486,29525626,0.0,5.7,100.0,95,64.14,73,2437,0x0000000000000000
13:42:17,17441,7516,2203707,4395486,29525626,0.0,5.5,100.0,96,62.63,72,2437,0x0000000000000000
13:42:18,17455,7516,2203707,4395486,29525626,0.0,5.5,100.0,96,63.47,74,2444,0x0000000000000000
13:42:19,17435,7516,2203709,4395486,29525628,0.0,5.7,100.0,96,64.02,73,2437,0x0000000000000000
13:42:20,17452,7516,2203714,4395486,29525633,0.0,5.6,100.0,96,62.88,72,2444,0x0000000000000000
13:42:21,17454,7516,2203714,4395486,29525675,3.0,5.4,100.0,96,64.19,73,2437,0x0000000000000000
13:42:22,17454,7516,2203714,4395486,29525675,0.0,5.4,100.0,96,62.83,75,2444,0x0000000000000000
13:42:23,17440,7516,2203720,4395486,29525680,0.1,5.9,100.0,95,64.30,75,2437,0x0000000000000000
13:42:24,17436,7516,2203727,4395486,29525724,0.2,5.9,100.0,96,49.47,72,2444,0x0000000000000000
13:42:25,17436,7516,2203727,4395486,29525724,0.0,5.4,100.0,96,64.08,73,2437,0x0000000000000000
13:42:26,17436,7516,2203727,4395486,29525724,0.0,5.3,100.0,96,62.95,76,2437,0x0000000000000000
13:42:27,17455,7516,2203727,4395486,29525724,0.0,5.8,100.0,95,63.79,72,2437,0x0000000000000000
13:42:28,17455,7516,2203745,4395486,29525742,0.1,5.4,100.0,96,63.17,74,2437,0x0000000000000000
13:42:29,17455,7516,2203745,4395486,29525742,0.0,6.0,100.0,96,63.11,73,2437,0x0000000000000000
13:42:30,17455,7516,2203745,4395486,29525742,0.0,5.5,100.0,96,63.84,73,2437,0x0000000000000000
13:42:31,17455,7516,2203745,4395486,29525765,0.2,5.5,100.0,96,63.20,74,2450,0x0000000000000000
13:42:32,17455,7516,2203745,4395486,29525767,0.0,5.6,100.0,96,64.54,75,2444,0x0000000000000000
13:42:33,17447,7516,2203760,4395486,29525902,0.5,6.0,100.0,96,46.20,75,2470,0x0000000000000000
13:42:34,17442,7516,2203760,4395486,29525902,0.0,6.0,100.0,96,63.65,73,2437,0x0000000000000000
13:42:35,17454,7516,2203760,4395486,29525902,0.0,5.5,100.0,96,62.83,73,2437,0x0000000000000000
13:42:36,17456,7516,2203760,4395486,29525902,0.0,6.3,100.0,96,64.35,73,2437,0x0000000000000000
13:42:37,17455,7516,2203760,4395486,29525902,0.0,5.4,100.0,96,63.53,73,2437,0x0000000000000000
13:42:38,17456,7516,2203760,4395486,29525902,0.0,5.5,100.0,96,64.23,75,2437,0x0000000000000000
13:42:39,17443,7516,2203779,4395486,29525922,0.1,5.8,100.0,96,63.45,74,2437,0x0000000000000000
13:42:40,17446,7516,2203779,4395486,29525932,0.1,5.4,100.0,96,62.59,73,2437,0x0000000000000000
13:42:41,17445,7516,2203779,4395486,29525932,0.0,5.9,100.0,96,64.18,73,2437,0x0000000000000000
13:42:42,17453,7516,2203792,4395486,29526009,0.3,6.1,100.0,96,51.13,69,2470,0x0000000000000000
13:42:43,17451,7516,2203792,4395486,29526009,0.0,5.3,100.0,96,63.23,74,2437,0x0000000000000000
13:42:44,17438,7516,2203792,4395486,29526011,0.1,6.1,100.0,96,62.89,73,2444,0x0000000000000000
13:42:45,17447,7516,2203792,4395486,29526011,0.0,5.4,100.0,96,64.71,74,2437,0x0000000000000000
13:42:46,17435,7516,2203792,4395486,29526011,0.0,5.4,100.0,96,63.49,74,2437,0x0000000000000000
13:42:47,17455,7516,2203792,4395486,29526011,0.0,5.5,100.0,96,64.60,75,2437,0x0000000000000000
13:42:48,17455,7516,2203792,4395486,29526011,0.0,5.4,100.0,96,63.46,73,2437,0x0000000000000000
13:42:49,17443,7516,2203792,4395486,29526026,0.1,5.9,100.0,96,64.23,73,2437,0x0000000000000000
13:42:50,17440,7516,2203792,4395486,29526026,0.0,5.7,100.0,96,62.78,75,2444,0x0000000000000000
13:42:51,17436,7516,2203797,4395486,29526112,0.3,5.8,100.0,96,56.71,69,2444,0x0000000000000000
13:42:52,17452,7516,2203797,4395486,29526152,0.2,5.6,100.0,96,48.58,74,2444,0x0000000000000000
13:42:53,17455,7516,2203797,4395486,29526152,0.0,5.5,100.0,96,64.18,73,2437,0x0000000000000000
13:42:54,17441,7516,2203797,4395486,29526152,0.0,5.7,100.0,96,63.17,75,2437,0x0000000000000000
13:42:55,17448,7516,2203797,4395486,29526152,0.0,5.7,100.0,95,64.52,76,2437,0x0000000000000000
13:42:56,17447,7516,2203797,4395486,29526152,0.0,5.2,100.0,96,63.27,76,2437,0x0000000000000000
13:42:57,17455,7516,2203798,4395486,29526153,0.0,5.5,100.0,96,63.83,75,2437,0x0000000000000000
13:42:58,17455,7516,2203798,4395486,29526153,0.0,5.7,100.0,96,64.35,74,2437,0x0000000000000000
13:42:59,17442,7516,2203798,4395486,29526162,0.3,5.9,100.0,96,63.17,74,2450,0x0000000000000000
13:43:00,17441,7516,2203801,4395486,29526165,0.0,5.4,100.0,96,64.63,74,2444,0x0000000000000000
13:43:01,17449,7516,2203804,4395486,29526210,0.3,5.9,100.0,87,44.89,72,2470,0x0000000000000000
13:43:02,17447,7516,2203804,4395486,29526210,0.0,5.4,100.0,96,64.35,75,2437,0x0000000000000000
13:43:03,17446,7516,2203804,4395486,29526210,0.0,5.4,100.0,96,63.64,73,2444,0x0000000000000000
13:43:04,17455,7516,2203812,4395486,29526213,0.0,5.8,100.0,96,64.66,77,2437,0x0000000000000000
13:43:05,17454,7516,2203812,4395486,29526213,0.0,5.4,100.0,96,63.64,74,2437,0x0000000000000000
13:43:06,17445,7516,2203813,4395486,29526214,0.0,7.0,100.0,96,64.61,75,2437,0x0000000000000000
13:43:07,17444,7516,2203813,4395486,29526215,0.1,5.4,100.0,96,63.06,75,2437,0x0000000000000000
13:43:08,17445,7516,2203813,4395486,29526229,0.1,5.4,100.0,95,64.36,74,2437,0x0000000000000000
13:43:09,17421,7516,2203813,4395486,29526229,0.1,6.1,100.0,96,63.29,74,2437,0x0000000000000000
13:43:10,17454,7516,2203837,4395486,29526367,0.6,6.2,100.0,96,54.62,70,2450,0x0000000000000000
13:43:11,17445,7516,2203838,4395486,29526368,0.0,5.3,100.0,96,52.71,77,2437,0x0000000000000000
13:43:12,17456,7516,2203842,4395486,29526370,0.0,5.7,100.0,96,64.01,74,2431,0x0000000000000000
13:43:13,17455,7516,2203842,4395486,29526370,0.0,5.3,100.0,96,63.27,74,2437,0x0000000000000000
13:43:14,17456,7516,2203842,4395486,29526370,0.0,6.0,100.0,96,63.95,73,2437,0x0000000000000000
13:43:15,17441,7516,2203966,4395486,29526471,5.0,6.0,100.0,96,64.58,74,2437,0x0000000000000000
13:43:16,17444,7516,2203978,4395486,29526481,0.0,5.6,100.0,96,63.47,74,2444,0x0000000000000000
13:43:17,17422,7516,2203979,4395486,29526492,0.1,5.6,100.0,96,64.53,74,2444,0x0000000000000000
13:43:18,17421,7516,2203979,4395486,29526492,0.0,5.3,100.0,96,63.12,75,2437,0x0000000000000000
13:43:19,17417,7516,2203979,4395486,29526500,0.0,5.8,100.0,96,64.48,74,2437,0x0000000000000000
13:43:20,17451,7516,2203979,4395486,29526522,0.1,5.9,100.0,96,46.83,73,2463,0x0000000000000000
13:43:21,17453,7516,2203979,4395486,29526522,0.0,5.4,100.0,96,64.35,76,2437,0x0000000000000000
13:43:22,17448,7516,2203979,4395486,29526522,0.0,5.4,100.0,96,63.56,76,2437,0x0000000000000000
13:43:23,17447,7516,2203979,4395486,29526522,0.0,5.5,100.0,96,64.95,75,2437,0x0000000000000000
13:43:24,17442,7516,2203979,4395486,29526522,0.0,5.7,100.0,96,63.63,75,2437,0x0000000000000000
13:43:25,17452,7516,2203979,4395486,29526522,0.0,5.5,100.0,95,64.61,76,2437,0x0000000000000000
13:43:26,17444,7516,2203979,4395486,29526522,0.0,5.4,100.0,96,64.06,78,2437,0x0000000000000000
13:43:27,17448,7516,2203979,4395486,29526522,0.0,5.6,100.0,96,63.97,76,2444,0x0000000000000000
13:43:28,17443,7516,2203979,4395486,29526522,0.0,5.5,100.0,96,64.74,76,2444,0x0000000000000000
13:43:29,17257,7516,2204411,4395486,29526824,24.8,6.7,100.0,13,46.75,68,2470,0x0000000000000000
13:43:30,17412,7514,2207508,4395486,29530120,63.8,8.8,100.0,96,44.36,70,2476,0x0000000000000000
13:43:31,17343,7512,2208218,4395486,29530854,22.6,8.5,100.0,96,34.36,70,2476,0x0000000000000000
13:43:32,17291,7510,2208293,4395486,29531037,2.2,6.3,100.0,94,45.89,72,2463,0x0000000000000000
13:43:33,17305,7510,2208406,4395486,29531457,2.5,6.7,100.0,96,34.78,68,2476,0x0000000000000000
13:43:34,17303,7510,2208693,4395486,29531723,4.6,7.2,93.0,96,35.94,69,2470,0x0000000000000000
13:43:35,17258,7509,2208714,4395486,29532133,1.7,5.8,94.0,92,25.77,70,2450,0x0000000000000000
13:43:36,17246,7509,2208757,4395486,29532443,1.4,6.7,100.0,96,34.79,68,2476,0x0000000000000000
13:43:37,17236,7509,2208809,4395486,29532767,1.5,5.8,100.0,96,35.58,69,2470,0x0000000000000000
13:43:38,17389,7509,2208820,4395486,29533145,1.5,5.6,100.0,96,38.22,69,2470,0x0000000000000000
13:43:39,17353,7509,2208835,4395486,29533310,0.6,6.0,100.0,96,35.00,68,2476,0x0000000000000000
13:43:40,17339,7509,2208862,4395486,29533760,1.8,5.4,100.0,95,38.49,69,2483,0x0000000000000000
13:43:41,17321,7509,2208895,4395486,29534275,4.5,5.5,100.0,96,34.77,67,2476,0x0000000000000000
13:43:42,17299,7509,2208933,4395486,29534822,2.1,5.6,100.0,94,37.83,68,2476,0x0000000000000000
13:43:43,17287,7509,2208947,4395486,29535339,2.0,5.5,100.0,96,33.55,68,2476,0x0000000000000000
13:43:44,17253,7509,2208971,4395486,29536284,3.7,6.3,100.0,95,33.99,69,2476,0x0000000000000000
13:43:45,17387,7509,2209052,4395486,29536827,4.2,5.7,100.0,96,36.88,68,2470,0x0000000000000000
13:43:46,17365,7509,2209096,4395486,29537431,2.4,6.9,100.0,96,34.22,68,2470,0x0000000000000000
13:43:47,17357,7509,2209131,4395486,29537870,1.8,5.9,100.0,96,35.46,67,2476,0x0000000000000000
13:43:48,17315,7509,2209146,4395486,29538226,1.4,5.6,96.0,96,32.95,68,2476,0x0000000000000000
13:43:49,17399,7509,2209153,4395486,29538519,1.2,6.0,96.0,96,25.82,67,2437,0x0000000000000000
13:43:50,17388,7509,2209156,4395486,29538823,1.2,6.5,100.0,96,33.82,67,2476,0x0000000000000000
13:43:51,17367,7509,2209180,4395486,29539499,2.7,5.6,100.0,94,32.26,66,2483,0x0000000000000000
13:43:52,17354,7509,2209196,4395486,29539930,1.7,5.5,100.0,96,35.89,66,2476,0x0000000000000000
13:43:53,17338,7509,2209223,4395486,29540484,2.2,5.5,100.0,96,33.99,67,2470,0x0000000000000000
13:43:54,17313,7509,2209237,4395486,29540859,1.5,5.8,100.0,96,34.46,67,2470,0x0000000000000000
13:43:55,17310,7509,2209245,4395486,29540953,0.4,5.4,100.0,96,34.46,67,2470,0x0000000000000000
13:43:56,17277,7509,2209261,4395486,29541376,1.7,5.5,100.0,96,37.91,67,2476,0x0000000000000000
13:43:57,17274,7509,2209273,4395486,29541558,0.7,5.6,100.0,96,34.74,67,2470,0x0000000000000000
13:43:58,17275,7509,2209282,4395486,29541787,0.9,5.6,100.0,96,38.06,67,2476,0x0000000000000000
13:43:59,17262,7509,2209299,4395486,29542338,2.2,5.9,100.0,96,33.65,67,2470,0x0000000000000000
13:44:00,17252,7509,2209365,4395486,29542755,1.9,5.7,100.0,96,32.12,65,2476,0x0000000000000000
13:44:01,17228,7509,2209421,4395486,29543050,1.2,5.5,96.0,96,34.14,67,2476,0x0000000000000000
13:44:02,17228,7509,2209433,4395486,29543337,1.1,5.6,100.0,96,31.52,66,2476,0x0000000000000000
13:44:03,17224,7509,2209448,4395486,29543637,1.2,5.4,100.0,96,34.30,67,2476,0x0000000000000000
13:44:04,17221,7509,2209464,4395486,29543938,1.2,6.0,100.0,92,38.12,70,2476,0x0000000000000000
13:44:05,17375,7509,2212000,4395486,29546004,12.7,6.5,100.0,96,33.58,67,2476,0x0000000000000000
13:44:06,16612,7509,2212051,4395486,29546262,123.6,8.0,100.0,96,22.54,64,2483,0x0000000000000000
13:44:07,16620,7509,2212051,4395486,29546262,0.0,5.4,100.0,96,63.10,71,2444,0x0000000000000000
13:44:08,16605,7509,2212051,4395486,29546663,154.4,7.4,100.0,96,49.48,65,2489,0x0000000000000000
13:44:09,16597,7509,2212052,4395486,29546665,0.0,5.7,100.0,96,52.12,72,2450,0x0000000000000000
13:44:10,16637,7509,2212053,4395486,29546993,170.8,7.5,100.0,94,63.70,74,2450,0x0000000000000000
13:44:11,16378,7509,2212053,4395486,29547021,0.1,6.1,100.0,96,36.27,71,2450,0x0000000000000000
13:44:12,17304,7509,2212053,4395486,29547218,122.8,5.9,100.0,96,63.71,71,2444,0x0000000000000000
13:44:13,16495,7509,2212053,4395486,29547312,0.4,6.7,100.0,96,43.10,69,2470,0x0000000000000000
13:44:14,16511,7509,2212053,4395486,29547312,0.1,6.4,100.0,96,63.79,73,2444,0x0000000000000000
13:44:15,16614,7509,2212053,4395486,29547658,138.7,7.7,100.0,96,47.78,66,2489,0x0000000000000000
13:44:16,16612,7509,2212059,4395486,29547659,0.0,5.4,100.0,96,55.97,72,2450,0x0000000000000000
13:44:17,16611,7509,2212090,4395486,29547965,1.2,5.7,100.0,96,57.39,68,2476,0x0000000000000000
13:44:18,16602,7509,2212113,4395486,29548287,1.3,5.4,100.0,96,35.12,67,2470,0x0000000000000000
13:44:19,16590,7508,2212334,4395486,29548826,3.8,6.6,100.0,96,33.61,67,2476,0x0000000000000000
13:44:20,16587,7508,2212349,4395486,29549186,1.4,5.5,100.0,93,38.29,68,2476,0x0000000000000000
13:44:21,16585,7508,2212359,4395486,29549559,1.4,5.8,100.0,96,34.05,66,2476,0x0000000000000000
13:44:22,16586,7508,2212363,4395486,29549745,0.9,5.7,100.0,96,34.91,67,2470,0x0000000000000000
13:44:23,16586,7508,2212363,4395486,29550052,1.2,5.5,100.0,96,34.31,67,2470,0x0000000000000000
13:44:24,16585,7508,2212387,4395486,29550285,1.3,6.2,100.0,96,34.70,67,2470,0x0000000000000000
13:44:25,16584,7508,2212393,4395486,29550590,1.2,5.3,100.0,96,34.81,65,2476,0x0000000000000000
13:44:26,16586,7508,2212399,4395486,29550834,1.0,5.5,100.0,96,34.96,67,2470,0x0000000000000000
13:44:27,16581,7508,2212401,4395486,29551003,0.7,7.8,100.0,96,38.59,67,2470,0x0000000000000000
13:44:28,16585,7508,2212403,4395486,29551189,0.7,10.5,100.0,96,33.06,66,2489,0x0000000000000000
13:44:29,16593,7508,2212403,4395486,29551260,0.3,10.9,100.0,96,33.80,66,2489,0x0000000000000000
13:44:30,16599,7508,2212404,4395486,29551354,0.4,8.6,100.0,96,33.66,66,2489,0x0000000000000000
13:44:31,16597,7508,2212407,4395486,29551523,0.7,5.4,100.0,96,34.54,66,2470,0x0000000000000000
13:44:32,16600,7508,2212411,4395486,29551826,1.2,5.4,100.0,96,34.46,66,2470,0x0000000000000000
13:44:33,16592,7508,2212413,4395486,29552043,0.8,5.5,100.0,96,34.40,66,2470,0x0000000000000000
13:44:34,16603,7508,2212417,4395486,29552138,0.4,6.0,100.0,96,39.03,66,2470,0x0000000000000000
13:44:35,16607,7508,2212422,4395486,29552470,1.3,5.4,100.0,96,34.25,66,2470,0x0000000000000000
13:44:36,16612,7508,2212422,4395486,29552619,0.6,6.3,100.0,96,34.74,66,2470,0x0000000000000000
13:44:37,16620,7508,2212428,4395486,29552781,0.6,5.7,100.0,96,38.82,66,2470,0x0000000000000000
13:44:38,16618,7508,2212430,4395486,29552925,0.6,5.3,100.0,96,34.78,66,2470,0x0000000000000000
13:44:39,16629,7508,2212434,4395486,29553086,0.6,5.8,100.0,96,34.33,66,2476,0x0000000000000000
13:44:40,16634,7508,2212443,4395486,29553307,0.9,5.5,100.0,93,38.32,67,2476,0x0000000000000000
13:44:41,16642,7508,2212454,4395486,29553523,0.8,5.4,100.0,96,33.99,66,2470,0x0000000000000000
13:44:42,16645,7508,2212465,4395486,29553841,1.2,5.7,100.0,96,34.02,65,2476,0x0000000000000000
13:44:43,16651,7508,2212465,4395486,29554035,0.8,5.4,100.0,96,37.71,66,2470,0x0000000000000000
13:44:44,16660,7508,2212466,4395486,29554147,0.5,5.8,100.0,96,35.12,66,2476,0x0000000000000000
13:44:45,16671,7508,2212466,4395486,29554289,0.6,7.4,100.0,96,34.65,66,2476,0x0000000000000000
13:44:46,17147,7508,2213639,4395486,29555192,172.6,7.4,100.0,33,31.66,64,2437,0x0000000000000000
13:44:47,16551,7508,2213639,4395486,29555372,0.7,7.1,100.0,96,18.65,63,2489,0x0000000000000000
13:44:48,16554,7508,2213639,4395486,29555372,0.0,5.6,100.0,96,61.92,70,2444,0x0000000000000000
13:44:49,16388,7508,2213728,4395486,29555898,162.2,8.3,100.0,96,50.10,65,2489,0x0000000000000000
13:44:50,16388,7508,2213728,4395486,29555898,0.0,5.3,100.0,96,46.71,71,2450,0x0000000000000000
13:44:51,16809,7508,2213728,4395486,29556368,166.4,6.7,100.0,96,63.37,70,2450,0x0000000000000000
13:44:52,16609,7508,2213728,4395486,29556560,0.8,6.7,100.0,96,30.03,67,2476,0x0000000000000000
13:44:53,16609,7508,2213728,4395486,29556560,0.0,5.4,100.0,96,63.49,72,2444,0x0000000000000000
13:44:54,16534,7508,2213728,4395487,29557323,143.9,8.6,100.0,96,48.52,65,2489,0x0000000000000000
13:44:55,16538,7508,2213728,4395487,29557323,0.0,5.8,100.0,96,47.76,71,2457,0x0000000000000000
13:44:56,17033,7508,2213729,4395487,29557669,110.0,6.3,100.0,96,63.40,71,2450,0x0000000000000000
13:44:57,16610,7508,2213729,4395487,29557870,0.8,6.4,100.0,96,33.14,69,2463,0x0000000000000000
13:44:58,16619,7508,2213729,4395487,29557870,0.0,5.4,100.0,96,63.14,71,2450,0x0000000000000000
13:44:59,16975,7508,2213729,4395487,29558072,36.4,6.4,100.0,96,53.72,69,2463,0x0000000000000000
13:45:00,16975,7508,2213729,4395487,29558072,0.0,5.3,100.0,96,63.40,71,2444,0x0000000000000000
13:45:01,17349,7508,2213729,4395487,29558085,3.0,9.2,100.0,96,55.60,72,2470,0x0000000000000000
13:45:02,17348,7508,2213729,4395487,29558085,0.0,10.3,100.0,96,45.65,68,2483,0x0000000000000000
13:45:03,17347,7508,2213732,4395487,29558087,0.0,10.2,100.0,96,45.08,68,2483,0x0000000000000000
13:45:04,17256,7508,2213733,4395487,29558395,16.5,8.7,100.0,92,39.33,65,2489,0x0000000000000000
13:45:05,17236,7508,2213734,4395487,29558473,0.3,5.6,100.0,95,55.85,67,2476,0x0000000000000000
13:45:06,17224,7508,2213751,4395487,29558868,1.5,5.7,100.0,96,35.54,66,2470,0x0000000000000000
13:45:07,17226,7508,2213763,4395487,29559076,0.8,6.5,100.0,96,34.82,66,2470,0x0000000000000000
13:45:08,17216,7508,2213772,4395487,29559476,1.6,5.4,100.0,96,34.53,66,2470,0x0000000000000000
13:45:09,17209,7508,2213772,4395487,29559627,0.6,6.3,100.0,96,35.15,66,2470,0x0000000000000000
13:45:10,17363,7508,2214528,4395487,29559944,3.7,5.9,100.0,96,34.53,66,2470,0x0000000000000000
13:45:11,17344,7508,2222228,4395487,29562284,30.2,6.8,100.0,0,24.16,63,2398,0x0000000000000000
13:45:12,17335,7508,2222228,4395487,29562284,0.0,5.6,100.0,96,46.31,71,2450,0x0000000000000000
13:45:13,17341,7508,2222228,4395487,29562284,0.0,5.6,100.0,95,63.23,72,2444,0x0000000000000000
13:45:14,17304,7508,2222228,4395487,29562284,0.0,5.7,100.0,96,62.01,70,2444,0x0000000000000000
13:45:15,17339,7508,2222234,4395487,29562286,0.0,5.6,100.0,96,62.88,71,2450,0x0000000000000000
13:45:16,17325,7508,2222234,4395487,29562286,0.0,5.5,100.0,96,63.41,71,2444,0x0000000000000000
13:45:17,17340,7508,2222234,4395487,29562286,0.0,6.0,100.0,96,59.91,72,2450,0x0000000000000000
13:45:18,17145,7508,2222234,4395487,29562374,22.4,5.8,100.0,96,64.44,72,2437,0x0000000000000000
13:45:19,17092,7508,2222235,4395487,29562388,0.1,6.3,100.0,96,57.85,72,2437,0x0000000000000000
13:45:20,17129,7508,2222235,4395487,29562659,182.9,6.2,100.0,96,63.56,72,2437,0x0000000000000000
13:45:21,16449,7508,2222235,4395490,29563205,2.1,7.7,100.0,96,33.22,65,2489,0x0000000000000000
13:45:22,16456,7508,2222235,4395490,29563205,0.0,8.0,100.0,96,47.63,69,2483,0x0000000000000000
13:45:23,16970,7508,2222235,4395490,29563605,112.1,6.3,100.0,96,60.39,74,2437,0x0000000000000000
13:45:24,16822,7508,2222235,4395490,29563883,1.1,6.7,100.0,96,37.62,70,2470,0x0000000000000000
13:45:25,16821,7508,2222235,4395490,29563883,0.0,5.8,100.0,96,63.52,72,2450,0x0000000000000000
13:45:26,17340,7508,2222235,4395490,29563913,0.8,5.6,100.0,96,61.09,71,2444,0x0000000000000000
13:45:27,17350,7508,2222235,4395490,29563918,0.2,5.5,100.0,96,63.21,72,2444,0x0000000000000000
13:45:28,17350,7508,2222235,4395490,29563918,0.0,5.4,100.0,96,62.06,75,2444,0x0000000000000000
13:45:29,17080,7508,2222235,4395490,29564254,108.6,6.3,100.0,96,63.41,73,2437,0x0000000000000000
13:45:30,16615,7508,2222235,4395490,29564579,1.3,6.5,100.0,96,37.50,70,2483,0x0000000000000000
13:45:31,16603,7508,2222235,4395490,29564579,0.0,7.7,100.0,96,63.13,74,2444,0x0000000000000000
13:45:32,17150,7508,2222235,4395490,29564700,21.5,6.2,100.0,87,51.67,67,2450,0x0000000000000000
13:45:33,17147,7508,2222235,4395490,29564700,0.0,5.9,100.0,96,60.65,73,2444,0x0000000000000000
13:45:34,17108,7508,2222235,4395490,29564822,22.2,6.2,100.0,96,58.12,67,2457,0x0000000000000000
13:45:35,17102,7508,2222235,4395490,29564822,0.0,7.5,100.0,96,61.98,73,2437,0x0000000000000000
13:45:36,17119,7508,2222239,4395490,29564824,0.0,10.9,100.0,96,46.49,70,2476,0x0000000000000000
13:45:37,16936,7508,2222248,4395490,29565081,34.8,8.7,100.0,96,33.46,69,2489,0x0000000000000000
13:45:38,17341,7508,2222248,4395490,29565086,0.2,5.6,100.0,96,62.80,73,2437,0x0000000000000000
13:45:39,17074,7508,2222248,4395490,29565828,109.6,7.6,100.0,96,54.62,67,2470,0x0000000000000000
13:45:40,17073,7508,2222248,4395490,29565828,0.0,5.4,100.0,96,44.53,72,2444,0x0000000000000000
13:45:41,17232,7508,2222248,4395490,29566204,125.6,6.4,100.0,96,63.10,71,2444,0x0000000000000000
13:45:42,16889,7508,2222249,4395490,29566882,2.6,7.0,100.0,96,32.82,65,2489,0x0000000000000000
13:45:43,16875,7508,2222253,4395490,29566886,0.0,6.3,100.0,96,57.63,72,2470,0x0000000000000000
13:45:44,16362,7508,2222253,4395490,29567758,119.9,7.5,100.0,85,61.91,69,2444,0x0000000000000000
13:45:45,16356,7508,2222253,4395490,29568144,1.5,6.1,100.0,96,30.84,72,2457,0x0000000000000000
13:45:46,16356,7508,2222253,4395490,29568144,0.0,5.4,100.0,96,63.03,72,2444,0x0000000000000000
13:45:47,16217,7508,2222253,4395490,29569387,97.0,8.2,100.0,96,46.64,66,2489,0x0000000000000000
13:45:48,16220,7508,2222253,4395490,29569387,0.0,5.3,100.0,96,45.74,73,2444,0x0000000000000000
13:45:49,16358,7508,2222253,4395490,29569801,140.1,6.7,100.0,96,62.71,72,2437,0x0000000000000000
13:45:50,16364,7508,2222253,4395490,29570780,3.8,6.8,100.0,96,32.09,65,2489,0x0000000000000000
13:45:51,16374,7508,2222253,4395490,29570780,0.0,5.3,100.0,96,56.14,72,2444,0x0000000000000000
13:45:52,16275,7508,2222253,4395490,29571644,156.6,6.9,100.0,95,62.85,72,2444,0x0000000000000000
13:45:53,16283,7508,2222253,4395490,29572864,4.8,7.0,100.0,96,22.19,65,2489,0x0000000000000000
13:45:54,16287,7508,2222253,4395490,29572864,0.0,5.6,100.0,96,54.60,71,2444,0x0000000000000000
13:45:55,16460,7508,2222253,4395490,29573373,84.4,7.4,100.0,95,62.71,71,2444,0x0000000000000000
13:45:56,17152,7508,2222790,4395490,29574621,6.3,8.1,100.0,95,25.98,69,2489,0x0000000000000000
13:45:57,17156,7508,2222790,4395490,29574621,0.0,5.8,100.0,96,58.91,72,2450,0x0000000000000000
13:45:58,17152,7508,2222791,4395490,29574738,0.5,5.8,100.0,96,49.94,68,2476,0x0000000000000000
13:45:59,17144,7508,2222796,4395490,29574894,0.6,5.7,100.0,96,35.80,67,2470,0x0000000000000000
13:46:00,17119,7508,2222805,4395490,29575546,2.6,5.6,95.0,0,30.04,64,2437,0x0000000000000000
13:46:01,17104,7508,2222827,4395490,29576107,2.2,5.6,100.0,96,36.04,67,2476,0x0000000000000000
13:46:02,17089,7508,2222846,4395490,29576630,2.0,5.3,100.0,96,34.09,66,2476,0x0000000000000000
13:46:03,17074,7508,2222854,4395490,29577102,1.8,5.3,100.0,96,34.38,67,2476,0x0000000000000000
13:46:04,17056,7508,2222881,4395490,29577679,2.3,5.8,100.0,96,33.87,67,2476,0x0000000000000000
13:46:05,17038,7508,2222902,4395490,29578278,2.4,5.5,100.0,96,33.95,66,2476,0x0000000000000000
13:46:06,17027,7508,2222923,4395490,29578903,2.4,5.8,100.0,96,33.94,66,2476,0x0000000000000000
13:46:07,17011,7508,2222941,4395490,29579470,2.2,6.7,100.0,96,34.08,66,2470,0x0000000000000000
13:46:08,17005,7508,2222963,4395490,29579962,1.9,8.4,100.0,96,33.69,66,2483,0x0000000000000000
13:46:09,17006,7508,2222979,4395490,29580407,1.8,10.7,100.0,96,32.14,65,2489,0x0000000000000000
13:46:10,16994,7508,2222999,4395490,29580959,2.2,10.4,100.0,96,31.87,66,2489,0x0000000000000000
13:46:11,16982,7508,2223014,4395490,29581272,1.2,9.5,100.0,96,32.17,66,2489,0x0000000000000000
13:46:12,16987,7508,2223021,4395490,29581570,1.2,5.5,100.0,96,36.18,66,2470,0x0000000000000000
13:46:13,16973,7508,2223029,4395490,29582030,1.8,5.5,100.0,96,34.44,66,2476,0x0000000000000000
13:46:14,16984,7508,2223042,4395490,29582410,1.6,5.9,100.0,96,33.64,66,2476,0x0000000000000000
13:46:15,16984,7508,2223062,4395490,29582794,1.5,6.0,100.0,96,34.71,66,2470,0x0000000000000000
13:46:16,16982,7508,2223073,4395490,29583338,2.1,5.5,100.0,96,33.91,65,2476,0x0000000000000000
13:46:17,16987,7508,2223083,4395490,29583879,2.1,5.5,100.0,96,33.80,65,2476,0x0000000000000000
13:46:18,16981,7508,2223091,4395490,29584273,1.5,5.5,100.0,96,34.00,66,2470,0x0000000000000000
13:46:19,16982,7508,2223094,4395490,29584599,1.3,5.9,100.0,96,34.22,66,2470,0x0000000000000000
13:46:20,16981,7508,2223107,4395490,29585017,1.6,5.6,100.0,96,34.67,66,2470,0x0000000000000000
13:46:21,16985,7508,2223119,4395490,29585353,1.3,5.4,100.0,96,33.80,66,2470,0x0000000000000000
13:46:22,16983,7508,2223119,4395490,29585407,0.2,5.5,100.0,96,38.33,66,2470,0x0000000000000000
13:46:23,16994,7508,2223120,4395490,29585532,0.5,5.8,100.0,96,34.90,66,2470,0x0000000000000000
13:46:24,16983,7508,2223135,4395490,29585990,1.9,6.2,100.0,96,35.05,66,2476,0x0000000000000000
13:46:25,16993,7508,2223140,4395490,29586387,1.6,5.4,100.0,96,33.75,66,2470,0x0000000000000000
13:46:26,16991,7508,2223142,4395490,29586769,1.5,5.4,100.0,96,33.87,66,2476,0x0000000000000000
13:46:27,16994,7508,2223144,4395490,29587065,1.2,5.5,100.0,96,33.83,66,2476,0x0000000000000000
13:46:28,16993,7508,2223144,4395490,29587401,1.3,5.5,100.0,96,34.41,65,2476,0x0000000000000000
13:46:29,16990,7508,2223146,4395490,29587792,1.5,5.8,100.0,96,33.50,66,2476,0x0000000000000000
13:46:30,16997,7508,2223152,4395490,29588283,1.9,5.5,100.0,96,34.22,66,2470,0x0000000000000000
13:46:31,16972,7508,2223157,4395490,29588418,3.2,6.0,95.0,78,32.14,68,2411,0x0000000000000000
13:46:32,16980,7508,2223169,4395490,29588618,0.8,5.4,100.0,96,39.89,66,2470,0x0000000000000000
13:46:33,16986,7508,2223171,4395490,29588712,0.4,5.5,100.0,96,34.90,66,2470,0x0000000000000000
13:46:34,16939,7508,2223221,4395490,29589045,7.1,7.3,100.0,96,38.56,66,2470,0x0000000000000000
13:46:35,16955,7508,2223228,4395490,29589209,0.6,5.4,100.0,96,33.30,66,2470,0x0000000000000000
13:46:36,16949,7508,2223244,4395490,29589796,2.3,5.6,100.0,96,34.12,66,2470,0x0000000000000000
13:46:37,16942,7508,2223265,4395490,29590461,2.6,6.5,100.0,96,33.38,66,2470,0x0000000000000000
13:46:38,16940,7508,2223272,4395490,29590767,1.2,5.5,100.0,96,33.45,65,2476,0x0000000000000000
13:46:39,16946,7508,2223279,4395490,29591064,1.2,5.7,100.0,96,34.15,65,2476,0x0000000000000000
13:46:40,16933,7508,2223279,4395490,29591086,2.1,5.7,100.0,0,20.65,62,2398,0x0000000000000000
13:46:41,16955,7508,2223279,4395490,29591086,0.0,5.4,100.0,96,39.49,69,2450,0x0000000000000000
13:46:42,16980,7508,2223279,4395490,29591131,0.2,6.6,100.0,96,62.96,70,2489,0x0000000000000000
13:46:43,16978,7508,2223300,4395490,29591540,1.6,5.6,100.0,96,34.20,65,2476,0x0000000000000000
13:46:44,16986,7508,2223305,4395490,29592028,1.9,6.0,100.0,96,33.63,65,2476,0x0000000000000000
13:46:45,16980,7508,2223319,4395490,29592540,2.0,5.5,100.0,96,33.65,65,2476,0x0000000000000000
13:46:46,16976,7508,2223325,4395490,29592851,1.2,5.5,100.0,96,33.90,65,2470,0x0000000000000000
13:46:47,16982,7508,2223334,4395490,29593248,1.6,5.5,100.0,96,33.69,65,2470,0x0000000000000000
13:46:48,16983,7508,2223349,4395490,29593725,1.9,5.8,100.0,96,33.75,65,2470,0x0000000000000000
13:46:49,16995,7508,2223364,4395490,29594149,1.7,6.1,100.0,96,33.90,65,2476,0x0000000000000000
13:46:50,17008,7508,2223371,4395490,29594411,1.0,5.5,100.0,96,34.42,65,2470,0x0000000000000000
13:46:51,17019,7508,2223373,4395490,29594497,0.3,5.4,100.0,96,25.17,62,2405,0x0000000000000000
13:46:52,17019,7508,2223373,4395490,29594497,0.0,5.2,100.0,0,13.43,61,2411,0x0000000000000000
13:46:53,17008,7508,2223420,4395490,29594609,2.0,6.1,100.0,96,52.68,69,2450,0x0000000000000000
13:46:54,17020,7508,2223420,4395490,29594658,1.1,6.0,100.0,96,60.88,70,2450,0x0000000000000000
13:46:55,17020,7508,2223420,4395490,29594658,0.0,5.4,100.0,96,63.28,70,2450,0x0000000000000000
13:46:56,16717,7508,2223420,4395490,29595259,94.4,6.7,100.0,96,49.99,64,2483,0x0000000000000000
13:46:57,16315,7508,2223420,4395490,29596134,3.4,6.3,100.0,96,38.76,69,2450,0x0000000000000000
13:46:58,16333,7508,2223420,4395490,29596134,0.0,5.3,100.0,96,63.15,71,2444,0x0000000000000000
13:46:59,16441,7508,2223420,4395490,29597383,102.1,9.0,100.0,96,34.15,63,2489,0x0000000000000000
13:47:00,16177,7508,2223420,4395490,29598869,5.8,6.6,100.0,96,20.15,63,2502,0x0000000000000000
13:47:01,17053,7508,2223420,4395490,29600326,5.7,6.9,100.0,96,19.82,62,2509,0x0000000000000000
13:47:02,17042,7508,2223420,4395490,29600336,0.0,5.6,100.0,96,60.71,70,2457,0x0000000000000000
13:47:03,17039,7508,2223421,4395490,29600380,0.2,7.3,100.0,95,47.41,65,2489,0x0000000000000000
13:47:04,17023,7508,2223428,4395490,29600778,1.6,6.4,100.0,96,33.82,65,2470,0x0000000000000000
13:47:05,17014,7508,2223447,4395490,29601098,1.2,5.9,100.0,96,33.55,65,2476,0x0000000000000000
13:47:06,17003,7508,2223458,4395490,29601405,1.2,5.5,100.0,96,33.79,65,2470,0x0000000000000000
13:47:07,16991,7508,2223478,4395490,29601861,1.8,6.7,100.0,96,33.01,65,2476,0x0000000000000000
13:47:08,16967,7508,2223490,4395490,29602346,1.9,5.9,100.0,96,33.09,65,2476,0x0000000000000000
13:47:09,16961,7508,2223498,4395490,29602789,1.7,7.8,100.0,96,31.76,65,2476,0x0000000000000000
13:47:10,16959,7508,2223519,4395490,29603223,1.7,5.7,100.0,96,32.50,65,2470,0x0000000000000000
13:47:11,16961,7508,2223540,4395490,29603760,2.1,5.6,100.0,96,32.88,65,2476,0x0000000000000000
13:47:12,16951,7505,2223556,4395490,29604242,1.9,5.7,100.0,96,32.78,65,2476,0x0000000000000000
13:47:13,16942,7505,2223578,4395490,29604711,1.8,5.9,100.0,96,33.26,65,2476,0x0000000000000000
13:47:14,17319,7505,2223584,4395490,29605498,105.5,8.1,100.0,2,24.56,62,2489,0x0000000000000000
13:47:15,16972,7505,2223588,4395490,29606226,2.9,6.2,100.0,96,40.75,69,2450,0x0000000000000000
13:47:16,16971,7505,2223588,4395490,29606226,0.0,5.3,100.0,96,62.79,70,2450,0x0000000000000000
13:47:17,17229,7505,2223588,4395490,29606302,5.3,5.8,94.1,0,41.41,65,2483,0x0000000000000000
13:47:18,17217,7505,2223598,4395490,29606678,1.5,5.5,100.0,96,33.60,65,2476,0x0000000000000000
13:47:19,17350,7505,2223611,4395490,29607034,1.4,6.0,100.0,96,33.76,65,2470,0x0000000000000000
13:47:20,17327,7505,2223621,4395490,29607483,1.8,5.6,100.0,96,33.72,65,2470,0x0000000000000000
13:47:21,17311,7505,2223632,4395490,29607986,2.0,5.6,100.0,96,33.30,64,2476,0x0000000000000000
13:47:22,17296,7505,2223640,4395490,29608464,1.9,5.6,100.0,96,33.07,65,2470,0x0000000000000000
13:47:23,17264,7505,2223647,4395490,29608652,0.7,5.6,100.0,96,27.87,62,2411,0x0000000000000000
13:47:24,17256,7505,2223647,4395490,29608652,0.0,5.5,100.0,0,13.37,61,2411,0x0000000000000000
13:47:25,17256,7505,2223647,4395490,29608652,0.0,5.2,100.0,0,13.26,60,2411,0x0000000000000000
13:47:26,17251,7505,2223647,4395490,29608652,0.0,5.6,100.0,0,29.04,65,2483,0x0000000000000000
13:47:27,17248,7505,2223649,4395490,29608788,0.5,5.5,100.0,96,33.56,64,2470,0x0000000000000000
13:47:28,17242,7505,2223656,4395490,29609075,1.1,5.7,100.0,96,33.53,64,2476,0x0000000000000000
13:47:29,17277,7505,2223659,4395490,29609370,1.2,6.5,100.0,96,33.82,64,2476,0x0000000000000000
13:47:30,17270,7505,2223661,4395490,29609680,1.2,5.5,100.0,96,33.49,64,2470,0x0000000000000000
13:47:31,17249,7505,2223676,4395490,29610138,1.8,5.5,100.0,96,32.94,64,2470,0x0000000000000000
13:47:32,17329,7505,2223678,4395490,29610538,1.9,5.6,100.0,96,37.09,68,2470,0x0000000000000000
13:47:33,17333,7505,2223678,4395490,29610538,0.0,5.3,100.0,96,62.91,71,2457,0x0000000000000000
13:47:34,17315,7505,2223683,4395490,29610868,1.3,6.1,100.0,96,34.08,64,2470,0x0000000000000000
13:47:35,17280,7505,2223693,4395490,29611346,1.9,7.6,100.0,96,31.99,64,2483,0x0000000000000000
13:47:36,17260,7505,2223704,4395490,29611767,1.6,5.5,100.0,96,33.22,64,2470,0x0000000000000000
13:47:37,17246,7505,2223712,4395490,29612261,1.9,6.7,100.0,96,33.11,64,2476,0x0000000000000000
13:47:38,17320,7505,2223724,4395490,29612689,1.7,6.3,100.0,96,33.37,64,2476,0x0000000000000000
13:47:39,17276,7505,2223730,4395490,29613185,1.9,6.0,100.0,96,33.19,64,2476,0x0000000000000000
13:47:40,17266,7505,2223735,4395490,29613595,1.6,5.9,100.0,96,33.12,63,2476,0x0000000000000000
13:47:41,17240,7505,2223749,4395490,29614001,1.6,7.1,100.0,96,32.13,64,2470,0x0000000000000000
13:47:42,17230,7505,2223769,4395490,29614391,1.5,5.6,100.0,96,32.55,64,2470,0x0000000000000000
13:47:43,17226,7505,2223771,4395490,29614524,0.5,5.3,100.0,96,26.21,61,2405,0x0000000000000000
13:47:44,17196,7505,2223771,4395490,29614524,0.0,5.8,99.0,0,13.65,60,2411,0x0000000000000000
13:47:45,17318,7505,2223771,4395490,29614719,2.3,5.9,97.0,96,52.79,68,2470,0x0000000000000000
13:47:46,17307,7505,2223776,4395490,29615235,2.0,5.5,100.0,96,34.85,64,2476,0x0000000000000000
13:47:47,17280,7505,2223786,4395490,29615537,1.2,5.6,100.0,96,34.08,64,2476,0x0000000000000000
13:47:48,17262,7505,2223794,4395490,29616124,2.3,5.6,100.0,96,33.26,64,2476,0x0000000000000000
13:47:49,17237,7505,2223804,4395490,29616868,3.0,5.9,100.0,96,32.96,64,2476,0x0000000000000000
13:47:50,17203,7505,2223806,4395490,29617193,1.3,5.8,100.0,96,33.27,64,2489,0x0000000000000000
13:47:51,17187,7505,2223817,4395490,29617739,2.1,5.4,100.0,96,33.12,63,2476,0x0000000000000000
13:47:52,17177,7505,2223821,4395490,29618318,2.3,5.4,100.0,96,33.14,64,2476,0x0000000000000000
13:47:53,17316,7505,2223827,4395490,29618840,2.0,6.2,100.0,96,33.03,63,2476,0x0000000000000000
13:47:54,17290,7505,2223836,4395490,29619453,2.4,6.0,100.0,96,31.28,64,2496,0x0000000000000000
13:47:55,17279,7505,2223846,4395490,29619845,1.5,5.4,100.0,96,32.34,63,2483,0x0000000000000000
13:47:56,17226,7505,2223853,4395490,29620161,1.2,5.6,100.0,96,28.91,61,2444,0x0000000000000000
13:47:57,17296,7505,2223853,4395490,29620341,7.4,6.0,97.0,96,48.93,63,2437,0x0000000000000000
13:47:58,17244,7505,2223853,4395490,29620341,0.0,5.5,83.2,96,52.86,64,2444,0x0000000000000000
13:47:59,17233,7505,2223856,4395490,29620513,0.7,5.9,100.0,96,35.20,64,2476,0x0000000000000000
13:48:00,17212,7505,2223868,4395490,29621008,1.9,5.8,100.0,96,33.12,64,2476,0x0000000000000000
13:48:01,17320,7505,2223873,4395490,29621639,2.5,6.1,100.0,96,32.30,64,2489,0x0000000000000000
13:48:02,17305,7505,2223891,4395490,29622143,2.0,5.6,100.0,96,33.54,64,2483,0x0000000000000000
13:48:03,17284,7505,2223900,4395490,29622491,1.4,5.7,100.0,96,34.21,64,2483,0x0000000000000000
13:48:04,17260,7505,2223913,4395490,29623154,2.6,6.0,100.0,96,31.52,63,2489,0x0000000000000000
13:48:05,17245,7505,2223935,4395490,29623643,1.9,5.5,100.0,96,34.10,63,2483,0x0000000000000000
13:48:06,17215,7505,2223947,4395490,29624141,1.9,5.8,100.0,96,33.02,64,2483,0x0000000000000000
13:48:07,17200,7505,2223965,4395490,29624687,2.1,5.6,100.0,96,31.82,64,2483,0x0000000000000000
13:48:08,17192,7505,2224009,4395490,29625207,2.2,7.0,100.0,96,33.00,63,2489,0x0000000000000000
13:48:09,17300,7505,2224013,4395490,29625733,2.1,6.4,100.0,96,32.39,64,2489,0x0000000000000000
13:48:10,17281,7505,2224079,4395490,29626349,3.0,5.8,100.0,96,32.15,64,2483,0x0000000000000000
13:48:11,17281,7498,2227408,4395490,29629000,23.3,6.4,100.0,96,31.36,63,2489,0x0000000000000000
13:48:12,17249,7498,2227414,4395490,29629333,1.3,7.2,100.0,96,31.65,62,2476,0x0000000000000000
13:48:13,17318,7498,2227441,4395490,29629360,0.6,5.3,100.0,0,13.11,60,2411,0x0000000000000000
13:48:14,17297,7498,2227442,4395490,29629362,0.1,5.5,100.0,0,12.94,59,2411,0x0000000000000000
13:48:15,17130,7498,2227457,4395490,29629764,17.3,6.0,100.0,96,33.41,64,2476,0x0000000000000000
13:48:16,17122,7498,2227463,4395490,29630017,1.0,5.5,100.0,96,33.75,63,2489,0x0000000000000000
13:48:17,17123,7498,2227467,4395490,29630066,0.3,5.9,100.0,96,41.82,65,2483,0x0000000000000000
13:48:18,17116,7498,2227469,4395490,29630275,0.8,5.4,100.0,96,34.08,63,2476,0x0000000000000000
13:48:19,17103,7498,2227474,4395490,29630311,0.4,5.9,100.0,96,40.82,67,2476,0x0000000000000000
13:48:20,17300,7498,2227506,4395490,29630498,1.1,5.9,100.0,96,35.51,64,2470,0x0000000000000000
13:48:21,17287,7498,2227506,4395490,29630605,0.4,5.6,100.0,96,36.81,65,2476,0x0000000000000000
13:48:22,17281,7498,2227508,4395490,29630652,0.2,5.5,100.0,96,36.18,64,2470,0x0000000000000000
13:48:23,17277,7498,2227508,4395490,29630791,0.5,5.6,100.0,96,37.24,64,2483,0x0000000000000000
13:48:24,17249,7498,2227565,4395490,29630848,0.5,5.9,100.0,96,35.19,64,2470,0x0000000000000000
13:48:25,17240,7498,2227566,4395490,29630972,0.5,6.1,100.0,93,37.60,63,2476,0x0000000000000000
13:48:26,17229,7498,2227567,4395490,29631088,0.5,5.5,100.0,96,34.42,64,2470,0x0000000000000000
13:48:27,17227,7498,2227569,4395490,29631175,0.3,5.6,100.0,91,37.95,64,2476,0x0000000000000000
13:48:28,17224,7498,2227573,4395490,29631285,0.4,5.4,100.0,96,34.75,64,2470,0x0000000000000000
13:48:29,17220,7498,2227575,4395490,29631369,0.3,5.8,100.0,96,37.76,64,2476,0x0000000000000000
13:48:30,17225,7498,2227576,4395490,29631447,0.3,5.9,100.0,96,37.97,65,2483,0x0000000000000000
13:48:31,17227,7498,2227578,4395490,29631473,0.1,5.4,100.0,96,35.33,64,2470,0x0000000000000000
13:48:32,17221,7498,2227579,4395490,29631671,0.8,5.5,100.0,96,37.15,64,2476,0x0000000000000000
13:48:33,17324,7498,2227583,4395490,29631783,0.6,5.8,100.0,96,35.03,64,2470,0x0000000000000000
13:48:34,17280,7498,2227586,4395490,29631863,0.4,6.1,100.0,96,38.40,64,2470,0x0000000000000000
13:48:35,17269,7498,2227586,4395490,29631925,0.2,5.7,100.0,96,35.49,64,2470,0x0000000000000000
13:48:36,17258,7498,2227589,4395490,29631989,0.2,5.5,100.0,96,38.02,64,2470,0x0000000000000000
13:48:37,17256,7498,2227589,4395490,29632070,0.3,5.4,100.0,96,36.01,63,2476,0x0000000000000000
13:48:38,17255,7498,2227589,4395490,29632102,0.1,6.8,100.0,96,37.11,64,2470,0x0000000000000000
13:48:39,17247,7498,2227589,4395490,29632220,0.5,5.9,100.0,96,37.90,65,2483,0x0000000000000000
13:48:40,17236,7498,2227594,4395490,29632254,0.1,5.6,100.0,96,35.19,64,2470,0x0000000000000000
13:48:41,17224,7498,2227594,4395490,29632391,0.5,5.6,100.0,96,37.04,64,2470,0x0000000000000000
13:48:42,17216,7498,2227598,4395490,29632704,1.2,5.7,100.0,96,33.81,64,2476,0x0000000000000000
13:48:43,17218,7498,2227604,4395490,29632978,1.1,6.2,100.0,96,33.24,64,2470,0x0000000000000000
13:48:44,17332,7498,2227604,4395490,29633096,0.5,6.0,100.0,96,37.81,65,2483,0x0000000000000000
13:48:45,17318,7498,2227609,4395490,29633134,0.1,5.7,100.0,96,35.35,64,2470,0x0000000000000000
13:48:46,17313,7498,2227609,4395490,29633223,0.3,5.6,100.0,96,37.84,64,2476,0x0000000000000000
13:48:47,17305,7498,2227614,4395490,29633513,1.1,5.6,100.0,96,32.83,64,2476,0x0000000000000000
13:48:48,17302,7498,2227614,4395490,29633581,0.3,5.7,100.0,96,34.90,64,2470,0x0000000000000000
13:48:49,17296,7498,2227616,4395490,29633630,0.2,5.8,100.0,96,38.15,64,2470,0x0000000000000000
13:48:50,17295,7498,2227616,4395490,29633846,0.8,6.0,100.0,96,37.39,65,2476,0x0000000000000000
13:48:52,17293,7498,2227617,4395490,29633910,0.2,5.4,100.0,96,34.81,63,2470,0x0000000000000000
13:48:53,17292,7498,2227622,4395490,29634008,0.4,5.4,100.0,92,37.97,64,2470,0x0000000000000000
13:48:54,17269,7498,2227622,4395490,29634055,0.2,5.7,100.0,96,35.21,64,2470,0x0000000000000000
13:48:55,17272,7498,2227623,4395490,29634124,0.3,6.1,100.0,96,38.23,64,2476,0x0000000000000000
13:48:56,17249,7498,2227625,4395490,29634254,0.5,5.7,100.0,96,37.88,65,2476,0x0000000000000000
13:48:57,17247,7498,2227626,4395490,29634289,0.1,5.5,100.0,96,35.33,64,2470,0x0000000000000000
13:48:58,17246,7498,2227626,4395490,29634402,0.4,5.5,100.0,96,37.23,64,2476,0x0000000000000000
13:48:59,17247,7498,2227629,4395490,29634424,0.1,5.9,100.0,96,35.48,64,2470,0x0000000000000000
13:49:00,17316,7498,2227632,4395490,29634513,0.4,5.9,100.0,96,37.48,64,2476,0x0000000000000000
13:49:01,17288,7498,2227632,4395490,29634520,0.0,5.5,100.0,96,35.53,64,2470,0x0000000000000000
13:49:02,17267,7498,2227634,4395490,29634622,0.4,5.7,100.0,92,37.74,64,2470,0x0000000000000000
13:49:03,17265,7498,2227634,4395490,29634669,0.2,5.4,100.0,96,35.28,64,2470,0x0000000000000000
13:49:04,17260,7498,2227639,4395490,29634816,0.6,5.5,100.0,95,37.40,64,2470,0x0000000000000000
13:49:05,17254,7498,2227639,4395490,29634925,0.4,5.9,100.0,96,35.28,64,2470,0x0000000000000000
13:49:06,17251,7498,2227644,4395490,29634956,0.4,5.8,100.0,96,38.00,64,2470,0x0000000000000000
13:49:07,17248,7498,2227644,4395490,29635042,0.3,6.0,100.0,96,37.25,66,2476,0x0000000000000000
13:49:08,17249,7498,2227649,4395490,29635070,0.1,5.5,100.0,96,36.28,64,2470,0x0000000000000000
13:49:09,17248,7498,2227649,4395490,29635172,0.4,6.5,99.0,96,37.42,65,2476,0x0000000000000000
13:49:10,17242,7498,2227652,4395490,29635224,0.2,6.0,100.0,96,35.63,64,2470,0x0000000000000000
13:49:11,17242,7498,2227654,4395490,29635346,0.5,5.7,100.0,96,37.33,64,2476,0x0000000000000000
13:49:12,17241,7498,2227658,4395490,29635400,0.2,5.6,100.0,96,35.01,64,2470,0x0000000000000000
13:49:13,17243,7498,2227658,4395490,29635406,0.0,5.3,100.0,53,22.08,60,2411,0x0000000000000000
13:49:14,17244,7498,2227658,4395490,29635406,0.0,5.1,100.0,0,13.08,60,2411,0x0000000000000000
13:49:15,17334,7498,2227658,4395490,29635406,0.0,5.9,100.0,0,12.97,59,2411,0x0000000000000000
13:49:16,17302,7498,2227678,4395490,29635695,1.2,5.8,100.0,0,13.69,60,2411,0x0000000000000000
13:49:17,17240,7498,2227864,4395490,29636131,2.1,8.1,100.0,94,35.74,63,2483,0x0000000000000000
13:49:18,17232,7498,2227897,4395490,29636316,0.8,7.6,100.0,96,34.32,63,2470,0x0000000000000000
13:49:19,17220,7498,2227931,4395490,29636662,1.4,6.3,100.0,96,32.13,63,2470,0x0000000000000000
13:49:20,17261,7498,2227998,4395490,29637179,2.6,7.6,100.0,96,31.83,63,2476,0x0000000000000000
13:49:21,17245,7498,2228014,4395490,29637699,2.0,5.8,100.0,96,31.58,63,2476,0x0000000000000000
13:49:22,17235,7498,2228033,4395490,29638053,1.5,5.7,100.0,96,32.33,62,2476,0x0000000000000000
13:49:23,17225,7498,2228045,4395490,29638393,1.3,5.8,100.0,96,31.94,62,2483,0x0000000000000000
13:49:24,17215,7498,2228046,4395490,29638746,1.4,5.4,100.0,96,30.91,63,2483,0x0000000000000000
13:49:25,17190,7498,2228056,4395490,29639046,1.2,6.0,100.0,96,32.02,62,2489,0x0000000000000000
13:49:26,17178,7498,2228062,4395490,29639446,1.6,5.6,100.0,96,31.87,62,2483,0x0000000000000000
13:49:27,17167,7498,2228068,4395490,29639925,1.9,5.5,100.0,96,30.70,62,2483,0x0000000000000000
13:49:28,17159,7498,2228073,4395490,29640343,1.6,5.5,100.0,96,31.64,63,2496,0x0000000000000000
13:49:29,17149,7498,2228081,4395490,29640806,1.8,5.6,100.0,96,31.40,63,2496,0x0000000000000000
13:49:30,17297,7498,2228085,4395490,29641308,2.0,5.9,100.0,96,31.39,61,2483,0x0000000000000000
13:49:31,17280,7498,2228112,4395490,29641812,2.0,6.2,100.0,96,31.73,63,2483,0x0000000000000000
13:49:32,17246,7498,2228137,4395490,29642250,1.7,5.7,100.0,96,31.97,63,2496,0x0000000000000000
13:49:33,17251,7498,2228144,4395490,29642627,1.5,5.4,100.0,96,31.79,63,2483,0x0000000000000000
13:49:34,17236,7498,2228160,4395490,29643163,2.1,5.4,100.0,96,31.90,62,2489,0x0000000000000000
13:49:35,17211,7498,2228167,4395490,29643620,1.8,5.9,100.0,96,30.85,63,2496,0x0000000000000000
13:49:36,17197,7498,2228176,4395490,29644091,1.8,5.5,100.0,96,31.84,62,2489,0x0000000000000000
13:49:37,17185,7498,2228192,4395490,29644494,1.6,5.6,100.0,96,30.97,63,2496,0x0000000000000000
13:49:38,17173,7498,2228203,4395490,29644961,1.8,5.4,100.0,96,31.16,61,2489,0x0000000000000000
13:49:39,17137,7498,2228215,4395490,29645366,1.7,6.9,100.0,96,31.34,63,2496,0x0000000000000000
13:49:40,17248,7498,2228218,4395490,29645751,1.6,6.7,100.0,96,32.16,62,2489,0x0000000000000000
13:49:41,17244,7498,2228218,4395490,29645854,0.4,5.5,100.0,96,37.33,63,2470,0x0000000000000000
13:49:42,17245,7498,2228218,4395490,29645927,0.3,5.5,100.0,96,35.00,63,2470,0x0000000000000000
13:49:43,17237,7498,2228220,4395490,29646180,1.0,5.8,100.0,96,32.51,63,2483,0x0000000000000000
13:49:44,17220,7498,2228222,4395490,29646460,1.1,5.5,100.0,96,33.10,63,2489,0x0000000000000000
13:49:45,17207,7498,2228234,4395490,29646816,1.4,5.9,100.0,96,32.28,63,2496,0x0000000000000000
13:49:46,17200,7498,2228238,4395490,29647109,1.1,6.7,100.0,96,33.12,63,2483,0x0000000000000000
13:49:47,17195,7498,2228276,4395490,29647480,1.6,6.3,100.0,96,33.31,63,2483,0x0000000000000000
13:49:48,17186,7498,2228280,4395490,29647898,1.6,5.6,100.0,96,31.94,62,2483,0x0000000000000000
13:49:49,17174,7498,2228290,4395490,29648323,1.7,5.5,100.0,96,33.06,62,2496,0x0000000000000000
13:49:50,17157,7498,2228296,4395490,29648679,1.4,5.8,100.0,96,33.31,62,2496,0x0000000000000000
13:49:51,17313,7498,2228301,4395490,29649080,1.6,6.7,100.0,96,31.02,62,2502,0x0000000000000000
13:49:52,17299,7498,2228309,4395490,29649523,1.7,5.5,100.0,96,32.02,63,2489,0x0000000000000000
13:49:53,17286,7498,2228322,4395490,29650008,1.9,5.6,100.0,96,32.47,63,2496,0x0000000000000000
13:49:54,17272,7498,2228332,4395490,29650442,1.7,5.5,100.0,96,31.79,63,2496,0x0000000000000000
13:49:55,17246,7498,2228332,4395490,29650748,1.2,5.9,100.0,96,32.74,63,2489,0x0000000000000000
13:49:56,17228,7498,2228346,4395490,29651300,2.2,5.5,100.0,96,32.27,63,2496,0x0000000000000000
13:49:57,17216,7498,2228356,4395490,29651733,1.7,5.5,100.0,96,32.39,63,2483,0x0000000000000000
13:49:58,17203,7498,2228367,4395490,29652181,1.8,5.4,100.0,96,32.87,63,2496,0x0000000000000000
13:49:59,17190,7498,2228374,4395490,29652681,2.0,5.5,100.0,96,32.33,63,2496,0x0000000000000000
13:50:00,17175,7498,2228386,4395490,29653202,2.0,5.9,100.0,96,32.67,62,2489,0x0000000000000000
13:50:01,17320,7498,2228390,4395490,29653693,1.9,5.5,100.0,96,32.74,62,2496,0x0000000000000000
13:50:02,17265,7498,2228393,4395490,29654182,1.9,5.6,100.0,96,32.73,62,2496,0x0000000000000000
13:50:03,17266,7498,2228398,4395490,29654446,1.0,5.9,100.0,96,37.25,63,2476,0x0000000000000000
13:50:04,17266,7498,2228398,4395490,29654447,0.0,5.3,100.0,96,35.44,63,2470,0x0000000000000000
13:50:05,17251,7498,2228398,4395490,29654645,0.8,5.9,100.0,96,33.82,63,2470,0x0000000000000000
13:50:06,17227,7498,2228398,4395490,29654948,1.2,5.5,100.0,96,32.98,63,2476,0x0000000000000000
13:50:07,17230,7498,2228409,4395490,29655255,1.2,5.7,100.0,96,33.30,63,2489,0x0000000000000000
13:50:08,17221,7498,2228414,4395490,29655636,1.5,5.4,100.0,96,33.14,63,2489,0x0000000000000000
13:50:09,17211,7498,2228422,4395490,29656083,1.7,5.6,100.0,96,32.64,63,2496,0x0000000000000000
13:50:10,17197,7498,2228425,4395490,29656345,1.0,7.2,100.0,96,33.64,62,2476,0x0000000000000000
13:50:11,17196,7498,2228427,4395490,29656543,0.8,5.8,100.0,96,33.63,63,2470,0x0000000000000000
13:50:12,17191,7498,2228427,4395490,29656951,1.6,5.8,100.0,96,32.37,63,2496,0x0000000000000000
13:50:13,17182,7498,2228434,4395490,29657349,1.6,5.6,100.0,96,33.00,63,2483,0x0000000000000000
13:50:14,17316,7498,2228436,4395490,29657596,1.0,5.6,100.0,96,33.32,63,2496,0x0000000000000000
13:50:15,17321,7498,2228438,4395490,29658006,1.6,6.1,100.0,96,32.56,63,2496,0x0000000000000000
13:50:16,17310,7498,2228444,4395490,29658403,1.6,5.6,100.0,96,32.93,63,2489,0x0000000000000000
13:50:17,17290,7498,2228451,4395490,29658838,1.7,5.6,100.0,96,32.10,62,2496,0x0000000000000000
13:50:18,17276,7497,2228460,4395490,29659417,2.3,5.5,100.0,96,31.50,62,2496,0x0000000000000000
13:50:19,17250,7497,2228465,4395490,29659887,1.8,5.7,100.0,96,32.90,63,2496,0x0000000000000000
13:50:20,17230,7497,2228469,4395490,29660289,1.6,6.0,100.0,96,31.80,61,2496,0x0000000000000000
13:50:21,17319,7497,2228476,4395490,29660748,1.8,5.5,100.0,96,31.71,61,2489,0x0000000000000000
13:50:22,17297,7497,2228512,4395490,29661264,2.3,6.7,100.0,96,31.55,62,2502,0x0000000000000000
13:50:23,17287,7497,2228517,4395490,29661605,1.3,5.6,100.0,96,32.15,62,2496,0x0000000000000000
13:50:24,17265,7497,2228522,4395490,29662094,1.9,5.5,100.0,96,31.80,62,2496,0x0000000000000000
13:50:25,17234,7497,2228528,4395490,29662534,1.7,6.0,100.0,96,32.08,62,2489,0x0000000000000000
13:50:26,16813,7497,2228529,4395490,29663252,99.8,7.7,100.0,47,25.07,60,2509,0x0000000000000000
13:50:27,17046,7497,2228529,4395490,29664049,3.1,8.7,100.0,96,20.39,62,2509,0x0000000000000000
13:50:28,17048,7497,2228529,4395490,29664049,0.0,5.6,100.0,96,60.10,67,2450,0x0000000000000000
13:50:29,17259,7497,2228529,4395490,29664257,5.1,5.5,100.0,96,54.10,66,2470,0x0000000000000000
13:50:30,17252,7497,2228529,4395490,29664257,0.0,5.8,100.0,96,62.40,69,2457,0x0000000000000000
13:50:31,17296,7497,2228529,4395490,29664316,1.7,5.4,100.0,96,57.86,69,2450,0x0000000000000000
13:50:32,17295,7497,2228530,4395490,29664317,0.0,5.4,100.0,96,62.78,68,2450,0x0000000000000000
13:50:33,17279,7497,2228530,4395490,29664564,4.8,5.4,100.0,72,54.54,68,2457,0x0000000000000000
13:50:34,17282,7497,2228530,4395490,29664564,0.0,5.3,100.0,96,62.70,68,2450,0x0000000000000000
13:50:35,17252,7497,2228531,4395490,29664615,4.5,6.4,100.0,66,57.65,69,2450,0x0000000000000000
13:50:36,17252,7497,2228535,4395490,29664616,0.0,5.3,100.0,96,62.27,68,2457,0x0000000000000000
13:50:37,17158,7497,2228535,4395490,29664653,7.5,5.7,100.0,96,58.81,71,2450,0x0000000000000000
13:50:38,17165,7497,2228535,4395490,29664653,0.0,5.3,100.0,96,62.57,68,2450,0x0000000000000000
13:50:39,17098,7497,2228535,4395490,29664695,5.1,5.6,100.0,96,58.98,69,2450,0x0000000000000000
13:50:40,17065,7497,2228535,4395490,29664716,2.6,7.3,100.0,96,62.40,69,2450,0x0000000000000000
13:50:41,17073,7497,2228535,4395490,29664716,0.0,5.3,100.0,96,58.76,67,2470,0x0000000000000000
13:50:42,17076,7497,2228536,4395490,29664864,0.6,5.5,100.0,96,33.91,63,2470,0x0000000000000000
13:50:43,17077,7497,2228543,4395490,29665085,0.9,5.6,100.0,96,33.79,64,2476,0x0000000000000000
13:50:44,17074,7497,2228547,4395490,29665470,1.5,5.6,100.0,96,33.15,64,2476,0x0000000000000000
13:50:45,17050,7497,2228549,4395490,29665717,1.1,6.3,100.0,96,33.99,64,2470,0x0000000000000000
13:50:46,17046,7497,2228560,4395490,29666195,1.9,5.5,100.0,96,32.37,64,2476,0x0000000000000000
13:50:47,17046,7497,2228570,4395490,29666479,1.1,5.5,100.0,96,32.94,63,2476,0x0000000000000000
13:50:48,17035,7497,2228577,4395490,29666865,1.5,5.5,100.0,96,33.23,64,2470,0x0000000000000000
13:50:49,17038,7497,2228582,4395490,29667170,1.2,5.5,100.0,96,33.45,63,2476,0x0000000000000000
13:50:50,17034,7497,2228602,4395490,29667642,1.9,6.1,100.0,96,33.51,63,2476,0x0000000000000000
13:50:51,17036,7497,2228616,4395490,29668109,1.8,5.5,100.0,96,32.45,63,2470,0x0000000000000000
13:50:52,17037,7497,2228619,4395490,29668554,1.7,6.0,100.0,96,31.67,63,2476,0x0000000000000000
13:50:53,17034,7497,2228670,4395490,29668930,2.0,6.5,100.0,86,35.38,64,2476,0x0000000000000000
13:50:54,17039,7497,2228673,4395490,29669178,1.0,5.5,100.0,96,33.42,64,2470,0x0000000000000000
13:50:55,17045,7497,2228686,4395490,29669313,0.5,5.9,100.0,96,34.29,64,2470,0x0000000000000000
13:50:56,17045,7497,2228690,4395490,29669480,0.7,5.5,100.0,96,33.35,64,2470,0x0000000000000000
13:50:57,17053,7497,2228693,4395490,29669622,0.6,5.5,100.0,96,33.80,64,2470,0x0000000000000000
13:50:58,17059,7497,2228698,4395490,29669835,0.8,5.4,100.0,96,33.32,63,2470,0x0000000000000000
13:50:59,17068,7497,2228703,4395490,29669955,0.5,7.9,100.0,96,33.60,63,2489,0x0000000000000000
13:51:00,17064,7497,2228720,4395490,29670193,0.9,6.2,100.0,96,33.74,64,2470,0x0000000000000000
13:51:01,17304,7497,2229146,4395490,29670420,2.3,6.9,100.0,96,29.40,61,2463,0x0000000000000000
13:51:02,17300,7497,2229146,4395490,29670427,0.2,5.5,100.0,96,55.69,68,2450,0x0000000000000000
13:51:03,17297,7497,2229146,4395490,29670428,0.3,5.5,100.0,96,60.26,68,2457,0x0000000000000000
13:51:04,17296,7497,2229146,4395490,29670429,0.1,5.4,100.0,96,62.51,70,2450,0x0000000000000000
13:51:05,17298,7497,2229146,4395490,29670430,0.4,6.5,100.0,96,60.07,71,2457,0x0000000000000000
13:51:06,17297,7497,2229146,4395490,29670430,0.0,5.3,100.0,96,62.73,69,2457,0x0000000000000000
13:51:07,17257,7497,2229152,4395490,29670436,0.5,6.1,100.0,71,60.66,71,2450,0x0000000000000000
13:51:08,17257,7497,2229152,4395490,29670436,0.0,5.7,100.0,96,63.38,69,2450,0x0000000000000000
13:51:09,17261,7497,2229153,4395490,29670499,3.4,5.6,100.0,96,60.29,71,2444,0x0000000000000000
13:51:10,17255,7497,2229153,4395490,29670499,0.0,8.3,100.0,96,59.18,72,2450,0x0000000000000000
13:51:11,17303,7497,2229153,4395490,29670529,4.5,5.6,100.0,96,59.39,70,2457,0x0000000000000000
13:51:12,17286,7497,2229153,4395490,29670554,3.9,5.6,100.0,96,62.95,70,2450,0x0000000000000000
13:51:13,17248,7497,2229153,4395490,29670586,0.1,5.5,100.0,96,59.12,70,2450,0x0000000000000000
13:51:14,17331,7497,2229153,4395490,29670637,3.1,5.7,100.0,96,59.81,69,2450,0x0000000000000000
13:51:15,17324,7497,2229154,4395490,29670638,0.0,5.8,100.0,96,62.81,70,2450,0x0000000000000000
13:51:16,17281,7497,2229154,4395490,29670659,2.6,6.1,100.0,96,60.56,70,2463,0x0000000000000000
13:51:17,17289,7497,2229154,4395490,29670659,0.0,5.3,100.0,96,62.63,71,2450,0x0000000000000000
13:51:18,17150,7497,2229154,4395490,29671552,21.9,6.1,100.0,96,45.82,64,2483,0x0000000000000000
13:51:19,17064,7497,2229154,4395490,29671723,0.7,5.6,100.0,96,55.44,70,2450,0x0000000000000000
13:51:20,17053,7497,2229155,4395490,29671862,109.1,6.2,100.0,96,61.49,67,2444,0x0000000000000000
13:51:21,16557,7497,2229164,4395490,29673009,4.5,7.6,100.0,96,20.12,63,2489,0x0000000000000000
13:51:22,17101,7497,2229165,4395490,29673299,1.1,8.4,100.0,96,40.80,68,2457,0x0000000000000000
13:51:23,17113,7497,2229165,4395490,29673299,0.0,8.3,100.0,96,55.65,69,2450,0x0000000000000000
13:51:24,16996,7497,2229165,4395490,29673908,110.3,6.5,100.0,95,41.40,63,2489,0x0000000000000000
13:51:25,16453,7497,2229169,4395490,29675732,7.2,7.4,100.0,96,20.04,62,2489,0x0000000000000000
13:51:26,16472,7497,2229169,4395490,29675823,0.4,5.4,100.0,96,58.46,70,2450,0x0000000000000000
13:51:27,16622,7497,2229169,4395490,29676054,116.6,6.4,100.0,96,58.58,66,2457,0x0000000000000000
13:51:28,16338,7497,2229169,4395490,29678198,8.4,7.2,100.0,96,19.93,63,2489,0x0000000000000000
13:51:29,16342,7497,2229170,4395490,29678903,2.9,6.4,100.0,96,41.36,69,2457,0x0000000000000000
13:51:30,16349,7497,2229170,4395490,29678903,0.0,5.6,100.0,96,62.08,70,2450,0x0000000000000000
13:51:31,16392,7497,2229170,4395490,29680080,88.6,8.0,100.0,96,34.35,63,2489,0x0000000000000000
13:51:32,17134,7497,2229170,4395490,29681266,4.6,8.1,100.0,96,26.32,67,2489,0x0000000000000000
13:51:33,17141,7497,2229170,4395490,29681266,0.0,7.4,100.0,96,56.11,69,2457,0x0000000000000000
13:51:34,16927,7497,2229170,4395490,29681610,79.3,6.4,100.0,96,56.25,65,2457,0x0000000000000000
13:51:35,16433,7497,2229170,4395490,29683381,6.9,6.7,100.0,96,26.22,67,2489,0x0000000000000000
13:51:36,16449,7497,2229170,4395490,29683381,0.0,5.3,100.0,96,61.78,70,2457,0x0000000000000000
13:51:37,17345,7497,2229170,4395490,29683806,78.6,6.3,100.0,96,50.39,64,2470,0x0000000000000000
13:51:38,16854,7497,2229170,4395490,29685428,6.3,6.6,100.0,96,21.54,62,2489,0x0000000000000000
13:51:39,16854,7497,2229170,4395490,29685428,0.0,5.7,100.0,96,61.78,70,2450,0x0000000000000000
13:51:40,16660,7497,2229170,4395490,29685920,44.8,7.5,100.0,96,54.61,65,2457,0x0000000000000000
13:51:41,16577,7497,2229170,4395490,29686616,2.7,5.9,100.0,96,41.92,70,2457,0x0000000000000000
13:51:42,16577,7497,2229170,4395490,29686616,0.0,5.4,100.0,96,62.37,71,2450,0x0000000000000000
13:51:43,17011,7497,2229170,4395490,29687842,46.5,6.8,100.0,86,34.85,63,2489,0x0000000000000000
13:51:44,17010,7497,2229170,4395490,29687842,0.0,5.4,100.0,96,60.88,70,2450,0x0000000000000000
13:51:45,17410,7497,2229170,4395490,29688069,110.5,6.2,100.0,96,57.58,66,2450,0x0000000000000000
13:51:46,16737,7497,2229170,4395490,29689425,5.3,7.1,100.0,96,19.99,63,2489,0x0000000000000000
13:51:47,16646,7497,2229170,4395490,29690422,3.9,6.2,100.0,96,34.14,69,2470,0x0000000000000000
13:51:48,16646,7497,2229170,4395490,29690422,0.0,5.7,100.0,96,61.65,70,2450,0x0000000000000000
13:51:49,16611,7497,2229170,4395490,29691526,29.8,6.0,100.0,96,43.03,63,2489,0x0000000000000000
13:51:50,16831,7499,2229371,4407242,29691875,1.8,7.9,96.0,96,49.48,69,2476,0x0000000000000000
13:51:51,16829,7499,2229820,4407242,29692344,2.0,5.5,90.7,96,39.42,64,2476,0x0000000000000000
13:51:52,16832,7499,2229829,4407242,29692515,0.7,5.5,99.0,96,34.24,64,2476,0x0000000000000000
13:51:53,16836,7499,2229833,4407242,29692655,0.5,5.4,99.0,96,34.53,65,2476,0x0000000000000000
13:51:54,16839,7499,2229835,4407242,29693114,1.8,5.5,100.0,96,32.19,65,2476,0x0000000000000000
13:51:55,16834,7499,2229840,4407242,29693752,2.5,5.8,100.0,96,31.42,63,2476,0x0000000000000000
13:51:56,16831,7499,2229854,4407242,29694154,1.6,5.6,100.0,96,33.19,64,2470,0x0000000000000000
13:51:57,16827,7499,2229859,4407242,29694564,1.6,5.7,100.0,96,32.46,64,2476,0x0000000000000000
13:51:58,16824,7499,2229871,4407242,29694943,1.5,5.5,100.0,96,32.36,64,2476,0x0000000000000000
13:51:59,16818,7499,2229882,4407242,29695418,1.9,5.5,100.0,96,31.96,64,2476,0x0000000000000000
13:52:00,16817,7499,2229889,4407242,29695941,2.0,5.9,100.0,96,31.33,64,2476,0x0000000000000000
13:52:01,16809,7499,2230085,4407242,29696250,1.7,6.9,98.0,96,30.57,62,2476,0x0000000000000000
13:52:02,16815,7499,2230127,4407242,29696520,1.1,5.4,98.0,96,34.87,64,2476,0x0000000000000000
13:52:03,16816,7499,2230136,4407242,29696887,1.4,5.5,100.0,96,32.62,64,2476,0x0000000000000000
13:52:04,16819,7499,2230142,4407242,29697195,1.2,5.7,100.0,96,33.26,64,2476,0x0000000000000000
13:52:05,16823,7499,2230142,4407242,29697381,0.7,5.9,100.0,96,33.95,64,2470,0x0000000000000000
13:52:06,16827,7499,2230146,4407242,29697611,0.9,5.5,100.0,96,33.71,64,2476,0x0000000000000000
13:52:07,16835,7499,2230149,4407242,29697940,1.3,5.5,100.0,96,32.81,64,2470,0x0000000000000000
13:52:08,16840,7499,2230153,4407242,29698089,0.6,5.5,100.0,96,33.54,64,2470,0x0000000000000000
13:52:09,16844,7499,2230158,4407242,29698267,0.7,5.4,100.0,96,33.55,63,2476,0x0000000000000000
13:52:10,17463,7499,2236420,4407242,29699485,24.6,7.7,83.0,0,18.92,61,2411,0x0000000000000000
13:52:11,17420,7499,2237342,4407242,29699964,3.8,7.2,71.3,0,16.62,60,2437,0x0000000000000000
13:52:12,17365,7499,2237450,4407242,29700955,11.5,6.6,99.0,96,35.33,68,2476,0x0000000000000000
13:52:13,17364,7499,2237450,4407242,29700955,0.0,5.5,100.0,96,61.95,68,2450,0x0000000000000000
13:52:14,17412,7499,2237453,4407242,29701418,6.1,5.6,98.0,67,54.18,68,2450,0x0000000000000000
13:52:15,17474,7499,2237455,4407242,29701419,0.0,5.8,99.0,96,62.77,70,2450,0x0000000000000000
13:52:16,17438,7499,2237458,4407242,29701497,3.0,5.4,98.0,96,59.24,70,2450,0x0000000000000000
13:52:17,17433,7499,2237461,4407242,29701500,0.0,5.6,98.0,96,62.77,72,2450,0x0000000000000000
13:52:18,17441,7499,2237462,4407242,29701577,2.2,5.5,99.0,96,58.81,71,2450,0x0000000000000000
13:52:19,17467,7499,2237462,4407242,29701614,0.8,5.6,100.0,96,62.69,68,2450,0x0000000000000000
13:52:20,17461,7499,2237462,4407242,29701953,1.3,5.8,100.0,96,57.07,71,2450,0x0000000000000000
13:52:21,17475,7499,2237462,4407242,29701964,0.2,5.7,100.0,96,61.00,66,2450,0x0000000000000000
13:52:22,17460,7499,2237463,4407242,29701965,0.0,5.5,99.0,96,62.99,72,2450,0x0000000000000000
13:52:23,17468,7499,2237463,4407242,29701985,0.7,5.5,100.0,96,60.95,71,2450,0x0000000000000000
13:52:24,17468,7499,2237464,4407242,29701986,0.0,5.3,100.0,96,62.92,70,2450,0x0000000000000000
13:52:25,17391,7499,2237464,4407242,29702007,2.5,5.9,99.0,96,61.14,70,2470,0x0000000000000000
13:52:26,17484,7499,2237471,4407242,29702301,1.1,5.4,98.0,95,45.95,66,2476,0x0000000000000000
13:52:27,17472,7499,2237481,4407242,29702867,2.2,5.6,100.0,96,32.71,65,2476,0x0000000000000000
13:52:28,17460,7499,2237487,4407242,29703491,2.4,5.4,100.0,96,32.60,65,2476,0x0000000000000000
13:52:29,17450,7499,2237488,4407242,29703848,1.4,5.9,100.0,96,34.01,65,2470,0x0000000000000000
13:52:30,17432,7499,2237494,4407242,29704155,1.2,5.8,100.0,96,34.28,65,2470,0x0000000000000000
13:52:31,17429,7499,2237495,4407242,29704232,0.3,6.0,100.0,96,37.44,66,2470,0x0000000000000000
13:52:32,17421,7499,2237496,4407242,29704451,0.9,5.6,100.0,96,34.62,65,2476,0x0000000000000000
13:52:33,17413,7499,2237558,4407242,29704568,0.7,6.3,100.0,96,37.58,65,2457,0x0000000000000000
13:52:34,17412,7499,2237561,4407242,29704713,0.6,5.4,100.0,96,34.80,65,2476,0x0000000000000000
13:52:35,17406,7499,2237757,4407242,29704770,0.9,6.6,100.0,93,37.50,65,2470,0x0000000000000000
13:52:36,17401,7499,2237764,4407242,29705089,1.2,5.4,100.0,96,34.08,64,2476,0x0000000000000000
13:52:37,17403,7499,2237767,4407242,29705154,0.3,6.0,100.0,96,35.12,65,2476,0x0000000000000000
13:52:38,17397,7499,2237774,4407242,29705170,0.1,5.7,100.0,96,35.95,65,2476,0x0000000000000000
13:52:39,17468,7499,2237780,4407242,29705222,0.3,6.7,100.0,96,46.58,70,2450,0x0000000000000000
13:52:40,17458,7499,2237781,4407242,29705224,0.1,5.8,98.0,96,62.82,69,2450,0x0000000000000000
13:52:41,17470,7499,2237781,4407242,29705243,0.1,6.9,100.0,96,61.04,72,2444,0x0000000000000000
13:52:42,17469,7499,2237783,4407242,29705260,0.1,5.6,99.0,96,60.86,69,2450,0x0000000000000000
13:52:43,17469,7499,2237783,4407242,29705260,0.0,5.4,100.0,96,63.26,70,2444,0x0000000000000000
13:52:44,17466,7499,2237783,4407242,29705285,0.5,5.6,100.0,96,57.37,71,2437,0x0000000000000000
13:52:45,17452,7499,2237784,4407242,29705286,0.0,5.8,99.0,96,63.23,73,2450,0x0000000000000000
13:52:46,17452,7499,2237785,4407242,29705317,1.5,5.4,99.0,96,60.16,70,2450,0x0000000000000000
13:52:47,17449,7499,2237785,4407242,29705317,0.0,5.5,100.0,96,63.16,71,2450,0x0000000000000000
13:52:48,17465,7499,2237786,4407242,29705372,0.5,5.3,99.0,68,60.26,70,2450,0x0000000000000000
13:52:49,17465,7499,2237787,4407242,29705373,0.0,5.3,99.0,96,63.11,72,2444,0x0000000000000000
13:52:50,17415,7499,2237788,4407242,29705549,7.1,5.9,100.0,96,58.60,73,2450,0x0000000000000000
13:52:51,17421,7499,2237791,4407242,29705552,0.0,5.2,98.0,96,63.35,71,2437,0x0000000000000000
13:52:52,17005,7499,2237791,4407242,29707625,117.5,6.7,100.0,96,26.42,64,2489,0x0000000000000000
13:52:53,17045,7499,2237791,4407242,29708824,4.7,6.7,100.0,96,35.60,73,2463,0x0000000000000000
13:52:54,17043,7499,2237792,4407242,29708825,0.0,5.4,99.0,96,63.00,72,2450,0x0000000000000000
13:52:55,17174,7499,2237792,4407242,29710585,153.4,7.4,100.0,75,38.29,64,2489,0x0000000000000000
13:52:56,16783,7499,2237792,4407242,29712593,7.8,8.0,100.0,96,20.03,63,2489,0x0000000000000000
13:52:57,16588,7499,2237792,4407242,29713834,4.8,6.7,100.0,96,31.99,69,2476,0x0000000000000000
13:52:58,16588,7499,2237792,4407242,29713834,0.0,5.3,100.0,96,62.75,70,2450,0x0000000000000000
13:52:59,17171,7499,2237793,4407242,29715106,150.5,6.8,99.0,95,42.40,64,2483,0x0000000000000000
13:53:00,17412,7499,2237793,4407242,29717104,7.8,8.0,100.0,96,20.14,63,2489,0x0000000000000000
13:53:01,16966,7499,2237796,4407242,29719331,8.7,6.9,100.0,96,19.93,63,2489,0x0000000000000000
13:53:02,16936,7499,2237797,4407242,29719420,0.3,5.6,99.0,96,58.85,70,2444,0x0000000000000000
13:53:03,17425,7499,2237797,4407242,29719747,83.8,5.7,100.0,96,57.64,66,2444,0x0000000000000000
13:53:04,16826,7499,2237801,4407242,29722344,10.1,7.1,100.0,96,20.08,63,2489,0x0000000000000000
13:53:05,16719,7499,2237802,4407242,29723333,3.9,5.9,100.0,96,44.78,70,2457,0x0000000000000000
13:53:06,16723,7499,2237808,4407242,29723341,0.2,5.4,98.0,96,62.62,70,2444,0x0000000000000000
13:53:07,16970,7499,2237813,4407242,29724782,125.6,7.0,100.0,96,30.01,63,2489,0x0000000000000000
13:53:08,16956,7499,2237813,4407242,29727440,10.4,8.2,100.0,96,19.82,62,2489,0x0000000000000000
13:53:09,16681,7499,2237813,4407242,29728502,4.2,7.3,100.0,96,39.77,68,2483,0x0000000000000000
13:53:10,16667,7499,2237813,4407242,29728502,0.0,6.0,100.0,96,62.50,71,2457,0x0000000000000000
13:53:11,17157,7499,2237814,4407242,29730349,136.9,7.0,99.0,69,35.83,63,2489,0x0000000000000000
13:53:12,16826,7499,2237814,4407242,29733311,11.6,6.5,100.0,96,19.84,62,2489,0x0000000000000000
13:53:13,17130,7499,2237815,4407242,29734440,4.4,8.7,99.0,96,30.67,66,2483,0x0000000000000000
13:53:14,17132,7499,2237815,4407242,29734440,0.0,9.3,100.0,96,46.45,68,2483,0x0000000000000000
13:53:15,17125,7499,2237817,4407242,29734449,0.3,6.4,99.0,96,60.03,69,2457,0x0000000000000000
13:53:16,17166,7499,2237817,4407242,29737655,116.8,6.4,100.0,96,20.73,62,2489,0x0000000000000000
13:53:17,16774,7499,2237819,4407242,29740608,11.5,6.7,100.0,96,19.78,62,2496,0x0000000000000000
13:53:18,17224,7499,2237819,4407242,29742307,6.6,8.1,100.0,96,22.21,62,2509,0x0000000000000000
13:53:19,17221,7499,2237822,4407242,29742310,0.0,5.7,98.0,96,60.52,68,2450,0x0000000000000000
13:53:20,17209,7499,2237825,4407242,29742312,0.0,9.1,100.0,96,50.23,67,2483,0x0000000000000000
13:53:21,17143,7499,2237825,4407242,29744738,106.2,6.7,100.0,96,25.36,62,2489,0x0000000000000000
13:53:22,16700,7499,2237825,4407242,29747144,9.4,6.4,100.0,96,19.74,62,2509,0x0000000000000000
13:53:23,17250,7499,2237825,4407242,29748309,4.6,7.6,100.0,96,30.71,67,2496,0x0000000000000000
13:53:24,17198,7499,2237825,4407242,29748309,0.0,6.7,100.0,96,59.23,67,2450,0x0000000000000000
13:53:25,17140,7499,2237825,4407242,29749292,80.1,6.9,100.0,96,48.26,64,2463,0x0000000000000000
13:53:26,16777,7499,2237825,4407242,29751089,7.0,8.1,100.0,96,19.94,62,2502,0x0000000000000000
13:53:27,16648,7499,2237825,4407242,29752165,4.2,5.9,100.0,96,42.23,69,2457,0x0000000000000000
13:53:28,16651,7499,2237826,4407242,29752171,0.2,5.3,99.0,96,61.70,68,2450,0x0000000000000000
13:53:29,17381,7499,2237826,4407242,29754019,26.2,6.3,100.0,83,38.16,67,2489,0x0000000000000000
13:53:30,17362,7499,2237826,4407242,29754019,0.0,5.9,100.0,96,61.51,70,2450,0x0000000000000000
13:53:31,17339,7499,2237826,4407242,29754278,3.1,5.6,100.0,96,56.60,68,2457,0x0000000000000000
13:53:32,17339,7499,2237826,4407242,29754279,0.0,6.1,100.0,96,59.42,69,2450,0x0000000000000000
13:53:33,17417,7499,2237826,4407242,29755020,80.2,6.1,100.0,96,54.04,65,2457,0x0000000000000000
13:53:34,17256,7498,2239661,4407242,29759213,32.1,10.9,100.0,96,20.24,62,2489,0x0000000000000000
13:53:35,17080,7498,2240067,4407242,29761084,11.0,7.4,100.0,96,30.18,68,2502,0x0000000000000000
13:53:36,17066,7498,2240204,4407242,29761181,1.2,7.0,100.0,95,57.60,70,2463,0x0000000000000000
13:53:37,17357,7495,2241102,4407242,29762272,80.1,9.8,100.0,95,53.99,66,2457,0x0000000000000000
13:53:38,17117,7495,2241144,4407242,29764582,9.1,6.5,100.0,96,20.82,62,2502,0x0000000000000000
13:53:39,16927,7495,2241226,4407242,29765735,4.7,5.9,100.0,96,40.29,69,2470,0x0000000000000000
13:53:40,16911,7495,2241229,4407242,29765826,0.4,6.7,99.0,96,47.94,65,2470,0x0000000000000000
13:53:41,16909,7495,2241234,4407242,29766236,1.6,6.8,100.0,96,33.56,64,2476,0x0000000000000000
13:53:42,16912,7495,2241242,4407242,29766789,2.2,5.9,100.0,96,32.76,64,2476,0x0000000000000000
13:53:43,16925,7495,2241248,4407242,29767150,1.4,5.7,100.0,96,32.89,64,2476,0x0000000000000000
13:53:44,16931,7495,2241295,4407242,29767603,1.8,5.6,100.0,96,33.54,64,2476,0x0000000000000000
13:53:45,16936,7495,2241788,4407242,29768047,2.7,6.9,100.0,96,33.03,65,2470,0x0000000000000000
13:53:46,16943,7495,2241788,4407242,29768123,0.3,6.0,100.0,94,34.15,65,2470,0x0000000000000000
13:53:47,16966,7495,2241922,4407242,29768150,0.5,7.0,100.0,96,32.85,66,2418,0x0000000000000000
13:53:48,16972,7495,2241924,4407242,29768389,0.9,5.4,100.0,96,33.95,65,2476,0x0000000000000000
13:53:49,16990,7495,2242230,4407242,29768438,1.2,6.8,98.0,96,31.60,64,2405,0x0000000000000000
13:53:50,17002,7495,2242230,4407242,29768481,0.2,6.0,100.0,96,35.49,65,2470,0x0000000000000000
13:53:51,17011,7495,2242232,4407242,29768530,0.2,5.4,100.0,96,35.31,65,2470,0x0000000000000000
13:53:52,17033,7495,2242232,4407242,29768533,0.0,5.4,100.0,96,35.59,65,2470,0x0000000000000000
13:53:53,16910,7495,2242234,4407242,29768891,18.7,5.9,99.0,95,41.76,65,2476,0x0000000000000000
13:53:54,16928,7495,2242234,4407242,29768940,0.2,5.4,100.0,96,35.20,65,2470,0x0000000000000000
13:53:55,17435,7495,2242235,4407242,29768986,0.9,6.1,99.0,95,44.39,64,2476,0x0000000000000000
13:53:56,17431,7495,2242237,4407242,29769105,0.5,5.4,100.0,96,34.89,65,2470,0x0000000000000000
13:53:57,17429,7495,2242238,4407242,29769125,0.1,5.5,100.0,93,44.73,66,2476,0x0000000000000000
13:53:58,17426,7495,2242239,4407242,29769266,0.6,5.5,100.0,96,34.53,65,2470,0x0000000000000000
13:53:59,17424,7495,2242243,4407242,29769305,0.2,5.7,98.0,96,39.29,65,2476,0x0000000000000000
13:54:00,17390,7495,2242245,4407242,29769405,0.5,6.2,100.0,96,35.08,65,2470,0x0000000000000000
13:54:01,17385,7495,2242246,4407242,29769576,0.7,5.5,100.0,96,38.54,65,2483,0x0000000000000000
13:54:02,17370,7495,2242255,4407242,29770300,2.8,5.4,100.0,96,32.80,64,2470,0x0000000000000000
13:54:03,17352,7495,2242263,4407242,29770883,2.3,5.5,100.0,96,32.18,63,2476,0x0000000000000000
13:54:04,17340,7495,2242267,4407242,29771135,1.0,5.6,99.0,96,37.70,65,2476,0x0000000000000000
13:54:05,17330,7495,2242273,4407242,29771244,0.4,5.8,98.0,96,36.86,67,2476,0x0000000000000000
13:54:06,17322,7495,2242275,4407242,29771527,1.1,6.3,100.0,96,34.34,64,2470,0x0000000000000000
13:54:07,17316,7495,2242282,4407242,29771784,1.0,5.8,100.0,96,34.01,64,2470,0x0000000000000000
13:54:08,17311,7495,2242283,4407242,29771994,0.8,5.5,100.0,96,33.77,64,2476,0x0000000000000000
13:54:09,17310,7495,2242284,4407242,29772245,1.0,5.6,100.0,93,36.84,63,2476,0x0000000000000000
13:54:10,17441,7495,2242285,4407242,29772586,1.3,6.1,99.0,96,34.16,64,2470,0x0000000000000000
13:54:11,17431,7495,2242287,4407242,29772757,0.7,7.4,100.0,96,34.58,64,2470,0x0000000000000000
13:54:12,17427,7495,2242289,4407242,29772906,0.6,10.6,100.0,96,32.01,64,2489,0x0000000000000000
13:54:13,17426,7495,2242291,4407242,29772910,0.0,10.4,100.0,95,35.13,64,2489,0x0000000000000000
13:54:14,17419,7495,2242291,4407242,29773140,0.9,10.5,100.0,96,31.16,63,2489,0x0000000000000000
13:54:15,17407,7495,2242293,4407242,29773417,1.1,10.8,100.0,96,31.47,64,2489,0x0000000000000000
13:54:16,17395,7495,2242300,4407242,29773810,1.5,9.9,100.0,96,31.02,63,2489,0x0000000000000000
13:54:17,17383,7495,2242303,4407242,29774222,1.6,5.6,100.0,96,33.50,64,2476,0x0000000000000000
13:54:18,17365,7495,2242309,4407242,29774663,1.8,5.6,100.0,96,32.94,64,2470,0x0000000000000000
13:54:19,17349,7495,2242318,4407242,29775030,1.4,5.9,100.0,96,33.78,64,2470,0x0000000000000000
13:54:20,17325,7495,2242319,4407242,29775388,1.4,6.1,100.0,96,33.40,64,2476,0x0000000000000000
13:54:21,17322,7495,2242319,4407242,29775485,0.4,5.4,100.0,96,35.21,64,2470,0x0000000000000000
13:54:22,17321,7495,2242323,4407242,29775583,0.6,5.6,100.0,96,38.92,64,2470,0x0000000000000000
13:54:23,17322,7495,2242325,4407242,29775585,0.0,5.5,99.0,96,39.00,65,2476,0x0000000000000000
13:54:24,17322,7495,2242328,4407242,29775832,1.0,5.9,100.0,96,33.51,64,2470,0x0000000000000000
13:54:25,17434,7495,2242337,4407242,29776330,2.0,6.1,100.0,96,33.35,64,2470,0x0000000000000000
13:54:26,17430,7495,2242339,4407242,29776417,0.3,5.5,99.0,93,38.60,64,2470,0x0000000000000000
13:54:27,17429,7495,2242339,4407242,29776430,0.1,5.3,100.0,96,35.55,64,2470,0x0000000000000000
13:54:28,17427,7495,2242341,4407242,29776498,0.3,5.4,99.0,94,38.04,64,2470,0x0000000000000000
13:54:29,17343,7495,2242344,4407242,29777868,31.0,6.4,100.0,59,26.43,62,2509,0x0000000000000000
13:54:30,17158,7495,2242344,4407242,29778735,3.4,6.3,100.0,96,46.94,71,2450,0x0000000000000000
13:54:31,17159,7495,2242344,4407242,29778735,0.0,5.3,100.0,96,62.77,72,2450,0x0000000000000000
13:54:32,16938,7495,2242345,4407242,29781130,108.1,7.2,100.0,96,23.64,62,2509,0x0000000000000000
13:54:33,17097,7495,2242348,4407242,29782986,7.3,8.4,100.0,96,24.10,65,2483,0x0000000000000000
13:54:34,17099,7495,2242348,4407242,29782988,0.1,7.5,100.0,96,54.94,71,2450,0x0000000000000000
13:54:35,17356,7495,2242349,4407242,29783571,35.8,6.3,100.0,96,55.67,64,2470,0x0000000000000000
13:54:36,17049,7495,2242364,4407242,29785082,6.6,6.3,100.0,96,39.43,68,2450,0x0000000000000000
13:54:37,17072,7495,2242364,4407242,29785082,0.0,5.3,100.0,96,62.66,72,2450,0x0000000000000000
13:54:38,17347,7495,2242364,4407242,29785192,7.5,5.7,100.0,96,57.12,71,2457,0x0000000000000000
13:54:39,17352,7495,2242365,4407242,29785193,0.0,5.3,99.0,96,62.78,69,2450,0x0000000000000000
13:54:40,17239,7495,2242368,4407242,29786812,21.2,6.5,100.0,96,34.60,68,2470,0x0000000000000000
13:54:41,17245,7495,2242368,4407242,29786812,0.0,5.4,100.0,96,62.58,70,2457,0x0000000000000000
13:54:42,17249,7495,2242370,4407242,29786940,0.5,7.1,100.0,96,46.77,65,2470,0x0000000000000000
13:54:43,17253,7495,2242373,4407242,29787161,0.9,5.4,100.0,96,34.53,64,2470,0x0000000000000000
13:54:44,17244,7495,2242378,4407242,29787652,2.1,5.5,100.0,96,33.64,65,2470,0x0000000000000000
13:54:45,17241,7495,2242380,4407242,29787905,1.0,5.7,100.0,96,34.37,65,2470,0x0000000000000000
13:54:46,17224,7495,2242384,4407242,29788614,2.8,6.0,100.0,91,34.56,64,2470,0x0000000000000000
13:54:47,17225,7495,2242392,4407242,29789115,2.0,8.1,100.0,96,33.60,64,2489,0x0000000000000000
13:54:48,17228,7495,2242401,4407242,29789598,1.9,9.8,100.0,96,31.38,64,2489,0x0000000000000000
13:54:49,17223,7495,2242409,4407242,29790196,2.3,5.6,100.0,96,32.84,64,2470,0x0000000000000000
13:54:50,17429,7495,2242418,4407242,29791076,3.4,5.9,100.0,96,31.94,63,2476,0x0000000000000000
13:54:51,17413,7495,2242430,4407242,29791708,2.5,5.5,100.0,96,32.37,63,2476,0x0000000000000000
13:54:52,17402,7495,2242438,4407242,29792176,1.8,5.5,100.0,96,32.88,64,2470,0x0000000000000000
13:54:53,17387,7495,2242445,4407242,29793112,3.7,5.9,100.0,96,31.88,64,2470,0x0000000000000000
13:54:54,17374,7495,2242453,4407242,29793892,3.0,5.5,100.0,96,32.04,64,2470,0x0000000000000000
13:54:55,17349,7495,2242464,4407242,29794445,2.2,6.0,100.0,96,33.26,64,2470,0x0000000000000000
13:54:56,17333,7495,2242480,4407242,29795099,2.6,5.6,100.0,96,32.58,64,2476,0x0000000000000000
13:54:57,17316,7495,2242492,4407242,29795722,2.4,5.7,100.0,96,32.75,64,2476,0x0000000000000000
13:54:58,17309,7495,2242498,4407242,29796136,1.6,5.5,100.0,96,32.88,64,2476,0x0000000000000000
13:54:59,17305,7495,2242501,4407242,29796540,1.6,5.5,100.0,96,33.51,64,2476,0x0000000000000000
13:55:00,17289,7495,2242511,4407242,29797182,2.5,6.0,100.0,96,32.22,64,2476,0x0000000000000000
13:55:01,17289,7495,2242517,4407242,29797981,3.1,5.5,100.0,96,32.29,63,2476,0x0000000000000000
13:55:02,17280,7495,2242529,4407242,29798620,2.5,5.5,100.0,96,32.00,64,2470,0x0000000000000000
13:55:03,17281,7495,2242533,4407242,29799131,2.0,5.5,100.0,96,32.94,65,2476,0x0000000000000000
13:55:04,17291,7495,2242533,4407242,29799224,0.4,5.5,100.0,96,35.89,63,2470,0x0000000000000000
13:55:05,17409,7495,2242535,4407242,29799813,2.3,6.7,100.0,96,32.27,64,2470,0x0000000000000000
13:55:06,17403,7495,2242537,4407242,29800235,1.7,5.6,100.0,96,33.28,64,2476,0x0000000000000000
13:55:07,17397,7495,2242545,4407242,29800644,1.6,5.6,100.0,96,32.99,63,2470,0x0000000000000000
13:55:08,17386,7495,2242546,4407242,29801103,1.8,5.4,100.0,96,32.84,63,2470,0x0000000000000000
13:55:09,17371,7495,2242554,4407242,29801515,1.6,5.5,100.0,96,33.38,64,2476,0x0000000000000000
13:55:10,17350,7495,2242560,4407242,29802028,2.0,6.1,100.0,96,33.00,64,2476,0x0000000000000000
13:55:11,17337,7495,2242564,4407242,29802492,1.8,5.5,100.0,96,32.98,64,2476,0x0000000000000000
13:55:12,17324,7495,2242570,4407242,29802999,2.0,7.0,100.0,96,33.00,64,2476,0x0000000000000000
13:55:13,17444,7495,2242572,4407242,29803486,1.9,5.6,100.0,96,33.11,63,2470,0x0000000000000000
13:55:14,17433,7495,2242576,4407242,29803834,1.4,5.4,100.0,96,33.34,63,2476,0x0000000000000000
13:55:15,17406,7495,2242578,4407242,29804243,1.6,5.9,100.0,96,33.39,64,2470,0x0000000000000000
13:55:16,17388,7495,2242588,4407242,29804665,1.7,5.7,100.0,96,33.20,63,2470,0x0000000000000000
13:55:17,17378,7495,2242594,4407242,29804998,1.3,5.4,100.0,96,33.60,64,2470,0x0000000000000000
13:55:18,17366,7495,2242595,4407242,29805428,1.7,5.5,100.0,96,33.73,64,2476,0x0000000000000000
13:55:19,17360,7495,2242595,4407242,29805593,0.6,5.6,100.0,96,34.09,64,2476,0x0000000000000000
13:55:20,17343,7495,2242601,4407242,29806070,2.0,7.6,100.0,96,32.65,64,2476,0x0000000000000000
13:55:21,17340,7495,2242604,4407242,29806384,1.2,5.3,100.0,96,35.67,66,2483,0x0000000000000000
13:55:22,17346,7495,2242604,4407242,29806438,0.2,5.5,100.0,96,35.94,64,2470,0x0000000000000000
13:55:23,17348,7495,2242604,4407242,29806751,1.2,5.5,100.0,96,33.85,64,2470,0x0000000000000000
13:55:24,17354,7495,2242605,4407242,29806867,0.5,5.4,100.0,96,34.20,63,2470,0x0000000000000000
13:55:25,17448,7495,2242606,4407242,29807203,1.3,5.9,100.0,96,33.55,64,2470,0x0000000000000000
13:55:26,17435,7495,2242608,4407242,29807857,2.6,5.4,100.0,96,32.38,63,2489,0x0000000000000000
13:55:27,17410,7495,2242621,4407242,29808446,2.3,5.6,100.0,96,32.91,63,2476,0x0000000000000000
13:55:28,17400,7495,2242624,4407242,29808731,1.1,5.5,100.0,96,33.62,64,2476,0x0000000000000000
13:55:29,17386,7495,2242628,4407242,29809219,1.9,5.6,100.0,96,33.06,64,2483,0x0000000000000000
13:55:30,17370,7495,2242628,4407242,29809617,1.6,6.3,100.0,96,33.59,64,2476,0x0000000000000000
13:55:31,17359,7495,2242632,4407242,29810021,1.6,5.4,100.0,96,33.25,64,2476,0x0000000000000000
13:55:32,17353,7495,2242634,4407242,29810234,0.8,5.6,100.0,96,34.19,64,2470,0x0000000000000000
13:55:33,17343,7495,2242635,4407242,29810899,2.6,5.5,100.0,96,31.96,63,2489,0x0000000000000000
13:55:34,17336,7495,2242638,4407242,29811204,1.2,5.5,100.0,96,33.67,63,2470,0x0000000000000000
13:55:35,17316,7495,2242638,4407242,29811536,1.3,6.1,100.0,96,33.32,63,2470,0x0000000000000000
13:55:36,17313,7495,2242638,4407242,29812013,1.9,5.4,100.0,96,32.07,63,2483,0x0000000000000000
13:55:37,17316,7495,2242638,4407242,29812404,1.5,5.4,100.0,96,32.36,63,2470,0x0000000000000000
13:55:38,17438,7495,2242641,4407242,29812786,1.5,5.7,100.0,96,32.95,63,2476,0x0000000000000000
13:55:39,17425,7495,2242648,4407242,29813193,1.6,5.4,100.0,96,32.32,62,2489,0x0000000000000000
13:55:40,17390,7495,2242654,4407242,29814089,3.5,6.2,100.0,96,31.89,62,2476,0x0000000000000000
13:55:41,17377,7495,2242662,4407242,29814770,2.7,5.4,100.0,96,34.86,63,2476,0x0000000000000000
13:55:42,17366,7495,2242666,4407242,29815454,2.7,6.9,100.0,96,31.91,63,2476,0x0000000000000000
13:55:43,17353,7495,2242672,4407242,29816011,2.2,5.5,100.0,96,32.46,63,2470,0x0000000000000000
13:55:44,17341,7495,2242677,4407242,29816480,1.8,5.5,100.0,96,33.39,63,2470,0x0000000000000000
13:55:45,17320,7495,2242685,4407242,29817182,2.8,5.6,100.0,96,32.69,63,2476,0x0000000000000000
13:55:46,17309,7495,2242693,4407242,29817696,2.0,5.9,100.0,96,32.78,63,2470,0x0000000000000000
13:55:47,17446,7495,2242695,4407242,29818103,1.6,5.5,100.0,96,33.04,63,2470,0x0000000000000000
13:55:48,17431,7495,2242702,4407242,29818709,2.4,5.5,100.0,96,32.70,63,2476,0x0000000000000000
13:55:49,17305,7492,2242780,4407242,29819344,3.5,8.4,100.0,96,32.98,63,2476,0x0000000000000000
13:55:50,17403,7492,2242791,4407242,29820244,3.5,7.1,100.0,96,31.96,63,2476,0x0000000000000000
13:55:51,17372,7492,2242801,4407242,29820713,1.8,7.3,100.0,96,32.62,63,2476,0x0000000000000000
13:55:52,17336,7492,2242803,4407242,29821048,1.3,6.3,100.0,96,33.88,63,2470,0x0000000000000000
13:55:53,17311,7492,2242848,4407242,29821606,4.8,7.8,100.0,96,33.56,63,2470,0x0000000000000000
13:55:54,17302,7492,2242865,4407242,29822052,1.8,6.5,100.0,96,33.88,63,2476,0x0000000000000000
13:55:55,17364,7492,2242872,4407242,29822516,1.8,6.7,100.0,96,32.96,62,2470,0x0000000000000000
13:55:56,17351,7492,2242878,4407242,29823152,2.6,6.1,100.0,96,32.67,62,2470,0x0000000000000000
13:55:57,17372,7492,2242934,4407242,29823739,5.7,7.8,100.0,96,32.85,63,2476,0x0000000000000000
13:55:58,17358,7492,2242938,4407242,29824308,2.3,6.4,100.0,96,32.34,63,2470,0x0000000000000000
