t,memavail_mib,swap_used_mib,pswpin,pswpout,pgmajfault,nvme_read_mib,cpu_pct,cpu_max_core_pct,gpu_util,gpu_w,gpu_c,sm_mhz,throttle
14:28:44,120902,4255,2843817,5233020,31420405,0.0,0.0,0.0,0,4.37,56,253,0x0000000000000000
14:28:45,120770,4255,2843931,5233020,31422124,223.6,10.4,41.4,1,4.48,55,208,0x0000000000000000
14:28:46,120660,4255,2843957,5233020,31422774,81.0,3.7,49.5,0,4.29,55,208,0x0000000000000000
14:28:47,120625,4255,2843957,5233020,31423024,48.4,4.0,72.5,0,4.19,56,208,0x0000000000000000
14:28:48,120596,4255,2843960,5233020,31423484,64.4,4.3,77.2,0,4.08,55,208,0x0000000000000000
14:28:49,120556,4255,2843960,5233020,31423503,13.6,4.9,88.9,0,4.12,55,208,0x0000000000000000
14:28:50,120504,4255,2843963,5233020,31423537,12.4,4.7,89.9,0,4.21,55,214,0x0000000000000000
14:28:51,120492,4255,2843963,5233020,31423593,26.0,2.0,19.6,0,4.14,55,208,0x0000000000000000
14:28:52,120460,4255,2843963,5233020,31423595,26.6,2.3,34.0,0,4.14,55,208,0x0000000000000000
14:28:53,120450,4255,2843963,5233020,31423644,34.8,3.3,49.5,0,4.07,54,208,0x0000000000000000
14:28:54,120413,4255,2843963,5233020,31423883,46.0,10.7,70.1,0,4.06,54,208,0x0000000000000000
14:28:55,120387,4255,2843963,5233020,31424016,25.4,4.1,48.0,0,4.04,54,208,0x0000000000000004
14:28:56,120320,4255,2843963,5233020,31424574,76.4,3.9,42.4,0,4.05,54,208,0x0000000000000000
14:28:57,120296,4255,2843995,5233020,31425039,76.8,4.3,53.0,0,4.11,54,208,0x0000000000000000
14:28:58,120281,4255,2843995,5233020,31425063,14.7,4.5,40.0,0,4.09,54,208,0x0000000000000000
14:28:59,120241,4255,2843995,5233020,31425063,7.5,5.1,91.0,0,4.02,54,208,0x0000000000000000
14:29:00,120159,4255,2843995,5233020,31425204,25.6,4.1,68.4,0,4.18,53,227,0x0000000000000000
14:29:01,119932,4255,2843995,5233020,31425588,55.1,3.9,64.6,0,12.30,54,2411,0x0000000000000000
14:29:02,119942,4255,2844006,5233020,31426073,50.2,4.4,59.2,0,12.03,54,2411,0x0000000000000000
14:29:03,119515,4255,2844006,5233020,31426116,11.3,12.8,86.9,0,12.03,54,2411,0x0000000000000000
14:29:04,119106,4255,2844006,5233020,31426129,9.9,15.0,100.0,0,12.05,54,2411,0x0000000000000000
14:29:05,118808,4255,2844006,5233020,31426331,40.8,25.6,100.0,0,12.09,54,2411,0x0000000000000000
14:29:06,118475,4255,2844006,5233020,31426335,2.9,15.2,100.0,0,12.02,54,2411,0x0000000000000000
14:29:07,117907,4255,2844006,5233020,31426335,0.8,15.3,100.0,0,12.00,54,2411,0x0000000000000000
14:29:08,117518,4255,2844006,5233020,31426336,0.3,10.6,100.0,0,12.00,54,2411,0x0000000000000000
14:29:09,117103,4255,2844006,5233020,31426397,6.6,5.4,47.5,3,12.43,54,2411,0x0000000000000000
14:29:10,114070,4255,2844011,5233020,31426517,16.6,6.2,77.0,1,12.59,54,2411,0x0000000000000000
14:29:11,74285,4255,2844011,5233020,31426517,0.0,5.3,100.0,0,12.40,54,2411,0x0000000000000000
14:29:12,61696,4255,2844024,5233020,31426918,49.2,4.7,78.8,11,12.92,54,2411,0x0000000000000000
14:29:13,61677,4255,2844024,5233020,31426986,37.2,4.4,81.0,0,12.10,54,2411,0x0000000000000000
14:29:14,37992,4255,2844026,5233020,31426989,0.2,5.6,99.0,10,18.07,54,2411,0x0000000000000000
14:29:15,33015,4255,2844027,5233020,31428029,276.1,3.5,22.4,0,12.82,54,2411,0x0000000000000000
14:29:16,33058,4255,2844027,5233020,31430216,507.2,2.9,8.2,0,12.08,54,2411,0x0000000000000000
14:29:17,32963,4255,2844027,5233020,31432278,531.3,5.8,37.8,1,12.23,54,2411,0x0000000000000000
14:29:18,32714,4255,2844027,5233020,31432787,240.2,6.9,95.0,2,12.49,54,2411,0x0000000000000000
14:29:19,32784,4255,2844027,5233020,31433392,252.2,6.6,94.9,1,12.45,54,2411,0x0000000000000000
14:29:20,32897,4255,2844027,5233020,31433733,194.9,6.7,98.0,1,12.45,53,2411,0x0000000000000000
14:29:21,32663,4255,2844027,5233020,31434026,184.9,6.6,98.0,2,12.44,53,2411,0x0000000000000000
14:29:22,32787,4255,2844028,5233020,31434630,251.5,6.6,96.0,1,12.43,53,2411,0x0000000000000000
14:29:23,32558,4255,2844028,5233020,31434659,121.8,6.4,100.0,1,12.41,53,2411,0x0000000000000000
14:29:24,32661,4255,2844028,5233020,31435263,259.0,6.9,57.0,2,12.43,53,2411,0x0000000000000000
14:29:25,32763,4255,2844028,5233020,31435573,188.9,6.7,98.0,1,12.42,53,2411,0x0000000000000000
14:29:26,32521,4255,2844030,5233020,31435902,197.1,6.3,96.0,2,12.42,53,2411,0x0000000000000000
14:29:27,32626,4255,2844030,5233020,31436507,257.1,6.5,93.9,1,12.39,53,2411,0x0000000000000000
14:29:28,32399,4255,2844030,5233020,31436535,120.4,6.4,100.0,1,12.36,53,2411,0x0000000000000000
14:29:29,32521,4255,2844030,5233020,31437138,249.2,6.5,96.0,2,12.34,53,2411,0x0000000000000000
14:29:30,32630,4255,2844030,5233020,31437396,176.7,6.6,97.0,1,12.37,53,2411,0x0000000000000000
14:29:31,32380,4255,2844030,5233020,31437774,213.5,6.4,98.0,2,12.40,53,2411,0x0000000000000000
14:29:32,32492,4255,2844030,5233020,31438377,250.1,6.6,95.0,1,12.34,53,2411,0x0000000000000000
14:29:33,32260,4255,2844030,5233020,31438406,123.5,6.3,100.0,1,12.27,53,2411,0x0000000000000000
14:29:34,32366,4255,2844030,5233020,31439010,254.2,7.0,96.0,2,12.16,52,2411,0x0000000000000000
14:29:35,32471,4255,2844031,5233020,31439524,230.7,6.7,97.0,1,12.17,52,2411,0x0000000000000000
14:29:36,32249,4255,2844031,5233020,31439644,140.4,6.4,99.0,2,12.13,52,2411,0x0000000000000000
14:29:37,32367,4255,2844031,5233020,31440247,252.7,6.4,96.0,2,12.13,52,2411,0x0000000000000000
14:29:38,32126,4255,2844031,5233020,31440277,126.5,6.3,100.0,2,12.14,52,2411,0x0000000000000000
14:29:39,32228,4255,2844032,5233020,31440883,257.5,7.0,96.0,2,12.14,52,2411,0x0000000000000000
14:29:40,32336,4255,2844032,5233020,31441142,174.6,6.6,98.0,2,12.11,52,2411,0x0000000000000000
14:29:41,32096,4255,2844091,5233020,31441530,201.3,6.7,98.0,2,12.10,52,2411,0x0000000000000000
14:29:42,32234,4255,2844091,5233020,31442131,240.6,6.8,94.9,1,12.06,52,2411,0x0000000000000000
14:29:43,32011,4255,2844091,5233020,31442159,117.6,6.7,100.0,2,12.10,52,2411,0x0000000000000000
14:29:44,32154,4255,2844091,5233020,31442759,241.2,7.1,95.1,1,12.06,52,2411,0x0000000000000000
14:29:45,31907,4254,2844091,5233020,31442793,130.4,7.5,100.0,2,12.11,52,2411,0x0000000000000000
14:29:46,32100,4254,2844091,5233020,31443389,217.5,6.3,71.0,1,11.96,52,2411,0x0000000000000000
14:29:47,31884,4254,2844092,5233020,31443418,118.8,6.5,100.0,1,12.07,52,2411,0x0000000000000000
14:29:48,32011,4254,2844092,5233020,31444021,246.6,7.0,97.0,1,12.03,52,2411,0x0000000000000000
14:29:49,32144,4254,2844092,5233020,31444075,118.3,6.9,100.0,2,12.03,52,2411,0x0000000000000000
14:29:50,31952,4254,2844092,5233020,31444647,231.7,6.5,96.0,2,11.99,52,2411,0x0000000000000000
14:29:51,32110,4254,2844092,5233020,31444777,128.7,6.7,99.0,1,12.00,51,2411,0x0000000000000000
14:29:52,31905,4254,2844092,5233020,31445274,224.9,6.8,98.0,1,12.02,51,2411,0x0000000000000000
14:29:53,32047,4254,2844092,5233020,31445874,246.3,6.9,82.2,1,12.00,51,2411,0x0000000000000000
14:29:54,31843,4254,2844092,5233020,31445905,116.2,7.3,100.0,1,12.01,51,2411,0x0000000000000000
14:29:55,31949,4254,2844092,5233020,31446507,245.4,6.8,56.0,1,11.98,51,2411,0x0000000000000000
14:29:56,31736,4254,2844092,5233020,31446535,116.8,6.7,100.0,2,12.01,51,2411,0x0000000000000000
14:29:57,31858,4254,2844092,5233020,31447136,242.7,6.7,95.1,1,11.97,51,2411,0x0000000000000000
14:29:58,31664,4254,2844152,5233020,31447171,110.2,6.5,100.0,2,11.96,51,2411,0x0000000000000000
14:29:59,31813,4254,2844152,5233020,31447773,245.1,6.9,94.0,1,11.97,51,2411,0x0000000000000000
14:30:00,31961,4254,2844154,5233020,31447806,112.8,6.4,100.0,1,12.00,51,2411,0x0000000000000000
14:30:01,31760,4254,2844154,5233020,31448402,238.9,6.6,96.0,1,11.96,51,2411,0x0000000000000000
14:30:02,31901,4254,2844154,5233020,31448642,158.8,6.6,98.0,1,11.93,51,2411,0x0000000000000000
14:30:03,31698,4254,2844154,5233020,31449031,192.4,6.5,97.0,1,11.95,51,2411,0x0000000000000000
14:30:04,31842,4254,2844154,5233020,31449546,218.3,6.9,95.0,1,11.91,51,2411,0x0000000000000000
14:30:05,31623,4254,2844154,5233020,31449659,135.9,6.9,99.0,1,11.95,51,2411,0x0000000000000000
14:30:06,31761,4254,2844154,5233020,31450260,243.7,6.6,94.9,1,11.90,51,2411,0x0000000000000000
14:30:07,31539,4254,2844156,5233020,31450289,120.5,6.5,100.0,1,11.92,51,2411,0x0000000000000000
14:30:08,31671,4254,2844156,5233020,31450892,249.9,6.8,96.0,1,11.81,51,2411,0x0000000000000000
14:30:09,31449,4254,2844156,5233020,31450921,120.1,6.9,100.0,2,11.76,51,2411,0x0000000000000000
14:30:10,31589,4254,2844156,5233020,31451522,242.6,6.6,97.0,1,11.70,51,2411,0x0000000000000000
14:30:11,31727,4254,2844156,5233020,31451748,157.8,6.4,98.0,1,11.70,51,2411,0x0000000000000000
14:30:12,31528,4254,2844156,5233020,31452150,195.7,6.6,96.0,1,11.68,50,2411,0x0000000000000000
14:30:13,31634,4254,2844156,5233020,31452489,183.0,6.8,97.0,1,11.70,50,2411,0x0000000000000000
14:30:14,31440,4254,2844156,5233020,31452778,177.0,7.1,98.0,1,11.71,50,2411,0x0000000000000000
14:30:15,31574,4254,2844157,5233020,31453385,250.1,7.1,94.9,1,11.69,50,2411,0x0000000000000000
14:30:16,31384,4254,2844157,5233020,31453411,111.9,6.3,100.0,1,11.70,50,2411,0x0000000000000000
14:30:17,31535,4254,2844157,5233020,31454012,241.0,6.7,93.1,2,11.68,50,2411,0x0000000000000000
14:30:18,31339,4254,2844157,5233020,31454039,112.8,6.4,100.0,1,11.69,50,2411,0x0000000000000000
14:30:19,31493,4254,2844157,5233020,31454641,241.2,6.8,95.0,1,11.67,50,2411,0x0000000000000000
14:30:20,31315,4254,2844157,5233020,31454666,107.5,6.4,100.0,1,11.65,50,2411,0x0000000000000000
14:30:21,31473,4254,2844157,5233020,31455267,243.7,6.8,94.1,2,11.65,50,2411,0x0000000000000000
14:30:22,31612,4254,2844157,5233020,31455340,121.8,6.7,100.0,1,11.65,50,2411,0x0000000000000000
14:30:23,31408,4254,2844157,5233020,31455897,238.9,6.8,76.0,2,11.66,50,2411,0x0000000000000000
14:30:24,31481,4254,2844157,5233020,31456394,222.9,7.1,96.0,1,11.66,50,2411,0x0000000000000000
14:30:25,31262,4254,2844157,5233020,31456528,147.6,6.5,99.0,2,11.69,50,2411,0x0000000000000000
14:30:26,31404,4254,2844157,5233020,31457131,245.4,6.5,95.0,1,11.66,50,2411,0x0000000000000000
14:30:27,31197,4254,2844157,5233020,31457159,120.9,6.5,100.0,1,11.68,50,2411,0x0000000000000000
14:30:28,31318,4254,2844157,5233020,31457764,257.0,6.8,96.1,2,11.68,50,2411,0x0000000000000000
14:30:29,31447,4254,2844158,5233020,31458135,206.5,7.0,97.0,1,11.72,50,2411,0x0000000000000000
14:30:30,31237,4254,2844158,5233020,31458400,178.1,6.5,98.0,1,11.69,50,2411,0x0000000000000000
14:30:31,31371,4254,2844158,5233020,31459004,254.5,6.8,96.0,2,11.67,50,2411,0x0000000000000000
14:30:32,31160,4254,2844158,5233020,31459033,122.5,6.4,100.0,1,11.67,50,2411,0x0000000000000000
14:30:33,31328,4254,2844158,5233020,31459635,244.0,6.4,94.9,1,11.65,50,2411,0x0000000000000000
14:30:34,31467,4254,2844158,5233020,31459816,156.2,6.7,98.0,2,11.66,49,2411,0x0000000000000000
14:30:35,31246,4254,2844158,5233020,31460269,223.7,6.8,98.0,1,11.66,49,2411,0x0000000000000000
14:30:36,31387,4254,2844158,5233020,31460874,255.9,6.7,94.9,1,11.65,49,2411,0x0000000000000000
14:30:37,31181,4254,2844158,5233020,31460901,117.0,6.6,100.0,1,11.63,49,2411,0x0000000000000000
14:30:38,31319,4254,2844158,5233020,31461504,245.2,6.7,94.0,2,11.60,49,2411,0x0000000000000000
14:30:39,31102,4254,2844158,5233020,31461532,119.8,6.8,100.0,1,11.61,49,2411,0x0000000000000000
14:30:40,31250,4254,2844158,5233020,31462134,243.4,6.8,81.0,1,11.59,49,2411,0x0000000000000000
14:30:41,31370,4254,2844159,5233020,31462293,141.3,6.5,99.0,1,11.60,49,2411,0x0000000000000000
14:30:42,31174,4254,2844159,5233020,31462763,215.9,6.7,94.0,1,11.58,49,2411,0x0000000000000000
14:30:43,31324,4254,2844159,5233020,31463146,195.2,6.9,96.0,1,11.58,49,2411,0x0000000000000000
14:30:44,31131,4254,2844160,5233020,31463394,165.5,7.0,98.0,1,11.59,49,2411,0x0000000000000000
14:30:45,31252,4254,2844163,5233020,31464002,248.5,7.0,94.1,1,11.58,49,2411,0x0000000000000000
14:30:46,31058,4254,2844163,5233020,31464028,111.0,6.4,100.0,1,11.58,49,2411,0x0000000000000000
14:30:47,31220,4254,2844163,5233020,31464628,238.5,7.0,96.0,1,11.55,49,2411,0x0000000000000000
14:30:48,31049,4254,2844163,5233020,31464655,111.3,6.6,100.0,1,11.56,49,2411,0x0000000000000000
14:30:49,31195,4254,2844163,5233020,31465258,248.0,7.3,94.0,1,11.57,49,2411,0x0000000000000000
14:30:50,31316,4254,2844163,5233020,31465285,115.3,6.9,100.0,1,11.58,49,2411,0x0000000000000000
14:30:51,31157,4254,2844163,5233020,31465885,237.7,6.8,96.0,1,11.54,49,2411,0x0000000000000000
14:30:52,31305,4254,2844163,5233020,31466053,139.6,6.4,99.0,1,11.55,49,2411,0x0000000000000000
14:30:53,31107,4254,2844163,5233020,31466512,208.8,6.5,97.0,2,11.54,49,2411,0x0000000000000000
14:30:54,31256,4254,2844163,5233020,31466897,185.8,6.7,97.0,1,11.52,49,2411,0x0000000000000000
14:30:55,31060,4254,2844165,5233020,31467138,155.9,6.5,99.0,1,11.51,49,2411,0x0000000000000000
14:30:56,31210,4254,2844165,5233020,31467412,160.1,6.4,97.0,1,11.50,49,2411,0x0000000000000000
14:30:57,31021,4254,2844165,5233020,31467763,185.1,6.5,96.0,1,11.49,49,2411,0x0000000000000000
14:30:58,31160,4254,2844165,5233020,31468239,210.2,6.6,95.0,1,11.49,49,2411,0x0000000000000000
14:30:59,30963,4254,2844165,5233020,31468391,143.3,6.9,99.0,1,11.52,49,2411,0x0000000000000000
14:31:00,31115,4254,2844165,5233020,31468993,243.7,6.8,94.0,2,11.50,48,2411,0x0000000000000000
14:31:01,30935,4254,2844165,5233020,31469018,107.8,6.5,100.0,1,11.49,48,2411,0x0000000000000000
14:31:02,31110,4254,2844165,5233020,31469617,231.7,6.6,96.0,1,11.45,48,2411,0x0000000000000000
14:31:03,30944,4254,2844165,5233020,31469642,103.0,6.4,100.0,1,11.46,48,2411,0x0000000000000000
14:31:04,31109,4254,2844165,5233020,31470243,242.9,7.0,95.0,1,11.47,48,2411,0x0000000000000000
14:31:05,30907,4254,2844165,5233020,31470270,115.3,6.7,100.0,1,11.48,48,2411,0x0000000000000000
14:31:06,31073,4254,2844165,5233020,31470871,238.4,6.8,96.0,1,11.46,48,2411,0x0000000000000000
14:31:07,30869,4254,2844167,5233020,31470899,111.5,6.4,100.0,1,11.48,48,2411,0x0000000000000000
14:31:08,31026,4254,2844167,5233020,31471500,236.9,6.8,97.0,1,11.45,48,2411,0x0000000000000000
14:31:09,30833,4254,2844167,5233020,31471527,111.9,6.8,100.0,1,11.46,48,2411,0x0000000000000000
14:31:10,31006,4254,2844167,5233020,31472126,229.9,6.5,96.0,1,11.43,48,2411,0x0000000000000000
14:31:11,30832,4254,2844167,5233020,31472151,107.8,6.5,100.0,1,11.46,48,2411,0x0000000000000000
14:31:12,30964,4254,2844167,5233020,31472752,239.9,6.7,95.0,1,11.46,48,2411,0x0000000000000000
14:31:13,31137,4254,2844167,5233020,31472962,154.2,6.8,99.0,2,11.47,48,2411,0x0000000000000000
14:31:14,30932,4254,2844167,5233020,31473382,210.6,6.8,91.0,1,11.49,48,2411,0x0000000000000000
14:31:15,31079,4254,2844167,5233020,31473975,249.1,6.9,94.0,1,11.49,48,2411,0x0000000000000000
14:31:16,30870,4254,2844167,5233020,31474015,123.5,6.3,100.0,1,11.49,48,2411,0x0000000000000000
14:31:17,31009,4254,2844167,5233020,31474617,248.1,6.3,96.0,1,11.46,48,2411,0x0000000000000000
14:31:18,30801,4254,2844167,5233020,31474646,119.6,6.5,100.0,1,11.49,48,2411,0x0000000000000000
14:31:19,30931,4254,2844167,5233020,31475250,256.3,7.1,96.0,1,11.48,48,2411,0x0000000000000000
14:31:20,31077,4254,2844167,5233020,31475593,191.8,6.6,97.0,1,11.46,48,2411,0x0000000000000000
14:31:21,30883,4254,2844167,5233020,31475883,181.1,6.6,96.0,2,11.46,48,2411,0x0000000000000000
14:31:22,31027,4254,2844167,5233020,31476487,252.2,7.0,94.9,1,11.44,48,2411,0x0000000000000000
14:31:23,30842,4254,2844167,5233020,31476515,121.4,6.5,100.0,1,11.45,48,2411,0x0000000000000000
14:31:24,31008,4254,2844167,5233020,31477118,246.5,6.8,95.0,1,11.44,48,2411,0x0000000000000000
14:31:25,31152,4254,2844167,5233020,31477253,145.4,6.7,99.0,2,11.46,48,2411,0x0000000000000000
14:31:26,30942,4254,2844167,5233020,31477751,232.6,6.6,97.0,2,11.46,48,2411,0x0000000000000000
14:31:27,31090,4254,2844167,5233020,31478354,249.4,6.3,94.9,1,11.43,48,2411,0x0000000000000000
14:31:28,30872,4254,2844167,5233020,31478384,127.5,6.5,100.0,1,11.44,48,2411,0x0000000000000000
14:31:29,31002,4254,2844167,5233020,31478990,256.5,6.9,95.0,2,11.44,48,2411,0x0000000000000000
14:31:30,31136,4254,2844167,5233020,31479134,147.9,6.4,99.0,1,11.44,47,2411,0x0000000000000000
14:31:31,30936,4254,2844167,5233020,31479622,223.8,6.5,96.0,1,11.42,47,2411,0x0000000000000000
14:31:32,31077,4254,2844167,5233020,31480165,238.8,6.6,94.9,1,11.43,47,2411,0x0000000000000000
14:31:33,30872,4254,2844167,5233020,31480256,142.1,6.5,99.0,1,11.44,47,2411,0x0000000000000000
14:31:34,31069,4254,2844167,5233020,31480853,220.7,6.5,69.7,0,11.31,47,2411,0x0000000000000000
14:31:35,30850,4254,2844167,5233020,31480882,123.8,6.5,100.0,1,11.42,47,2411,0x0000000000000000
14:31:36,30989,4254,2844167,5233020,31481485,249.4,6.7,95.0,1,11.39,47,2411,0x0000000000000000
14:31:37,30787,4254,2844167,5233020,31481513,119.8,6.3,100.0,2,11.38,47,2411,0x0000000000000000
14:31:38,30933,4254,2844167,5233020,31482115,242.5,6.2,94.0,2,11.35,47,2411,0x0000000000000000
14:31:39,31065,4254,2844167,5233020,31482511,203.9,6.8,98.0,1,11.40,47,2411,0x0000000000000000
14:31:40,30870,4254,2844167,5233020,31482748,172.0,6.4,98.0,2,11.39,47,2411,0x0000000000000000
14:31:41,31033,4254,2844167,5233020,31483351,248.0,6.6,94.0,2,11.38,47,2411,0x0000000000000000
14:31:42,30898,4254,2844167,5233020,31483380,122.2,6.4,100.0,1,11.37,47,2411,0x0000000000000000
14:31:43,31058,4254,2844167,5233020,31483984,251.8,7.0,92.9,2,11.37,47,2411,0x0000000000000000
14:31:44,33155,4254,2844167,5233020,31484190,159.2,6.8,98.0,1,11.39,47,2411,0x0000000000000000
14:31:45,32911,4254,2844167,5233020,31484615,208.5,6.6,97.0,2,11.36,47,2411,0x0000000000000000
14:31:46,33029,4254,2844167,5233020,31485146,235.6,6.5,94.9,1,11.36,47,2411,0x0000000000000000
14:31:47,32786,4254,2844167,5233020,31485248,144.2,6.5,99.0,2,11.38,47,2411,0x0000000000000000
14:31:48,32912,4254,2844167,5233020,31485851,247.7,6.3,95.0,1,11.34,47,2411,0x0000000000000000
14:31:49,32672,4254,2844167,5233020,31485881,125.5,6.6,100.0,2,11.38,47,2411,0x0000000000000000
14:31:50,32786,4254,2844167,5233020,31486484,247.1,7.1,94.9,1,11.38,47,2411,0x0000000000000000
14:31:51,33153,4254,2844167,5233020,31486907,204.6,6.5,96.1,1,11.34,47,2411,0x0000000000000000
14:31:52,32975,4254,2844167,5233022,31487113,157.7,6.8,99.0,1,11.31,47,2411,0x0000000000000000
14:31:53,33097,4254,2844167,5233025,31487716,248.5,7.7,96.0,2,11.35,47,2411,0x0000000000000000
14:31:54,32919,4255,2844167,5233328,31487787,133.0,7.8,100.0,1,11.42,47,2411,0x0000000000000000
14:31:55,33038,4255,2844168,5233599,31488446,251.6,7.1,65.0,2,11.34,47,2411,0x0000000000000000
14:31:56,32872,4256,2844168,5233806,31488482,118.4,7.1,100.0,1,11.32,47,2411,0x0000000000000000
14:31:57,32990,4256,2844168,5233806,31489180,247.3,6.8,94.9,2,11.28,47,2411,0x0000000000000000
14:31:58,33174,4256,2844168,5233841,31489373,144.6,6.7,99.0,1,11.32,47,2411,0x0000000000000000
14:31:59,33013,4256,2844168,5233841,31489836,213.7,7.5,97.0,1,11.32,47,2411,0x0000000000000000
14:32:00,33135,4256,2844180,5234185,31490308,208.9,7.2,97.0,1,11.36,47,2411,0x0000000000000000
14:32:01,32974,4256,2844180,5234489,31490480,146.8,6.8,99.0,2,11.32,47,2411,0x0000000000000000
14:32:02,33138,4256,2844180,5234931,31491087,242.4,6.7,95.0,1,11.26,47,2411,0x0000000000000000
14:32:03,32919,4256,2844180,5234931,31491114,113.7,6.7,100.0,1,11.28,47,2411,0x0000000000000000
14:32:04,33059,4257,2844180,5235314,31491722,247.0,7.4,94.9,1,11.28,47,2411,0x0000000000000000
14:32:05,32827,4257,2844189,5235851,31491849,133.2,7.1,100.0,1,11.34,46,2411,0x0000000000000000
14:32:06,32969,4257,2844189,5235851,31492489,243.0,6.7,95.0,1,11.29,46,2411,0x0000000000000000
14:32:07,32874,4257,2844191,5236357,31492513,141.1,6.7,100.0,2,11.31,46,2411,0x0000000000000000
14:32:08,33045,4257,2844191,5236359,31493120,257.6,7.1,97.0,1,11.31,46,2411,0x0000000000000000
14:32:09,33200,4257,2844191,5236749,31493318,167.6,7.3,99.0,2,11.37,46,2411,0x0000000000000000
14:32:10,32974,4257,2844193,5236749,31493754,206.6,6.9,96.0,2,11.28,46,2411,0x0000000000000000
14:32:11,33140,4257,2844193,5237247,31494194,204.6,6.9,97.0,1,11.24,46,2411,0x0000000000000000
14:32:12,32945,4257,2844193,5237247,31494395,146.9,7.2,98.0,1,11.28,46,2411,0x0000000000000000
14:32:13,33113,4257,2844193,5237261,31494996,242.5,7.2,97.0,1,11.24,46,2411,0x0000000000000000
14:32:14,32964,4257,2844193,5237693,31495043,122.1,7.2,100.0,1,11.30,46,2411,0x0000000000000000
14:32:15,33043,4257,2844194,5237693,31495656,253.8,7.0,96.0,1,11.27,46,2411,0x0000000000000000
14:32:16,32909,4257,2844194,5238478,31495690,125.2,7.0,100.0,1,11.31,46,2411,0x0000000000000000
14:32:17,33024,4257,2844194,5238478,31496319,245.0,6.7,95.0,2,11.26,46,2411,0x0000000000000000
14:32:18,33136,4257,2844194,5238478,31496653,188.5,6.5,97.0,1,11.24,46,2411,0x0000000000000000
14:32:19,32928,4257,2844194,5238478,31496950,169.6,6.9,97.0,1,11.20,46,2411,0x0000000000000000
14:32:20,33081,4257,2844197,5238478,31497512,221.4,6.4,96.0,1,11.20,46,2411,0x0000000000000000
14:32:21,32883,4257,2844197,5238478,31497576,113.3,6.5,100.0,1,11.20,46,2411,0x0000000000000000
14:32:22,33175,4257,2844203,5238633,31498025,202.6,7.2,97.0,1,11.20,46,2411,0x0000000000000000
14:32:23,32959,4257,2844203,5238633,31498220,152.1,6.7,98.0,2,11.22,46,2411,0x0000000000000000
14:32:24,33157,4258,2844203,5239399,31498823,241.5,7.1,96.0,1,11.24,46,2411,0x0000000000000000
14:32:25,32916,4258,2844203,5239399,31498869,115.3,6.7,100.0,1,11.27,46,2411,0x0000000000000000
14:32:26,33052,4258,2844203,5239399,31499470,239.1,6.8,51.0,1,11.22,46,2411,0x0000000000000000
14:32:27,32957,4258,2844203,5239465,31499514,112.3,6.7,100.0,1,11.25,46,2411,0x0000000000000000
14:32:28,33119,4258,2844203,5239465,31500115,238.5,6.6,93.9,1,11.23,46,2411,0x0000000000000000
14:32:29,32936,4258,2844203,5239518,31500141,110.2,7.0,100.0,1,11.24,46,2411,0x0000000000000000
14:32:30,33078,4258,2844218,5239518,31500758,240.6,6.7,94.1,2,11.20,46,2411,0x0000000000000000
14:32:31,32924,4258,2844218,5240432,31500785,114.6,7.0,100.0,2,11.22,46,2411,0x0000000000000000
14:32:32,33025,4258,2844218,5240432,31501425,239.9,6.7,96.0,1,11.20,46,2411,0x0000000000000000
14:32:33,33054,4258,2844218,5240432,31501451,108.9,6.6,100.0,1,11.21,46,2411,0x0000000000000000
14:32:34,32949,4258,2844218,5240432,31502054,241.6,7.2,97.0,1,11.20,46,2411,0x0000000000000000
14:32:35,33209,4258,2844218,5240614,31502425,182.9,6.7,98.0,1,11.20,46,2411,0x0000000000000000
14:32:36,33002,4258,2844221,5240614,31502697,161.8,6.4,98.0,1,11.17,46,2411,0x0000000000000000
14:32:37,33202,4258,2844222,5240710,31502961,154.1,6.7,98.0,1,11.18,46,2411,0x0000000000000000
14:32:38,33015,4259,2844223,5240887,31503354,207.2,6.9,86.9,2,11.25,46,2411,0x0000000000000000
14:32:39,33151,4260,2844223,5241013,31503958,254.8,7.0,95.0,1,11.24,46,2411,0x0000000000000000
14:32:40,32907,4260,2844223,5241013,31503994,127.4,7.0,100.0,1,11.29,46,2411,0x0000000000000000
14:32:41,32997,4260,2844246,5241013,31504950,283.0,7.1,94.0,2,11.24,46,2411,0x0000000000000000
14:32:42,33103,4260,2844248,5241013,31505188,170.8,6.6,98.0,2,11.25,46,2411,0x0000000000000000
14:32:43,32868,4260,2844248,5241013,31505587,210.5,7.0,98.0,1,11.22,46,2411,0x0000000000000000
14:32:44,33132,4260,2844296,5241111,31506298,264.2,7.3,96.1,2,11.23,46,2411,0x0000000000000000
14:32:45,32872,4258,2844296,5241248,31506395,136.9,6.9,100.0,2,11.27,46,2411,0x0000000000000000
14:32:46,33055,4258,2844296,5241248,31506999,253.3,6.7,93.9,2,11.23,46,2411,0x0000000000000000
14:32:47,33204,4258,2844299,5241259,31507347,186.9,6.5,96.0,1,11.19,46,2411,0x0000000000000000
14:32:48,32975,4258,2844299,5241259,31507649,182.4,6.7,97.0,2,11.21,46,2411,0x0000000000000000
14:32:49,33134,4258,2844299,5241341,31508263,248.9,7.3,95.0,1,11.19,46,2411,0x0000000000000000
14:32:50,32974,4258,2844299,5241341,31508292,119.8,6.6,100.0,2,11.20,46,2411,0x0000000000000000
14:32:51,33065,4258,2844299,5241341,31508896,254.4,6.8,96.0,2,11.21,46,2411,0x0000000000000000
14:32:52,33223,4258,2844300,5241495,31509116,166.2,6.5,98.0,2,11.22,46,2411,0x0000000000000000
14:32:53,33039,4258,2844300,5241685,31509530,209.1,6.6,96.0,2,11.21,46,2411,0x0000000000000000
14:32:54,33167,4258,2844300,5241882,31510137,254.0,7.2,95.0,1,11.22,46,2411,0x0000000000000000
14:32:55,32909,4258,2844300,5241882,31510172,127.1,6.9,100.0,1,11.26,46,2411,0x0000000000000000
14:32:56,33093,4259,2844300,5242114,31510776,251.1,7.3,96.0,2,11.22,46,2411,0x0000000000000000
14:32:57,32917,4259,2844304,5242477,31510813,121.0,6.5,100.0,1,11.23,46,2411,0x0000000000000000
14:32:58,33010,4259,2844305,5242477,31511419,254.6,7.0,96.0,2,11.21,46,2411,0x0000000000000000
14:32:59,33179,4259,2844305,5242767,31512023,250.9,7.3,96.0,1,11.22,46,2411,0x0000000000000000
14:33:00,33004,4259,2844306,5242767,31512085,132.7,6.9,100.0,2,11.21,46,2411,0x0000000000000000
14:33:01,33102,4259,2844306,5242770,31512689,250.0,7.0,94.1,2,11.19,46,2411,0x0000000000000000
14:33:02,32935,4259,2844306,5243119,31512718,122.8,6.8,100.0,1,11.24,46,2411,0x0000000000000000
14:33:03,33047,4259,2844306,5243119,31513319,243.7,6.5,94.9,1,11.19,46,2411,0x0000000000000000
14:33:04,33224,4259,2844306,5243940,31513702,205.4,7.3,97.0,1,11.23,46,2411,0x0000000000000000
14:33:05,32961,4259,2844306,5243940,31513962,178.0,7.0,98.0,2,11.24,46,2411,0x0000000000000000
14:33:06,33075,4259,2844307,5243940,31514573,254.8,6.7,95.0,2,11.21,45,2411,0x0000000000000000
14:33:07,32968,4259,2844309,5244755,31514603,120.4,6.6,100.0,1,11.19,45,2411,0x0000000000000000
14:33:08,33075,4259,2844309,5244755,31515206,249.0,7.1,94.9,1,11.22,45,2411,0x0000000000000000
14:33:09,33228,4259,2844309,5245162,31515469,175.7,6.9,98.0,2,11.18,45,2411,0x0000000000000000
14:33:10,32985,4259,2844311,5245162,31515898,209.4,7.2,98.0,2,11.22,45,2411,0x0000000000000000
14:33:11,33186,4259,2844314,5245672,31516504,249.9,6.9,96.0,2,11.15,45,2411,0x0000000000000000
14:33:12,32989,4259,2844314,5245672,31516534,125.6,6.7,100.0,2,11.23,45,2411,0x0000000000000000
14:33:13,33091,4259,2844314,5245672,31517137,252.1,7.1,92.9,2,11.19,45,2411,0x0000000000000000
14:33:14,33241,4259,2844335,5246138,31517348,158.1,6.8,99.0,2,11.22,45,2411,0x0000000000000000
14:33:15,33063,4258,2844335,5246138,31517810,223.5,7.2,97.0,2,11.20,45,2411,0x0000000000000000
14:33:16,33178,4258,2844335,5246138,31518424,246.4,6.7,94.9,1,11.22,45,2411,0x0000000000000000
14:33:17,33001,4258,2844335,5246428,31518453,123.6,6.8,100.0,2,11.20,45,2411,0x0000000000000000
14:33:18,33124,4258,2844335,5246687,31519056,251.0,6.8,96.0,1,11.17,45,2411,0x0000000000000000
14:33:19,32905,4258,2844335,5246687,31519110,129.6,6.8,100.0,1,11.19,45,2411,0x0000000000000000
14:33:20,33086,4258,2844340,5246687,31519731,219.8,6.4,47.5,2,11.06,45,2411,0x0000000000000000
14:33:21,33265,4258,2844340,5246687,31519812,134.4,6.6,100.0,2,11.17,45,2411,0x0000000000000000
14:33:22,33046,4258,2844340,5246687,31520372,242.1,7.2,94.0,2,11.20,45,2411,0x0000000000000000
14:33:23,33227,4258,2844341,5246687,31520901,232.9,7.0,96.0,1,11.16,45,2411,0x0000000000000000
14:33:24,32998,4258,2844341,5246687,31521013,143.5,7.2,96.0,1,11.19,45,2411,0x0000000000000000
14:33:25,33117,4258,2844341,5246687,31521620,251.7,6.5,96.0,2,11.15,45,2411,0x0000000000000000
14:33:26,32873,4258,2844341,5246687,31521650,127.6,6.5,100.0,2,11.20,45,2411,0x0000000000000000
14:33:27,33099,4258,2844343,5246687,31522261,249.3,6.9,95.0,2,11.17,45,2411,0x0000000000000000
14:33:28,33217,4258,2844343,5246687,31522692,213.0,6.8,96.0,1,11.16,45,2411,0x0000000000000000
14:33:29,32973,4258,2844343,5246687,31522897,162.9,7.3,97.0,2,11.22,45,2411,0x0000000000000000
14:33:30,33163,4258,2844343,5246687,31523500,246.7,6.6,95.0,1,11.13,45,2411,0x0000000000000000
14:33:31,32982,4258,2844343,5246687,31523529,125.5,6.7,100.0,2,11.22,45,2411,0x0000000000000000
14:33:32,33092,4258,2844343,5246687,31524134,257.0,7.0,96.0,2,11.20,45,2411,0x0000000000000000
14:33:33,33239,4258,2844343,5246687,31524574,214.3,6.8,97.0,1,11.16,45,2411,0x0000000000000000
14:33:34,32991,4258,2844343,5246687,31524767,161.6,6.9,98.0,1,11.17,45,2411,0x0000000000000000
14:33:35,33191,4258,2844343,5246696,31525372,253.0,7.2,96.0,1,11.14,45,2411,0x0000000000000000
14:33:36,32973,4258,2844343,5246697,31525401,122.7,6.5,100.0,2,11.15,45,2411,0x0000000000000000
14:33:37,33072,4258,2844344,5246697,31526006,252.0,7.2,96.0,1,11.16,45,2411,0x0000000000000000
14:33:38,33184,4258,2844344,5246697,31526251,168.3,6.5,98.0,2,11.14,45,2411,0x0000000000000000
14:33:39,33063,4258,2844344,5246697,31526639,206.1,7.2,97.0,1,11.17,45,2411,0x0000000000000000
14:33:40,33193,4258,2844344,5246697,31527241,248.1,6.4,94.9,1,11.13,45,2411,0x0000000000000000
14:33:41,32923,4258,2844355,5246697,31527282,128.3,7.2,100.0,1,11.24,45,2411,0x0000000000000000
14:33:42,33124,4258,2844356,5246697,31527885,248.1,6.9,94.0,1,11.13,45,2411,0x0000000000000000
14:33:43,32946,4258,2844356,5246697,31527917,124.3,7.1,100.0,1,11.19,45,2411,0x0000000000000000
14:33:44,33066,4258,2844356,5246697,31528517,234.0,6.7,94.0,1,11.09,45,2411,0x0000000000000000
14:33:45,33212,4258,2844361,5246697,31528644,131.5,6.8,99.0,1,11.12,45,2411,0x0000000000000000
14:33:46,33079,4258,2844361,5246697,31529153,223.5,7.0,96.0,1,11.12,45,2411,0x0000000000000000
14:33:47,33199,4258,2844361,5246697,31529706,227.8,6.8,96.0,1,11.15,45,2411,0x0000000000000000
14:33:48,33000,4258,2844361,5246697,31529780,118.5,6.6,100.0,1,11.12,45,2411,0x0000000000000000
14:33:49,33192,4258,2844361,5246697,31530382,242.1,7.5,97.0,1,11.11,45,2411,0x0000000000000000
14:33:50,33056,4258,2844361,5246697,31530407,106.2,6.7,100.0,1,11.13,45,2411,0x0000000000000000
14:33:51,33178,4258,2844364,5246697,31530998,238.0,6.7,76.2,1,11.12,45,2411,0x0000000000000000
14:33:52,33031,4258,2844364,5246697,31531036,111.1,6.8,100.0,1,11.14,45,2411,0x0000000000000000
14:33:53,33194,4258,2844364,5246697,31531636,232.5,6.5,94.1,1,11.08,45,2411,0x0000000000000000
14:33:54,32957,4258,2844364,5246697,31531665,118.6,7.2,100.0,1,11.17,45,2411,0x0000000000000000
14:33:55,33150,4258,2844364,5246697,31532266,231.7,7.8,96.0,1,11.25,45,2411,0x0000000000000000
14:33:56,32943,4258,2844364,5246697,31532292,111.4,6.6,100.0,1,11.16,45,2411,0x0000000000000000
14:33:57,33167,4279,2844364,5251885,31532892,237.3,7.5,96.0,2,11.22,45,2411,0x0000000000000000
14:33:58,33069,4330,2844364,5265143,31532917,105.2,7.2,100.0,1,11.12,45,2411,0x0000000000000000
14:33:59,33308,4413,2844364,5286331,31533515,226.8,8.1,96.0,1,11.28,45,2411,0x0000000000000000
14:34:00,33189,4447,2844367,5294947,31533543,105.1,7.1,100.0,1,11.15,45,2411,0x0000000000000000
14:34:01,33471,4544,2844367,5319655,31534140,226.1,7.8,94.0,1,11.26,45,2411,0x0000000000000000
14:34:02,33291,4544,2844370,5319655,31534224,119.5,6.9,100.0,1,11.15,45,2411,0x0000000000000000
14:34:03,33416,4544,2844370,5319655,31534824,236.0,6.7,97.0,1,11.09,45,2411,0x0000000000000000
14:34:04,33264,4544,2844370,5319655,31534852,111.6,7.0,100.0,1,11.13,45,2411,0x0000000000000000
14:34:05,33357,4544,2844370,5319655,31535460,247.8,7.4,96.0,2,11.13,45,2411,0x0000000000000000
14:34:06,33389,4687,2844370,5355873,31535483,100.8,7.8,100.0,1,11.32,45,2411,0x0000000000000000
14:34:07,33498,4687,2844433,5355873,31536109,244.8,6.9,51.5,1,11.15,45,2411,0x0000000000000000
14:34:08,33498,4816,2844433,5388740,31536133,102.4,7.8,100.0,2,11.31,45,2411,0x0000000000000000
14:34:09,33769,4922,2844433,5415248,31536735,242.5,8.2,95.0,2,11.33,45,2411,0x0000000000000000
14:34:10,33792,4922,2844434,5415248,31536909,141.8,6.8,97.0,1,11.16,45,2411,0x0000000000000000
14:34:11,33838,5018,2844434,5439600,31537364,208.8,7.9,97.0,2,11.23,45,2411,0x0000000000000000
14:34:12,34083,5138,2844434,5470227,31537600,151.3,7.5,99.0,1,11.20,45,2411,0x0000000000000000
14:34:13,33864,5138,2844434,5470227,31537991,198.9,7.3,98.0,2,11.15,45,2411,0x0000000000000000
14:34:14,34236,5266,2844436,5502734,31538571,231.5,7.7,89.9,1,11.19,45,2411,0x0000000000000000
14:34:15,33968,5266,2844436,5502734,31538623,129.3,6.8,99.0,1,11.13,45,2411,0x0000000000000000
14:34:16,34305,5389,2844436,5534391,31539229,245.0,7.7,96.0,2,11.18,45,2411,0x0000000000000000
14:34:17,34203,5482,2844436,5557791,31539258,126.9,7.5,100.0,1,11.16,45,2411,0x0000000000000000
14:34:18,34272,5482,2844436,5557791,31539862,249.1,6.6,94.9,2,11.16,45,2411,0x0000000000000000
14:34:19,34373,5482,2844436,5557791,31540110,176.9,6.9,98.0,1,11.12,45,2411,0x0000000000000000
14:34:20,34372,5577,2844440,5581751,31540498,200.3,7.5,97.0,1,11.12,45,2411,0x0000000000000000
14:34:21,34446,5577,2844644,5581751,31541186,254.4,7.0,96.0,2,11.13,45,2411,0x0000000000000000
14:34:22,34234,5577,2851326,5581751,31544690,155.6,7.7,100.0,2,11.12,45,2411,0x0000000000000000
14:34:23,34425,5577,2851351,5581751,31545317,245.4,7.0,63.0,1,11.09,45,2411,0x0000000000000000
14:34:24,34323,5662,2851498,5603117,31545476,122.5,7.7,100.0,1,11.10,45,2411,0x0000000000000000
14:34:25,34427,5681,2851498,5607514,31546079,241.4,7.4,94.9,1,11.22,45,2411,0x0000000000000000
14:34:26,34785,5818,2851498,5642121,31546104,99.1,7.9,99.0,1,11.23,45,2411,0x0000000000000000
14:34:27,34538,5818,2851498,5642121,31546707,249.6,6.8,94.9,2,11.11,45,2411,0x0000000000000000
14:34:28,34853,5922,2851753,5668195,31547503,230.8,7.3,95.0,1,11.18,45,2411,0x0000000000000000
14:34:29,34596,5922,2851980,5668195,31547875,144.6,7.2,100.0,1,11.09,45,2411,0x0000000000000000
14:34:30,34864,6013,2851982,5691496,31548480,250.6,7.7,96.0,2,11.10,45,2411,0x0000000000000000
14:34:31,34851,6128,2851982,5720084,31548505,106.2,7.8,100.0,1,11.17,45,2411,0x0000000000000000
14:34:32,34969,6128,2851982,5720084,31549107,242.2,6.9,95.9,1,11.04,45,2411,0x0000000000000000
14:34:33,34952,6252,2851982,5751550,31549131,104.8,8.1,100.0,2,11.21,45,2411,0x0000000000000000
14:34:34,35039,6252,2851982,5751550,31549745,253.7,7.3,94.1,1,11.06,45,2411,0x0000000000000000
14:34:35,34943,6355,2851993,5777497,31549787,123.7,7.1,100.0,2,11.10,45,2411,0x0000000000000000
14:34:36,35256,6472,2851993,5807388,31550390,248.5,7.4,96.0,1,11.06,45,2411,0x0000000000000000
14:34:37,35362,6472,2851993,5807388,31550909,231.3,6.6,96.0,1,11.04,45,2411,0x0000000000000000
14:34:38,35273,6586,2851995,5836792,31551040,146.7,7.3,99.0,2,11.16,45,2411,0x0000000000000000
14:34:39,35395,6586,2851995,5836792,31551644,253.3,7.1,95.0,2,11.09,45,2411,0x0000000000000000
14:34:40,35359,6688,2851995,5861860,31551671,116.1,7.7,100.0,1,11.13,45,2411,0x0000000000000000
14:34:41,35451,6688,2851999,5861860,31552281,251.5,7.3,94.9,2,11.17,45,2411,0x0000000000000000
14:34:42,35730,6782,2852014,5884185,31552423,139.3,7.6,99.0,2,11.17,45,2411,0x0000000000000000
14:34:43,35481,6782,2852014,5884185,31552482,132.5,7.2,100.0,1,11.09,45,2411,0x0000000000000000
14:34:44,35731,6863,2852031,5903014,31552586,135.9,7.8,99.0,2,11.22,45,2411,0x0000000000000000
14:34:45,35452,6863,2852048,5903014,31552639,136.1,7.1,100.0,2,11.13,45,2411,0x0000000000000000
14:34:46,35708,6900,2852051,5912440,31553155,238.5,6.8,94.0,2,11.06,45,2411,0x0000000000000000
14:34:47,35921,6975,2852073,5928492,31553292,145.2,7.1,87.0,1,11.24,45,2411,0x0000000000000000
14:34:48,35699,6975,2852153,5928492,31553332,130.8,6.7,99.0,2,11.09,44,2411,0x0000000000000000
14:34:49,35825,6975,2852233,5928492,31553390,128.8,6.9,99.0,2,11.05,44,2411,0x0000000000000000
14:34:50,35605,6982,2853598,5930049,31554606,148.7,7.3,100.0,1,11.14,44,2411,0x0000000000000000
14:34:51,35678,6982,2853602,5930049,31554650,125.1,6.4,100.0,2,11.06,44,2411,0x0000000000000000
14:34:52,35855,6982,2853602,5930049,31554693,125.2,6.6,99.0,1,11.10,44,2411,0x0000000000000000
14:34:53,35612,6982,2853602,5930049,31554723,126.3,6.6,100.0,2,11.12,44,2411,0x0000000000000000
14:34:54,35707,6982,2853673,5930049,31554914,137.1,7.4,100.0,1,11.07,44,2411,0x0000000000000000
14:34:55,35586,6982,2853747,5930049,31554953,123.1,6.4,99.0,1,11.09,44,2411,0x0000000000000000
14:34:56,35682,6982,2853827,5930049,31555005,121.0,6.5,99.0,2,11.08,44,2411,0x0000000000000000
14:34:57,35884,6982,2853904,5930049,31555076,130.9,6.3,100.0,2,11.08,44,2411,0x0000000000000000
14:34:58,35690,6982,2853906,5930049,31555081,145.9,6.4,99.0,1,11.11,44,2411,0x0000000000000000
14:34:59,35610,6982,2853940,5930049,31555118,154.3,6.6,100.0,1,11.11,44,2411,0x0000000000000000
14:35:00,35460,6983,2853951,5930632,31555135,150.3,6.6,100.0,1,11.12,44,2411,0x0000000000000000
14:35:01,35292,6983,2853951,5930635,31555138,149.5,6.3,100.0,1,11.11,44,2411,0x0000000000000000
14:35:02,35056,6983,2853952,5930667,31555146,150.0,6.6,100.0,1,11.13,44,2411,0x0000000000000000
14:35:03,34901,6983,2853955,5930701,31555154,150.5,6.5,100.0,1,11.08,44,2411,0x0000000000000000
14:35:04,34826,6983,2853955,5930926,31555163,161.4,7.0,100.0,1,11.12,44,2411,0x0000000000000000
14:35:05,35812,6983,2853958,5930926,31555187,140.4,6.2,100.0,1,11.06,44,2411,0x0000000000000000
14:35:06,35707,6983,2855300,5930926,31555525,147.4,6.1,94.0,1,11.11,44,2411,0x0000000000000000
14:35:07,35831,6983,2857712,5930926,31556129,136.9,6.2,88.1,1,11.01,44,2411,0x0000000000000000
14:35:08,35645,6983,2857727,5930926,31556132,145.8,6.1,100.0,1,11.08,44,2411,0x0000000000000000
14:35:09,35448,6983,2857736,5930926,31556136,151.9,6.8,100.0,1,11.10,44,2411,0x0000000000000000
14:35:10,35243,6983,2857737,5930926,31556176,163.0,6.9,100.0,1,11.08,44,2411,0x0000000000000000
14:35:11,35056,6983,2857737,5930926,31556182,147.2,6.6,100.0,1,11.09,44,2411,0x0000000000000000
14:35:12,34869,6983,2857737,5930926,31556188,146.5,6.0,100.0,2,11.07,44,2411,0x0000000000000000
14:35:13,35020,6983,2857737,5930926,31556192,145.0,6.8,100.0,2,11.06,44,2411,0x0000000000000000
14:35:14,34815,6983,2857753,5930926,31556210,168.2,7.0,99.0,1,11.04,44,2411,0x0000000000000000
14:35:15,34521,6983,2857753,5931193,31556260,249.3,6.9,55.0,1,11.07,44,2411,0x0000000000000000
14:35:16,34391,6983,2857753,5931193,31556260,132.0,6.8,100.0,1,11.04,44,2411,0x0000000000000000
14:35:17,34214,6983,2857756,5931193,31556262,148.3,7.1,100.0,1,11.13,44,2411,0x0000000000000000
14:35:18,34033,6983,2857765,5931193,31556268,139.3,6.4,100.0,2,11.06,44,2411,0x0000000000000000
14:35:19,33853,6983,2857765,5931193,31556269,138.0,6.7,100.0,1,11.06,44,2411,0x0000000000000000
14:35:20,33896,6984,2857766,5931391,31556274,131.5,6.8,100.0,1,11.03,44,2411,0x0000000000000000
14:35:21,33748,6984,2857766,5931523,31556286,135.7,7.0,100.0,1,11.06,44,2411,0x0000000000000000
14:35:22,33574,6984,2857769,5931523,31556297,134.5,7.3,100.0,1,11.16,44,2411,0x0000000000000000
14:35:23,33346,6984,2857769,5931523,31556298,179.3,6.7,99.0,2,11.04,44,2411,0x0000000000000000
14:35:24,33146,6984,2857769,5931523,31556318,150.6,6.5,100.0,1,11.06,44,2411,0x0000000000000000
14:35:25,32935,6984,2857769,5931523,31556366,151.8,6.2,100.0,1,11.08,44,2411,0x0000000000000000
14:35:26,32944,6984,2857769,5931531,31556367,147.8,6.6,100.0,1,11.12,44,2411,0x0000000000000000
14:35:27,32830,6984,2857769,5931752,31556374,149.5,6.4,100.0,1,11.08,44,2411,0x0000000000000000
14:35:28,32664,6984,2857769,5931761,31556376,150.3,6.8,100.0,1,11.11,44,2411,0x0000000000000000
14:35:29,32514,6984,2857769,5931828,31556387,147.9,6.8,100.0,1,11.07,44,2411,0x0000000000000000
14:35:30,32374,6984,2857769,5931860,31556392,145.9,6.5,100.0,1,11.07,44,2411,0x0000000000000000
14:35:31,32217,6984,2857769,5931874,31556394,147.6,6.4,100.0,2,11.08,44,2411,0x0000000000000000
14:35:32,32065,6984,2857769,5931887,31556402,148.9,6.5,100.0,1,11.09,44,2411,0x0000000000000000
14:35:33,31915,6984,2857769,5931934,31556403,148.3,6.3,100.0,2,11.09,44,2411,0x0000000000000000
14:35:34,31744,6984,2857769,5931946,31556407,156.2,6.6,100.0,1,11.10,44,2411,0x0000000000000000
14:35:35,31559,6985,2857769,5931951,31556441,151.9,6.4,100.0,2,11.09,44,2411,0x0000000000000000
14:35:36,31387,6985,2857769,5932013,31556448,158.0,6.3,100.0,1,11.08,44,2411,0x0000000000000000
14:35:37,31244,6985,2857769,5932107,31556450,148.3,6.4,100.0,2,11.07,44,2411,0x0000000000000000
14:35:38,31075,6985,2857769,5932224,31556457,147.0,6.2,100.0,1,11.07,44,2411,0x0000000000000000
14:35:39,30938,6985,2857769,5932277,31556460,148.6,6.8,100.0,1,11.07,44,2411,0x0000000000000000
14:35:40,30847,6986,2857769,5932483,31556460,147.0,6.5,100.0,1,11.09,44,2411,0x0000000000000000
14:35:41,30674,6986,2857769,5932504,31556463,148.9,6.5,100.0,1,11.07,44,2411,0x0000000000000000
14:35:42,35810,6986,2857769,5932504,31556476,107.0,5.9,100.0,1,10.96,44,2411,0x0000000000000000
14:35:43,35618,6986,2857769,5932504,31556481,146.2,8.5,100.0,1,11.12,44,2411,0x0000000000000000
14:35:44,35430,6986,2857769,5932504,31556482,150.3,6.6,100.0,1,11.06,44,2411,0x0000000000000000
14:35:45,35229,6986,2857769,5932504,31556484,153.0,6.4,100.0,2,11.07,44,2411,0x0000000000000000
14:35:46,35042,6986,2857770,5932504,31556485,147.5,6.3,100.0,1,11.07,44,2411,0x0000000000000000
14:35:47,34858,6986,2857771,5932504,31556486,147.3,6.1,100.0,1,11.06,44,2411,0x0000000000000000
14:35:48,34674,6986,2857771,5932504,31556486,147.0,6.1,100.0,1,11.07,44,2411,0x0000000000000000
14:35:49,34486,6986,2857771,5932504,31556487,149.3,6.5,100.0,1,11.08,44,2411,0x0000000000000000
14:35:50,34299,6986,2857787,5932504,31556503,150.1,6.2,100.0,1,11.09,44,2411,0x0000000000000000
14:35:51,34112,6986,2857787,5932504,31556503,148.2,6.3,100.0,1,11.04,44,2411,0x0000000000000000
14:35:52,33927,6986,2857787,5932504,31556503,148.5,6.1,100.0,1,10.77,44,2405,0x0000000000000000
14:35:53,33738,6986,2857787,5932504,31556503,149.5,6.1,100.0,2,10.77,44,2405,0x0000000000000000
14:35:54,33546,6986,2857787,5932504,31556503,150.8,6.5,100.0,1,10.78,44,2405,0x0000000000000000
14:35:55,33355,6986,2857787,5932504,31556505,150.9,6.3,100.0,2,10.77,44,2405,0x0000000000000000
14:35:56,33167,6986,2857787,5932504,31556505,148.2,6.1,100.0,1,10.76,44,2405,0x0000000000000000
14:35:57,32978,6986,2857787,5932504,31556505,150.0,6.3,100.0,1,10.78,44,2405,0x0000000000000000
14:35:58,32778,6986,2857787,5932504,31556507,148.5,6.9,100.0,2,10.78,44,2405,0x0000000000000000
14:35:59,32591,6986,2857787,5932504,31556514,149.6,6.7,100.0,1,10.80,44,2405,0x0000000000000000
14:36:00,32398,6986,2857798,5932504,31556526,148.8,6.1,100.0,1,10.77,44,2405,0x0000000000000000
14:36:01,32207,6986,2857798,5932504,31556526,149.0,6.3,100.0,2,10.77,44,2405,0x0000000000000000
14:36:02,32017,6986,2857798,5932504,31556530,148.0,6.2,100.0,1,10.77,44,2405,0x0000000000000000
14:36:03,31828,6986,2857799,5932504,31556533,147.5,6.2,100.0,1,10.77,44,2405,0x0000000000000000
14:36:04,31630,6986,2857799,5932504,31556540,160.3,7.2,99.0,2,10.79,44,2405,0x0000000000000000
14:36:05,34992,6986,2857801,5932504,31651518,464.2,6.0,77.0,0,10.65,44,2405,0x0000000000000000
14:36:06,35927,6989,2857801,5933408,32057236,1583.8,5.5,78.6,0,10.39,44,2405,0x0000000000000000
14:36:07,35944,7008,2857802,5935076,32453916,1549.3,6.0,67.7,0,10.46,44,2405,0x0000000000000000
14:36:08,35597,7009,2857802,5935148,32750706,1158.2,14.2,91.1,0,11.46,44,2405,0x0000000000000000
14:36:09,35950,7009,2857802,5935151,32787893,145.4,15.7,100.0,0,11.89,44,2405,0x0000000000000000
14:36:10,35960,7009,2857806,5935340,32852572,252.5,12.9,98.0,0,11.92,44,2405,0x0000000000000000
14:36:11,35943,7024,2857807,5940062,33144492,1141.0,10.6,100.0,0,11.70,44,2405,0x0000000000000000
14:36:12,35936,7024,2857807,5940550,33488013,1342.4,10.4,100.0,0,11.65,44,2405,0x0000000000000000
14:36:13,35931,7025,2857807,5940997,33855292,1434.5,11.6,100.0,0,11.66,44,2405,0x0000000000000000
14:36:14,35914,7025,2857807,5941179,34145681,1135.0,10.2,100.0,0,11.63,44,2405,0x0000000000000000
14:36:15,35918,7025,2857832,5941286,34353122,826.7,8.6,98.0,0,11.67,44,2405,0x0000000000000000
14:36:16,35909,7026,2857869,5941488,34561825,822.2,9.2,100.0,0,11.69,44,2405,0x0000000000000000
14:36:17,35960,7026,2857988,5941657,34618397,222.1,15.3,100.0,0,11.89,44,2405,0x0000000000000000
14:36:18,35961,7027,2857990,5941919,34662366,171.8,15.3,100.0,0,11.88,44,2405,0x0000000000000000
14:36:19,35959,7027,2858007,5942162,34724918,245.1,15.8,100.0,0,11.89,44,2405,0x0000000000000000
14:36:20,35963,7027,2858010,5942358,34805936,316.3,15.5,100.0,0,11.89,44,2405,0x0000000000000000
14:36:21,35963,7027,2858081,5942777,34879373,287.0,15.4,100.0,0,11.88,44,2405,0x0000000000000000
14:36:22,35967,7027,2858102,5943327,34963625,331.8,14.9,100.0,0,11.86,44,2405,0x0000000000000000
14:36:23,35965,7027,2858102,5943457,35019251,218.2,15.4,99.0,0,11.88,44,2405,0x0000000000000000
14:36:24,35964,7027,2858102,5943472,35096883,303.3,15.7,100.0,0,11.89,44,2405,0x0000000000000000
14:36:25,35964,7027,2858117,5943486,35166412,272.2,15.6,100.0,0,11.90,44,2405,0x0000000000000000
14:36:26,35963,7027,2858117,5943505,35245905,310.7,15.4,100.0,0,11.90,44,2405,0x0000000000000000
14:36:27,35961,7027,2858119,5943505,35334178,345.1,15.6,100.0,0,11.89,44,2405,0x0000000000000000
14:36:28,35964,7027,2858119,5943518,35445387,434.8,10.2,98.0,0,11.76,44,2405,0x0000000000000000
14:36:29,35968,7027,2858121,5943518,35526418,316.8,10.5,100.0,0,11.71,44,2405,0x0000000000000000
14:36:30,35968,7027,2858124,5943520,35578646,204.2,10.2,100.0,0,11.74,44,2405,0x0000000000000000
14:36:31,35968,7027,2858125,5943536,35627286,190.1,10.1,100.0,0,11.76,44,2405,0x0000000000000000
14:36:32,35958,7027,2858125,5943633,35781981,605.2,11.1,84.3,0,11.72,44,2405,0x0000000000000000
14:36:33,35970,7048,2858125,5948713,36121557,1326.3,11.3,100.0,0,11.68,44,2405,0x0000000000000000
14:36:34,35963,7049,2858125,5949308,36424686,1184.3,11.7,100.0,0,11.69,44,2405,0x0000000000000000
14:36:35,35932,7051,2858152,5950143,36767773,1340.7,9.9,100.0,0,11.68,44,2405,0x0000000000000000
14:36:36,35935,7055,2858155,5951599,37167929,1562.5,9.5,100.0,0,11.77,44,2405,0x0000000000000000
14:36:37,35929,7055,2858156,5952100,37394693,886.5,8.4,99.0,0,11.79,44,2405,0x0000000000000000
14:36:38,35934,7057,2858164,5953354,37660739,1039.8,8.1,100.0,0,11.78,44,2405,0x0000000000000000
14:36:39,35930,7058,2858164,5954079,37910104,973.9,8.2,100.0,0,11.81,44,2405,0x0000000000000000
14:36:40,35940,7060,2858171,5955327,38147434,927.1,8.3,100.0,0,11.80,44,2405,0x0000000000000000
14:36:41,35967,7060,2858187,5955725,38322403,683.6,13.2,100.0,0,11.87,44,2405,0x0000000000000000
14:36:42,35965,7060,2858188,5956257,38612649,1133.6,8.3,100.0,0,11.80,44,2405,0x0000000000000000
14:36:43,35991,7060,2858188,5956625,38820535,812.1,9.5,100.0,0,11.79,44,2405,0x0000000000000000
14:36:44,36050,7060,2858254,5956744,38965244,566.0,20.1,99.0,0,11.13,44,2405,0x0000000000000000
14:36:45,36034,7060,2861801,5956773,39082276,473.1,18.2,99.0,0,11.03,44,2405,0x0000000000000000
14:36:46,36043,7060,2861801,5956795,39211079,503.2,16.8,100.0,0,11.49,44,2405,0x0000000000000000
14:36:47,36038,7060,2861806,5956903,39417441,806.1,13.4,99.0,0,10.84,44,2405,0x0000000000000000
14:36:48,36036,7060,2861806,5956905,39611961,760.2,10.0,98.0,0,11.23,44,2405,0x0000000000000000
14:36:49,36052,7072,2861806,5961880,39789331,693.0,11.2,97.1,0,11.67,44,2405,0x0000000000000000
14:36:50,36606,7581,2864618,6102838,39840000,224.0,15.5,100.0,0,11.86,44,2398,0x0000000000000000
14:36:51,36727,7588,2864852,6128050,40196708,1394.0,10.8,100.0,0,11.73,44,2405,0x0000000000000000
14:36:52,36724,7589,2864913,6128581,40592392,1546.0,10.2,100.0,0,11.74,44,2405,0x0000000000000000
14:36:53,36723,7590,2864941,6129412,41012145,1639.5,8.0,80.0,0,11.20,44,2405,0x0000000000000000
14:36:54,36716,7593,2865009,6131164,41399731,1515.6,9.2,100.0,0,11.78,44,2405,0x0000000000000000
14:36:55,36711,7596,2865219,6132500,41787158,1519.5,9.4,100.0,0,11.77,44,2405,0x0000000000000000
14:36:56,36714,7598,2865220,6133430,42161410,1461.8,9.5,100.0,0,11.80,44,2405,0x0000000000000000
14:36:57,36707,7599,2865510,6134374,42395441,914.6,8.2,100.0,0,11.78,44,2405,0x0000000000000000
14:36:58,36712,7601,2865513,6135361,42637741,947.3,7.8,100.0,0,11.78,44,2405,0x0000000000000000
14:36:59,36706,7603,2865516,6136044,42873560,921.1,8.3,99.0,0,11.76,44,2405,0x0000000000000000
14:37:00,36806,7607,2865834,6138381,43098892,882.4,8.8,100.0,0,11.78,44,2405,0x0000000000000000
14:37:01,36802,7607,2865853,6138787,43323207,876.7,8.1,100.0,0,11.78,44,2405,0x0000000000000000
14:37:02,36740,7609,2866269,6139634,43544438,864.8,8.4,100.0,0,11.80,44,2405,0x0000000000000000
14:37:03,36434,7613,2866301,6141152,43611800,262.9,14.6,100.0,0,11.93,44,2405,0x0000000000000000
14:37:04,36335,7616,2866302,6142191,43638619,104.8,15.7,100.0,0,11.93,44,2405,0x0000000000000000
14:37:05,36357,7621,2866420,6143991,43666818,111.6,15.6,100.0,0,11.93,44,2405,0x0000000000000000
14:37:06,36576,7624,2866433,6145831,43701751,137.9,15.5,100.0,0,11.93,44,2405,0x0000000000000000
14:37:07,36540,7625,2866590,6146482,43739688,149.1,15.6,100.0,0,11.94,44,2405,0x0000000000000000
14:37:08,36349,7625,2866619,6146937,43767036,107.0,15.4,100.0,0,11.93,44,2405,0x0000000000000000
14:37:09,36566,7626,2866625,6147497,43793946,123.4,15.8,100.0,0,11.92,44,2405,0x0000000000000000
14:37:10,36849,7627,2867824,6148053,43821796,113.0,15.7,100.0,0,11.91,44,2405,0x0000000000000000
14:37:11,36825,7627,2871661,6148257,43850274,117.9,15.9,100.0,0,11.90,44,2405,0x0000000000000000
14:37:12,36844,7628,2871880,6148764,43876675,103.5,15.5,100.0,0,11.92,44,2405,0x0000000000000000
14:37:13,36846,7628,2871893,6149302,43903376,104.4,15.4,100.0,0,11.92,44,2405,0x0000000000000000
14:37:14,36842,7628,2873337,6149640,43930969,116.0,16.5,100.0,0,11.92,44,2405,0x0000000000000000
14:37:15,36885,7627,2873375,6150849,44065341,525.9,12.5,100.0,0,10.87,44,2405,0x0000000000000000
14:37:16,34163,7628,2876503,6151690,44072036,54.6,4.4,27.3,2,10.84,44,2411,0x0000000000000000
14:37:17,34188,7628,2876712,6151690,44072225,3.3,6.6,94.1,3,10.66,44,2405,0x0000000000000000
14:37:18,34219,7628,2876780,6151690,44072276,0.4,5.1,97.0,7,10.65,44,2405,0x0000000000000000
14:37:19,34142,7628,2876807,6151690,44072292,0.1,5.5,99.0,6,10.68,44,2405,0x0000000000000000
14:37:20,34121,7628,2876827,6151690,44072395,11.1,5.6,99.0,3,10.68,44,2405,0x0000000000000000
14:37:21,34121,7628,2876932,6151690,44072468,0.5,5.2,99.0,4,10.68,44,2405,0x0000000000000000
14:37:22,34116,7628,2877900,6151690,44073226,5.8,5.2,99.0,4,10.68,44,2405,0x0000000000000000
14:37:23,34209,7628,2879848,6151690,44074894,12.0,5.1,90.0,5,10.66,44,2405,0x0000000000000000
14:37:24,34014,7628,2882731,6151690,44077219,29.4,3.0,50.5,0,10.39,44,2405,0x0000000000000000
14:37:25,34012,7628,2887714,6151690,44081628,26.0,0.9,12.6,0,10.33,44,2405,0x0000000000000000
14:37:26,33986,7628,2891031,6151690,44084959,86.0,0.9,7.1,0,10.33,44,2405,0x0000000000000000
14:37:27,27169,7628,2892798,6152418,44086436,42.7,4.7,63.3,0,10.43,44,2398,0x0000000000000000
14:37:28,27227,7628,2893464,6152418,44088541,423.0,3.4,9.0,0,10.35,44,2398,0x0000000000000000
14:37:29,27213,7628,2893940,6152418,44090670,460.6,2.7,8.2,0,10.34,43,2405,0x0000000000000000
14:37:30,27205,7628,2894363,6152418,44092871,481.4,2.8,10.1,0,10.33,43,2405,0x0000000000000000
14:37:31,27197,7628,2894705,6152418,44095340,550.5,2.6,11.0,0,10.33,43,2405,0x0000000000000000
14:37:32,27164,7628,2900555,6152418,44099707,291.9,2.2,12.5,0,10.30,43,2405,0x0000000000000000
14:37:33,27140,7628,2908623,6152418,44104191,31.5,0.3,1.0,0,10.30,43,2405,0x0000000000000000
14:37:34,27099,7628,2917137,6152418,44108563,33.3,0.6,3.0,0,10.27,43,2405,0x0000000000000000
14:37:35,27058,7628,2927112,6152418,44113501,43.9,0.3,1.0,0,10.27,43,2405,0x0000000000000000
14:37:36,27015,7628,2936710,6152418,44118419,37.7,1.0,7.5,0,10.26,43,2405,0x0000000000000000
14:37:37,26979,7628,2945551,6152418,44123017,34.5,0.3,1.0,0,10.24,43,2405,0x0000000000000000
14:37:38,26955,7628,2952218,6152418,44126626,26.9,0.4,1.1,0,10.23,43,2405,0x0000000000000000
14:37:39,26926,7628,2960473,6152418,44130754,32.6,0.8,3.1,0,10.24,43,2405,0x0000000000000000
14:37:40,26905,7628,2968079,6152418,44134643,34.3,1.2,13.9,0,10.23,43,2405,0x0000000000000000
14:37:41,26872,7628,2975364,6152418,44138143,29.2,0.6,7.1,0,10.24,43,2405,0x0000000000000000
14:37:42,26826,7628,2986888,6152418,44141643,45.2,0.5,2.1,0,10.21,43,2405,0x0000000000000000
14:37:43,26834,7628,2990062,6152418,44144066,317.2,2.3,14.0,0,10.25,43,2405,0x0000000000000000
14:37:44,26832,7628,2990079,6152418,44146613,589.5,2.9,12.2,0,10.26,43,2405,0x0000000000000000
14:37:45,26828,7628,2990082,6152418,44149102,577.0,2.5,8.2,0,10.28,43,2405,0x0000000000000000
14:37:46,26837,7628,2990084,6152418,44151508,558.8,4.6,44.6,0,10.90,43,2405,0x0000000000000000
14:37:47,26872,7628,2990087,6152418,44153703,509.3,3.4,22.4,0,10.25,43,2405,0x0000000000000000
14:37:48,26870,7628,2990088,6152418,44156035,541.3,3.0,13.5,0,10.26,43,2405,0x0000000000000000
14:37:49,26871,7628,2990089,6152418,44158418,552.9,2.5,11.7,0,10.27,43,2398,0x0000000000000000
14:37:50,26866,7628,2990178,6152418,44160901,532.0,2.9,15.6,0,10.29,43,2405,0x0000000000000000
14:37:51,26863,7628,2990533,6152418,44163367,520.5,3.2,13.3,0,10.27,43,2398,0x0000000000000000
14:37:52,26860,7628,2990533,6152418,44165565,509.9,3.6,11.3,0,10.27,43,2398,0x0000000000000000
14:37:53,26871,7628,2990533,6152505,44167811,521.4,2.6,10.2,0,10.25,43,2405,0x0000000000000000
14:37:54,26878,7628,2990533,6152583,44170227,560.6,3.7,20.2,0,10.44,43,2405,0x0000000000000000
14:37:55,26889,7628,2990533,6152793,44172583,547.1,4.4,20.4,0,10.65,43,2405,0x0000000000000000
14:37:56,26934,7630,2990541,6160599,44174853,526.0,3.8,11.0,0,10.26,43,2405,0x0000000000000000
14:37:57,26935,7630,2990544,6160606,44177054,506.6,2.9,13.4,0,10.25,43,2405,0x0000000000000000
14:37:58,26916,7630,2990546,6160647,44179403,544.9,3.0,9.3,0,10.24,43,2405,0x0000000000000000
14:37:59,26932,7630,2990546,6160690,44181745,540.6,3.7,19.2,0,10.25,43,2405,0x0000000000000000
14:38:00,26930,7630,2991501,6160720,44184099,384.5,3.9,30.7,0,10.26,43,2405,0x0000000000000000
14:38:01,26923,7630,2991501,6160726,44186010,443.8,3.5,10.3,0,10.25,43,2405,0x0000000000000000
14:38:02,26915,7630,2991501,6160726,44188102,486.2,3.6,12.2,0,10.25,43,2405,0x0000000000000000
14:38:03,26913,7630,2991501,6160731,44189794,393.1,4.3,13.3,0,10.25,43,2405,0x0000000000000000
14:38:04,26923,7630,2991516,6160749,44191729,443.1,3.9,13.8,0,10.27,43,2405,0x0000000000000000
14:38:05,26924,7631,2991519,6160849,44193927,508.9,2.9,9.1,0,10.26,43,2405,0x0000000000000000
14:38:06,26930,7631,2991522,6160916,44195765,425.7,4.2,14.4,0,10.26,43,2405,0x0000000000000000
14:38:07,26930,7631,2991523,6160968,44197785,466.1,3.7,22.7,0,10.24,43,2405,0x0000000000000000
14:38:08,26924,7631,2991523,6160972,44199746,455.3,3.1,11.3,0,10.24,43,2405,0x0000000000000000
14:38:09,26925,7631,2992139,6160999,44202409,534.0,2.7,9.8,0,10.24,43,2405,0x0000000000000000
14:38:10,26910,7631,2992241,6161017,44204561,483.8,3.6,14.3,0,10.24,43,2405,0x0000000000000000
14:38:11,26916,7631,2992242,6161021,44206890,540.1,3.8,18.0,0,10.21,43,2405,0x0000000000000000
14:38:12,26922,7631,2992242,6161043,44209335,568.3,2.4,7.2,0,10.23,43,2405,0x0000000000000000
14:38:13,26922,7631,2992242,6161047,44211296,455.3,3.2,16.0,0,10.22,43,2405,0x0000000000000000
14:38:14,26919,7631,2992244,6161047,44213256,454.2,4.0,16.2,0,10.23,43,2405,0x0000000000000000
14:38:15,26928,7631,2992248,6161049,44215648,554.5,4.0,16.0,0,10.24,43,2405,0x0000000000000000
14:38:16,26921,7631,2992253,6161147,44218363,630.0,2.1,10.2,0,10.24,43,2405,0x0000000000000000
14:38:17,26908,7631,2992256,6161147,44220748,553.3,2.3,9.4,0,10.24,43,2405,0x0000000000000000
14:38:18,26907,7631,2992256,6161264,44223074,539.9,2.9,13.5,0,10.25,43,2405,0x0000000000000000
14:38:19,26902,7631,2993485,6161309,44226090,505.2,4.2,15.2,0,10.26,43,2405,0x0000000000000000
14:38:20,26898,7631,2993486,6161309,44228347,523.7,2.9,13.2,0,10.25,43,2405,0x0000000000000000
14:38:21,26918,7631,2993486,6161309,44230642,532.9,2.7,11.5,0,10.24,43,2405,0x0000000000000000
14:38:22,26907,7631,2993486,6161311,44232697,477.1,4.0,15.3,0,10.24,43,2405,0x0000000000000000
14:38:23,26920,7631,2993490,6161311,44234557,431.5,4.2,28.4,0,10.24,43,2405,0x0000000000000000
14:38:24,26919,7632,2993491,6161342,44237073,584.2,2.8,11.3,0,10.23,43,2405,0x0000000000000000
14:38:25,26916,7632,2993492,6161404,44239397,531.6,2.9,13.4,0,10.21,43,2405,0x0000000000000000
14:38:26,26890,7632,2993498,6161405,44241324,446.0,3.6,17.7,0,10.20,43,2405,0x0000000000000000
14:38:27,26895,7632,2993498,6161445,44243223,441.0,3.8,13.5,0,10.21,43,2405,0x0000000000000000
14:38:28,26911,7632,2993498,6161464,44245152,446.2,3.6,13.3,0,10.26,43,2405,0x0000000000000000
14:38:29,26802,7632,2994335,6161473,44247685,449.7,3.7,13.5,0,10.22,43,2398,0x0000000000000000
14:38:30,26814,7632,2994373,6161474,44248116,205.3,5.8,78.0,1,10.47,43,2405,0x0000000000000000
14:38:31,26681,7632,2994545,6161479,44248265,139.4,6.5,100.0,1,10.62,43,2398,0x0000000000000000
14:38:32,26528,7632,2994593,6161481,44248273,136.6,8.1,99.0,1,10.64,43,2398,0x0000000000000000
14:38:33,26357,7632,2994633,6161481,44248278,131.2,7.2,100.0,1,10.63,43,2405,0x0000000000000000
14:38:34,26178,7632,2994680,6161481,44248287,134.3,6.6,100.0,1,10.62,43,2405,0x0000000000000000
14:38:35,26003,7632,2994739,6161481,44248300,134.2,6.4,100.0,1,10.60,43,2405,0x0000000000000000
14:38:36,25812,7632,2994782,6161481,44248310,145.3,6.8,100.0,1,10.66,43,2398,0x0000000000000000
14:38:37,25858,7632,2994833,6161481,44248318,132.2,6.3,99.0,1,10.61,43,2405,0x0000000000000000
14:38:38,25698,7632,2994873,6161483,44248323,137.7,7.5,100.0,1,10.64,43,2405,0x0000000000000000
14:38:39,25506,7632,2994921,6161483,44248331,141.5,7.9,100.0,1,10.70,43,2398,0x0000000000000000
14:38:40,25337,7632,2994961,6161483,44248336,134.4,6.2,100.0,1,10.62,43,2405,0x0000000000000000
14:38:41,25166,7632,2995023,6161483,44248357,133.2,6.3,100.0,1,10.61,43,2405,0x0000000000000000
14:38:42,24661,7632,2995041,6161483,44248551,727.5,4.8,68.6,2,10.51,43,2405,0x0000000000000000
14:38:43,24005,7632,2995042,6161483,44248742,716.4,7.5,71.6,2,10.75,43,2405,0x0000000000000000
14:38:44,23500,7632,2995050,6163377,44248884,555.2,6.7,76.3,1,10.65,43,2398,0x0000000000000000
14:38:45,23336,7632,2995056,6163397,44248891,138.2,7.3,100.0,1,10.64,43,2398,0x0000000000000000
14:38:46,23127,7632,2995153,6163397,44249098,147.0,7.0,100.0,1,10.69,43,2405,0x0000000000000000
14:38:47,22927,7632,2995504,6163397,44249430,143.0,6.6,99.0,1,10.70,43,2398,0x0000000000000000
14:38:48,22585,7632,3016776,6163397,44264064,250.5,9.8,100.0,2,10.81,43,2398,0x0000000000000000
14:38:49,22600,7630,3017176,6163411,44264305,145.3,7.2,100.0,1,10.68,43,2405,0x0000000000000000
14:38:50,22409,7630,3017466,6163517,44264528,140.9,6.6,100.0,1,10.67,43,2405,0x0000000000000000
14:38:51,22256,7630,3017466,6163517,44264528,126.7,6.5,100.0,1,10.66,43,2398,0x0000000000000000
14:38:52,22098,7630,3017491,6163532,44264546,137.2,6.4,100.0,2,10.65,43,2398,0x0000000000000000
14:38:53,21850,7630,3017551,6163558,44264606,235.5,6.4,97.0,2,10.64,43,2405,0x0000000000000000
14:38:54,29485,7630,3020209,6163558,44266605,36.2,3.6,48.5,0,10.39,43,2405,0x0000000000000000
14:38:55,20992,7631,3020331,6164231,44266762,259.0,9.8,80.3,0,11.59,43,2411,0x0000000000000000
14:38:56,20917,7631,3020888,6164231,44267114,207.2,5.3,67.0,0,10.29,43,2405,0x0000000000000000
14:38:57,22491,7631,3021923,6164231,44268128,55.3,3.7,39.4,0,10.34,43,2405,0x0000000000000000
14:38:58,22127,7631,3022153,6164231,44268589,45.0,3.4,24.5,0,10.32,43,2405,0x0000000000000000
14:38:59,21834,7631,3022153,6164231,44268862,31.8,5.2,92.9,0,10.27,43,2405,0x0000000000000000
14:39:00,21696,7631,3022172,6164231,44269138,25.8,4.7,44.4,0,10.27,43,2405,0x0000000000000000
14:39:01,21902,7631,3022391,6164231,44269407,17.5,4.6,48.0,0,10.30,43,2405,0x0000000000000000
14:39:02,21934,7631,3022987,6164231,44269884,63.8,1.4,22.4,0,10.30,43,2405,0x0000000000000000
14:39:03,21753,7631,3023663,6164301,44271932,226.1,6.4,47.5,0,10.30,43,2405,0x0000000000000000
14:39:04,21983,7632,3023743,6164352,44272261,50.2,15.0,69.3,0,12.06,43,2405,0x0000000000000000
14:39:05,21350,7632,3023752,6164401,44272291,33.8,8.8,69.7,0,10.31,43,2405,0x0000000000000000
14:39:06,21282,7631,3023897,6164401,44272457,4.8,7.8,52.5,0,10.35,43,2405,0x0000000000000000
14:39:07,21167,7631,3023904,6164401,44272467,0.4,5.3,100.0,0,10.28,43,2405,0x0000000000000000
14:39:08,21425,7631,3023915,6164401,44272484,0.9,5.8,62.0,0,10.33,43,2405,0x0000000000000000
14:39:09,21582,7631,3023915,6164401,44272497,1.0,5.7,55.4,0,10.29,43,2405,0x0000000000000000
14:39:10,21286,7631,3023916,6164401,44272501,0.2,5.4,56.0,0,10.30,43,2405,0x0000000000000000
14:39:11,21222,7631,3023916,6164401,44272502,0.1,5.2,100.0,0,10.29,43,2405,0x0000000000000000
14:39:12,21589,7631,3025592,6164401,44273809,18.2,3.7,32.7,0,10.36,43,2405,0x0000000000000000
14:39:13,21466,7631,3025592,6164401,44273809,0.0,6.0,100.0,94,44.01,51,2509,0x0000000000000000
14:39:14,21443,7631,3025601,6164401,44273820,0.5,5.6,100.0,95,34.93,50,2522,0x0000000000000000
14:39:15,21266,7631,3025835,6164401,44274046,10.4,5.3,69.0,4,39.76,46,2509,0x0000000000000000
14:39:16,20791,7631,3025838,6164401,44274051,0.4,5.4,88.0,0,10.79,44,2411,0x0000000000000000
14:39:17,21153,7631,3025838,6164401,44274051,0.0,5.2,47.5,0,10.70,44,2411,0x0000000000000000
14:39:18,21036,7631,3025838,6164401,44274052,0.1,5.2,99.0,0,10.66,44,2411,0x0000000000000000
14:39:19,21010,7631,3025838,6164401,44274053,0.1,5.4,100.0,0,10.65,44,2411,0x0000000000000000
14:39:20,20927,7631,3026243,6164401,44274742,47.9,4.1,61.6,0,10.38,44,2405,0x0000000000000000
14:39:21,20923,7631,3026324,6164401,44274824,4.6,5.2,92.0,0,10.37,44,2405,0x0000000000000000
14:39:22,20946,7631,3027716,6164401,44275706,15.2,4.5,52.0,0,10.36,44,2405,0x0000000000000000
14:39:23,20530,7631,3038057,6164401,44280232,42.2,6.4,57.0,0,10.36,44,2398,0x0000000000000000
14:39:24,20743,7631,3045561,6164401,44283677,30.0,5.7,73.0,0,10.38,44,2398,0x0000000000000000
14:39:25,20694,7631,3051000,6164401,44285957,22.0,5.6,63.6,0,10.38,44,2398,0x0000000000000000
14:39:26,20524,7631,3051005,6164401,44285961,0.1,5.3,93.1,0,10.38,44,2405,0x0000000000000000
14:39:27,20815,7631,3051005,6164401,44285961,0.0,5.3,57.0,0,10.37,44,2405,0x0000000000000000
14:39:28,20657,7631,3051005,6164401,44285961,0.0,5.2,74.0,0,10.37,44,2405,0x0000000000000000
14:39:29,20466,7631,3051005,6164401,44285963,0.1,5.6,100.0,0,10.34,44,2405,0x0000000000000000
14:39:30,20849,7631,3051006,6164401,44286043,10.4,5.9,51.0,0,10.37,44,2405,0x0000000000000000
14:39:31,20711,7631,3051333,6164401,44286229,6.4,5.2,68.3,66,17.86,45,2437,0x0000000000000000
14:39:32,20543,7631,3051438,6164401,44286244,1.3,5.8,73.7,74,17.44,46,2424,0x0000000000000000
14:39:33,20467,7631,3051659,6164401,44286304,1.4,5.0,52.5,0,19.71,44,2411,0x0000000000000000
14:39:34,20444,7631,3051660,6164401,44286305,0.0,5.6,89.1,0,18.11,45,2483,0x0000000000000000
14:39:35,20887,7631,3051697,6164401,44286335,0.8,5.2,41.4,0,13.87,44,2411,0x0000000000000000
14:39:36,20888,7631,3052352,6164401,44287428,81.8,4.0,70.7,0,13.31,44,2411,0x0000000000000000
14:39:37,20632,7631,3052703,6164401,44288091,52.4,4.2,74.0,93,14.98,47,2431,0x0000000000000000
14:39:38,20569,7631,3052792,6164401,44288178,3.9,5.0,84.0,26,15.05,44,2411,0x0000000000000000
14:39:39,20653,7631,3052899,6164401,44288232,1.6,5.5,85.9,0,11.41,44,2418,0x0000000000000000
14:39:40,20380,7631,3059002,6164401,44290668,24.7,3.2,56.0,0,13.79,44,2411,0x0000000000000000
14:39:41,20319,7631,3065564,6164401,44295166,26.2,1.0,15.9,0,10.62,44,2411,0x0000000000000000
14:39:42,20300,7631,3068858,6164401,44297810,14.9,3.5,68.0,0,10.60,44,2411,0x0000000000000000
14:39:43,20241,7631,3074903,6164401,44302573,25.4,5.3,100.0,0,10.66,44,2411,0x0000000000000000
14:39:44,20198,7631,3081012,6164401,44307194,24.8,5.9,100.0,0,10.65,44,2411,0x0000000000000000
14:39:45,20172,7631,3087781,6164401,44311762,26.6,5.9,100.0,0,10.66,44,2411,0x0000000000000000
14:39:46,20227,7631,3094085,6164401,44315580,28.6,6.2,100.0,0,10.66,44,2411,0x0000000000000000
14:39:47,20194,7631,3100917,6164401,44320199,27.5,5.8,99.0,0,10.65,44,2411,0x0000000000000000
14:39:48,20184,7631,3102000,6164401,44320912,4.3,5.8,100.0,0,10.65,44,2411,0x0000000000000000
14:39:49,20140,7631,3104541,6164401,44322650,10.4,6.3,100.0,0,10.66,44,2411,0x0000000000000000
14:39:50,20126,7631,3107365,6164401,44324966,19.4,6.4,100.0,0,10.68,44,2411,0x0000000000000000
14:39:51,19882,7631,3112453,6164433,44327855,28.8,6.3,88.1,0,10.66,44,2411,0x0000000000000000
14:39:52,19791,7631,3112857,6164433,44328128,4.9,5.0,57.6,0,10.74,44,2411,0x0000000000000000
14:39:53,19904,7631,3112978,6164433,44328599,4.1,5.1,67.0,0,11.91,44,2411,0x0000000000000000
14:39:54,19742,7631,3115950,6164433,44330621,17.0,5.7,87.0,0,12.72,44,2411,0x0000000000000000
14:39:55,19079,7631,3128155,6164458,44334797,48.3,5.7,65.3,0,12.78,44,2411,0x0000000000000000
14:39:56,19491,7631,3143526,6164458,44340512,73.4,6.5,88.9,0,13.97,44,2437,0x0000000000000000
14:39:57,19354,7631,3160379,6164458,44348193,65.8,5.7,64.0,0,12.39,44,2444,0x0000000000000000
14:39:58,19348,7631,3172741,6164458,44353999,51.5,7.2,78.0,0,12.67,44,2411,0x0000000000000000
14:39:59,19236,7631,3184363,6164458,44359508,72.1,6.0,71.0,0,12.50,44,2411,0x0000000000000000
14:40:00,19319,7631,3187423,6164458,44360662,13.0,5.6,100.0,0,11.27,44,2411,0x0000000000000000
14:40:01,19209,7631,3187469,6164458,44360706,0.2,5.2,78.2,0,10.68,44,2411,0x0000000000000000
14:40:02,18738,7631,3187469,6164458,44360708,0.0,5.3,100.0,0,10.66,44,2411,0x0000000000000000
14:40:03,19292,7631,3187482,6164458,44360726,0.4,5.3,47.5,0,10.69,44,2411,0x0000000000000000
14:40:04,18954,7631,3187482,6164458,44360728,0.3,5.7,62.0,0,10.68,44,2411,0x0000000000000000
14:40:05,19297,7631,3187482,6164458,44360728,0.0,5.4,55.0,0,10.66,44,2411,0x0000000000000000
14:40:06,18481,7631,3187522,6164462,44360939,149.6,7.4,90.8,96,20.70,45,2509,0x0000000000000000
14:40:07,18020,7631,3187539,6164477,44360953,0.2,5.8,82.0,0,16.92,45,2437,0x0000000000000000
14:40:08,18000,7631,3187539,6164477,44360953,0.0,5.5,94.0,96,47.44,52,2483,0x0000000000000000
14:40:09,17969,7631,3187544,6164477,44361170,82.4,6.9,99.0,96,50.65,48,2476,0x0000000000000000
14:40:10,17979,7631,3187558,6164478,44361184,0.1,5.6,87.0,96,35.48,52,2483,0x0000000000000000
14:40:11,17970,7631,3187558,6164478,44361184,0.0,5.9,100.0,96,57.27,54,2470,0x0000000000000000
14:40:12,17827,7631,3187576,6164478,44361290,17.4,5.6,100.0,96,54.74,55,2470,0x0000000000000000
14:40:13,17836,7631,3187576,6164478,44361290,0.0,5.6,100.0,96,58.65,55,2470,0x0000000000000000
14:40:14,17814,7631,3187584,6164478,44361301,0.5,6.1,100.0,96,58.13,57,2470,0x0000000000000000
14:40:15,17813,7631,3187641,6164478,44361354,0.7,5.5,98.0,74,57.01,52,2476,0x0000000000000000
14:40:16,17813,7631,3187641,6164478,44361354,0.0,5.3,100.0,96,58.69,56,2476,0x0000000000000000
14:40:17,17693,7631,3187670,6164478,44361526,3.4,5.1,49.0,29,39.65,49,2450,0x0000000000000000
14:40:18,17885,7631,3195130,6164478,44364840,30.4,5.5,81.8,33,20.64,49,2483,0x0000000000000000
14:40:19,17823,7631,3214133,6164478,44371922,74.6,6.2,100.0,0,16.04,47,2411,0x0000000000000000
14:40:20,17745,7631,3233819,6164478,44380089,76.9,5.7,100.0,0,11.02,47,2411,0x0000000000000000
14:40:21,17650,7631,3257205,6164478,44388971,91.3,6.4,98.0,0,11.02,47,2411,0x0000000000000000
14:40:22,17548,7631,3280902,6164478,44397084,92.6,7.4,100.0,0,10.97,47,2411,0x0000000000000000
14:40:23,17485,7631,3301476,6164478,44404171,80.8,5.7,100.0,0,10.95,47,2411,0x0000000000000000
14:40:24,17357,7631,3321930,6164478,44412534,79.9,5.8,100.0,0,10.95,46,2411,0x0000000000000000
14:40:25,17291,7631,3336177,6164478,44418558,56.3,5.4,100.0,0,10.91,46,2411,0x0000000000000000
14:40:26,17312,7631,3339218,6164478,44420129,12.0,10.1,100.0,96,23.41,51,2522,0x0000000000000000
14:40:27,17312,7631,3339225,6164478,44420133,0.0,5.7,100.0,96,55.23,56,2470,0x0000000000000000
14:40:28,17318,7631,3339225,6164478,44420133,0.0,5.4,100.0,96,57.96,56,2470,0x0000000000000000
14:40:29,17296,7631,3339225,6164478,44420136,0.2,5.8,100.0,96,59.04,56,2470,0x0000000000000000
14:40:30,17316,7631,3339225,6164478,44420136,0.0,5.8,100.0,96,57.76,57,2470,0x0000000000000000
14:40:31,17318,7631,3339225,6164478,44420136,0.0,5.3,100.0,96,59.22,57,2463,0x0000000000000000
14:40:32,17316,7631,3339239,6164478,44420152,0.1,5.7,100.0,96,58.46,56,2470,0x0000000000000000
14:40:33,17318,7631,3339239,6164478,44420160,0.0,5.5,100.0,85,58.26,56,2476,0x0000000000000000
14:40:34,17273,7631,3339239,6164478,44420165,0.5,5.9,100.0,96,59.24,58,2470,0x0000000000000000
14:40:35,17247,7631,3339244,6164478,44420509,10.6,6.0,100.0,96,46.38,53,2502,0x0000000000000000
14:40:36,17310,7631,3339325,6164478,44420682,0.8,6.1,100.0,96,43.70,57,2470,0x0000000000000000
14:40:37,17310,7631,3339331,6164478,44420686,0.0,5.3,100.0,96,59.40,58,2470,0x0000000000000000
14:40:38,17316,7631,3339331,6164478,44420686,0.0,5.5,100.0,96,58.35,59,2470,0x0000000000000000
14:40:39,17317,7631,3339331,6164478,44420687,0.1,6.0,100.0,95,58.37,58,2470,0x0000000000000000
14:40:40,17314,7631,3339331,6164478,44420687,0.0,5.4,100.0,96,59.11,58,2470,0x0000000000000000
14:40:41,17313,7631,3339331,6164478,44420687,0.0,5.5,100.0,96,58.80,62,2470,0x0000000000000000
14:40:42,17310,7631,3339338,6164478,44420694,0.0,5.5,100.0,96,59.68,59,2470,0x0000000000000000
14:40:43,17309,7631,3339338,6164478,44420709,0.2,5.4,100.0,96,58.28,59,2476,0x0000000000000000
14:40:44,17301,7631,3339341,6164478,44420710,0.1,5.8,99.0,96,59.71,62,2470,0x0000000000000000
14:40:45,17287,7631,3339429,6164478,44421022,1.4,6.5,100.0,96,42.49,59,2470,0x0000000000000000
14:40:46,17286,7631,3339442,6164478,44421033,0.1,5.4,100.0,96,59.68,59,2463,0x0000000000000000
14:40:47,17286,7631,3339443,6164478,44421034,0.0,5.5,100.0,96,58.53,63,2463,0x0000000000000000
14:40:48,17294,7631,3339443,6164478,44421034,0.0,5.4,100.0,96,60.60,61,2470,0x0000000000000000
14:40:49,17279,7631,3339444,6164478,44421041,0.0,5.8,100.0,96,58.91,61,2463,0x0000000000000000
14:40:50,17278,7631,3339444,6164478,44421041,0.0,5.6,100.0,95,60.10,59,2476,0x0000000000000000
14:40:51,17278,7631,3339444,6164478,44421041,0.0,5.9,100.0,96,59.21,61,2463,0x0000000000000000
14:40:52,17278,7631,3339445,6164478,44421064,0.2,6.1,100.0,96,58.80,61,2476,0x0000000000000000
14:40:53,17278,7631,3339445,6164478,44421064,0.0,5.3,100.0,96,60.07,62,2463,0x0000000000000000
14:40:54,17261,7631,3339558,6164478,44421473,1.8,6.4,100.0,96,43.62,56,2496,0x0000000000000000
14:40:55,17261,7631,3339618,6164478,44421529,0.2,5.3,100.0,96,57.03,61,2463,0x0000000000000000
14:40:56,17264,7631,3339618,6164478,44421530,0.1,5.8,100.0,96,59.26,62,2463,0x0000000000000000
14:40:57,17265,7631,3339618,6164478,44421530,0.0,5.3,100.0,96,60.28,61,2470,0x0000000000000000
14:40:58,17258,7631,3339618,6164478,44421530,0.0,5.7,100.0,96,59.84,62,2463,0x0000000000000000
14:40:59,17254,7631,3339623,6164478,44421536,0.1,6.0,100.0,96,60.37,62,2457,0x0000000000000000
14:41:00,17255,7631,3339625,6164478,44421538,0.0,5.5,100.0,96,59.27,62,2463,0x0000000000000000
14:41:01,17258,7631,3339625,6164478,44421545,0.2,5.4,100.0,96,60.85,62,2450,0x0000000000000000
14:41:02,17259,7631,3339625,6164478,44421545,0.0,5.4,100.0,96,58.51,64,2457,0x0000000000000000
14:41:03,17256,7631,3339672,6164478,44421764,0.9,5.4,100.0,96,53.31,59,2483,0x0000000000000000
14:41:04,17239,7631,3339730,6164478,44422196,1.9,6.4,100.0,85,34.70,60,2476,0x0000000000000000
14:41:05,17240,7631,3339733,6164478,44422199,0.0,5.3,100.0,96,60.12,62,2457,0x0000000000000000
14:41:06,17350,7631,3339733,6164478,44422202,0.0,7.1,100.0,96,59.93,62,2457,0x0000000000000000
14:41:07,17352,7631,3339734,6164478,44422203,0.0,5.5,100.0,96,60.78,63,2457,0x0000000000000000
14:41:08,17354,7631,3339734,6164478,44422203,0.0,5.4,100.0,96,59.40,64,2450,0x0000000000000000
14:41:09,17354,7631,3339734,6164478,44422203,0.0,5.7,100.0,96,60.81,64,2450,0x0000000000000000
14:41:10,17356,7631,3339737,6164478,44422204,0.0,5.6,100.0,96,59.89,63,2457,0x0000000000000000
14:41:11,17357,7631,3339737,6164478,44422218,0.2,5.4,100.0,89,59.22,62,2463,0x0000000000000000
14:41:12,17357,7631,3339737,6164478,44422218,0.0,5.4,100.0,96,60.16,63,2450,0x0000000000000000
14:41:13,17365,7631,3339737,6164478,44422324,0.4,5.6,100.0,96,48.77,59,2489,0x0000000000000000
14:41:14,17356,7631,3339791,6164478,44422381,0.4,6.4,100.0,96,50.84,63,2450,0x0000000000000000
14:41:15,17350,7631,3339799,6164478,44422407,2.4,5.9,98.0,96,60.43,65,2457,0x0000000000000000
14:41:16,17350,7631,3339799,6164478,44422407,0.0,5.3,100.0,96,58.44,64,2450,0x0000000000000000
14:41:17,17350,7631,3339799,6164478,44422407,0.0,5.5,100.0,90,60.29,64,2457,0x0000000000000000
14:41:18,17352,7631,3339802,6164478,44422410,0.0,5.5,100.0,96,60.98,66,2457,0x0000000000000000
14:41:19,17353,7631,3339802,6164478,44422410,0.0,5.8,100.0,96,60.15,67,2450,0x0000000000000000
14:41:20,17353,7631,3339802,6164478,44422410,0.0,5.3,100.0,96,61.03,64,2457,0x0000000000000000
14:41:21,17353,7631,3339802,6164478,44422426,0.2,5.8,100.0,96,59.64,63,2457,0x0000000000000000
14:41:22,17363,7631,3339802,6164478,44422426,0.0,6.6,100.0,96,61.18,64,2457,0x0000000000000000
14:41:23,17346,7631,3339852,6164478,44422652,1.0,6.2,100.0,96,38.91,64,2457,0x0000000000000000
14:41:24,17347,7631,3339852,6164478,44422653,0.0,5.6,100.0,96,60.89,65,2450,0x0000000000000000
14:41:25,17349,7631,3339852,6164478,44422653,0.0,5.6,100.0,96,59.74,64,2450,0x0000000000000000
14:41:26,17350,7631,3339852,6164478,44422653,0.0,5.3,100.0,96,61.33,66,2457,0x0000000000000000
14:41:27,17350,7631,3339855,6164478,44422656,0.0,5.6,99.0,96,60.68,66,2450,0x0000000000000000
14:41:28,17351,7631,3339855,6164478,44422657,0.0,5.5,100.0,96,61.34,66,2450,0x0000000000000000
14:41:29,17351,7631,3339855,6164478,44422657,0.0,6.1,100.0,96,60.07,66,2450,0x0000000000000000
14:41:30,17352,7631,3339855,6164478,44422681,0.2,5.5,100.0,87,60.06,64,2463,0x0000000000000000
14:41:31,17356,7631,3339855,6164478,44422681,0.0,5.6,100.0,96,60.97,65,2457,0x0000000000000000
14:41:32,17355,7631,3339866,6164478,44422738,0.2,5.8,100.0,96,47.36,61,2489,0x0000000000000000
14:41:33,17351,7631,3339866,6164478,44422780,0.2,5.5,100.0,96,55.36,66,2450,0x0000000000000000
14:41:34,17350,7631,3339866,6164478,44422782,0.1,6.0,100.0,90,60.62,63,2457,0x0000000000000000
14:41:35,17352,7631,3339866,6164478,44422782,0.0,5.3,100.0,96,61.51,66,2450,0x0000000000000000
14:41:36,17352,7631,3339874,6164478,44422783,0.0,5.6,100.0,96,61.11,67,2457,0x0000000000000000
14:41:37,17353,7631,3339874,6164478,44422785,0.2,5.3,100.0,96,61.33,65,2450,0x0000000000000000
14:41:38,17353,7631,3339874,6164478,44422785,0.0,5.8,100.0,96,60.54,66,2457,0x0000000000000000
14:41:39,17353,7631,3340011,6164478,44422853,2.6,6.1,100.0,96,62.05,67,2450,0x0000000000000000
14:41:40,17364,7631,3340011,6164478,44422882,1.5,5.9,100.0,96,59.95,67,2457,0x0000000000000000
14:41:41,17373,7631,3340012,6164478,44422907,0.1,5.2,100.0,96,58.62,64,2463,0x0000000000000000
14:41:42,17361,7631,3340065,6164478,44423004,0.5,6.1,100.0,96,48.29,68,2450,0x0000000000000000
14:41:43,17362,7631,3340065,6164478,44423004,0.0,5.3,100.0,96,61.46,68,2450,0x0000000000000000
14:41:44,17361,7631,3340065,6164478,44423005,0.0,5.9,100.0,96,61.04,68,2450,0x0000000000000000
14:41:45,17363,7631,3340066,6164478,44423006,0.0,5.7,100.0,90,61.12,65,2457,0x0000000000000000
14:41:46,17364,7631,3340066,6164478,44423006,0.0,5.6,100.0,96,61.54,68,2450,0x0000000000000000
14:41:47,17365,7631,3340080,6164478,44423021,0.5,5.6,100.0,96,61.58,67,2450,0x0000000000000000
14:41:48,17364,7631,3340082,6164478,44423025,0.2,5.5,100.0,96,62.06,68,2450,0x0000000000000000
14:41:49,17366,7631,3340082,6164478,44423044,0.2,5.7,100.0,96,60.13,68,2457,0x0000000000000000
14:41:50,17366,7631,3340085,6164478,44423077,2.9,5.5,100.0,96,62.08,68,2450,0x0000000000000000
14:41:51,17361,7631,3340088,6164478,44423168,0.4,5.9,100.0,96,40.91,67,2457,0x0000000000000000
14:41:52,17362,7631,3340088,6164478,44423168,0.0,6.7,100.0,96,61.84,67,2450,0x0000000000000000
14:41:53,17363,7631,3340088,6164478,44423168,0.0,5.5,100.0,96,61.25,68,2450,0x0000000000000000
14:41:54,17363,7631,3340088,6164478,44423168,0.0,5.7,100.0,96,62.37,67,2450,0x0000000000000000
14:41:55,17363,7631,3340088,6164478,44423168,0.0,5.7,100.0,96,61.13,68,2457,0x0000000000000000
14:41:56,17365,7631,3340088,6164478,44423168,0.0,5.5,100.0,96,62.11,71,2450,0x0000000000000000
14:41:57,17365,7631,3340088,6164478,44423168,0.0,5.4,100.0,96,61.37,69,2450,0x0000000000000000
14:41:58,17366,7631,3340088,6164478,44423179,0.2,5.4,100.0,85,60.91,67,2457,0x0000000000000000
14:41:59,17361,7631,3340097,6164478,44423187,0.0,6.0,100.0,96,61.85,68,2457,0x0000000000000000
14:42:00,17361,7631,3340108,6164478,44423288,0.4,5.6,100.0,96,49.85,64,2476,0x0000000000000000
14:42:01,17356,7631,3340108,6164478,44423326,0.2,5.7,100.0,96,55.05,68,2450,0x0000000000000000
14:42:02,17357,7631,3340108,6164478,44423326,0.0,5.5,100.0,90,61.32,67,2457,0x0000000000000000
14:42:03,17355,7631,3340108,6164478,44423326,0.0,5.5,100.0,96,62.39,68,2457,0x0000000000000000
14:42:04,17356,7631,3340109,6164478,44423329,0.0,5.8,100.0,96,61.82,69,2450,0x0000000000000000
14:42:05,17355,7631,3340110,6164478,44423330,0.0,5.4,100.0,96,62.24,70,2450,0x0000000000000000
14:42:06,17359,7631,3340110,6164478,44423330,0.0,5.6,100.0,96,61.48,69,2450,0x0000000000000000
14:42:07,17359,7631,3340112,6164478,44423332,0.0,5.3,100.0,96,62.32,70,2450,0x0000000000000000
14:42:08,17357,7631,3340112,6164478,44423355,0.3,5.4,100.0,96,60.71,69,2457,0x0000000000000000
14:42:09,17368,7631,3340112,6164478,44423380,0.1,5.7,100.0,96,60.20,66,2457,0x0000000000000000
14:42:10,17355,7631,3340118,6164478,44423429,0.2,6.1,100.0,96,42.47,69,2450,0x0000000000000000
14:42:11,17356,7631,3340118,6164478,44423429,0.0,5.4,100.0,96,62.44,69,2450,0x0000000000000000
14:42:12,17358,7631,3340118,6164478,44423430,0.0,5.7,100.0,96,61.24,70,2450,0x0000000000000000
14:42:13,17359,7631,3340118,6164478,44423430,0.0,5.4,100.0,96,62.67,68,2450,0x0000000000000000
14:42:14,17360,7631,3340118,6164478,44423430,0.0,5.8,100.0,96,61.85,71,2450,0x0000000000000000
14:42:15,17361,7631,3340122,6164478,44423434,0.0,5.6,100.0,90,61.81,68,2450,0x0000000000000000
14:42:16,17361,7631,3340122,6164478,44423434,0.0,5.3,100.0,96,62.23,71,2450,0x0000000000000000
14:42:17,17364,7631,3340122,6164478,44423439,0.2,5.4,100.0,96,61.31,70,2457,0x0000000000000000
14:42:18,17364,7631,3340122,6164478,44423439,0.0,5.3,100.0,96,62.18,69,2457,0x0000000000000000
14:42:19,17466,7631,3340122,6164478,44423475,0.1,6.2,100.0,96,48.82,68,2463,0x0000000000000000
14:42:20,17464,7631,3340126,6164478,44423478,0.0,5.3,100.0,96,62.61,69,2450,0x0000000000000000
14:42:21,17466,7631,3340126,6164478,44423478,0.0,5.6,100.0,96,61.44,68,2457,0x0000000000000000
14:42:22,17465,7631,3340153,6164478,44423491,0.3,6.5,100.0,96,62.92,72,2450,0x0000000000000000
14:42:23,17461,7631,3340154,6164478,44423493,0.0,5.8,100.0,96,61.73,70,2450,0x0000000000000000
14:42:24,17437,7630,3340302,6164478,44423624,3.0,5.9,100.0,96,62.67,69,2450,0x0000000000000000
14:42:25,17457,7630,3340356,6164478,44423674,0.2,5.6,100.0,96,61.51,68,2450,0x0000000000000000
14:42:26,17458,7630,3340356,6164478,44423690,0.2,5.4,100.0,91,62.14,68,2457,0x0000000000000000
14:42:27,17449,7630,3340357,6164478,44423692,0.1,5.4,100.0,96,61.99,70,2450,0x0000000000000000
14:42:28,17446,7630,3340357,6164478,44423741,0.2,5.3,100.0,96,51.59,65,2470,0x0000000000000000
14:42:29,17460,7630,3340415,6164478,44423857,0.6,6.5,100.0,96,52.78,71,2450,0x0000000000000000
14:42:30,17465,7630,3340477,6164478,44423912,0.2,5.6,100.0,95,63.10,71,2450,0x0000000000000000
14:42:31,17464,7630,3340477,6164478,44423912,0.0,5.5,100.0,96,61.42,70,2450,0x0000000000000000
14:42:32,17466,7630,3340478,6164478,44423913,0.0,5.5,100.0,96,61.93,70,2457,0x0000000000000000
14:42:33,17465,7630,3340478,6164478,44423913,0.0,5.3,100.0,96,62.69,69,2450,0x0000000000000000
14:42:34,17459,7630,3340478,6164478,44423913,0.0,6.0,100.0,96,62.06,70,2450,0x0000000000000000
14:42:35,17456,7630,3340478,6164478,44423913,0.0,5.6,100.0,96,62.81,70,2457,0x0000000000000000
14:42:36,17456,7630,3340478,6164478,44423921,0.1,5.3,100.0,96,61.83,70,2450,0x0000000000000000
14:42:37,17456,7630,3340483,6164478,44423931,0.2,5.6,100.0,95,63.19,69,2450,0x0000000000000000
14:42:38,17463,7630,3340486,6164478,44424003,0.3,5.9,100.0,96,41.70,69,2450,0x0000000000000000
14:42:39,17454,7630,3340487,6164478,44424004,0.0,5.7,100.0,96,62.93,70,2444,0x0000000000000000
14:42:40,17464,7630,3340487,6164478,44424004,0.0,5.4,100.0,96,61.79,70,2450,0x0000000000000000
14:42:41,17463,7630,3340487,6164478,44424004,0.0,5.3,100.0,96,63.08,69,2450,0x0000000000000000
14:42:42,17465,7630,3340487,6164478,44424004,0.0,5.5,100.0,96,61.76,70,2444,0x0000000000000000
14:42:43,17466,7630,3340487,6164478,44424004,0.0,5.5,100.0,95,63.38,73,2450,0x0000000000000000
14:42:44,17431,7630,3340487,6164478,44424004,2.0,6.3,100.0,96,61.43,71,2450,0x0000000000000000
14:42:45,17440,7630,3340488,6164478,44424038,0.3,5.8,100.0,96,62.33,71,2457,0x0000000000000000
14:42:46,17440,7630,3340488,6164478,44424038,0.0,5.6,100.0,96,63.28,72,2450,0x0000000000000000
14:42:47,17439,7630,3340492,6164478,44424059,0.1,5.6,100.0,96,47.60,66,2470,0x0000000000000000
14:42:48,17462,7630,3340493,6164478,44424089,0.2,5.8,100.0,96,55.81,70,2444,0x0000000000000000
14:42:49,17466,7630,3340493,6164478,44424089,0.0,6.0,100.0,88,61.93,71,2450,0x0000000000000000
14:42:50,17463,7630,3340497,6164478,44424096,0.0,5.4,100.0,96,63.28,71,2450,0x0000000000000000
14:42:51,17467,7630,3340497,6164478,44424096,0.0,5.6,99.0,96,62.44,73,2450,0x0000000000000000
14:42:52,17466,7630,3340497,6164478,44424096,0.0,6.0,100.0,96,63.48,71,2450,0x0000000000000000
14:42:53,17467,7630,3340497,6164478,44424096,0.0,6.2,100.0,96,61.99,73,2444,0x0000000000000000
14:42:54,17455,7630,3340497,6164478,44424096,0.0,6.0,100.0,96,63.16,71,2444,0x0000000000000000
14:42:55,17455,7630,3340497,6164478,44424107,0.2,5.4,100.0,96,61.78,71,2444,0x0000000000000000
14:42:56,17455,7630,3340497,6164478,44424107,0.0,5.3,100.0,95,62.24,70,2450,0x0000000000000000
14:42:57,17464,7630,3340501,6164478,44424150,0.2,6.0,100.0,96,48.35,71,2450,0x0000000000000000
14:42:58,17472,7630,3340501,6164478,44424150,0.0,5.3,100.0,96,63.18,72,2444,0x0000000000000000
14:42:59,17452,7630,3340501,6164478,44424150,0.0,5.9,100.0,96,62.30,71,2444,0x0000000000000000
14:43:00,17451,7630,3340501,6164478,44424150,0.0,5.6,100.0,91,63.13,69,2450,0x0000000000000000
14:43:01,17452,7630,3340501,6164478,44424150,0.0,5.4,100.0,96,63.12,73,2450,0x0000000000000000
14:43:02,17466,7630,3340501,6164478,44424150,0.0,5.5,100.0,96,62.42,71,2450,0x0000000000000000
14:43:03,17466,7630,3340501,6164478,44424150,0.0,5.3,100.0,96,63.28,72,2444,0x0000000000000000
14:43:04,17454,7630,3340508,6164478,44424173,0.2,5.8,100.0,96,62.16,73,2450,0x0000000000000000
14:43:05,17453,7630,3340508,6164478,44424173,0.0,5.3,100.0,96,63.10,71,2444,0x0000000000000000
14:43:06,17457,7630,3340515,6164478,44424277,0.5,6.1,100.0,96,45.21,69,2457,0x0000000000000000
14:43:07,17450,7630,3340516,6164478,44424278,0.0,5.6,100.0,96,62.94,71,2444,0x0000000000000000
14:43:08,17466,7630,3340516,6164478,44424278,0.0,5.6,100.0,96,62.48,73,2444,0x0000000000000000
14:43:09,17452,7630,3340516,6164478,44424279,0.1,5.7,100.0,96,63.44,71,2437,0x0000000000000000
14:43:10,17465,7630,3340519,6164478,44424280,0.0,5.8,100.0,96,62.63,72,2444,0x0000000000000000
14:43:11,17467,7630,3340519,6164478,44424280,0.0,5.7,100.0,96,63.45,71,2437,0x0000000000000000
14:43:12,17466,7630,3340519,6164478,44424280,0.0,5.3,100.0,96,62.69,73,2437,0x0000000000000000
14:43:13,17466,7630,3340519,6164478,44424296,0.2,5.4,100.0,91,62.41,70,2444,0x0000000000000000
14:43:14,17454,7630,3340519,6164478,44424296,0.0,5.7,100.0,96,63.36,72,2444,0x0000000000000000
14:43:15,17457,7630,3340524,6164478,44424472,0.7,5.5,100.0,96,50.90,66,2476,0x0000000000000000
14:43:16,17442,7630,3340544,6164478,44424581,0.5,6.2,100.0,96,52.23,72,2444,0x0000000000000000
14:43:17,17458,7630,3340544,6164478,44424582,0.0,5.6,100.0,95,63.65,71,2437,0x0000000000000000
14:43:18,17456,7630,3340544,6164478,44424582,0.0,5.3,100.0,96,62.65,72,2444,0x0000000000000000
14:43:19,17467,7630,3340544,6164478,44424584,0.0,5.8,100.0,96,63.08,73,2450,0x0000000000000000
14:43:20,17464,7630,3340544,6164478,44424584,0.0,5.4,100.0,96,63.36,72,2437,0x0000000000000000
14:43:21,17466,7630,3340544,6164478,44424584,0.0,5.6,100.0,96,62.55,72,2437,0x0000000000000000
14:43:22,17466,7630,3340544,6164478,44424584,0.0,5.2,100.0,96,63.64,72,2444,0x0000000000000000
14:43:23,17465,7630,3340544,6164478,44424612,0.2,6.7,100.0,96,62.19,73,2444,0x0000000000000000
14:43:24,17455,7630,3340544,6164478,44424630,0.1,5.6,100.0,96,63.58,74,2437,0x0000000000000000
14:43:25,17465,7630,3340547,6164478,44424936,1.2,6.2,100.0,87,37.24,69,2476,0x0000000000000000
14:43:26,17464,7630,3340547,6164478,44424936,0.0,5.3,100.0,96,63.00,72,2444,0x0000000000000000
14:43:27,17465,7630,3340591,6164478,44424980,0.2,6.0,100.0,96,62.59,72,2437,0x0000000000000000
14:43:28,17455,7630,3340591,6164478,44424981,0.1,5.4,100.0,96,63.89,73,2437,0x0000000000000000
14:43:29,17464,7630,3340591,6164478,44424981,0.0,5.8,100.0,96,63.10,72,2444,0x0000000000000000
14:43:30,17465,7630,3340591,6164478,44424981,0.0,5.4,100.0,96,64.55,74,2437,0x0000000000000000
14:43:31,17464,7630,3340655,6164478,44425034,0.3,5.6,100.0,96,62.43,74,2444,0x0000000000000000
14:43:32,17465,7630,3340655,6164478,44425044,0.2,5.4,100.0,95,63.83,74,2437,0x0000000000000000
14:43:33,17465,7630,3340655,6164478,44425044,0.0,5.4,100.0,96,62.15,73,2444,0x0000000000000000
14:43:34,17447,7630,3340655,6164478,44425062,0.1,5.6,100.0,96,54.87,68,2470,0x0000000000000000
14:43:35,17457,7630,3340675,6164478,44425125,1.1,6.1,100.0,96,51.15,72,2437,0x0000000000000000
14:43:36,17465,7630,3340675,6164478,44425125,0.0,5.9,100.0,96,63.90,74,2437,0x0000000000000000
14:43:37,17465,7630,3340675,6164478,44425125,0.0,5.3,100.0,96,63.15,73,2437,0x0000000000000000
14:43:38,17464,7630,3340675,6164478,44425125,0.0,5.5,100.0,90,63.05,75,2444,0x0000000000000000
14:43:39,17454,7630,3340675,6164478,44425128,0.1,5.7,100.0,96,64.05,73,2437,0x0000000000000000
14:43:40,17464,7630,3340676,6164478,44425129,0.0,5.8,100.0,96,62.76,74,2444,0x0000000000000000
14:43:41,17463,7630,3340676,6164478,44425129,0.0,5.3,100.0,96,63.88,74,2437,0x0000000000000000
14:43:42,17464,7630,3340682,6164478,44425158,0.2,5.5,99.0,96,61.63,75,2437,0x0000000000000000
14:43:43,17464,7630,3340704,6164478,44425171,0.1,5.4,100.0,96,63.92,73,2437,0x0000000000000000
14:43:44,17456,7630,3340706,6164478,44425248,0.3,6.6,100.0,96,46.10,73,2457,0x0000000000000000
14:43:45,17444,7630,3340713,6164478,44425253,0.1,5.7,100.0,96,63.95,72,2437,0x0000000000000000
14:43:46,17464,7630,3340713,6164478,44425253,0.0,5.6,100.0,96,62.80,73,2437,0x0000000000000000
14:43:47,17463,7630,3340713,6164478,44425253,0.0,5.3,100.0,96,64.59,72,2437,0x0000000000000000
14:43:48,17463,7630,3340715,6164478,44425256,0.1,5.7,100.0,96,62.87,74,2437,0x0000000000000000
14:43:49,17450,7630,3340717,6164478,44425258,2.0,6.3,100.0,95,64.60,72,2437,0x0000000000000000
14:43:50,17449,7630,3340717,6164478,44425258,0.0,5.3,100.0,96,62.54,73,2437,0x0000000000000000
14:43:51,17448,7630,3340717,6164478,44425268,0.1,5.5,100.0,96,63.22,72,2450,0x0000000000000000
14:43:52,17448,7630,3340717,6164478,44425268,0.0,5.3,100.0,96,64.06,73,2437,0x0000000000000000
14:43:53,17444,7630,3340720,6164478,44425310,0.2,7.4,100.0,96,49.55,69,2470,0x0000000000000000
14:43:54,17442,7630,3340757,6164478,44425347,0.2,5.9,100.0,96,57.95,74,2437,0x0000000000000000
14:43:55,17464,7630,3340757,6164478,44425347,0.0,5.4,100.0,88,62.80,74,2444,0x0000000000000000
14:43:56,17463,7630,3340758,6164478,44425348,0.0,5.4,100.0,96,64.07,74,2437,0x0000000000000000
14:43:57,17465,7630,3340758,6164478,44425348,0.0,5.4,100.0,96,63.31,75,2437,0x0000000000000000
14:43:58,17464,7630,3340758,6164478,44425348,0.0,5.3,100.0,96,64.15,73,2437,0x0000000000000000
14:43:59,17460,7630,3340769,6164478,44425351,0.0,6.0,100.0,96,62.99,73,2437,0x0000000000000000
14:44:00,17448,7630,3340772,6164478,44425352,0.0,5.5,100.0,96,64.20,73,2437,0x0000000000000000
14:44:01,17442,7630,3340772,6164478,44425373,0.2,5.8,100.0,96,62.52,73,2437,0x0000000000000000
14:44:02,17442,7630,3340773,6164478,44425374,0.0,5.3,100.0,96,61.01,70,2444,0x0000000000000000
14:44:03,17462,7630,3340791,6164478,44425512,0.6,6.0,100.0,96,48.88,74,2437,0x0000000000000000
14:44:04,17460,7630,3340791,6164478,44425512,0.0,5.7,100.0,96,64.43,74,2437,0x0000000000000000
14:44:05,17464,7630,3340791,6164478,44425512,0.0,5.5,100.0,96,63.06,74,2437,0x0000000000000000
14:44:06,17465,7630,3340791,6164478,44425512,0.0,5.5,100.0,95,63.92,76,2437,0x0000000000000000
14:44:07,17463,7630,3340797,6164478,44425519,0.1,5.4,100.0,96,63.94,74,2437,0x0000000000000000
14:44:08,17465,7630,3340797,6164478,44425519,0.0,5.5,99.0,96,63.27,73,2444,0x0000000000000000
14:44:09,17453,7630,3340797,6164478,44425519,0.0,5.6,100.0,96,63.97,73,2437,0x0000000000000000
14:44:10,17456,7630,3340800,6164478,44425531,0.1,6.1,100.0,96,63.40,73,2437,0x0000000000000000
14:44:11,17452,7630,3340800,6164478,44425532,0.0,5.4,100.0,96,64.40,73,2437,0x0000000000000000
14:44:12,17463,7630,3340814,6164478,44425608,0.3,6.5,100.0,96,47.35,72,2450,0x0000000000000000
14:44:13,17462,7630,3340814,6164478,44425608,0.0,5.4,100.0,96,64.42,73,2437,0x0000000000000000
14:44:14,17465,7630,3340814,6164478,44425608,0.0,5.8,100.0,96,63.31,74,2437,0x0000000000000000
14:44:15,17463,7630,3340814,6164478,44425608,0.0,5.5,100.0,96,64.29,76,2437,0x0000000000000000
14:44:16,17461,7630,3340814,6164478,44425608,0.0,5.5,100.0,96,63.67,73,2437,0x0000000000000000
14:44:17,17465,7630,3340814,6164478,44425608,0.0,5.5,100.0,96,64.75,73,2437,0x0000000000000000
14:44:18,17465,7630,3340814,6164478,44425608,0.0,5.6,100.0,96,63.39,75,2437,0x0000000000000000
14:44:19,17457,7630,3340814,6164478,44425623,0.1,5.7,100.0,91,63.08,73,2444,0x0000000000000000
14:44:20,17456,7630,3340814,6164478,44425623,0.0,5.3,100.0,96,64.16,75,2444,0x0000000000000000
14:44:21,17456,7630,3340816,6164478,44425624,0.0,5.8,100.0,96,51.61,70,2470,0x0000000000000000
14:44:22,17457,7630,3340816,6164478,44425656,0.2,5.6,100.0,96,56.95,74,2437,0x0000000000000000
14:44:23,17463,7630,3340827,6164478,44425663,0.3,7.1,100.0,88,63.43,73,2444,0x0000000000000000
14:44:24,17455,7630,3340827,6164478,44425663,0.0,5.7,100.0,96,64.52,74,2437,0x0000000000000000
14:44:25,17452,7630,3341090,6164478,44425896,6.5,6.6,100.0,96,63.99,75,2444,0x0000000000000000
14:44:26,17451,7630,3341090,6164478,44425896,0.0,5.3,100.0,96,64.50,74,2437,0x0000000000000000
14:44:27,17464,7630,3341090,6164478,44425896,0.0,5.4,100.0,96,63.51,76,2437,0x0000000000000000
14:44:28,17455,7630,3341448,6164478,44426204,6.3,5.5,100.0,96,64.48,74,2437,0x0000000000000000
14:44:29,17436,7630,3342123,6164478,44426803,11.2,6.3,100.0,96,63.26,74,2444,0x0000000000000000
14:44:30,17441,7630,3342132,6164478,44426858,0.2,5.5,100.0,95,62.66,73,2444,0x0000000000000000
14:44:31,17428,7630,3342137,6164478,44426906,0.2,5.9,100.0,96,47.77,73,2437,0x0000000000000000
14:44:32,17428,7630,3342137,6164478,44426906,0.0,5.3,100.0,96,64.14,74,2437,0x0000000000000000
14:44:33,17438,7630,3342139,6164478,44426909,0.0,5.7,100.0,96,63.67,74,2437,0x0000000000000000
14:44:34,17455,7630,3342139,6164478,44426909,0.0,5.8,100.0,96,64.97,74,2437,0x0000000000000000
14:44:35,17453,7630,3342141,6164478,44426912,0.1,5.3,100.0,96,63.16,75,2437,0x0000000000000000
14:44:36,17455,7630,3342141,6164478,44426912,0.0,5.8,100.0,92,64.00,73,2444,0x0000000000000000
14:44:37,17452,7630,3342141,6164478,44426912,0.0,5.5,100.0,96,64.73,74,2437,0x0000000000000000
14:44:38,17453,7630,3342141,6164478,44426932,0.1,5.5,100.0,96,63.20,75,2444,0x0000000000000000
14:44:39,17439,7630,3342141,6164478,44426932,0.0,5.6,100.0,96,65.05,76,2444,0x0000000000000000
14:44:40,17453,7630,3342145,6164478,44427107,0.7,6.1,100.0,96,43.03,70,2470,0x0000000000000000
14:44:41,17451,7630,3342145,6164478,44427107,0.0,5.4,100.0,96,63.89,75,2437,0x0000000000000000
14:44:42,17455,7630,3342145,6164478,44427107,0.0,5.6,100.0,96,63.69,74,2444,0x0000000000000000
14:44:43,17455,7630,3342145,6164478,44427107,0.0,5.4,100.0,96,64.73,75,2437,0x0000000000000000
14:44:44,17434,7630,3342237,6164478,44427130,0.8,6.7,100.0,96,63.02,76,2444,0x0000000000000000
14:44:45,17430,7630,3342246,6164478,44427136,0.0,5.7,100.0,96,64.68,75,2437,0x0000000000000000
14:44:46,17453,7630,3342246,6164478,44427136,0.0,5.5,100.0,96,63.30,75,2437,0x0000000000000000
14:44:47,17455,7630,3342248,6164478,44427147,0.1,5.6,100.0,96,64.83,77,2437,0x0000000000000000
14:44:48,17441,7630,3342248,6164478,44427147,0.0,5.5,100.0,96,63.28,75,2444,0x0000000000000000
14:44:49,17433,7630,3342283,6164478,44427190,1.0,5.9,100.0,96,58.81,71,2450,0x0000000000000000
14:44:50,17450,7630,3342286,6164478,44427245,0.2,6.1,100.0,96,44.34,75,2444,0x0000000000000000
14:44:51,17449,7630,3342286,6164478,44427245,0.0,5.4,100.0,96,64.18,75,2437,0x0000000000000000
14:44:52,17453,7630,3342286,6164478,44427245,0.0,5.5,100.0,96,64.03,75,2444,0x0000000000000000
14:44:53,17452,7630,3342286,6164478,44427245,0.0,6.4,100.0,96,64.90,78,2437,0x0000000000000000
14:44:54,17428,7630,3342286,6164478,44427246,2.0,6.6,100.0,96,63.53,75,2437,0x0000000000000000
14:44:55,17453,7630,3342286,6164478,44427246,0.0,5.6,100.0,95,64.48,76,2437,0x0000000000000000
14:44:56,17452,7630,3342286,6164478,44427246,0.0,5.3,100.0,96,64.33,75,2437,0x0000000000000000
14:44:57,17456,7630,3342287,6164478,44427247,0.0,5.5,100.0,96,64.10,75,2444,0x0000000000000000
14:44:58,17456,7630,3342287,6164478,44427247,0.0,5.3,100.0,96,64.69,77,2437,0x0000000000000000
14:44:59,17253,7630,3342796,6164478,44427617,27.1,6.8,100.0,17,45.53,69,2463,0x0000000000000000
14:45:00,17197,7629,3344314,6164478,44429549,66.7,9.8,100.0,96,43.99,70,2476,0x0000000000000000
14:45:01,17177,7629,3344520,6164478,44429916,3.4,7.9,100.0,96,35.12,69,2476,0x0000000000000000
14:45:02,17183,7628,3344627,6164478,44430188,1.6,6.7,100.0,96,46.18,70,2470,0x0000000000000000
14:45:03,17428,7628,3344872,6164478,44430663,5.6,7.4,100.0,96,34.72,70,2470,0x0000000000000000
14:45:04,17377,7628,3344932,6164478,44430942,1.4,5.7,90.1,43,27.53,67,2398,0x0000000000000000
14:45:05,17361,7628,3344992,6164478,44431220,1.3,5.9,94.0,96,33.33,69,2476,0x0000000000000000
14:45:06,17429,7628,3345022,6164478,44431494,1.1,5.4,100.0,96,34.88,69,2470,0x0000000000000000
14:45:07,17406,7628,3345047,6164478,44431906,1.6,5.7,100.0,96,39.00,69,2476,0x0000000000000000
14:45:08,17383,7628,3345281,6164478,44432300,2.4,5.7,100.0,96,34.50,69,2470,0x0000000000000000
14:45:09,17370,7628,3345293,6164478,44432621,1.2,6.1,100.0,94,36.40,70,2476,0x0000000000000000
14:45:10,17359,7628,3345326,6164478,44433029,1.6,5.8,100.0,96,36.79,69,2476,0x0000000000000000
14:45:11,17343,7628,3345365,6164478,44433622,4.9,5.5,100.0,96,33.80,68,2470,0x0000000000000000
14:45:12,17334,7628,3345388,6164478,44433967,1.4,5.4,100.0,96,38.23,69,2476,0x0000000000000000
14:45:13,17323,7628,3345419,6164478,44434470,2.0,5.5,100.0,96,34.30,68,2470,0x0000000000000000
14:45:14,17299,7628,3345465,6164478,44435411,3.7,7.3,100.0,93,36.16,71,2489,0x0000000000000000
14:45:15,17293,7628,3345489,6164478,44435878,1.9,5.9,100.0,96,33.86,68,2476,0x0000000000000000
14:45:16,17275,7628,3345506,6164478,44436438,2.2,5.6,100.0,93,36.73,71,2483,0x0000000000000000
14:45:17,17259,7628,3345529,6164478,44437008,2.2,5.7,100.0,96,34.08,68,2476,0x0000000000000000
14:45:18,17417,7628,3345538,6164478,44437253,1.0,5.3,91.9,7,27.90,65,2411,0x0000000000000000
14:45:19,17385,7628,3345550,6164478,44437637,1.5,6.0,100.0,96,32.99,68,2470,0x0000000000000000
14:45:20,17373,7628,3345568,6164478,44438053,1.6,5.4,100.0,96,34.24,68,2470,0x0000000000000000
14:45:21,17350,7628,3345597,6164478,44438760,2.8,5.6,100.0,96,35.81,68,2470,0x0000000000000000
14:45:22,17335,7628,3345620,6164478,44439283,2.0,6.6,100.0,96,33.63,68,2489,0x0000000000000000
14:45:23,17319,7628,3345645,6164478,44439925,2.5,5.5,100.0,96,33.51,68,2476,0x0000000000000000
14:45:24,17300,7628,3345672,6164478,44440376,1.8,7.3,100.0,96,33.78,67,2476,0x0000000000000000
14:45:25,17436,7628,3345697,6164478,44440666,1.1,6.0,100.0,96,34.50,67,2476,0x0000000000000000
14:45:26,17426,7628,3345702,6164478,44440815,0.6,5.6,100.0,96,34.78,67,2470,0x0000000000000000
14:45:27,17407,7628,3345718,6164478,44441286,1.9,5.5,100.0,96,38.49,68,2470,0x0000000000000000
14:45:28,17402,7628,3345726,6164478,44441459,0.7,5.4,100.0,96,34.68,68,2470,0x0000000000000000
14:45:29,17387,7628,3345733,6164478,44441743,1.1,5.9,100.0,96,38.46,67,2476,0x0000000000000000
14:45:30,17361,7628,3345782,6164478,44442337,2.5,5.7,100.0,96,33.55,67,2476,0x0000000000000000
14:45:31,17345,7628,3345799,6164478,44442842,2.0,5.5,100.0,96,33.33,67,2470,0x0000000000000000
14:45:32,17338,7628,3345810,6164478,44443109,1.1,5.5,100.0,96,34.11,67,2470,0x0000000000000000
14:45:33,17325,7628,3345813,6164478,44443252,0.6,5.5,97.0,96,31.37,67,2470,0x0000000000000000
14:45:34,17315,7628,3345821,6164478,44443471,0.9,5.9,100.0,96,35.29,67,2470,0x0000000000000000
14:45:35,17303,7628,3345851,6164478,44443889,1.6,5.5,100.0,96,37.00,67,2476,0x0000000000000000
14:45:36,17264,7628,3348156,6164478,44445575,11.9,5.6,100.0,0,29.76,64,2444,0x0000000000000000
14:45:37,17075,7628,3348954,6164478,44446262,126.4,7.5,100.0,96,26.20,68,2476,0x0000000000000000
14:45:38,17074,7628,3348954,6164478,44446262,0.0,5.5,100.0,96,63.46,71,2450,0x0000000000000000
14:45:39,16734,7628,3348954,6164479,44446601,154.2,8.1,100.0,96,43.63,65,2489,0x0000000000000000
14:45:40,16727,7628,3348954,6164479,44446601,0.0,5.8,100.0,96,58.76,72,2444,0x0000000000000000
14:45:41,16841,7628,3348954,6164479,44446926,170.6,6.7,100.0,62,58.08,68,2444,0x0000000000000000
14:45:42,16697,7628,3348954,6164479,44446982,0.2,7.2,100.0,96,40.26,74,2444,0x0000000000000000
14:45:43,16703,7628,3348956,6164479,44446984,0.0,6.6,100.0,96,58.78,72,2470,0x0000000000000000
14:45:44,17057,7628,3348956,6164485,44447347,123.2,7.7,100.0,96,42.74,68,2489,0x0000000000000000
14:45:45,17036,7628,3348957,6164485,44447348,0.0,7.5,100.0,96,60.58,70,2450,0x0000000000000000
14:45:46,17169,7628,3348957,6164485,44447568,138.2,7.6,100.0,77,53.42,67,2450,0x0000000000000000
14:45:47,16930,7628,3348958,6164488,44447667,0.4,7.6,100.0,96,35.27,71,2450,0x0000000000000000
14:45:48,16929,7628,3348958,6164488,44447667,0.0,6.9,100.0,96,59.53,74,2444,0x0000000000000000
14:45:49,16902,7628,3348974,6164488,44448009,1.6,6.3,100.0,96,45.56,67,2476,0x0000000000000000
14:45:50,16905,7628,3349011,6164488,44448341,1.3,5.5,100.0,96,34.65,67,2470,0x0000000000000000
14:45:51,16902,7628,3349015,6164488,44448682,1.3,5.5,100.0,96,34.20,66,2476,0x0000000000000000
14:45:52,16905,7628,3349026,6164488,44449130,1.8,6.7,100.0,96,33.56,67,2483,0x0000000000000000
14:45:53,16911,7628,3349036,6164488,44449482,1.4,5.4,100.0,96,33.95,67,2476,0x0000000000000000
14:45:54,16915,7628,3349052,6164488,44449810,1.3,6.9,99.0,96,38.28,67,2470,0x0000000000000000
14:45:55,16919,7628,3349069,6164488,44450213,1.6,5.5,100.0,96,34.10,67,2476,0x0000000000000000
14:45:56,16922,7628,3349069,6164488,44450359,0.6,5.4,100.0,96,34.87,67,2470,0x0000000000000000
14:45:57,16928,7628,3349075,6164488,44450658,1.2,5.4,100.0,96,34.48,67,2476,0x0000000000000000
14:45:58,16929,7628,3349078,6164488,44450911,1.0,5.4,100.0,96,34.52,67,2470,0x0000000000000000
14:45:59,16930,7628,3349088,6164488,44451149,4.4,6.3,100.0,96,34.80,67,2470,0x0000000000000000
14:46:00,16922,7628,3349092,6164488,44451425,1.1,5.5,100.0,96,34.33,67,2470,0x0000000000000000
14:46:01,16929,7628,3349094,6164488,44451578,0.6,5.4,100.0,96,34.79,66,2470,0x0000000000000000
14:46:02,16933,7628,3349104,6164488,44451901,1.3,5.4,100.0,93,38.03,69,2476,0x0000000000000000
14:46:03,16930,7628,3349106,6164488,44452158,1.0,5.4,100.0,96,34.70,66,2476,0x0000000000000000
14:46:04,16940,7628,3349108,6164488,44452287,0.5,5.8,100.0,96,34.86,67,2470,0x0000000000000000
14:46:05,16942,7628,3349108,6164488,44452373,0.3,5.8,100.0,96,34.53,67,2470,0x0000000000000000
14:46:06,16951,7628,3349108,6164488,44452533,0.6,5.4,100.0,96,34.92,67,2476,0x0000000000000000
14:46:07,16954,7628,3349109,6164488,44452707,0.7,5.4,100.0,96,34.49,66,2470,0x0000000000000000
14:46:08,16954,7628,3349113,6164488,44452942,0.9,5.5,100.0,96,35.13,66,2470,0x0000000000000000
14:46:09,16958,7628,3349118,6164488,44453130,0.7,5.7,100.0,96,37.54,67,2470,0x0000000000000000
14:46:10,16952,7628,3349122,6164488,44453493,1.4,5.7,100.0,96,34.03,66,2476,0x0000000000000000
14:46:11,16954,7628,3349122,6164488,44453694,0.8,5.4,100.0,93,36.43,67,2476,0x0000000000000000
14:46:12,16955,7628,3349122,6164488,44453757,0.2,5.6,100.0,96,36.76,66,2470,0x0000000000000000
14:46:13,16959,7628,3349124,6164488,44453878,0.5,5.9,100.0,96,34.80,66,2470,0x0000000000000000
14:46:14,16957,7628,3349127,6164488,44454063,0.7,5.9,100.0,96,34.30,66,2470,0x0000000000000000
14:46:15,16965,7628,3349129,6164488,44454221,0.6,5.5,100.0,96,34.69,66,2470,0x0000000000000000
14:46:16,16966,7628,3349131,6164488,44454329,0.4,5.4,100.0,93,38.21,69,2476,0x0000000000000000
14:46:17,16973,7628,3349134,6164488,44454494,0.6,5.3,100.0,96,35.03,65,2476,0x0000000000000000
14:46:18,16975,7628,3349137,6164488,44454765,1.1,6.7,100.0,96,34.11,66,2470,0x0000000000000000
14:46:19,16979,7628,3349139,6164488,44454935,0.7,5.9,100.0,96,37.89,66,2476,0x0000000000000000
14:46:20,16982,7628,3349143,6164488,44455216,1.1,5.5,100.0,96,33.52,66,2476,0x0000000000000000
14:46:21,16980,7628,3349512,6164488,44455587,3.8,6.1,100.0,96,33.83,66,2470,0x0000000000000000
14:46:22,16941,7628,3350431,6164495,44456611,172.0,8.7,100.0,96,19.35,63,2509,0x0000000000000000
14:46:23,16669,7628,3350431,6164495,44456656,0.2,6.8,100.0,96,46.35,69,2470,0x0000000000000000
14:46:24,16667,7628,3350431,6164495,44456656,0.0,10.2,100.0,96,54.30,69,2483,0x0000000000000000
14:46:25,17161,7628,3350432,6164497,44456975,160.2,11.3,100.0,96,34.48,64,2489,0x0000000000000000
14:46:26,17325,7628,3350432,6164497,44457174,0.8,7.4,100.0,96,35.69,69,2450,0x0000000000000000
14:46:27,17325,7628,3350432,6164497,44457174,0.0,5.9,100.0,96,60.79,70,2450,0x0000000000000000
14:46:28,16612,7628,3350432,6164497,44457758,166.9,7.8,100.0,96,40.01,64,2489,0x0000000000000000
14:46:29,16576,7628,3350432,6164497,44457758,0.0,6.3,100.0,96,56.57,70,2444,0x0000000000000000
14:46:30,16316,7628,3350432,6164497,44458177,142.4,6.4,100.0,91,59.94,70,2450,0x0000000000000000
14:46:31,16528,7628,3350432,6164504,44458532,1.4,11.0,100.0,96,24.95,67,2489,0x0000000000000000
14:46:32,16539,7628,3350432,6164504,44458537,0.2,9.2,100.0,96,49.10,70,2450,0x0000000000000000
14:46:33,17321,7628,3350435,6164504,44458708,109.4,7.1,100.0,96,63.51,71,2444,0x0000000000000000
14:46:34,16549,7628,3350435,6164504,44459060,1.4,7.7,100.0,96,33.04,70,2470,0x0000000000000000
14:46:35,16554,7628,3350435,6164504,44459060,0.0,5.5,100.0,96,63.10,71,2450,0x0000000000000000
14:46:36,17016,7628,3350435,6164504,44459237,36.3,7.3,100.0,96,48.52,71,2483,0x0000000000000000
14:46:37,17014,7628,3350435,6164504,44459237,0.0,5.3,100.0,96,63.42,71,2444,0x0000000000000000
14:46:38,17378,7628,3350435,6164504,44459250,2.9,5.9,100.0,96,61.65,72,2444,0x0000000000000000
14:46:39,17355,7628,3350446,6164504,44459270,0.9,5.8,100.0,96,63.81,72,2444,0x0000000000000000
14:46:40,17237,7628,3350459,6164504,44459579,16.7,5.7,100.0,96,57.71,72,2470,0x0000000000000000
14:46:41,17236,7628,3350479,6164504,44459705,1.5,5.5,100.0,96,45.78,67,2476,0x0000000000000000
14:46:42,17231,7628,3350491,6164504,44460007,1.2,5.6,100.0,96,34.22,67,2476,0x0000000000000000
14:46:43,17228,7628,3350498,6164504,44460226,0.9,5.5,100.0,96,34.39,66,2476,0x0000000000000000
14:46:44,17384,7628,3356631,6164504,44461433,25.9,6.6,100.0,9,33.30,64,2470,0x0000000000000000
14:46:45,17352,7628,3360254,6164504,44462922,14.3,8.6,100.0,93,17.57,67,2398,0x0000000000000000
14:46:46,17351,7628,3360254,6164504,44462922,0.0,5.8,100.0,96,60.08,71,2444,0x0000000000000000
14:46:47,17367,7628,3360256,6164504,44462924,0.0,5.7,100.0,96,62.47,72,2450,0x0000000000000000
14:46:48,17367,7628,3360256,6164504,44462924,0.0,5.4,100.0,96,63.48,72,2437,0x0000000000000000
14:46:49,17369,7628,3360256,6164504,44462924,0.0,5.9,100.0,96,62.85,72,2437,0x0000000000000000
14:46:50,17367,7628,3360256,6164504,44462924,0.0,5.3,100.0,96,63.87,72,2437,0x0000000000000000
14:46:51,17369,7628,3360256,6164504,44462924,0.0,5.5,100.0,96,59.78,72,2437,0x0000000000000000
14:46:52,17190,7628,3360256,6164504,44463022,22.4,5.7,100.0,96,64.10,73,2437,0x0000000000000000
14:46:53,17139,7628,3360256,6164504,44463031,0.2,5.7,100.0,96,57.73,72,2437,0x0000000000000000
14:46:54,17186,7628,3360256,6164504,44463467,182.9,8.0,100.0,89,63.45,70,2444,0x0000000000000000
14:46:55,16581,7628,3360256,6164504,44463971,2.0,7.5,100.0,96,24.92,70,2489,0x0000000000000000
14:46:56,16589,7628,3360256,6164504,44463971,0.0,5.6,100.0,96,63.36,72,2437,0x0000000000000000
14:46:57,16584,7628,3360256,6164504,44464499,112.6,6.9,100.0,96,49.72,66,2476,0x0000000000000000
14:46:58,16583,7628,3360256,6164504,44464531,0.1,5.6,100.0,96,52.65,72,2444,0x0000000000000000
14:46:59,17364,7628,3360256,6164504,44464554,0.8,5.9,100.0,95,64.06,74,2437,0x0000000000000000
14:47:00,17359,7628,3360256,6164504,44464554,0.0,5.5,100.0,96,60.84,73,2444,0x0000000000000000
14:47:01,17370,7628,3360256,6164504,44464554,0.0,5.5,100.0,89,62.27,71,2444,0x0000000000000000
14:47:02,17369,7628,3360256,6164504,44464554,0.0,5.3,100.0,96,63.44,73,2444,0x0000000000000000
14:47:03,16632,7628,3360256,6164504,44465118,109.3,7.4,100.0,96,52.16,66,2457,0x0000000000000000
14:47:04,17342,7628,3360270,6164504,44465317,5.2,8.6,100.0,96,48.18,72,2437,0x0000000000000000
14:47:05,17373,7627,3360275,6164504,44465348,13.7,6.0,100.0,96,63.44,72,2444,0x0000000000000000
14:47:06,17177,7627,3360275,6164504,44465453,7.8,9.8,100.0,96,47.58,71,2483,0x0000000000000000
14:47:07,17175,7627,3360275,6164504,44465453,0.0,8.0,100.0,96,50.18,74,2457,0x0000000000000000
14:47:08,17197,7627,3360276,6164504,44465579,22.2,5.8,100.0,96,57.93,73,2463,0x0000000000000000
14:47:09,17162,7627,3360276,6164504,44465579,0.0,5.8,100.0,96,63.74,73,2437,0x0000000000000000
14:47:10,17089,7627,3360281,6164504,44465805,33.7,8.1,100.0,96,49.33,66,2463,0x0000000000000000
14:47:11,17088,7627,3360281,6164504,44465805,0.0,5.7,100.0,96,56.50,72,2437,0x0000000000000000
14:47:12,17159,7627,3360281,6164504,44466135,107.8,6.2,100.0,92,63.30,72,2437,0x0000000000000000
14:47:13,17258,7627,3360281,6164508,44466461,1.3,7.3,100.0,96,37.70,73,2450,0x0000000000000000
14:47:14,17226,7627,3360281,6164508,44466461,0.0,6.5,100.0,96,58.83,73,2437,0x0000000000000000
14:47:15,16612,7627,3360289,6164508,44467330,127.6,7.5,100.0,96,45.18,66,2489,0x0000000000000000
14:47:16,16589,7627,3360289,6164508,44467470,0.5,5.7,100.0,96,49.65,72,2437,0x0000000000000000
14:47:17,17370,7627,3360289,6164508,44467487,8.8,5.3,100.0,96,63.44,73,2444,0x0000000000000000
14:47:18,17196,7627,3360289,6164515,44468610,112.1,7.4,100.0,96,28.71,69,2489,0x0000000000000000
14:47:19,17180,7627,3360289,6164515,44468610,0.0,7.4,100.0,96,58.21,73,2470,0x0000000000000000
14:47:20,17086,7627,3360289,6164515,44468980,93.5,6.0,100.0,81,61.39,69,2444,0x0000000000000000
14:47:21,17213,7627,3360289,6164515,44469576,2.3,6.4,100.0,96,36.83,73,2450,0x0000000000000000
14:47:22,17213,7627,3360289,6164515,44469576,0.0,5.3,100.0,96,62.85,72,2444,0x0000000000000000
14:47:23,16590,7627,3360289,6164515,44470567,142.0,7.5,100.0,96,42.00,66,2489,0x0000000000000000
14:47:24,17111,7627,3360289,6164519,44470861,1.1,8.6,100.0,96,44.17,72,2444,0x0000000000000000
14:47:25,17111,7627,3360290,6164519,44470862,0.0,6.6,100.0,96,61.00,76,2444,0x0000000000000000
14:47:26,16562,7627,3360290,6164519,44472139,157.8,8.0,100.0,96,36.52,66,2489,0x0000000000000000
14:47:27,16569,7627,3360290,6164519,44472352,0.8,6.0,100.0,96,48.43,72,2450,0x0000000000000000
14:47:28,16563,7627,3360290,6164519,44472352,0.0,5.2,100.0,96,62.80,73,2444,0x0000000000000000
14:47:29,16600,7627,3360290,6164519,44473572,86.9,7.9,100.0,96,30.38,65,2489,0x0000000000000000
14:47:30,16607,7627,3360290,6164519,44473572,0.0,5.4,100.0,96,54.42,73,2444,0x0000000000000000
14:47:31,16611,7627,3360295,6164519,44473624,0.2,5.4,100.0,96,54.61,69,2463,0x0000000000000000
14:47:32,16607,7627,3360300,6164519,44473848,0.9,5.5,100.0,96,34.74,68,2470,0x0000000000000000
14:47:33,16604,7627,3360304,6164519,44474184,1.3,5.5,100.0,96,34.27,68,2470,0x0000000000000000
14:47:34,16579,7627,3360309,6164519,44474523,1.3,5.7,100.0,96,35.37,67,2476,0x0000000000000000
14:47:35,16577,7627,3360318,6164519,44474865,1.3,5.7,100.0,96,34.31,67,2476,0x0000000000000000
14:47:36,16580,7627,3360327,6164519,44475040,0.7,5.4,100.0,96,34.66,67,2476,0x0000000000000000
14:47:37,16584,7627,3360331,6164519,44475216,0.7,5.5,100.0,96,34.31,67,2476,0x0000000000000000
14:47:38,16576,7627,3360333,6164526,44475723,2.0,6.5,95.0,31,29.38,67,2457,0x0000000000000000
14:47:39,16527,7627,3360357,6164526,44476192,1.8,7.1,100.0,96,35.12,66,2476,0x0000000000000000
14:47:40,16503,7627,3360370,6164526,44476673,1.9,6.5,100.0,96,33.25,67,2470,0x0000000000000000
14:47:41,16505,7627,3360380,6164526,44477200,2.1,5.5,100.0,96,33.48,66,2470,0x0000000000000000
14:47:42,16501,7627,3360403,6164526,44477751,2.2,5.5,100.0,96,33.38,67,2476,0x0000000000000000
14:47:43,16499,7627,3360426,6164526,44478315,2.2,5.5,100.0,96,33.48,66,2476,0x0000000000000000
14:47:44,16507,7627,3360441,6164526,44478724,1.6,10.3,100.0,96,31.98,66,2489,0x0000000000000000
14:47:45,16508,7627,3360456,6164526,44479185,1.8,10.7,100.0,96,30.43,65,2489,0x0000000000000000
14:47:46,16517,7627,3360470,6164526,44479597,1.6,9.8,100.0,96,30.48,65,2489,0x0000000000000000
14:47:47,16520,7627,3360487,6164526,44480079,1.9,5.4,100.0,96,33.21,66,2470,0x0000000000000000
14:47:48,16510,7627,3360515,6164526,44480592,2.2,5.6,100.0,96,32.84,65,2470,0x0000000000000000
14:47:49,16521,7627,3360522,6164526,44480906,1.2,6.0,100.0,96,37.05,66,2470,0x0000000000000000
14:47:50,16530,7627,3360531,6164526,44481223,1.2,5.4,100.0,96,34.16,67,2476,0x0000000000000000
14:47:51,16541,7627,3360534,6164526,44481514,1.1,5.4,100.0,96,33.46,66,2476,0x0000000000000000
14:47:52,16544,7627,3360547,6164526,44481983,1.8,5.5,100.0,96,33.42,66,2476,0x0000000000000000
14:47:53,16549,7627,3360561,6164526,44482381,1.6,5.5,100.0,96,33.93,66,2470,0x0000000000000000
14:47:54,16548,7627,3360567,6164526,44482840,1.8,5.9,100.0,96,32.93,66,2470,0x0000000000000000
14:47:55,16553,7627,3360582,6164526,44483302,1.8,7.2,100.0,96,33.01,65,2470,0x0000000000000000
14:47:56,16558,7627,3360587,6164526,44483642,1.3,5.4,100.0,96,33.29,66,2476,0x0000000000000000
14:47:57,16557,7627,3360610,6164526,44484230,2.3,5.6,100.0,96,32.98,66,2476,0x0000000000000000
14:47:58,16564,7627,3360618,6164526,44484364,0.6,5.6,100.0,96,36.92,66,2470,0x0000000000000000
14:47:59,16562,7627,3360620,6164526,44484642,1.1,5.8,100.0,96,34.47,66,2470,0x0000000000000000
14:48:00,16561,7627,3360633,6164526,44485153,2.0,5.5,100.0,96,32.56,66,2476,0x0000000000000000
14:48:01,16568,7627,3360637,6164526,44485431,1.1,5.7,100.0,96,33.68,65,2476,0x0000000000000000
14:48:02,16572,7627,3360643,6164526,44485709,1.1,5.5,100.0,96,33.46,66,2476,0x0000000000000000
14:48:03,16571,7627,3360655,6164526,44486178,1.8,5.5,100.0,96,32.76,65,2476,0x0000000000000000
14:48:04,16571,7627,3360668,6164526,44486636,1.8,5.7,100.0,96,32.91,66,2476,0x0000000000000000
14:48:05,16570,7627,3360672,6164526,44487064,1.7,5.4,100.0,96,33.37,65,2470,0x0000000000000000
14:48:06,16573,7627,3360675,6164526,44487282,0.9,5.4,100.0,96,34.72,66,2470,0x0000000000000000
14:48:07,16571,7627,3360687,6164526,44487727,1.7,5.5,100.0,96,33.03,65,2476,0x0000000000000000
14:48:08,16564,7627,3360699,6164526,44488157,1.7,5.5,100.0,96,33.09,66,2476,0x0000000000000000
14:48:09,16553,7627,3360712,6164526,44488693,5.6,6.8,100.0,96,33.05,66,2470,0x0000000000000000
14:48:10,17355,7627,3360720,6164526,44488851,2.4,5.7,64.0,95,34.01,68,2411,0x0000000000000000
14:48:11,17344,7627,3360737,6164526,44489201,1.4,5.5,100.0,96,37.51,66,2470,0x0000000000000000
14:48:12,17331,7627,3360742,6164526,44489589,1.5,5.5,100.0,96,33.30,66,2470,0x0000000000000000
14:48:13,17292,7627,3360742,6164526,44489655,0.3,5.4,96.0,96,37.50,66,2476,0x0000000000000000
14:48:14,17292,7627,3360748,6164526,44489926,1.1,5.8,100.0,96,33.93,66,2470,0x0000000000000000
14:48:15,17268,7627,3360802,6164526,44490205,7.7,7.0,100.0,96,32.12,65,2483,0x0000000000000000
14:48:16,17260,7627,3360811,6164526,44490531,1.3,5.6,100.0,96,34.05,66,2470,0x0000000000000000
14:48:17,17252,7627,3360830,6164526,44491016,1.9,5.8,100.0,96,32.69,65,2476,0x0000000000000000
14:48:18,17228,7627,3360836,6164526,44491461,1.7,6.5,100.0,96,33.19,65,2470,0x0000000000000000
14:48:19,17216,7627,3360842,6164526,44491882,1.6,5.9,100.0,96,33.15,65,2470,0x0000000000000000
14:48:20,17214,7627,3360847,6164526,44492113,0.9,5.5,100.0,2,31.57,63,2470,0x0000000000000000
14:48:21,17348,7627,3360847,6164526,44492128,1.2,5.8,100.0,96,29.43,69,2444,0x0000000000000000
14:48:22,17348,7627,3360847,6164526,44492128,0.0,5.3,100.0,96,63.18,71,2450,0x0000000000000000
14:48:23,17342,7627,3360858,6164526,44492386,1.0,5.4,100.0,96,43.57,66,2470,0x0000000000000000
14:48:24,17356,7627,3360877,6164526,44492831,1.8,6.5,100.0,96,32.88,65,2476,0x0000000000000000
14:48:25,17342,7627,3360893,6164526,44493285,1.8,7.5,100.0,96,33.44,65,2470,0x0000000000000000
14:48:26,17328,7627,3360904,6164526,44493781,1.9,5.6,100.0,96,33.06,65,2470,0x0000000000000000
14:48:27,17346,7627,3360917,6164526,44494287,2.0,5.8,100.0,96,32.89,65,2476,0x0000000000000000
14:48:28,17334,7627,3360931,6164526,44494709,1.6,5.5,100.0,96,32.86,65,2476,0x0000000000000000
14:48:29,17356,7627,3360935,6164526,44494996,1.1,5.9,100.0,96,33.31,65,2476,0x0000000000000000
14:48:30,17331,7627,3360946,6164526,44495387,1.5,5.6,100.0,96,33.06,65,2470,0x0000000000000000
14:48:31,17354,7627,3360962,6164526,44495959,2.2,5.6,100.0,96,33.35,65,2470,0x0000000000000000
14:48:32,17346,7627,3360971,6164526,44496174,0.8,5.3,100.0,96,33.52,65,2476,0x0000000000000000
14:48:33,17366,7627,3361030,6164526,44496237,0.4,6.4,99.0,96,20.15,65,2411,0x0000000000000000
14:48:34,17355,7627,3361030,6164526,44496237,0.0,5.9,100.0,96,63.06,71,2450,0x0000000000000000
14:48:35,17366,7627,3361030,6164526,44496237,0.0,5.6,100.0,96,61.21,71,2450,0x0000000000000000
14:48:36,17361,7627,3361030,6164526,44496237,0.0,5.8,100.0,96,63.57,74,2450,0x0000000000000000
14:48:37,16597,7627,3361030,6164526,44497428,94.6,7.6,100.0,96,36.61,64,2489,0x0000000000000000
14:48:38,16593,7627,3361030,6164526,44497820,1.5,6.2,100.0,96,40.90,71,2450,0x0000000000000000
14:48:39,16545,7627,3361030,6164526,44497820,0.0,5.9,100.0,96,62.84,71,2444,0x0000000000000000
14:48:40,16566,7627,3361030,6164526,44499267,101.3,7.5,100.0,96,32.60,63,2489,0x0000000000000000
14:48:41,16601,7627,3361030,6164531,44499842,2.2,8.0,100.0,96,39.70,68,2457,0x0000000000000000
14:48:42,16591,7627,3361030,6164531,44499842,0.0,6.5,100.0,96,58.53,72,2450,0x0000000000000000
14:48:43,16600,7627,3361050,6164531,44500085,0.9,5.5,100.0,96,37.82,66,2470,0x0000000000000000
14:48:44,16595,7627,3361063,6164531,44500409,1.3,5.9,100.0,96,33.42,66,2476,0x0000000000000000
14:48:45,16597,7627,3361080,6164531,44500738,1.3,5.8,100.0,96,33.34,65,2476,0x0000000000000000
14:48:46,16602,7627,3361100,6164531,44501177,1.7,5.5,100.0,96,34.17,65,2470,0x0000000000000000
14:48:47,16608,7627,3361120,6164531,44501600,1.7,5.5,100.0,96,33.84,65,2470,0x0000000000000000
14:48:48,16598,7627,3361145,6164531,44502079,1.9,5.6,100.0,96,33.11,65,2470,0x0000000000000000
14:48:49,16604,7627,3361165,6164531,44502469,1.5,5.9,100.0,96,33.54,65,2470,0x0000000000000000
14:48:50,16608,7627,3361178,6164531,44502943,1.9,5.7,100.0,96,33.36,65,2476,0x0000000000000000
14:48:51,16626,7627,3361189,6164531,44503313,1.5,5.7,100.0,96,33.39,65,2470,0x0000000000000000
14:48:52,16632,7627,3361192,6164531,44503702,1.5,5.3,100.0,96,33.37,65,2476,0x0000000000000000
14:48:53,16652,7627,3361192,6164531,44503871,0.7,5.3,100.0,0,26.61,62,2431,0x0000000000000000
14:48:54,17360,7627,3361287,6164531,44503915,0.5,6.8,100.0,0,13.52,61,2411,0x0000000000000000
14:48:55,17359,7627,3361287,6164531,44503915,0.0,6.1,100.0,96,52.92,69,2450,0x0000000000000000
14:48:56,17355,7627,3361287,6164531,44503924,0.5,7.8,100.0,91,61.60,69,2450,0x0000000000000000
14:48:57,17338,7627,3361298,6164531,44504099,0.7,5.6,100.0,96,41.01,66,2476,0x0000000000000000
14:48:58,17328,7627,3361316,6164531,44504495,1.6,5.5,100.0,96,32.93,65,2476,0x0000000000000000
14:48:59,17305,7627,3361324,6164531,44504901,1.9,6.4,100.0,96,33.50,65,2476,0x0000000000000000
14:49:00,17275,7627,3361335,6164531,44505355,1.8,7.7,100.0,96,32.43,65,2489,0x0000000000000000
14:49:01,17262,7627,3361369,6164531,44505853,2.0,5.5,100.0,96,32.51,65,2476,0x0000000000000000
14:49:02,17259,7627,3361374,6164531,44506044,0.7,5.2,100.0,0,29.20,62,2470,0x0000000000000000
14:49:03,17244,7627,3361374,6164531,44506044,0.0,5.3,100.0,0,13.45,61,2411,0x0000000000000000
14:49:04,17252,7627,3361374,6164531,44506063,0.1,6.1,100.0,96,36.78,65,2470,0x0000000000000000
14:49:05,17250,7627,3361374,6164531,44506337,1.3,5.5,100.0,96,33.92,65,2470,0x0000000000000000
14:49:06,17246,7627,3361382,6164531,44506603,1.2,5.5,100.0,96,33.58,65,2470,0x0000000000000000
14:49:07,17249,7627,3361389,6164531,44506882,1.1,5.8,100.0,96,33.59,65,2470,0x0000000000000000
14:49:08,17234,7627,3361399,6164531,44507236,1.4,5.7,100.0,96,33.22,65,2470,0x0000000000000000
14:49:09,17230,7627,3361400,6164531,44507278,0.2,5.6,100.0,0,21.35,61,2411,0x0000000000000000
14:49:10,17361,7627,3361400,6164531,44507286,0.0,5.7,100.0,96,45.86,69,2457,0x0000000000000000
14:49:11,17356,7627,3361403,6164531,44507455,0.7,5.4,100.0,96,51.19,65,2470,0x0000000000000000
14:49:12,17342,7627,3361412,6164531,44507924,1.8,5.4,100.0,96,33.00,65,2476,0x0000000000000000
14:49:13,17321,7627,3361422,6164531,44508276,1.4,5.7,100.0,96,32.95,65,2470,0x0000000000000000
14:49:14,17291,7627,3361437,6164531,44508824,5.6,6.6,100.0,96,33.14,65,2476,0x0000000000000000
14:49:15,17278,7627,3361450,6164531,44509273,1.8,5.6,100.0,96,32.46,64,2476,0x0000000000000000
14:49:16,17271,7627,3361458,6164531,44509617,1.3,5.6,100.0,96,33.79,65,2476,0x0000000000000000
14:49:17,17260,7627,3361464,6164531,44510070,1.8,5.4,100.0,96,32.58,64,2470,0x0000000000000000
14:49:18,17252,7627,3361478,6164531,44510461,1.5,5.5,100.0,96,32.45,64,2470,0x0000000000000000
14:49:19,17238,7627,3361486,6164531,44510906,1.7,6.1,100.0,96,33.14,65,2476,0x0000000000000000
14:49:20,17237,7627,3361487,6164531,44510980,0.3,5.3,100.0,0,22.78,61,2411,0x0000000000000000
14:49:21,17211,7627,3361500,6164531,44511055,0.3,5.2,89.9,70,16.84,62,2431,0x0000000000000000
14:49:22,17355,7627,3361500,6164531,44511072,0.1,5.7,100.0,96,33.91,68,2470,0x0000000000000000
14:49:23,17364,7627,3361503,6164531,44511180,0.4,5.7,71.3,96,40.96,65,2476,0x0000000000000000
14:49:24,17340,7627,3361513,6164531,44511522,1.4,6.4,100.0,96,34.22,65,2476,0x0000000000000000
14:49:25,17330,7627,3361522,6164531,44512201,2.7,6.6,100.0,96,32.63,64,2476,0x0000000000000000
14:49:26,17318,7627,3361528,6164531,44512777,2.2,6.9,100.0,96,33.20,64,2483,0x0000000000000000
14:49:27,17351,7627,3361534,6164531,44513329,2.2,5.6,100.0,96,33.59,64,2476,0x0000000000000000
14:49:28,17320,7627,3361535,6164531,44513750,1.6,5.7,100.0,96,33.64,64,2476,0x0000000000000000
14:49:29,17297,7627,3361549,6164531,44514320,2.2,5.7,100.0,96,33.12,64,2476,0x0000000000000000
14:49:30,17359,7627,3361561,6164531,44514907,2.3,5.4,100.0,96,33.21,64,2476,0x0000000000000000
14:49:31,17322,7627,3361569,6164531,44515475,2.2,7.3,100.0,96,32.98,64,2476,0x0000000000000000
14:49:32,17315,7627,3361579,6164531,44515925,1.8,5.4,100.0,96,32.88,64,2476,0x0000000000000000
14:49:33,17362,7627,3361583,6164531,44516417,1.9,5.4,100.0,96,33.02,64,2483,0x0000000000000000
14:49:34,17328,7627,3361589,6164531,44516663,1.1,5.9,100.0,94,32.72,64,2470,0x0000000000000000
14:49:35,17327,7627,3361589,6164531,44516663,0.0,5.2,100.0,0,13.24,60,2411,0x0000000000000000
14:49:36,17325,7627,3361589,6164531,44516663,0.0,5.3,100.0,0,13.04,60,2411,0x0000000000000000
14:49:37,17347,7627,3361590,6164531,44516770,0.8,5.9,95.0,42,19.36,61,2437,0x0000000000000000
14:49:38,17299,7627,3361590,6164531,44516776,0.6,5.8,100.0,96,57.84,67,2457,0x0000000000000000
14:49:39,17245,7627,3361590,6164531,44516886,0.4,5.8,66.0,96,40.62,64,2476,0x0000000000000000
14:49:40,17230,7627,3361610,6164531,44517257,1.5,6.1,100.0,96,34.06,64,2483,0x0000000000000000
14:49:41,17223,7627,3361612,6164531,44517505,1.0,5.6,100.0,96,34.64,63,2476,0x0000000000000000
14:49:42,17215,7627,3361639,6164531,44517843,1.3,5.5,100.0,96,34.56,64,2483,0x0000000000000000
14:49:43,17204,7627,3361649,6164531,44518454,2.4,5.6,100.0,96,33.30,64,2476,0x0000000000000000
14:49:44,17186,7627,3361659,6164531,44519144,2.7,6.1,100.0,96,33.28,64,2483,0x0000000000000000
14:49:45,17176,7627,3361668,6164531,44519650,2.0,5.5,100.0,96,32.49,63,2483,0x0000000000000000
14:49:46,17331,7627,3361675,6164531,44520338,2.7,5.6,100.0,96,33.40,64,2483,0x0000000000000000
14:49:47,17313,7627,3361677,6164531,44520780,1.7,5.6,100.0,96,33.25,64,2483,0x0000000000000000
14:49:48,17297,7627,3361682,6164531,44521353,2.2,5.8,100.0,96,33.52,64,2483,0x0000000000000000
14:49:49,17270,7627,3361688,6164531,44522087,2.9,6.1,100.0,96,31.98,64,2483,0x0000000000000000
14:49:50,17249,7627,3361697,6164531,44522816,2.8,5.6,100.0,96,31.17,64,2483,0x0000000000000000
14:49:51,17236,7627,3361705,6164531,44523290,1.9,5.6,100.0,96,32.73,63,2489,0x0000000000000000
14:49:52,17215,7627,3361708,6164531,44523648,1.4,5.7,100.0,96,32.94,63,2476,0x0000000000000000
14:49:53,17215,7627,3361708,6164531,44523648,0.0,5.2,100.0,0,13.74,60,2411,0x0000000000000000
14:49:54,17215,7627,3361708,6164531,44523648,0.0,5.4,100.0,0,12.98,60,2411,0x0000000000000000
14:49:55,17296,7627,3361708,6164531,44523700,2.8,5.5,100.0,0,13.09,59,2411,0x0000000000000000
14:49:56,17289,7627,3361716,6164531,44523921,0.9,7.3,100.0,96,40.14,62,2496,0x0000000000000000
14:49:57,17284,7627,3361717,6164531,44523965,0.3,5.4,100.0,96,33.73,63,2476,0x0000000000000000
14:49:58,17272,7627,3361718,6164531,44524088,0.5,5.6,100.0,96,40.90,63,2470,0x0000000000000000
14:49:59,17260,7627,3361718,6164531,44524183,0.4,5.9,100.0,96,33.89,63,2476,0x0000000000000000
14:50:00,17245,7627,3361722,6164531,44524246,0.3,7.2,100.0,96,36.83,64,2470,0x0000000000000000
14:50:01,17247,7627,3361722,6164531,44524353,0.4,5.4,100.0,96,34.13,64,2476,0x0000000000000000
14:50:02,17246,7627,3361723,6164531,44524454,0.4,6.2,100.0,96,36.87,64,2476,0x0000000000000000
14:50:03,17257,7627,3361723,6164531,44524593,0.5,5.6,100.0,90,36.09,65,2470,0x0000000000000000
14:50:04,17246,7627,3361726,6164531,44524640,0.2,6.0,100.0,96,35.22,64,2470,0x0000000000000000
14:50:05,17232,7627,3361727,6164531,44524810,0.7,5.9,100.0,94,36.67,63,2476,0x0000000000000000
14:50:06,17228,7627,3361738,6164531,44524950,0.6,5.6,100.0,96,33.51,64,2470,0x0000000000000000
14:50:07,17228,7627,3361741,6164531,44525187,0.9,5.5,100.0,96,36.15,63,2476,0x0000000000000000
14:50:08,17217,7627,3361742,6164531,44525275,0.3,5.6,100.0,96,33.86,64,2476,0x0000000000000000
14:50:09,17351,7627,3361743,6164531,44525323,0.2,6.0,100.0,96,37.09,64,2470,0x0000000000000000
14:50:10,17333,7627,3361743,6164531,44525399,0.3,5.9,100.0,96,34.10,64,2470,0x0000000000000000
14:50:11,17331,7627,3361744,6164531,44525424,0.1,5.5,100.0,96,37.53,64,2470,0x0000000000000000
14:50:12,17329,7627,3361744,6164531,44525505,0.3,5.5,100.0,91,36.11,65,2470,0x0000000000000000
14:50:13,17326,7627,3361747,6164531,44525573,0.3,5.8,100.0,96,35.62,64,2470,0x0000000000000000
14:50:14,17304,7627,3361750,6164531,44525660,0.3,5.9,100.0,95,37.38,64,2476,0x0000000000000000
14:50:15,17288,7627,3361750,6164531,44525667,0.0,5.8,100.0,96,34.68,64,2470,0x0000000000000000
14:50:16,17283,7627,3361751,6164531,44525833,0.6,5.7,100.0,96,36.42,64,2476,0x0000000000000000
14:50:17,17268,7627,3361839,6164531,44525921,0.6,5.6,100.0,96,34.55,64,2476,0x0000000000000000
14:50:18,17266,7627,3361844,6164531,44526039,0.5,5.4,100.0,96,36.90,64,2470,0x0000000000000000
14:50:19,17352,7627,3361844,6164531,44526128,0.3,6.3,100.0,96,34.15,64,2476,0x0000000000000000
14:50:20,17321,7627,3361847,6164531,44526195,0.3,5.6,100.0,96,37.36,64,2470,0x0000000000000000
14:50:21,17325,7627,3361847,6164531,44526294,0.4,6.1,100.0,96,34.07,64,2476,0x0000000000000000
14:50:22,17325,7627,3361847,6164531,44526326,0.1,5.4,100.0,96,36.75,64,2476,0x0000000000000000
14:50:23,17314,7627,3361847,6164531,44526446,0.5,5.6,100.0,96,34.40,64,2476,0x0000000000000000
14:50:24,17302,7627,3361855,6164531,44526492,0.2,6.0,100.0,96,37.83,64,2470,0x0000000000000000
14:50:25,17299,7627,3361855,6164531,44526579,0.3,5.5,100.0,91,36.45,66,2470,0x0000000000000000
14:50:26,17281,7627,3361857,6164531,44526625,0.2,6.1,100.0,96,36.05,64,2470,0x0000000000000000
14:50:27,17278,7627,3361858,6164531,44526696,0.3,6.8,100.0,96,37.59,64,2483,0x0000000000000000
14:50:28,17277,7627,3361858,6164531,44526734,0.1,5.5,100.0,96,34.52,63,2470,0x0000000000000000
14:50:29,17267,7627,3361869,6164531,44527095,1.4,5.8,100.0,96,35.97,64,2476,0x0000000000000000
14:50:30,17265,7627,3361872,6164531,44527204,0.4,5.5,100.0,96,34.07,64,2470,0x0000000000000000
14:50:31,17263,7627,3361881,6164531,44527331,0.5,5.7,100.0,96,36.86,64,2476,0x0000000000000000
14:50:32,17358,7627,3361881,6164531,44527426,0.4,5.8,100.0,96,34.45,64,2470,0x0000000000000000
14:50:33,17356,7627,3361882,6164531,44527449,0.1,5.4,100.0,96,37.68,64,2476,0x0000000000000000
14:50:34,17334,7627,3361893,6164531,44527571,0.5,6.4,100.0,94,34.92,63,2476,0x0000000000000000
14:50:35,17330,7627,3361894,6164531,44527615,0.2,5.4,100.0,96,37.14,64,2476,0x0000000000000000
14:50:36,17306,7627,3361894,6164531,44527738,0.5,5.7,100.0,96,37.42,64,2483,0x0000000000000000
14:50:37,17305,7627,3361900,6164531,44527802,0.3,5.8,100.0,96,33.97,64,2470,0x0000000000000000
14:50:38,17303,7627,3361903,6164531,44527963,0.6,5.5,100.0,96,37.39,64,2470,0x0000000000000000
14:50:39,17286,7627,3361903,6164531,44528014,0.2,5.9,100.0,96,35.21,64,2470,0x0000000000000000
14:50:40,17285,7627,3361906,6164531,44528044,0.1,5.5,100.0,96,37.69,64,2470,0x0000000000000000
14:50:41,17266,7627,3361906,6164531,44528159,0.4,5.8,100.0,96,34.81,64,2470,0x0000000000000000
14:50:42,17262,7627,3361909,6164531,44528318,0.6,5.6,100.0,96,36.90,64,2470,0x0000000000000000
14:50:43,17261,7627,3361909,6164531,44528420,0.4,5.5,100.0,93,36.03,64,2476,0x0000000000000000
14:50:44,17260,7627,3361911,6164531,44528529,0.4,6.0,100.0,96,35.55,64,2476,0x0000000000000000
14:50:45,17262,7627,3361911,6164531,44528614,0.3,5.6,100.0,91,37.58,65,2476,0x0000000000000000
14:50:46,17263,7627,3361913,6164531,44528754,0.6,5.7,100.0,96,33.74,64,2476,0x0000000000000000
14:50:47,17263,7627,3361914,6164531,44528858,0.5,5.4,100.0,94,35.27,64,2470,0x0000000000000000
14:50:48,17266,7627,3361916,6164531,44528927,0.3,5.6,100.0,96,36.78,64,2470,0x0000000000000000
14:50:49,17331,7627,3361917,6164531,44529002,0.3,5.8,100.0,96,37.42,64,2483,0x0000000000000000
14:50:50,17329,7627,3361925,6164531,44529049,0.2,5.5,100.0,96,34.81,64,2470,0x0000000000000000
14:50:51,17289,7627,3361953,6164531,44529572,2.2,6.1,100.0,92,29.33,66,2483,0x0000000000000000
14:50:52,17301,7627,3362147,6164531,44529848,3.7,8.2,100.0,96,34.10,64,2470,0x0000000000000000
14:50:53,17290,7627,3362205,6164531,44530175,1.4,7.4,100.0,96,33.63,64,2476,0x0000000000000000
14:50:54,17230,7626,3362278,6164531,44530694,2.1,7.4,100.0,96,31.98,64,2476,0x0000000000000000
14:50:55,17308,7626,3362301,6164531,44531248,2.7,5.6,100.0,96,31.32,64,2470,0x0000000000000000
14:50:56,17281,7626,3362320,6164531,44531726,2.0,5.7,100.0,96,31.42,62,2476,0x0000000000000000
14:50:57,17266,7626,3362335,6164531,44532249,2.1,6.7,100.0,96,31.26,63,2476,0x0000000000000000
14:50:58,17253,7626,3362344,6164531,44532688,1.7,5.5,100.0,96,31.80,63,2476,0x0000000000000000
14:50:59,17279,7626,3362361,6164531,44533367,2.7,5.9,100.0,96,31.75,62,2470,0x0000000000000000
14:51:00,17297,7626,3362377,6164531,44533857,1.9,5.6,100.0,96,32.61,63,2470,0x0000000000000000
14:51:01,17287,7626,3362381,6164531,44534216,1.4,5.4,100.0,96,32.53,64,2470,0x0000000000000000
14:51:02,17269,7626,3362388,6164531,44534599,1.5,5.6,100.0,96,32.55,62,2476,0x0000000000000000
14:51:03,17251,7626,3362399,6164531,44535057,1.8,5.5,100.0,96,32.65,62,2476,0x0000000000000000
14:51:04,17220,7626,3362405,6164531,44535632,2.2,6.7,100.0,96,32.40,63,2476,0x0000000000000000
14:51:05,17206,7626,3362434,6164531,44536095,1.8,6.4,100.0,96,32.13,63,2483,0x0000000000000000
14:51:06,17198,7626,3362441,6164531,44536624,2.1,5.6,100.0,96,32.46,63,2476,0x0000000000000000
14:51:07,17177,7626,3362470,6164531,44537412,3.1,5.8,100.0,96,30.94,63,2483,0x0000000000000000
14:51:08,17172,7626,3362477,6164531,44537868,1.8,5.4,100.0,96,32.29,63,2476,0x0000000000000000
14:51:09,17322,7626,3362484,6164531,44538352,1.9,5.7,100.0,96,32.32,63,2470,0x0000000000000000
14:51:10,17306,7626,3362496,6164531,44538925,2.2,5.4,100.0,96,32.46,63,2470,0x0000000000000000
14:51:11,17293,7626,3362508,6164531,44539429,2.0,5.4,100.0,96,32.19,63,2476,0x0000000000000000
14:51:12,17279,7626,3362522,6164531,44540140,2.8,5.5,100.0,96,31.40,63,2476,0x0000000000000000
14:51:13,17268,7626,3362525,6164531,44540646,2.0,5.4,100.0,96,32.64,63,2470,0x0000000000000000
14:51:14,17240,7626,3362539,6164531,44541178,2.1,5.8,100.0,96,32.08,63,2476,0x0000000000000000
14:51:15,17232,7626,3362542,6164531,44541419,0.9,5.8,100.0,96,37.28,64,2483,0x0000000000000000
14:51:16,17231,7626,3362544,6164531,44541467,0.2,5.5,100.0,96,34.14,63,2470,0x0000000000000000
14:51:17,17214,7626,3362551,6164531,44541725,1.0,5.7,100.0,96,34.10,63,2470,0x0000000000000000
14:51:18,17207,7626,3362556,6164531,44542084,1.4,5.5,100.0,96,32.89,62,2496,0x0000000000000000
14:51:19,17194,7626,3362562,6164531,44542511,1.7,6.0,100.0,96,32.94,63,2476,0x0000000000000000
14:51:20,17195,7626,3362568,6164531,44542889,1.5,5.5,100.0,96,32.74,63,2476,0x0000000000000000
14:51:21,17198,7626,3362571,6164531,44543120,0.9,5.4,100.0,96,33.52,63,2470,0x0000000000000000
14:51:22,17332,7626,3362579,6164531,44543403,1.1,5.7,100.0,96,33.39,63,2476,0x0000000000000000
14:51:23,17317,7626,3362584,6164531,44543860,1.8,5.5,100.0,96,32.46,63,2476,0x0000000000000000
14:51:24,17274,7626,3362589,6164531,44544321,1.8,6.7,100.0,96,32.63,63,2470,0x0000000000000000
14:51:25,17258,7626,3362597,6164531,44544752,1.7,5.8,100.0,96,32.33,63,2470,0x0000000000000000
14:51:26,17246,7626,3362611,6164531,44545178,1.7,5.5,100.0,96,32.90,63,2470,0x0000000000000000
14:51:27,17237,7626,3362612,6164531,44545514,1.3,6.9,100.0,96,33.34,63,2470,0x0000000000000000
14:51:28,17226,7626,3362619,6164531,44545928,1.6,5.4,100.0,96,33.09,63,2470,0x0000000000000000
14:51:29,17213,7626,3362622,6164531,44546326,1.6,6.0,100.0,96,32.83,63,2476,0x0000000000000000
14:51:30,17341,7626,3362625,6164531,44546994,2.6,5.4,100.0,96,31.83,63,2476,0x0000000000000000
14:51:31,17326,7626,3362631,6164531,44547430,1.7,5.5,100.0,96,32.51,63,2476,0x0000000000000000
14:51:32,17314,7626,3362641,6164531,44547876,1.7,5.9,100.0,96,32.38,63,2476,0x0000000000000000
14:51:33,17301,7626,3362657,6164531,44548416,2.1,5.5,100.0,96,32.06,63,2476,0x0000000000000000
14:51:34,17274,7626,3362665,6164531,44548881,1.8,5.7,100.0,96,32.53,63,2476,0x0000000000000000
14:51:35,17257,7626,3362676,6164531,44549362,1.9,5.8,100.0,96,32.29,63,2476,0x0000000000000000
14:51:36,17242,7626,3362681,6164531,44549869,2.0,6.7,100.0,96,32.15,62,2476,0x0000000000000000
14:51:37,17231,7626,3362686,6164531,44550437,2.2,5.6,100.0,93,32.31,64,2496,0x0000000000000000
14:51:38,17227,7626,3362692,6164531,44550591,0.6,5.3,100.0,96,37.30,63,2489,0x0000000000000000
14:51:39,17215,7626,3362692,6164531,44550796,0.8,6.0,100.0,96,34.00,63,2489,0x0000000000000000
14:51:40,17215,7626,3362693,6164531,44550986,0.7,5.4,100.0,96,33.62,62,2470,0x0000000000000000
14:51:41,17216,7626,3362695,6164531,44551215,0.9,5.5,100.0,96,33.33,63,2489,0x0000000000000000
14:51:42,17220,7626,3362695,6164531,44551380,0.6,5.4,100.0,96,33.65,63,2483,0x0000000000000000
14:51:43,17212,7626,3362700,6164531,44551788,1.6,5.4,100.0,96,32.49,62,2470,0x0000000000000000
14:51:44,17330,7626,3362704,6164531,44552089,1.2,6.0,100.0,96,33.17,63,2476,0x0000000000000000
14:51:45,17318,7626,3362714,6164531,44552487,1.6,5.6,100.0,96,32.40,63,2476,0x0000000000000000
14:51:46,17307,7626,3362718,6164531,44552671,0.7,5.6,100.0,96,33.36,62,2470,0x0000000000000000
14:51:47,17303,7626,3362719,6164531,44552823,0.6,5.5,100.0,96,33.53,63,2476,0x0000000000000000
14:51:48,17292,7626,3362720,6164531,44553181,1.4,5.5,100.0,96,32.68,63,2476,0x0000000000000000
14:51:49,17280,7626,3362722,6164531,44553420,0.9,6.1,100.0,96,33.12,62,2470,0x0000000000000000
14:51:50,17266,7626,3362724,6164531,44553902,1.9,5.4,100.0,96,32.76,63,2470,0x0000000000000000
14:51:51,17258,7626,3362731,6164531,44554211,1.2,5.4,100.0,96,32.87,63,2470,0x0000000000000000
14:51:52,17249,7626,3362731,6164531,44554529,1.2,5.4,100.0,96,32.74,63,2470,0x0000000000000000
14:51:53,17246,7626,3362732,6164531,44554732,0.8,5.5,100.0,96,32.93,63,2476,0x0000000000000000
14:51:54,17228,7626,3362743,6164531,44555210,1.9,5.9,100.0,96,32.77,63,2476,0x0000000000000000
14:51:55,17334,7626,3362752,6164531,44555696,1.9,5.5,100.0,96,32.20,63,2483,0x0000000000000000
14:51:56,17327,7626,3362760,6164531,44556192,1.9,5.7,100.0,96,32.28,63,2476,0x0000000000000000
14:51:57,17355,7626,3362762,6164531,44556627,1.7,6.9,100.0,96,32.56,62,2470,0x0000000000000000
14:51:58,17342,7626,3362766,6164531,44557001,1.5,5.5,100.0,96,32.34,62,2470,0x0000000000000000
14:51:59,17341,7626,3362774,6164531,44557429,2.3,7.0,100.0,96,32.49,63,2470,0x0000000000000000
14:52:00,17338,7626,3362774,6164531,44557429,0.0,5.5,100.0,96,52.73,68,2450,0x0000000000000000
14:52:01,17343,7626,3362778,6164531,44557431,0.0,5.5,100.0,86,61.35,67,2457,0x0000000000000000
14:52:02,17342,7626,3362778,6164531,44557431,0.0,5.4,100.0,96,62.61,68,2450,0x0000000000000000
14:52:03,17344,7626,3362778,6164531,44557431,0.0,5.3,100.0,96,62.10,69,2450,0x0000000000000000
14:52:04,17323,7626,3362779,6164531,44557432,0.0,6.0,100.0,96,63.01,70,2450,0x0000000000000000
14:52:05,17342,7626,3362779,6164531,44557432,0.0,5.5,100.0,96,62.38,71,2444,0x0000000000000000
14:52:06,17344,7626,3362779,6164531,44557432,0.0,5.3,100.0,96,62.97,69,2450,0x0000000000000000
14:52:07,17344,7626,3362779,6164531,44557432,0.0,6.3,100.0,96,59.02,71,2450,0x0000000000000000
14:52:08,17346,7626,3362779,6164531,44557432,0.0,6.1,100.0,96,63.04,70,2450,0x0000000000000000
14:52:09,17326,7626,3362779,6164531,44557433,0.0,5.9,100.0,96,57.99,69,2450,0x0000000000000000
14:52:10,17340,7626,3362779,6164531,44557433,0.0,5.7,100.0,87,62.34,70,2450,0x0000000000000000
14:52:11,17339,7626,3362779,6164531,44557433,0.0,5.4,100.0,96,62.51,70,2450,0x0000000000000000
14:52:12,17343,7626,3362779,6164531,44557434,0.2,5.4,100.0,96,61.79,71,2476,0x0000000000000000
14:52:13,17342,7626,3362779,6164531,44557458,0.1,5.5,100.0,96,54.24,66,2476,0x0000000000000000
14:52:14,17316,7626,3362785,6164531,44557841,1.5,5.8,100.0,96,33.99,64,2470,0x0000000000000000
14:52:15,17301,7626,3362789,6164531,44558213,1.5,5.5,100.0,96,33.44,64,2470,0x0000000000000000
14:52:16,17295,7626,3362791,6164531,44558425,0.8,5.5,100.0,96,33.47,65,2470,0x0000000000000000
14:52:17,17281,7626,3362799,6164531,44558669,1.0,5.4,100.0,96,33.52,65,2470,0x0000000000000000
14:52:18,17266,7626,3362805,6164531,44559137,1.8,5.4,100.0,96,32.87,64,2476,0x0000000000000000
14:52:19,17244,7626,3362817,6164531,44559580,1.7,6.0,100.0,96,32.75,63,2470,0x0000000000000000
14:52:20,17233,7626,3362826,6164531,44560180,2.4,5.8,100.0,96,32.15,63,2470,0x0000000000000000
14:52:21,17225,7626,3362832,6164531,44560510,1.3,5.5,100.0,96,32.58,64,2476,0x0000000000000000
14:52:22,17224,7626,3362834,6164531,44560773,1.0,5.5,100.0,96,33.47,64,2476,0x0000000000000000
14:52:23,17219,7626,3362836,6164531,44561134,1.4,5.5,100.0,96,32.69,64,2470,0x0000000000000000
14:52:24,17325,7626,3362846,6164531,44561419,1.1,7.0,100.0,94,34.77,65,2483,0x0000000000000000
14:52:25,17318,7626,3362854,6164531,44561619,0.8,5.5,100.0,96,34.19,64,2476,0x0000000000000000
14:52:26,17309,7626,3362855,6164531,44561928,1.2,5.5,100.0,96,32.74,64,2476,0x0000000000000000
14:52:27,17296,7626,3362867,6164531,44562185,1.0,5.6,100.0,96,32.35,64,2476,0x0000000000000000
14:52:28,17292,7626,3362873,6164531,44562317,0.5,6.9,100.0,96,34.37,64,2470,0x0000000000000000
14:52:29,17272,7626,3362883,6164531,44562453,2.5,6.3,100.0,96,33.76,64,2476,0x0000000000000000
14:52:30,17269,7626,3362889,6164531,44562585,0.5,5.5,100.0,96,33.79,64,2476,0x0000000000000000
14:52:31,17262,7626,3362893,6164531,44562790,0.8,5.6,100.0,96,32.96,64,2470,0x0000000000000000
14:52:32,17241,7626,3362989,6164531,44563048,1.3,5.8,100.0,96,33.07,64,2470,0x0000000000000000
14:52:33,17331,7626,3363277,6164531,44563113,1.3,6.8,100.0,96,40.04,70,2450,0x0000000000000000
14:52:34,17321,7626,3363280,6164531,44563114,0.0,5.8,100.0,96,62.43,69,2444,0x0000000000000000
14:52:35,17335,7626,3363280,6164531,44563114,0.0,5.6,100.0,96,61.88,69,2450,0x0000000000000000
14:52:36,17336,7626,3363280,6164531,44563114,0.0,5.7,100.0,94,62.98,70,2450,0x0000000000000000
14:52:37,17334,7626,3363280,6164531,44563114,0.0,5.3,100.0,96,61.18,70,2450,0x0000000000000000
14:52:38,17336,7626,3363280,6164531,44563114,0.0,5.9,100.0,63,57.84,68,2437,0x0000000000000000
14:52:39,17322,7626,3363280,6164531,44563114,0.0,5.7,100.0,96,62.65,70,2450,0x0000000000000000
14:52:40,17320,7626,3363280,6164531,44563114,0.0,5.7,100.0,96,62.47,70,2450,0x0000000000000000
14:52:41,17317,7626,3363280,6164531,44563114,0.0,5.4,100.0,96,63.21,71,2450,0x0000000000000000
14:52:42,17425,7626,3363280,6164531,44563114,0.0,5.5,100.0,96,61.72,70,2450,0x0000000000000000
14:52:43,17441,7626,3363280,6164531,44563114,0.0,5.4,100.0,96,63.31,71,2450,0x0000000000000000
14:52:44,17418,7626,3364133,6164531,44563506,3.4,6.1,100.0,96,62.32,71,2450,0x0000000000000000
14:52:45,17399,7626,3366609,6164531,44564858,9.8,6.2,100.0,96,63.51,70,2450,0x0000000000000000
14:52:46,17398,7626,3366609,6164531,44564858,0.0,5.4,100.0,96,62.11,70,2450,0x0000000000000000
14:52:47,17400,7626,3366614,6164531,44564863,0.0,6.0,100.0,82,60.70,70,2457,0x0000000000000000
14:52:48,17400,7626,3366614,6164531,44564863,0.0,5.4,100.0,96,62.77,72,2450,0x0000000000000000
14:52:49,17228,7626,3366614,6164531,44565164,17.3,6.3,100.0,96,52.93,65,2483,0x0000000000000000
14:52:50,17228,7626,3366615,6164531,44565166,0.0,5.5,100.0,96,61.29,71,2444,0x0000000000000000
14:52:51,17118,7626,3366615,6164531,44565861,105.7,6.0,100.0,96,56.00,66,2476,0x0000000000000000
14:52:52,16937,7626,3366615,6164535,44567243,5.4,7.1,100.0,96,20.17,63,2489,0x0000000000000000
14:52:53,16948,7626,3366615,6164535,44567243,0.0,7.1,100.0,96,55.12,70,2476,0x0000000000000000
14:52:54,16865,7626,3366615,6164535,44567603,104.1,6.6,100.0,95,62.76,71,2457,0x0000000000000000
14:52:55,16281,7626,3366638,6164535,44569238,6.4,7.7,100.0,96,21.12,63,2489,0x0000000000000000
14:52:56,16265,7625,3366638,6164535,44569730,1.9,5.7,100.0,96,43.42,70,2450,0x0000000000000000
14:52:57,16289,7625,3366638,6164535,44569730,0.0,5.3,100.0,96,62.76,73,2444,0x0000000000000000
14:52:58,17090,7625,3366638,6164540,44571678,117.5,8.1,100.0,96,32.34,64,2489,0x0000000000000000
14:52:59,16885,7625,3366638,6164540,44572237,2.2,6.5,100.0,96,38.47,70,2450,0x0000000000000000
14:53:00,16885,7625,3366638,6164540,44572237,0.0,5.4,100.0,96,61.96,71,2444,0x0000000000000000
14:53:01,16309,7625,3366638,6164540,44573713,84.7,6.7,100.0,96,38.23,64,2489,0x0000000000000000
14:53:02,16246,7625,3366638,6164540,44573807,0.6,5.7,100.0,96,48.64,70,2450,0x0000000000000000
14:53:03,17437,7625,3366640,6164540,44573884,58.6,5.6,100.0,96,62.72,72,2450,0x0000000000000000
14:53:04,16860,7625,3366640,6164540,44575457,20.0,6.9,100.0,96,27.94,63,2489,0x0000000000000000
14:53:05,16860,7625,3366641,6164540,44575458,0.0,5.4,100.0,96,60.26,71,2450,0x0000000000000000
14:53:06,17254,7625,3366641,6164540,44576328,52.5,6.0,100.0,90,58.61,66,2463,0x0000000000000000
14:53:07,17051,7625,3366641,6164540,44577440,4.3,5.9,100.0,96,35.79,70,2457,0x0000000000000000
14:53:08,17051,7625,3366641,6164540,44577440,0.0,5.3,100.0,96,62.69,72,2450,0x0000000000000000
14:53:09,17438,7625,3366641,6164540,44577442,0.1,6.5,100.0,96,61.28,70,2457,0x0000000000000000
14:53:10,17434,7625,3366642,6164540,44577443,0.0,5.6,100.0,96,62.22,70,2450,0x0000000000000000
14:53:11,17443,7625,3366642,6164540,44577468,0.1,5.7,100.0,96,60.83,71,2450,0x0000000000000000
14:53:12,17443,7625,3366642,6164540,44577468,0.0,5.4,100.0,96,62.49,72,2444,0x0000000000000000
14:53:13,17438,7625,3366642,6164540,44577468,0.0,5.7,100.0,96,61.31,71,2444,0x0000000000000000
14:53:14,17436,7625,3366642,6164540,44577468,0.0,5.8,100.0,96,62.56,72,2450,0x0000000000000000
14:53:15,17426,7625,3366649,6164540,44577480,0.3,6.5,100.0,96,57.52,71,2476,0x0000000000000000
14:53:16,17422,7625,3366650,6164540,44577593,0.4,5.5,100.0,96,43.12,66,2470,0x0000000000000000
14:53:17,17431,7625,3366657,6164540,44577935,1.3,5.9,100.0,96,34.62,66,2470,0x0000000000000000
14:53:18,17428,7625,3366660,6164540,44578040,0.4,5.3,100.0,96,34.40,66,2470,0x0000000000000000
14:53:19,17386,7625,3366669,6164540,44578457,1.6,5.9,100.0,96,33.77,66,2476,0x0000000000000000
14:53:20,17377,7625,3366673,6164540,44578781,1.3,5.9,100.0,96,33.74,65,2470,0x0000000000000000
14:53:21,17452,7625,3366679,6164540,44579053,1.1,10.3,100.0,96,32.92,66,2489,0x0000000000000000
14:53:22,17441,7625,3366687,6164540,44579545,1.9,10.4,100.0,96,31.22,65,2489,0x0000000000000000
14:53:23,17432,7625,3366689,6164540,44579871,1.3,7.0,100.0,96,32.95,66,2476,0x0000000000000000
14:53:24,17399,7625,3366693,6164540,44580200,1.3,6.0,100.0,96,33.91,66,2470,0x0000000000000000
14:53:25,17390,7625,3366699,6164540,44580589,1.5,5.7,100.0,96,33.60,66,2476,0x0000000000000000
14:53:26,17382,7625,3366847,6164540,44580817,1.4,7.2,100.0,96,32.41,66,2483,0x0000000000000000
14:53:27,17350,7625,3366849,6164540,44581089,1.1,5.5,100.0,96,33.05,66,2470,0x0000000000000000
14:53:28,17374,7625,3366852,6164540,44581299,0.8,7.1,100.0,96,34.20,66,2470,0x0000000000000000
14:53:29,17361,7625,3366853,6164540,44581801,2.0,5.7,100.0,96,33.34,65,2476,0x0000000000000000
14:53:30,17356,7625,3366855,6164540,44582005,0.8,5.5,100.0,96,33.59,66,2476,0x0000000000000000
14:53:31,17417,7625,3373137,6164540,44582875,24.8,7.8,100.0,93,24.90,68,2431,0x0000000000000000
14:53:32,17416,7625,3373137,6164540,44582875,0.0,5.5,100.0,96,62.86,71,2450,0x0000000000000000
14:53:33,17421,7625,3373137,6164540,44582875,0.0,5.5,100.0,96,61.67,70,2450,0x0000000000000000
14:53:34,17404,7625,3373137,6164540,44582895,3.6,7.1,100.0,96,63.66,70,2444,0x0000000000000000
14:53:35,17401,7625,3373137,6164540,44582895,0.0,5.9,100.0,96,61.54,72,2450,0x0000000000000000
14:53:36,17422,7625,3373137,6164540,44582895,0.0,5.6,100.0,96,63.65,72,2437,0x0000000000000000
14:53:37,17421,7625,3373137,6164540,44582895,0.0,5.2,100.0,96,62.68,71,2437,0x0000000000000000
14:53:38,17422,7625,3373137,6164540,44582895,0.0,5.6,100.0,87,62.83,68,2444,0x0000000000000000
14:53:39,17408,7625,3373137,6164540,44582895,0.0,5.7,100.0,96,63.58,71,2444,0x0000000000000000
14:53:40,17421,7625,3373137,6164540,44582895,0.0,5.6,100.0,96,62.46,74,2444,0x0000000000000000
14:53:41,17420,7625,3373137,6164540,44582895,0.0,5.3,100.0,96,63.66,71,2437,0x0000000000000000
14:53:42,17421,7625,3373137,6164540,44582895,0.0,5.6,100.0,96,62.73,73,2444,0x0000000000000000
14:53:43,17420,7625,3373137,6164540,44582895,0.0,5.4,100.0,96,63.58,73,2450,0x0000000000000000
14:53:44,17422,7625,3373137,6164540,44582895,0.0,6.0,100.0,96,62.77,72,2444,0x0000000000000000
14:53:45,17423,7625,3373137,6164540,44582895,0.0,5.9,100.0,96,63.84,72,2444,0x0000000000000000
14:53:46,17420,7625,3373137,6164540,44582895,0.0,5.3,100.0,96,62.24,72,2437,0x0000000000000000
14:53:47,17422,7625,3373137,6164540,44582895,0.0,5.6,100.0,95,63.13,72,2444,0x0000000000000000
14:53:48,17421,7625,3373137,6164540,44582895,0.0,5.5,100.0,96,63.11,72,2444,0x0000000000000000
14:53:49,17422,7625,3373137,6164540,44582895,0.0,7.1,100.0,96,60.67,75,2450,0x0000000000000000
14:53:50,17412,7625,3373137,6164540,44582895,0.0,5.3,100.0,96,63.33,72,2444,0x0000000000000000
14:53:51,17421,7625,3373137,6164540,44582895,0.0,5.6,100.0,96,62.49,72,2444,0x0000000000000000
14:53:52,17421,7625,3373137,6164540,44582895,0.0,5.3,100.0,96,63.83,73,2444,0x0000000000000000
14:53:53,17422,7625,3373137,6164540,44582895,0.0,5.6,100.0,96,62.59,73,2437,0x0000000000000000
14:53:54,17412,7625,3373137,6164540,44582895,0.0,5.7,100.0,96,63.50,72,2444,0x0000000000000000
14:53:55,17419,7625,3373137,6164540,44582895,0.0,5.5,100.0,96,62.61,72,2444,0x0000000000000000
14:53:56,17423,7625,3373137,6164540,44582895,0.0,5.5,100.0,96,63.75,72,2437,0x0000000000000000
14:53:57,17422,7625,3373137,6164540,44582895,0.0,5.5,100.0,96,62.15,74,2437,0x0000000000000000
14:53:58,17422,7625,3373137,6164540,44582895,0.0,7.3,100.0,96,63.29,75,2437,0x0000000000000000
14:53:59,17409,7625,3373137,6164540,44582895,0.0,5.8,100.0,96,62.24,74,2444,0x0000000000000000
14:54:00,17406,7625,3373137,6164540,44582895,0.0,5.9,100.0,96,63.40,73,2444,0x0000000000000000
14:54:01,17404,7625,3373138,6164540,44582896,0.0,5.3,100.0,96,62.33,72,2437,0x0000000000000000
14:54:02,17393,7625,3373138,6164540,44583549,33.4,5.9,100.0,95,61.68,72,2444,0x0000000000000000
14:54:03,17259,7625,3373138,6164540,44583866,1.2,5.9,100.0,96,44.26,74,2437,0x0000000000000000
14:54:04,17254,7625,3373138,6164540,44583866,0.0,5.6,100.0,96,63.39,76,2437,0x0000000000000000
14:54:05,17032,7625,3373138,6164540,44585622,130.6,7.7,100.0,96,34.08,66,2489,0x0000000000000000
14:54:06,16514,7625,3373138,6164540,44587438,7.1,7.2,100.0,96,20.40,65,2489,0x0000000000000000
14:54:07,16958,7625,3373139,6164540,44587730,1.1,8.7,100.0,96,43.69,70,2457,0x0000000000000000
14:54:08,16966,7625,3373139,6164540,44587730,0.0,5.7,100.0,96,57.94,73,2444,0x0000000000000000
14:54:09,17026,7625,3373139,6164540,44589294,132.7,7.1,100.0,96,39.97,66,2489,0x0000000000000000
14:54:10,17190,7625,3373139,6164540,44591401,8.5,6.8,100.0,96,20.37,65,2489,0x0000000000000000
14:54:11,16890,7625,3373139,6164540,44593145,6.8,6.4,100.0,96,20.38,64,2489,0x0000000000000000
14:54:12,16890,7625,3373139,6164540,44593145,0.0,6.7,100.0,96,52.43,70,2463,0x0000000000000000
14:54:13,17405,7625,3373144,6164540,44593253,55.7,5.7,100.0,96,61.50,72,2444,0x0000000000000000
14:54:14,17311,7625,3373144,6164540,44595632,9.3,7.4,100.0,96,27.91,65,2489,0x0000000000000000
14:54:15,17262,7625,3373144,6164540,44596282,2.7,5.7,100.0,96,41.39,73,2450,0x0000000000000000
14:54:16,17244,7625,3373145,6164540,44596283,0.0,5.6,100.0,96,62.56,74,2437,0x0000000000000000
14:54:17,17416,7625,3373145,6164540,44596283,0.0,5.7,100.0,96,61.02,71,2444,0x0000000000000000
14:54:18,17409,7625,3373145,6164540,44596284,0.0,5.4,100.0,96,61.97,73,2444,0x0000000000000000
14:54:19,17417,7625,3373145,6164540,44596302,0.1,6.1,100.0,96,60.99,72,2437,0x0000000000000000
14:54:20,17424,7625,3373145,6164540,44596302,0.0,5.3,100.0,96,62.26,73,2444,0x0000000000000000
14:54:21,17419,7625,3373146,6164540,44596307,0.5,5.8,100.0,96,61.14,71,2444,0x0000000000000000
14:54:22,17427,7625,3373146,6164540,44596307,0.0,5.7,100.0,96,62.50,74,2437,0x0000000000000000
14:54:23,17422,7625,3373146,6164540,44596307,0.0,5.5,100.0,96,61.49,73,2444,0x0000000000000000
14:54:24,17364,7625,3375414,6164540,44597524,8.9,6.2,100.0,96,62.64,72,2437,0x0000000000000000
14:54:25,17374,7625,3378181,6164540,44598945,11.5,7.1,100.0,96,59.66,73,2444,0x0000000000000000
14:54:26,17374,7625,3378181,6164540,44598945,0.0,5.4,100.0,96,62.41,73,2444,0x0000000000000000
14:54:27,17401,7625,3378181,6164540,44598945,0.0,5.4,100.0,96,61.89,73,2437,0x0000000000000000
14:54:28,17402,7625,3378181,6164540,44598945,0.0,5.5,100.0,96,62.49,74,2444,0x0000000000000000
14:54:29,17368,7625,3378197,6164540,44598957,0.1,7.4,99.0,96,62.09,73,2437,0x0000000000000000
14:54:30,17368,7625,3378202,6164540,44598965,0.3,6.1,100.0,96,60.83,72,2444,0x0000000000000000
14:54:31,17365,7625,3378202,6164540,44598965,0.0,5.6,100.0,95,56.78,70,2463,0x0000000000000000
14:54:32,17360,7625,3378207,6164540,44599156,0.9,5.4,100.0,96,35.49,69,2476,0x0000000000000000
14:54:33,17360,7625,3378212,6164540,44599192,0.1,5.5,100.0,96,35.70,68,2470,0x0000000000000000
14:54:34,17346,7625,3378220,6164540,44599430,1.1,5.9,100.0,96,34.71,68,2476,0x0000000000000000
14:54:35,17340,7625,3378252,6164540,44599776,2.7,5.5,100.0,96,34.34,68,2470,0x0000000000000000
14:54:36,17333,7625,3378254,6164540,44600072,1.2,5.5,100.0,96,33.81,68,2470,0x0000000000000000
14:54:37,17325,7625,3378257,6164540,44600404,1.3,5.5,100.0,96,33.72,68,2476,0x0000000000000000
14:54:38,17317,7625,3378262,6164540,44600721,1.2,6.6,100.0,96,33.97,67,2476,0x0000000000000000
14:54:39,17374,7625,3378266,6164540,44601215,5.4,6.4,100.0,96,32.97,67,2476,0x0000000000000000
14:54:40,17354,7625,3378276,6164540,44601647,1.7,5.6,100.0,96,33.07,67,2476,0x0000000000000000
14:54:41,17340,7625,3378280,6164540,44602114,1.8,5.7,100.0,96,32.78,66,2476,0x0000000000000000
14:54:42,17321,7625,3378365,6164540,44602355,1.2,7.5,100.0,55,31.34,66,2463,0x0000000000000000
14:54:43,17317,7625,3378365,6164540,44602461,0.4,5.7,100.0,96,31.05,66,2470,0x0000000000000000
14:54:44,17299,7625,3378373,6164540,44602813,1.4,9.4,100.0,96,33.69,67,2489,0x0000000000000000
14:54:45,17290,7625,3378384,6164540,44603124,1.2,8.2,100.0,96,32.69,67,2483,0x0000000000000000
14:54:46,17286,7625,3378390,6164540,44603284,0.6,5.8,100.0,96,34.36,67,2470,0x0000000000000000
14:54:47,17283,7625,3378399,6164540,44603416,0.5,6.0,100.0,96,35.31,67,2470,0x0000000000000000
14:54:48,17278,7625,3378405,6164540,44603899,1.9,5.4,100.0,96,33.69,67,2470,0x0000000000000000
14:54:49,17274,7625,3378409,6164540,44604076,0.7,5.8,100.0,96,34.20,67,2476,0x0000000000000000
14:54:50,17278,7625,3378414,6164540,44604230,0.6,5.6,100.0,96,34.89,66,2470,0x0000000000000000
14:54:51,17378,7625,3378416,6164540,44604603,4.1,6.5,100.0,96,34.75,67,2476,0x0000000000000000
14:54:52,17357,7625,3378416,6164540,44604768,0.6,5.6,100.0,96,50.67,73,2450,0x0000000000000000
14:54:53,17402,7625,3378416,6164540,44604768,0.0,5.6,100.0,96,63.26,73,2444,0x0000000000000000
14:54:54,17373,7625,3378416,6164540,44604768,0.0,6.6,100.0,96,60.74,75,2444,0x0000000000000000
14:54:55,17400,7625,3378416,6164540,44604768,0.0,5.5,100.0,83,62.75,71,2444,0x0000000000000000
14:54:56,17396,7625,3378416,6164540,44604768,0.0,5.8,100.0,96,63.01,71,2444,0x0000000000000000
14:54:57,17401,7625,3378416,6164540,44604768,0.0,5.7,100.0,96,62.53,71,2444,0x0000000000000000
14:54:58,17401,7625,3378416,6164540,44604768,0.0,5.3,100.0,96,63.85,74,2437,0x0000000000000000
14:54:59,17402,7625,3378416,6164540,44604768,0.0,7.7,100.0,96,62.41,75,2437,0x0000000000000000
14:55:00,17393,7625,3378417,6164540,44604769,0.0,7.1,100.0,96,63.85,72,2437,0x0000000000000000
14:55:01,17382,7625,3378417,6164540,44604769,0.0,5.8,100.0,96,62.33,75,2437,0x0000000000000000
14:55:02,17401,7625,3378417,6164540,44604769,0.0,5.5,100.0,96,64.18,72,2437,0x0000000000000000
14:55:03,17401,7625,3378417,6164540,44604769,0.0,5.4,100.0,96,58.19,74,2437,0x0000000000000000
14:55:04,17384,7625,3378417,6164540,44604801,1.9,6.0,100.0,96,64.31,72,2437,0x0000000000000000
14:55:05,17377,7625,3378423,6164540,44604935,0.5,6.1,100.0,95,57.11,70,2457,0x0000000000000000
14:55:06,17365,7625,3378431,6164540,44605330,1.5,5.6,100.0,96,34.16,68,2476,0x0000000000000000
14:55:07,17356,7625,3378441,6164540,44605644,1.2,5.5,100.0,96,34.26,68,2476,0x0000000000000000
14:55:08,17356,7625,3378445,6164540,44605748,0.4,6.1,100.0,59,36.98,69,2463,0x0000000000000000
14:55:09,17334,7625,3378445,6164540,44605949,0.8,5.8,100.0,96,36.26,68,2470,0x0000000000000000
14:55:10,17337,7625,3378518,6164540,44606087,0.8,6.2,100.0,94,37.21,70,2470,0x0000000000000000
14:55:11,17333,7625,3378518,6164540,44606158,0.3,6.0,100.0,96,35.33,68,2470,0x0000000000000000
14:55:12,17324,7625,3378518,6164540,44606189,0.2,6.3,100.0,96,37.26,68,2476,0x0000000000000000
14:55:13,17320,7625,3378523,6164540,44606460,1.1,5.5,100.0,96,34.76,67,2476,0x0000000000000000
14:55:14,17304,7625,3378526,6164540,44606605,0.6,5.8,100.0,96,34.93,67,2470,0x0000000000000000
14:55:15,17306,7625,3378526,6164540,44606701,0.4,5.6,100.0,96,35.01,67,2476,0x0000000000000000
14:55:16,17375,7625,3378544,6164540,44606737,0.2,7.7,100.0,96,38.69,70,2450,0x0000000000000000
14:55:17,17375,7625,3378544,6164540,44606737,0.0,5.4,100.0,96,63.10,75,2444,0x0000000000000000
14:55:18,17389,7625,3378544,6164540,44606738,0.1,5.8,99.0,96,62.16,73,2437,0x0000000000000000
14:55:19,17394,7625,3378544,6164540,44606738,0.0,5.9,100.0,96,64.36,76,2437,0x0000000000000000
14:55:20,17385,7625,3378544,6164540,44606738,0.0,6.0,100.0,96,62.28,72,2444,0x0000000000000000
14:55:21,17394,7625,3378544,6164540,44606738,0.0,5.6,100.0,96,64.46,74,2437,0x0000000000000000
14:55:22,17394,7625,3378544,6164540,44606738,0.0,5.8,100.0,96,62.13,74,2437,0x0000000000000000
14:55:23,17387,7625,3378544,6164540,44606738,0.0,5.7,100.0,86,62.85,72,2444,0x0000000000000000
14:55:24,17381,7625,3378544,6164540,44606738,0.0,5.8,100.0,96,64.04,74,2437,0x0000000000000000
14:55:25,17377,7625,3378848,6164540,44606933,2.8,6.0,100.0,96,62.78,73,2437,0x0000000000000000
14:55:26,17338,7621,3381040,6164540,44608602,22.6,7.9,100.0,95,61.80,73,2444,0x0000000000000000
14:55:27,17365,7621,3381344,6164540,44608846,4.1,7.5,100.0,95,59.29,75,2444,0x0000000000000000
14:55:28,17346,7621,3381486,6164540,44608949,1.4,7.0,100.0,95,60.43,73,2444,0x0000000000000000
14:55:29,17282,7620,3381644,6164540,44609056,7.6,9.7,100.0,95,60.00,74,2444,0x0000000000000000
14:55:30,17282,7609,3385716,6164540,44611383,23.2,9.0,100.0,96,61.28,74,2444,0x0000000000000000
14:55:31,17339,7609,3385798,6164540,44611429,0.3,5.9,100.0,96,63.01,73,2444,0x0000000000000000
14:55:32,17335,7608,3385798,6164540,44611429,0.0,5.3,100.0,96,64.89,73,2437,0x0000000000000000
14:55:33,17356,7608,3385798,6164540,44611430,0.1,5.6,100.0,96,62.73,74,2444,0x0000000000000000
14:55:34,17348,7608,3385798,6164540,44611430,0.0,6.0,100.0,96,64.13,74,2444,0x0000000000000000
14:55:35,17361,7608,3385798,6164540,44611430,0.0,5.6,100.0,96,62.77,74,2437,0x0000000000000000
14:55:36,17364,7608,3386205,6164540,44611720,1.6,5.9,100.0,96,64.00,74,2444,0x0000000000000000
14:55:37,17363,7608,3386205,6164540,44611720,0.0,5.3,100.0,96,62.76,74,2437,0x0000000000000000
14:55:38,17363,7608,3386205,6164540,44611720,0.0,5.6,100.0,95,62.92,75,2444,0x0000000000000000
14:55:39,17354,7608,3386205,6164540,44611720,0.0,5.6,100.0,96,63.65,74,2437,0x0000000000000000
14:55:40,17362,7608,3386205,6164540,44611720,0.0,5.7,100.0,86,62.33,74,2444,0x0000000000000000
14:55:41,17362,7608,3386205,6164540,44611720,0.0,5.3,100.0,96,63.46,75,2437,0x0000000000000000
14:55:42,17363,7608,3386205,6164540,44611720,0.0,5.9,100.0,96,62.61,75,2444,0x0000000000000000
14:55:43,17360,7608,3386205,6164540,44611720,0.0,5.3,100.0,96,63.96,75,2444,0x0000000000000000
14:55:44,17349,7608,3386205,6164540,44611721,2.0,6.7,100.0,96,62.90,74,2437,0x0000000000000000
14:55:45,17347,7608,3386205,6164540,44611721,0.0,5.4,100.0,96,63.78,75,2437,0x0000000000000000
14:55:46,17363,7608,3386205,6164540,44611721,0.0,5.6,100.0,96,62.91,75,2437,0x0000000000000000
14:55:47,17363,7608,3386205,6164540,44611721,0.0,5.3,100.0,96,63.53,77,2437,0x0000000000000000
14:55:48,17362,7608,3386205,6164540,44611721,0.0,5.4,100.0,96,62.14,75,2437,0x0000000000000000
14:55:49,17356,7608,3386205,6164540,44611721,0.0,6.1,100.0,96,63.74,75,2444,0x0000000000000000
14:55:50,17359,7608,3386205,6164540,44611721,0.0,5.8,100.0,96,62.27,75,2437,0x0000000000000000
14:55:51,17366,7608,3386205,6164540,44611721,0.0,5.3,100.0,96,63.27,74,2444,0x0000000000000000
14:55:52,17358,7608,3386205,6164540,44611729,0.2,5.5,100.0,96,62.23,76,2457,0x0000000000000000
14:55:53,17355,7608,3386205,6164540,44611870,0.6,5.3,100.0,96,45.08,71,2476,0x0000000000000000
14:55:54,17341,7608,3386206,6164540,44612080,0.8,6.0,100.0,96,35.58,70,2476,0x0000000000000000
14:55:55,17330,7608,3386355,6164540,44612117,0.6,7.0,100.0,96,35.87,70,2470,0x0000000000000000
14:55:56,17330,7608,3386355,6164540,44612117,0.0,5.6,100.0,96,34.97,70,2470,0x0000000000000000
14:55:57,17327,7608,3386360,6164540,44612180,0.3,6.8,100.0,95,34.45,70,2437,0x0000000000000000
14:55:58,17321,7608,3386361,6164540,44612466,1.1,6.0,100.0,96,35.32,69,2470,0x0000000000000000
14:55:59,17276,7606,3386465,6164540,44612585,1.7,9.8,100.0,96,36.29,69,2476,0x0000000000000000
14:56:00,17268,7606,3386477,6164540,44612630,0.2,9.7,100.0,96,34.16,69,2470,0x0000000000000000
14:56:01,17269,7606,3386477,6164540,44612666,0.1,5.8,100.0,96,36.30,69,2470,0x0000000000000000
14:56:02,17268,7606,3386478,6164540,44612667,0.0,5.8,100.0,96,36.66,69,2470,0x0000000000000000
14:56:03,17262,7606,3386478,6164540,44612667,0.0,6.1,100.0,96,36.61,69,2470,0x0000000000000000
14:56:04,17257,7606,3386478,6164540,44612668,0.1,6.3,100.0,96,46.65,69,2470,0x0000000000000000
14:56:05,17338,7606,3386479,6164540,44612669,0.0,5.9,100.0,95,41.41,73,2470,0x0000000000000000
14:56:06,17326,7606,3386490,6164540,44612806,0.5,6.2,100.0,96,40.86,69,2476,0x0000000000000000
14:56:07,17321,7606,3386492,6164540,44612809,0.1,6.0,100.0,95,40.61,73,2470,0x0000000000000000
14:56:08,17336,7606,3386499,6164540,44612968,0.9,6.1,100.0,96,41.13,69,2470,0x0000000000000000
14:56:09,17259,7606,3386548,6164540,44613028,2.7,8.5,100.0,96,36.51,69,2470,0x0000000000000000
14:56:10,17255,7606,3386551,6164540,44613174,0.6,6.3,100.0,96,39.33,69,2470,0x0000000000000000
14:56:11,17259,7606,3386556,6164540,44613180,0.2,6.7,100.0,96,36.22,69,2470,0x0000000000000000
14:56:12,17249,7606,3386569,6164540,44613622,1.7,5.8,100.0,96,38.27,69,2470,0x0000000000000000
14:56:13,17246,7606,3386573,6164540,44614007,1.5,5.6,100.0,96,33.62,68,2476,0x0000000000000000
14:56:14,17306,7606,3386581,6164540,44614166,0.6,6.1,100.0,96,39.03,68,2470,0x0000000000000000
14:56:15,17293,7606,3386584,6164540,44614338,0.7,5.6,100.0,96,38.64,68,2463,0x0000000000000000
14:56:16,17282,7606,3386588,6164540,44614586,1.0,5.8,100.0,96,34.93,68,2470,0x0000000000000000
14:56:17,17256,7606,3386598,6164540,44614984,1.6,5.7,100.0,96,33.89,68,2470,0x0000000000000000
14:56:18,17253,7606,3386598,6164540,44615079,0.4,5.4,100.0,96,34.56,67,2470,0x0000000000000000
14:56:19,17244,7606,3386600,6164540,44615329,1.0,5.8,100.0,96,38.74,68,2476,0x0000000000000000
14:56:20,17242,7606,3386600,6164540,44615470,0.6,5.7,100.0,93,35.46,68,2476,0x0000000000000000
14:56:21,17234,7606,3386600,6164540,44615850,1.5,5.5,100.0,96,34.15,68,2470,0x0000000000000000
14:56:22,17233,7606,3386628,6164540,44615959,0.5,6.6,100.0,96,35.28,67,2470,0x0000000000000000
14:56:23,17235,7606,3386631,6164540,44616079,0.5,5.9,100.0,96,38.47,68,2470,0x0000000000000000
14:56:24,17232,7606,3386637,6164540,44616555,1.9,6.5,100.0,96,34.30,68,2476,0x0000000000000000
14:56:25,17227,7606,3386639,6164540,44616833,1.1,5.7,100.0,96,32.87,68,2476,0x0000000000000000
14:56:26,17220,7606,3386641,6164540,44617284,1.8,5.5,100.0,96,33.49,68,2470,0x0000000000000000
14:56:27,17205,7606,3386646,6164540,44617624,1.3,6.0,100.0,96,33.10,68,2476,0x0000000000000000
14:56:28,17322,7606,3386648,6164540,44617864,0.9,5.7,100.0,96,34.48,68,2470,0x0000000000000000
14:56:29,17289,7606,3386656,6164540,44618156,1.1,6.1,100.0,96,34.24,68,2470,0x0000000000000000
14:56:30,17278,7606,3386658,6164540,44618525,1.4,6.9,100.0,96,34.29,68,2476,0x0000000000000000
14:56:31,17268,7606,3386664,6164540,44618875,1.4,5.6,100.0,96,34.27,67,2476,0x0000000000000000
14:56:32,17266,7606,3386664,6164540,44618947,0.3,5.4,100.0,96,35.25,68,2470,0x0000000000000000
14:56:33,17266,7606,3386664,6164540,44618953,0.0,5.3,100.0,96,38.78,68,2476,0x0000000000000000
14:56:34,17253,7606,3386674,6164540,44618966,0.3,6.5,100.0,96,39.73,68,2476,0x0000000000000000
14:56:35,17248,7606,3386677,6164540,44619354,1.5,5.4,100.0,96,34.22,67,2470,0x0000000000000000
14:56:36,17247,7606,3386678,6164540,44619542,0.7,5.4,100.0,96,34.15,67,2470,0x0000000000000000
14:56:37,17246,7606,3386679,6164540,44619682,0.5,5.5,100.0,93,38.65,68,2476,0x0000000000000000
14:56:38,17250,7606,3386679,6164540,44619688,0.0,5.4,100.0,96,35.84,67,2470,0x0000000000000000
14:56:39,17245,7606,3386680,6164540,44619746,0.2,5.9,100.0,96,39.02,68,2470,0x0000000000000000
14:56:40,17332,7606,3386681,6164540,44619907,0.7,6.3,100.0,42,33.62,66,2476,0x0000000000000000
14:56:41,17327,7606,3386681,6164540,44619907,0.0,5.5,100.0,96,63.03,74,2437,0x0000000000000000
14:56:42,17334,7606,3386681,6164540,44619907,0.0,5.7,100.0,96,62.01,73,2444,0x0000000000000000
14:56:43,17334,7606,3386681,6164540,44619907,0.0,5.4,100.0,96,64.22,73,2437,0x0000000000000000
14:56:44,17321,7606,3386681,6164540,44619907,0.0,6.1,100.0,96,62.09,74,2437,0x0000000000000000
14:56:45,17329,7606,3386681,6164540,44619907,0.0,5.3,100.0,96,64.22,74,2437,0x0000000000000000
14:56:46,17316,7606,3386681,6164540,44619907,0.0,5.7,100.0,96,62.84,73,2437,0x0000000000000000
14:56:47,17314,7606,3386683,6164540,44619909,0.0,5.6,100.0,96,64.60,73,2437,0x0000000000000000
14:56:48,17314,7606,3386683,6164540,44619909,0.0,5.3,100.0,96,63.09,73,2437,0x0000000000000000
14:56:49,17342,7606,3386684,6164540,44619952,0.2,6.4,100.0,96,56.68,70,2463,0x0000000000000000
14:56:50,17321,7606,3386684,6164540,44620126,0.7,6.0,100.0,96,34.94,69,2470,0x0000000000000000
14:56:51,17313,7606,3386688,6164540,44620395,1.1,5.5,100.0,96,34.02,67,2470,0x0000000000000000
14:56:52,17293,7606,3386691,6164540,44621084,2.7,5.9,100.0,94,34.25,67,2470,0x0000000000000000
14:56:53,17343,7606,3386697,6164540,44621358,1.1,5.5,100.0,96,33.90,68,2476,0x0000000000000000
14:56:54,17315,7606,3386704,6164540,44621889,2.1,5.9,100.0,96,32.78,68,2470,0x0000000000000000
14:56:55,17330,7606,3386711,6164540,44622416,2.1,6.1,100.0,96,31.53,66,2476,0x0000000000000000
14:56:56,17316,7606,3386720,6164540,44622890,1.9,5.9,100.0,96,32.64,67,2476,0x0000000000000000
14:56:57,17302,7606,3386731,6164540,44623465,2.2,6.0,100.0,96,31.60,66,2476,0x0000000000000000
14:56:58,17345,7606,3386740,6164540,44623953,1.9,5.6,100.0,96,32.65,66,2476,0x0000000000000000
14:56:59,17309,7606,3386746,6164540,44624372,1.6,5.8,100.0,96,33.12,67,2476,0x0000000000000000
14:57:00,17334,7606,3386754,6164540,44625124,2.9,7.1,100.0,96,32.48,67,2476,0x0000000000000000
14:57:01,17319,7606,3386757,6164540,44625591,1.8,5.5,100.0,96,32.67,67,2470,0x0000000000000000
14:57:02,17304,7606,3386767,6164540,44626128,2.1,5.4,100.0,96,32.43,67,2470,0x0000000000000000
14:57:03,17292,7606,3386776,6164540,44626677,2.1,5.4,100.0,96,32.31,67,2476,0x0000000000000000
14:57:04,17253,7606,3386779,6164540,44627126,1.8,6.0,100.0,96,32.64,67,2470,0x0000000000000000
14:57:05,17318,7606,3386787,6164540,44627599,1.9,5.5,100.0,96,33.11,67,2476,0x0000000000000000
14:57:06,17306,7606,3386792,6164540,44628184,2.3,5.6,100.0,96,31.52,67,2476,0x0000000000000000
14:57:07,17293,7606,3386793,6164540,44628619,1.7,5.6,100.0,96,32.69,67,2470,0x0000000000000000
14:57:08,17282,7606,3386798,6164540,44629014,1.5,5.6,100.0,96,32.46,67,2470,0x0000000000000000
14:57:09,17254,7606,3386805,6164540,44629441,1.7,5.9,100.0,96,32.99,66,2470,0x0000000000000000
14:57:10,17241,7606,3386814,6164540,44629980,2.1,5.8,100.0,96,32.74,67,2476,0x0000000000000000
14:57:11,17224,7606,3386825,6164540,44630516,2.1,5.8,100.0,96,31.94,65,2476,0x0000000000000000
14:57:12,17219,7606,3386826,6164540,44630668,0.6,5.8,100.0,90,34.47,68,2476,0x0000000000000000
14:57:13,17214,7606,3386827,6164540,44630854,0.7,5.5,100.0,96,35.81,66,2470,0x0000000000000000
14:57:14,17202,7606,3386828,6164540,44631048,0.8,5.8,100.0,96,33.83,66,2470,0x0000000000000000
14:57:15,17208,7606,3386831,6164540,44631294,1.0,5.5,100.0,96,34.15,66,2470,0x0000000000000000
14:57:16,17208,7606,3386834,6164540,44631453,0.6,5.6,100.0,96,33.99,66,2470,0x0000000000000000
14:57:17,17204,7606,3386839,6164540,44631833,1.5,5.5,100.0,96,33.49,65,2470,0x0000000000000000
14:57:18,17337,7606,3386846,6164540,44632341,2.0,5.5,100.0,96,32.89,66,2476,0x0000000000000000
14:57:19,17297,7606,3386851,6164540,44632746,1.6,6.5,100.0,96,33.51,66,2476,0x0000000000000000
14:57:20,17279,7606,3386861,6164540,44633260,2.0,5.5,100.0,96,32.67,66,2470,0x0000000000000000
14:57:21,17267,7605,3386870,6164540,44633720,1.8,5.6,100.0,96,33.19,66,2476,0x0000000000000000
14:57:22,17257,7605,3386873,6164540,44634381,2.6,5.5,100.0,96,32.57,66,2476,0x0000000000000000
14:57:23,17248,7605,3386878,6164540,44634721,1.3,5.5,100.0,96,33.94,66,2470,0x0000000000000000
14:57:24,17238,7605,3386882,6164540,44635029,1.2,5.9,100.0,96,34.00,66,2470,0x0000000000000000
14:57:25,17230,7605,3386886,6164540,44635723,2.7,5.7,100.0,96,32.53,66,2483,0x0000000000000000
14:57:26,17332,7605,3386894,6164540,44636105,1.5,5.8,100.0,96,33.31,66,2476,0x0000000000000000
14:57:27,17295,7605,3386896,6164540,44636511,1.6,7.3,100.0,96,33.35,65,2476,0x0000000000000000
14:57:28,17284,7605,3386898,6164540,44637005,1.9,5.5,100.0,96,33.21,66,2470,0x0000000000000000
14:57:29,17273,7605,3386898,6164540,44637236,0.9,5.8,100.0,96,33.39,66,2470,0x0000000000000000
14:57:30,17268,7605,3386898,6164540,44637342,0.4,5.6,100.0,96,36.94,66,2470,0x0000000000000000
14:57:31,17259,7605,3386904,6164540,44637966,2.4,7.1,100.0,96,33.02,66,2476,0x0000000000000000
14:57:32,17249,7605,3386909,6164540,44638333,1.4,5.5,100.0,96,32.85,66,2470,0x0000000000000000
14:57:33,17229,7605,3386911,6164540,44638763,1.7,5.7,100.0,96,33.41,65,2470,0x0000000000000000
14:57:34,17211,7605,3386913,6164540,44639073,1.2,5.8,100.0,96,33.93,66,2470,0x0000000000000000
14:57:35,17215,7605,3386913,6164540,44639149,0.3,5.6,100.0,96,34.20,66,2470,0x0000000000000000
14:57:36,17212,7605,3386919,6164540,44639616,1.8,5.5,100.0,96,33.47,65,2476,0x0000000000000000
14:57:37,17209,7605,3386920,6164540,44639845,0.9,5.4,100.0,96,33.60,66,2470,0x0000000000000000
14:57:38,17215,7605,3386922,6164540,44640194,1.4,5.5,100.0,96,34.21,66,2470,0x0000000000000000
14:57:39,17317,7605,3386923,6164540,44640726,2.1,5.9,100.0,96,33.01,66,2470,0x0000000000000000
14:57:40,17303,7605,3386925,6164540,44641179,1.8,5.6,100.0,96,33.44,66,2476,0x0000000000000000
14:57:41,17290,7605,3386925,6164540,44641493,1.2,6.0,100.0,96,33.66,65,2470,0x0000000000000000
14:57:42,17278,7605,3386933,6164540,44641890,1.6,5.5,100.0,96,33.75,66,2476,0x0000000000000000
14:57:43,17268,7605,3386934,6164540,44642276,1.5,5.5,100.0,96,33.20,65,2476,0x0000000000000000
14:57:44,17242,7605,3386936,6164540,44642684,1.6,5.9,100.0,96,33.07,65,2470,0x0000000000000000
14:57:45,17233,7605,3386936,6164540,44643029,1.3,5.5,100.0,96,34.09,65,2470,0x0000000000000000
14:57:46,17221,7605,3386941,6164540,44643523,1.9,5.8,100.0,96,32.88,65,2476,0x0000000000000000
14:57:47,17207,7605,3386944,6164540,44644068,2.1,5.6,100.0,92,35.00,66,2476,0x0000000000000000
14:57:48,17205,7605,3386953,6164540,44644554,1.9,5.4,100.0,96,32.89,65,2470,0x0000000000000000
14:57:49,17330,7605,3386965,6164540,44645025,1.8,5.9,100.0,96,33.56,65,2470,0x0000000000000000
14:57:50,17314,7605,3386978,6164540,44645610,2.3,5.5,100.0,96,32.83,65,2476,0x0000000000000000
14:57:51,17291,7605,3386982,6164540,44646166,2.2,5.7,100.0,96,32.83,65,2476,0x0000000000000000
14:57:52,17279,7605,3386986,6164540,44646832,2.6,5.7,100.0,96,32.46,65,2476,0x0000000000000000
14:57:53,17264,7605,3386994,6164540,44647383,2.2,5.6,100.0,96,33.24,65,2476,0x0000000000000000
14:57:54,17223,7605,3387000,6164540,44647823,1.7,6.1,100.0,96,33.48,65,2470,0x0000000000000000
14:57:55,17208,7605,3387011,6164540,44648414,2.3,5.5,100.0,96,32.85,65,2476,0x0000000000000000
14:57:56,17333,7605,3387013,6164540,44648880,1.8,5.7,100.0,96,33.39,65,2476,0x0000000000000000
14:57:57,17321,7605,3387019,6164540,44649598,2.8,5.4,100.0,96,32.20,65,2470,0x0000000000000000
14:57:58,17314,7605,3387026,6164540,44649886,1.1,6.9,100.0,96,33.39,65,2489,0x0000000000000000
14:57:59,17293,7605,3387030,6164540,44650312,1.7,5.9,100.0,96,33.24,65,2470,0x0000000000000000
14:58:00,17283,7605,3387036,6164540,44650716,1.6,5.6,100.0,96,33.05,65,2476,0x0000000000000000
14:58:01,17272,7605,3387037,6164540,44651116,1.6,7.1,100.0,96,33.29,65,2476,0x0000000000000000
14:58:02,17261,7605,3387042,6164540,44651516,1.6,5.6,100.0,96,33.07,65,2476,0x0000000000000000
14:58:03,17254,7605,3387044,6164540,44651820,1.2,5.7,100.0,96,33.86,65,2470,0x0000000000000000
14:58:04,17237,7605,3387047,6164540,44652381,2.2,5.9,100.0,96,32.74,65,2470,0x0000000000000000
