t,memavail_mib,swap_used_mib,pswpin,pswpout,pgmajfault,nvme_read_mib,cpu_pct,cpu_max_core_pct,gpu_util,gpu_w,gpu_c,sm_mhz,throttle
12:55:33,120835,4055,1146233,2669274,14934748,0.1,0.0,0.0,0,4.03,48,208,0x0000000000000000
12:55:34,120685,4055,1146234,2669274,14936432,218.0,2.3,19.5,1,4.14,48,273,0x0000000000000000
12:55:35,120593,4055,1146247,2669274,14936951,76.5,9.8,49.5,1,4.17,48,253,0x0000000000000000
12:55:36,120520,4055,1146251,2669274,14937000,23.6,4.4,42.0,2,4.30,48,325,0x0000000000000000
12:55:37,120503,4055,1146252,2669274,14937507,73.5,4.2,75.5,1,4.15,48,247,0x0000000000000000
12:55:38,120460,4055,1146262,2669274,14937663,27.1,5.9,91.8,0,4.26,48,312,0x0000000000000000
12:55:39,120436,4055,1146262,2669274,14937679,12.2,4.6,87.1,0,3.94,48,208,0x0000000000000000
12:55:40,120416,4055,1146262,2669274,14937715,13.0,4.9,88.1,2,4.03,48,227,0x0000000000000000
12:55:41,120396,4055,1146262,2669274,14937737,13.3,4.4,75.0,1,4.18,47,266,0x0000000000000000
12:55:42,120387,4055,1146262,2669274,14937737,10.8,3.5,50.5,2,4.20,47,266,0x0000000000000000
12:55:43,120361,4055,1146262,2669274,14937852,50.2,4.5,45.5,1,4.25,47,253,0x0000000000000000
12:55:44,120339,4055,1146262,2669274,14938117,43.1,4.7,49.0,3,4.28,47,253,0x0000000000000000
12:55:45,120310,4055,1146262,2669274,14938177,17.4,4.5,80.6,1,4.17,47,292,0x0000000000000000
12:55:46,120263,4055,1146262,2669274,14938330,29.8,10.3,42.3,0,4.16,47,273,0x0000000000000000
12:55:47,120198,4055,1146266,2669274,14938481,26.4,5.1,76.8,1,4.22,47,260,0x0000000000000000
12:55:48,119838,4055,1146266,2669274,14938481,0.0,11.7,59.6,1,4.14,47,253,0x0000000000000000
12:55:49,119735,4055,1146267,2669274,14938486,1.8,6.3,100.0,1,4.15,47,247,0x0000000000000000
12:55:50,119655,4055,1146267,2669274,14938486,0.0,5.2,100.0,0,3.98,47,208,0x0000000000000000
12:55:51,119616,4055,1146267,2669274,14938798,275.5,9.5,38.0,0,3.85,47,208,0x0000000000000000
12:55:52,119572,4055,1146267,2669274,14939418,76.3,4.1,51.0,2,3.83,47,214,0x0000000000000000
12:55:53,119509,4055,1146267,2669274,14939630,38.7,4.6,84.0,0,3.87,47,208,0x0000000000000000
12:55:54,119485,4055,1146267,2669274,14940032,67.7,4.2,32.0,0,3.86,47,208,0x0000000000000000
12:55:55,118871,4055,1146267,2669274,14940234,31.0,17.5,62.6,0,3.82,46,214,0x0000000000000000
12:55:56,119105,4055,1146272,2669274,14941904,123.1,9.4,97.0,0,3.82,47,208,0x0000000000000000
12:55:57,119992,4055,1146272,2669274,14942290,32.4,4.5,60.0,0,3.83,46,208,0x0000000000000000
12:55:58,119935,4055,1146273,2669274,14942291,0.0,5.5,55.0,0,3.83,46,208,0x0000000000000000
12:55:59,119127,4055,1146273,2669274,14942312,14.7,17.7,58.0,0,3.91,46,208,0x0000000000000000
12:56:00,119146,4055,1146273,2669274,14942316,4.4,15.8,79.0,0,3.91,46,208,0x0000000000000000
12:56:01,119043,4055,1146273,2669274,14942316,0.0,5.2,100.0,0,3.86,46,208,0x0000000000000000
12:56:02,118976,4055,1146273,2669274,14942316,0.0,5.2,100.0,0,3.76,46,208,0x0000000000000000
12:56:03,118927,4055,1146273,2669274,14942316,0.0,11.8,70.3,0,3.75,46,208,0x0000000000000000
12:56:04,118387,4055,1146273,2669274,14942318,0.0,14.5,75.8,0,3.76,46,208,0x0000000000000000
12:56:05,118931,4055,1146273,2669274,14942318,0.0,11.9,100.0,0,3.76,46,208,0x0000000000000000
12:56:06,119431,4055,1146273,2669274,14942325,1.8,5.1,85.1,0,3.82,46,208,0x0000000000000000
12:56:07,119313,4055,1146273,2669274,14942325,0.0,5.1,100.0,0,3.81,46,208,0x0000000000000000
12:56:08,119114,4055,1146273,2669274,14942325,0.0,5.4,98.0,0,3.79,46,208,0x0000000000000000
12:56:09,118994,4055,1146273,2669274,14942325,0.1,5.3,100.0,0,3.72,46,208,0x0000000000000000
12:56:10,118870,4055,1146273,2669274,14942325,0.0,5.3,100.0,0,3.72,46,214,0x0000000000000000
12:56:11,118879,4055,1146273,2669274,14942325,0.0,5.3,100.0,0,3.71,46,208,0x0000000000000000
12:56:12,118521,4055,1146273,2669274,14942331,0.7,11.3,59.4,0,3.70,46,208,0x0000000000000000
12:56:13,118424,4055,1146273,2669274,14942331,1.0,5.6,99.0,0,3.75,46,208,0x0000000000000000
12:56:14,118356,4055,1146273,2669274,14942332,0.2,5.3,100.0,0,3.76,46,208,0x0000000000000000
12:56:15,118296,4055,1146273,2669274,14942332,0.0,11.5,87.1,0,3.78,46,208,0x0000000000000000
12:56:16,117825,4055,1146273,2669274,14942334,0.7,14.4,62.0,0,3.73,46,208,0x0000000000000000
12:56:17,118046,4055,1146273,2669274,14942368,4.4,11.5,81.0,0,3.76,45,208,0x0000000000000000
12:56:18,100975,4055,1146273,2669274,14942567,26.3,5.6,87.9,2,8.12,46,2411,0x0000000000000000
12:56:19,70647,4055,1146273,2669274,14942607,5.2,5.6,100.0,4,11.39,46,2411,0x0000000000000000
12:56:20,40675,4055,1146276,2669274,14942608,0.1,5.2,99.0,3,11.23,47,2411,0x0000000000000000
12:56:21,39211,4055,1146276,2669274,14942620,119.6,5.5,96.0,1,11.14,47,2411,0x0000000000000000
12:56:22,39038,4055,1146277,2669274,14942621,147.5,6.2,100.0,1,11.33,47,2411,0x0000000000000000
12:56:23,38868,4055,1146278,2669274,14942626,147.2,6.4,99.0,1,11.34,47,2411,0x0000000000000000
12:56:24,38689,4055,1146278,2669274,14942626,143.5,6.4,100.0,1,11.32,47,2411,0x0000000000000000
12:56:25,38528,4055,1146278,2669274,14942626,140.2,6.1,100.0,1,11.32,46,2411,0x0000000000000000
12:56:26,38719,4055,1146278,2669274,14942630,133.2,6.3,100.0,1,11.29,46,2411,0x0000000000000000
12:56:27,38559,4055,1146278,2669274,14942630,140.5,6.5,100.0,1,11.31,46,2411,0x0000000000000000
12:56:28,38739,4055,1146278,2669274,14942634,136.2,6.6,100.0,1,11.32,46,2411,0x0000000000000000
12:56:29,38579,4055,1146278,2669274,14942634,139.5,6.4,100.0,1,11.32,46,2411,0x0000000000000000
12:56:30,38419,4055,1146278,2669274,14942635,137.4,6.3,100.0,1,11.31,46,2411,0x0000000000000000
12:56:31,38600,4055,1146278,2669274,14942638,135.8,6.3,99.0,1,11.31,46,2411,0x0000000000000000
12:56:32,38442,4055,1146354,2669274,14942706,142.9,6.4,100.0,1,11.33,46,2411,0x0000000000000000
12:56:33,38614,4055,1146354,2669274,14942710,143.4,6.4,100.0,1,11.32,46,2411,0x0000000000000000
12:56:34,38448,4055,1146364,2669274,14942712,147.3,6.3,100.0,1,11.34,46,2411,0x0000000000000000
12:56:35,38643,4055,1146364,2669274,14942716,136.7,6.2,100.0,1,11.34,46,2411,0x0000000000000000
12:56:36,38478,4055,1146364,2669274,14942716,143.8,6.2,100.0,1,11.31,46,2411,0x0000000000000000
12:56:37,38319,4055,1146364,2669274,14942716,138.8,6.1,100.0,1,11.32,46,2411,0x0000000000000000
12:56:38,38500,4055,1146364,2669274,14942720,136.7,6.4,100.0,1,11.29,46,2411,0x0000000000000000
12:56:39,38337,4055,1146364,2669274,14942720,141.2,6.1,99.0,1,11.32,46,2411,0x0000000000000000
12:56:40,38516,4055,1146364,2669274,14942724,136.7,6.2,100.0,1,11.34,46,2411,0x0000000000000000
12:56:41,38351,4055,1146364,2669274,14942724,145.0,6.2,100.0,1,11.31,46,2411,0x0000000000000000
12:56:42,38192,4055,1146364,2669274,14942724,140.3,6.2,100.0,1,11.30,46,2411,0x0000000000000000
12:56:43,38361,4055,1146381,2669274,14942742,141.4,6.6,100.0,1,11.31,46,2411,0x0000000000000000
12:56:44,38198,4055,1146381,2669274,14942742,142.0,6.2,100.0,1,11.33,46,2411,0x0000000000000000
12:56:45,38391,4055,1146385,2669274,14942748,139.7,6.2,100.0,1,11.29,46,2411,0x0000000000000000
12:56:46,38235,4055,1146385,2669274,14942748,141.0,6.0,99.0,1,11.30,46,2411,0x0000000000000000
12:56:47,38417,4055,1146385,2669274,14942752,136.4,6.1,100.0,1,11.28,46,2411,0x0000000000000000
12:56:48,38260,4055,1146385,2669274,14942752,147.8,6.6,100.0,1,11.29,46,2411,0x0000000000000000
12:56:49,38103,4055,1146385,2669274,14942752,141.5,6.2,100.0,1,11.29,46,2411,0x0000000000000000
12:56:50,38293,4055,1146385,2669274,14942756,142.0,6.2,100.0,1,11.32,46,2411,0x0000000000000000
12:56:51,38136,4055,1146385,2669274,14942756,144.2,6.2,100.0,1,11.33,46,2411,0x0000000000000000
12:56:52,38332,4055,1146385,2669274,14942760,141.2,6.2,100.0,1,11.31,46,2411,0x0000000000000000
12:56:53,38162,4055,1146385,2669274,14942760,145.0,6.6,100.0,1,11.32,46,2411,0x0000000000000000
12:56:54,38328,4055,1146487,2669274,14942828,147.5,6.5,99.0,1,11.31,46,2411,0x0000000000000000
12:56:55,38173,4055,1146488,2669274,14942829,143.3,6.2,100.0,1,11.26,46,2411,0x0000000000000000
12:56:56,38010,4055,1146488,2669274,14942829,147.0,6.0,100.0,2,11.29,46,2411,0x0000000000000000
12:56:57,38189,4055,1146488,2669274,14942833,140.5,6.2,100.0,1,11.29,46,2411,0x0000000000000000
12:56:58,38031,4055,1146488,2669274,14942833,148.8,6.6,100.0,2,11.30,46,2411,0x0000000000000000
12:56:59,38213,4055,1146488,2669274,14942837,140.0,6.1,100.0,1,11.26,46,2411,0x0000000000000000
12:57:00,38044,4055,1146488,2669274,14942837,149.0,6.3,100.0,1,11.29,46,2411,0x0000000000000000
12:57:01,38225,4055,1146488,2669274,14942841,137.6,6.2,99.0,1,11.29,46,2411,0x0000000000000000
12:57:02,38066,4055,1146488,2669274,14942841,141.6,6.1,100.0,1,11.27,46,2411,0x0000000000000000
12:57:03,37905,4055,1146488,2669274,14942841,142.5,6.5,100.0,1,11.27,46,2411,0x0000000000000000
12:57:04,38082,4055,1146492,2669274,14942849,143.1,6.3,100.0,1,11.27,46,2411,0x0000000000000000
12:57:05,37910,4055,1146494,2669274,14942850,143.5,6.2,100.0,1,11.27,46,2411,0x0000000000000000
12:57:06,38089,4055,1146494,2669274,14942854,137.5,6.1,100.0,1,11.29,46,2411,0x0000000000000000
12:57:07,37938,4055,1146494,2669274,14942854,140.2,6.1,100.0,1,11.26,46,2411,0x0000000000000000
12:57:08,37810,4055,1146520,2669274,14942867,145.6,6.6,100.0,1,11.25,46,2411,0x0000000000000000
12:57:09,38019,4055,1146520,2669274,14942871,140.2,6.1,99.0,1,11.26,46,2411,0x0000000000000000
12:57:10,37873,4055,1146520,2669274,14942871,146.2,6.4,100.0,2,11.27,46,2411,0x0000000000000000
12:57:11,38070,4055,1146520,2669274,14942875,139.4,6.1,100.0,1,11.24,46,2411,0x0000000000000000
12:57:12,37940,4055,1146520,2669274,14942875,140.0,6.2,100.0,1,11.24,46,2411,0x0000000000000000
12:57:13,38143,4055,1146520,2669274,14942879,139.2,6.6,100.0,1,11.27,46,2411,0x0000000000000000
12:57:14,37992,4055,1146520,2669274,14942879,144.2,6.2,100.0,1,11.25,46,2411,0x0000000000000000
12:57:15,37853,4055,1146521,2669274,14942880,144.0,6.1,100.0,1,11.23,46,2411,0x0000000000000000
12:57:16,38064,4055,1146521,2669274,14942884,140.7,6.2,100.0,1,11.24,46,2411,0x0000000000000000
12:57:17,37921,4055,1146521,2669274,14942884,145.0,6.2,100.0,1,11.23,46,2411,0x0000000000000000
12:57:18,38089,4055,1146521,2669274,14942888,143.2,6.5,99.0,1,11.25,46,2411,0x0000000000000000
12:57:19,37928,4055,1146521,2669274,14942889,143.8,6.2,100.0,1,11.23,46,2411,0x0000000000000000
12:57:20,38114,4055,1146521,2669274,14942893,140.1,6.3,100.0,1,11.23,46,2411,0x0000000000000000
12:57:21,37978,4055,1146521,2669274,14942893,143.6,6.0,100.0,1,11.21,46,2411,0x0000000000000000
12:57:22,37842,4055,1146521,2669274,14942893,141.2,6.1,100.0,1,11.22,46,2411,0x0000000000000000
12:57:23,38046,4055,1146521,2669274,14942897,140.2,6.3,100.0,1,11.23,46,2411,0x0000000000000000
12:57:24,37889,4055,1146521,2669274,14942897,151.2,6.6,100.0,1,11.25,46,2411,0x0000000000000000
12:57:25,38061,4055,1146521,2669274,14942901,141.0,6.2,99.0,1,11.24,46,2411,0x0000000000000000
12:57:26,37913,4055,1146521,2669274,14942901,141.2,6.1,100.0,1,11.22,46,2411,0x0000000000000000
12:57:27,37774,4055,1146521,2669274,14942902,143.8,6.2,100.0,1,11.22,46,2411,0x0000000000000000
12:57:28,37972,4055,1146521,2669274,14942906,137.6,6.4,100.0,1,11.22,46,2411,0x0000000000000000
12:57:29,37842,4055,1146521,2669274,14942906,142.0,6.1,100.0,1,11.20,46,2411,0x0000000000000000
12:57:30,38004,4055,1146524,2669274,14942914,142.7,6.2,100.0,1,11.20,45,2411,0x0000000000000000
12:57:31,37837,4055,1146524,2669274,14942914,145.2,6.1,100.0,1,11.22,45,2411,0x0000000000000000
12:57:32,38041,4055,1146524,2669274,14942918,139.7,6.2,78.2,1,11.20,45,2411,0x0000000000000000
12:57:33,37905,4055,1146524,2669274,14942918,146.8,6.4,100.0,1,11.23,45,2411,0x0000000000000000
12:57:34,37750,4055,1146524,2669274,14942919,144.8,6.3,100.0,1,11.22,45,2411,0x0000000000000000
12:57:35,37943,4055,1146524,2669274,14942923,142.7,6.1,100.0,1,11.19,45,2411,0x0000000000000000
12:57:36,37811,4055,1146524,2669274,14942923,144.2,6.2,100.0,1,11.19,45,2411,0x0000000000000000
12:57:37,37999,4055,1146524,2669274,14942927,139.5,6.1,100.0,1,11.20,45,2411,0x0000000000000000
12:57:38,37857,4055,1146524,2669274,14942927,151.0,6.7,100.0,2,11.21,45,2411,0x0000000000000000
12:57:39,38018,4055,1146524,2669274,14942931,143.2,6.2,99.0,1,11.21,45,2411,0x0000000000000000
12:57:40,37880,4055,1146524,2669274,14942931,141.8,6.4,100.0,1,11.18,45,2411,0x0000000000000000
12:57:41,37746,4055,1146524,2669274,14942931,143.8,6.2,100.0,1,11.18,45,2411,0x0000000000000000
12:57:42,37938,4055,1146524,2669274,14942935,137.7,6.1,100.0,1,11.19,45,2411,0x0000000000000000
12:57:43,37800,4055,1146524,2669274,14942935,145.0,6.4,100.0,1,11.20,45,2411,0x0000000000000000
12:57:44,38003,4055,1146524,2669274,14942939,140.2,6.3,100.0,1,11.21,45,2411,0x0000000000000000
12:57:45,37877,4055,1146524,2669274,14942939,145.8,6.2,100.0,1,11.20,45,2411,0x0000000000000000
12:57:46,38057,4055,1146524,2669274,14942943,139.6,6.1,100.0,1,11.21,45,2411,0x0000000000000000
12:57:47,37930,4055,1146524,2669274,14942943,144.1,6.1,99.0,1,11.20,45,2411,0x0000000000000000
12:57:48,37752,4055,1146524,2669274,14942943,146.2,6.4,100.0,1,11.20,45,2411,0x0000000000000000
12:57:49,37921,4055,1146524,2669274,14942947,145.2,6.3,100.0,1,11.19,45,2411,0x0000000000000000
12:57:50,37774,4055,1146525,2669274,14942948,143.3,7.0,100.0,1,11.19,45,2411,0x0000000000000000
12:57:51,38022,4054,1146528,2669274,14942954,138.7,6.7,100.0,1,11.18,45,2411,0x0000000000000000
12:57:52,37893,4054,1146528,2669274,14942954,141.5,6.3,100.0,1,11.17,45,2411,0x0000000000000000
12:57:53,37932,4054,1146528,2669274,14942955,146.4,6.5,100.0,1,11.20,45,2411,0x0000000000000000
12:57:54,37898,4054,1146536,2669274,14942959,140.8,6.4,100.0,1,11.20,45,2418,0x0000000000000000
12:57:55,37770,4054,1146536,2669274,14942959,142.0,6.2,99.0,1,11.19,45,2411,0x0000000000000000
12:57:56,37976,4054,1146536,2669274,14942963,138.2,6.0,100.0,1,11.19,45,2411,0x0000000000000000
12:57:57,37849,4054,1146536,2669274,14942963,140.5,6.2,100.0,1,11.18,45,2411,0x0000000000000000
12:57:58,38034,4054,1146536,2669274,14942967,139.4,6.5,100.0,1,11.19,45,2411,0x0000000000000000
12:57:59,37907,4054,1146536,2669274,14942967,144.5,6.6,100.0,1,11.17,45,2411,0x0000000000000000
12:58:00,37767,4054,1146536,2669274,14942967,142.8,6.1,100.0,1,11.19,45,2411,0x0000000000000000
12:58:01,37971,4054,1146536,2669274,14942971,138.7,6.1,100.0,1,11.16,45,2411,0x0000000000000000
12:58:02,37823,4054,1146536,2669274,14942971,144.0,6.2,100.0,1,11.17,45,2411,0x0000000000000000
12:58:03,38024,4054,1146536,2669274,14942975,139.7,6.3,100.0,1,11.16,45,2411,0x0000000000000000
12:58:04,37861,4054,1146536,2669274,14942975,148.0,6.2,99.0,1,11.17,45,2411,0x0000000000000000
12:58:05,38050,4054,1146536,2669274,14942979,140.7,6.2,100.0,1,11.19,45,2411,0x0000000000000000
12:58:06,37877,4054,1146536,2669274,14942979,143.2,6.2,100.0,1,11.17,45,2411,0x0000000000000000
12:58:07,37723,4054,1146536,2669274,14942979,144.2,6.0,100.0,1,11.15,45,2411,0x0000000000000000
12:58:08,37923,4054,1146536,2669274,14942983,139.2,6.3,100.0,1,11.14,45,2411,0x0000000000000000
12:58:09,37784,4054,1146536,2669274,14942983,142.2,6.1,100.0,1,11.14,45,2411,0x0000000000000000
12:58:10,37950,4054,1146536,2669274,14942987,142.5,6.3,100.0,1,11.16,45,2411,0x0000000000000000
12:58:11,37817,4054,1146536,2669274,14942987,141.2,6.2,100.0,1,11.14,45,2411,0x0000000000000000
12:58:12,37686,4054,1146536,2669274,14942987,141.8,6.1,100.0,1,11.15,45,2411,0x0000000000000000
12:58:13,37897,4054,1146536,2669274,14942991,140.7,6.6,99.0,1,11.14,45,2411,0x0000000000000000
12:58:14,37721,4054,1146536,2669274,14942991,145.0,6.3,100.0,1,11.17,45,2411,0x0000000000000000
12:58:15,37918,4054,1146536,2669274,14942995,137.4,6.2,100.0,1,11.16,45,2411,0x0000000000000000
12:58:16,37769,4054,1146536,2669274,14942995,144.0,6.1,100.0,1,11.19,45,2411,0x0000000000000000
12:58:17,37964,4054,1146536,2669274,14942999,137.2,6.2,100.0,1,11.17,45,2411,0x0000000000000000
12:58:18,37828,4054,1146536,2669274,14942999,144.2,6.5,100.0,1,11.15,45,2411,0x0000000000000000
12:58:19,37698,4054,1146536,2669274,14942999,141.8,6.1,100.0,1,11.17,45,2411,0x0000000000000000
12:58:20,37890,4054,1146536,2669274,14943003,137.5,6.1,100.0,1,11.16,45,2411,0x0000000000000000
12:58:21,37753,4054,1146536,2669274,14943003,145.0,6.2,100.0,1,11.14,45,2411,0x0000000000000000
12:58:22,37922,4054,1146536,2669274,14943007,138.5,6.1,99.0,1,11.14,45,2411,0x0000000000000000
12:58:23,37791,4054,1146536,2669274,14943007,143.8,6.5,100.0,1,11.14,45,2411,0x0000000000000000
12:58:24,37660,4054,1146536,2669274,14943007,141.0,6.2,100.0,1,11.16,45,2411,0x0000000000000000
12:58:25,37862,4054,1146536,2669274,14943011,139.2,6.2,100.0,1,11.14,45,2411,0x0000000000000000
12:58:26,37723,4054,1146536,2669274,14943011,140.0,6.0,100.0,1,11.14,45,2411,0x0000000000000000
12:58:27,37926,4054,1146536,2669274,14943015,136.4,6.1,100.0,1,11.11,45,2411,0x0000000000000000
12:58:28,37796,4054,1146536,2669274,14943015,143.2,6.6,100.0,1,11.13,45,2411,0x0000000000000000
12:58:29,38004,4054,1146536,2669274,14943019,140.7,6.2,100.0,1,11.12,45,2411,0x0000000000000000
12:58:30,37864,4054,1146536,2669274,14943019,142.0,6.2,100.0,1,11.13,45,2411,0x0000000000000000
12:58:31,37734,4054,1146536,2669274,14943019,141.2,6.1,99.0,1,11.13,45,2411,0x0000000000000000
12:58:32,37949,4054,1146536,2669274,14943023,139.7,6.2,100.0,1,11.11,45,2411,0x0000000000000000
12:58:33,37787,4054,1146536,2669274,14943023,149.8,6.4,100.0,1,11.14,45,2411,0x0000000000000000
12:58:34,37976,4054,1146536,2669274,14943027,140.9,6.2,100.0,1,11.12,45,2411,0x0000000000000000
12:58:35,37843,4054,1146536,2669274,14943027,144.8,6.1,100.0,1,11.11,45,2411,0x0000000000000000
12:58:36,38039,4054,1146536,2669274,14943031,139.1,6.1,100.0,1,11.13,45,2411,0x0000000000000000
12:58:37,37891,4054,1146536,2669274,14943031,143.6,6.2,100.0,1,11.12,45,2411,0x0000000000000000
12:58:38,37718,4054,1146536,2669274,14943031,144.8,6.4,100.0,1,11.14,45,2411,0x0000000000000000
12:58:39,37917,4054,1146536,2669274,14943035,138.4,6.0,100.0,1,11.12,45,2411,0x0000000000000000
12:58:40,37792,4054,1146536,2669274,14943035,143.5,6.1,100.0,1,11.12,45,2411,0x0000000000000000
12:58:41,37966,4054,1146536,2669274,14943039,139.7,6.0,99.0,1,11.13,44,2411,0x0000000000000000
12:58:42,37813,4054,1146536,2669274,14943039,145.2,6.3,100.0,1,11.10,44,2411,0x0000000000000000
12:58:43,37659,4054,1146536,2669274,14943039,146.1,6.6,100.0,1,11.10,44,2411,0x0000000000000000
12:58:44,37824,4054,1146536,2669274,14943043,138.6,6.3,100.0,1,11.10,44,2411,0x0000000000000000
12:58:45,37710,4054,1146536,2669274,14943043,140.8,6.2,100.0,1,11.11,44,2411,0x0000000000000000
12:58:46,37901,4054,1146536,2669274,14943047,137.2,6.2,100.0,1,11.11,44,2411,0x0000000000000000
12:58:47,37774,4054,1146536,2669274,14943047,143.0,6.2,100.0,1,11.13,44,2411,0x0000000000000000
12:58:48,37978,4054,1146536,2669274,14943051,139.7,6.5,100.0,1,11.12,44,2411,0x0000000000000000
12:58:49,37806,4054,1146536,2669274,14943051,147.8,6.3,100.0,1,11.11,44,2411,0x0000000000000000
12:58:50,37639,4054,1146536,2669274,14943051,144.2,6.2,99.0,1,11.11,44,2411,0x0000000000000000
12:58:51,37826,4054,1146536,2669274,14943055,139.7,6.2,100.0,1,11.09,44,2411,0x0000000000000000
12:58:52,37678,4054,1146536,2669274,14943055,145.5,6.2,100.0,1,11.09,44,2411,0x0000000000000000
12:58:53,37881,4054,1146536,2669274,14943059,141.7,6.3,100.0,1,11.09,44,2411,0x0000000000000000
12:58:54,37725,4054,1146536,2669274,14943059,148.8,6.4,100.0,1,11.11,44,2411,0x0000000000000000
12:58:55,37922,4054,1146541,2669274,14943064,139.7,6.1,100.0,1,11.08,44,2411,0x0000000000000000
12:58:56,37791,4054,1146541,2669274,14943064,145.8,6.2,100.0,1,11.08,44,2411,0x0000000000000000
12:58:57,37663,4054,1146541,2669274,14943064,143.5,6.1,100.0,1,11.10,44,2411,0x0000000000000000
12:58:58,37833,4054,1146541,2669274,14943069,144.2,6.4,99.0,1,11.11,44,2411,0x0000000000000000
12:58:59,37704,4054,1146541,2669274,14943069,146.0,6.2,100.0,1,11.12,44,2411,0x0000000000000000
12:59:00,37890,4054,1146541,2669274,14943073,141.7,6.3,100.0,1,11.10,44,2411,0x0000000000000000
12:59:01,37766,4054,1146543,2669274,14943080,144.5,6.2,100.0,1,11.08,44,2411,0x0000000000000000
12:59:02,37944,4054,1146543,2669274,14943084,141.3,6.0,100.0,1,11.06,44,2411,0x0000000000000000
12:59:03,37807,4054,1146543,2669274,14943084,142.4,6.5,100.0,1,11.07,44,2411,0x0000000000000000
12:59:04,37681,4054,1146543,2669274,14943084,144.2,6.6,100.0,1,11.09,44,2411,0x0000000000000000
12:59:05,37887,4054,1146543,2669274,14943088,138.0,6.1,100.0,1,11.08,44,2411,0x0000000000000000
12:59:06,37733,4054,1146543,2669274,14943088,144.3,6.3,100.0,1,11.08,44,2411,0x0000000000000000
12:59:07,37917,4054,1146543,2669274,14943092,137.2,6.2,99.0,1,11.08,44,2411,0x0000000000000000
12:59:08,37781,4053,1146544,2669274,14943096,145.6,6.6,100.0,1,11.06,44,2411,0x0000000000000000
12:59:09,37634,4053,1146544,2669274,14943096,144.2,6.1,100.0,1,11.10,44,2411,0x0000000000000000
12:59:10,37847,4053,1146544,2669274,14943100,137.9,6.3,100.0,1,11.08,44,2411,0x0000000000000000
12:59:11,37701,4053,1146544,2669274,14943100,145.8,6.2,100.0,1,11.08,44,2411,0x0000000000000000
12:59:12,37896,4053,1146544,2669274,14943104,142.1,6.6,100.0,1,11.07,44,2411,0x0000000000000000
12:59:13,37743,4053,1146545,2669274,14943105,150.9,6.9,100.0,2,11.11,44,2411,0x0000000000000000
12:59:14,37923,4053,1146545,2669274,14943109,140.7,6.3,100.0,1,11.10,44,2411,0x0000000000000000
12:59:15,37798,4053,1146545,2669274,14943109,147.5,6.3,100.0,1,11.08,44,2411,0x0000000000000000
12:59:16,37624,4053,1146545,2669274,14943109,142.5,6.1,100.0,1,11.10,44,2411,0x0000000000000000
12:59:17,37845,4053,1146545,2669274,14943113,140.5,6.1,99.0,1,11.07,44,2411,0x0000000000000000
12:59:18,37680,4053,1146545,2669274,14943113,147.5,6.5,100.0,1,11.08,44,2411,0x0000000000000000
12:59:19,37862,4053,1146545,2669274,14943117,138.7,6.1,100.0,1,11.05,44,2411,0x0000000000000000
12:59:20,37749,4053,1146545,2669274,14943117,142.8,6.3,100.0,1,11.08,44,2411,0x0000000000000000
12:59:21,37954,4053,1146545,2669274,14943121,136.7,6.1,100.0,1,11.06,44,2411,0x0000000000000000
12:59:22,37811,4053,1146545,2669274,14943121,141.5,6.2,100.0,1,11.03,44,2411,0x0000000000000000
12:59:23,37655,4053,1146546,2669274,14943122,144.5,6.4,100.0,1,11.06,44,2411,0x0000000000000000
12:59:24,37855,4053,1146546,2669274,14943126,139.7,6.2,100.0,1,11.04,44,2411,0x0000000000000000
12:59:25,37729,4053,1146546,2669274,14943126,142.0,6.5,100.0,1,11.04,44,2411,0x0000000000000000
12:59:26,37925,4053,1146546,2669274,14943130,139.7,6.3,99.0,1,11.03,44,2411,0x0000000000000000
12:59:27,37766,4053,1146546,2669274,14943130,142.2,6.1,100.0,1,11.02,44,2411,0x0000000000000000
12:59:28,37627,4053,1146546,2669274,14943130,148.6,6.6,100.0,2,11.04,44,2411,0x0000000000000000
12:59:29,37836,4053,1146546,2669274,14943134,140.4,6.1,100.0,1,11.02,44,2411,0x0000000000000000
12:59:30,37683,4053,1146546,2669274,14943134,144.5,6.1,100.0,1,11.04,44,2411,0x0000000000000000
12:59:31,37878,4053,1146546,2669274,14943138,138.7,6.0,100.0,1,11.02,44,2411,0x0000000000000000
12:59:32,37740,4053,1146546,2669274,14943138,143.8,6.1,100.0,1,11.03,44,2411,0x0000000000000000
12:59:33,37947,4052,1146546,2669274,14943142,140.4,6.6,100.0,1,11.02,44,2411,0x0000000000000000
12:59:34,37814,4052,1146546,2669274,14943142,143.5,6.4,100.0,1,11.03,44,2411,0x0000000000000000
12:59:35,37674,4052,1146546,2669274,14943142,141.0,6.0,100.0,1,11.01,44,2411,0x0000000000000000
12:59:36,37858,4052,1146547,2669274,14943147,135.5,6.2,99.0,1,11.00,44,2411,0x0000000000000000
12:59:37,37722,4052,1146547,2669274,14943148,144.8,6.3,100.0,1,11.04,44,2411,0x0000000000000000
12:59:38,37914,4052,1146547,2669274,14943152,139.0,6.4,100.0,1,11.02,44,2411,0x0000000000000000
12:59:39,37795,4052,1146547,2669274,14943152,141.8,6.1,100.0,1,11.02,44,2411,0x0000000000000000
12:59:40,37985,4052,1146547,2669274,14943154,137.1,6.3,100.0,1,11.01,44,2411,0x0000000000000000
12:59:41,37838,4052,1146547,2669274,14943156,141.8,6.1,100.0,1,11.01,44,2411,0x0000000000000000
12:59:42,37706,4052,1146547,2669274,14943156,142.2,6.0,100.0,1,11.05,44,2411,0x0000000000000000
12:59:43,37907,4052,1146547,2669274,14943160,138.2,6.4,100.0,1,11.05,44,2411,0x0000000000000000
12:59:44,37770,4052,1146547,2669274,14943160,143.0,6.2,100.0,1,11.05,44,2411,0x0000000000000000
12:59:45,37965,4052,1146547,2669274,14943164,135.9,6.1,99.0,1,11.04,44,2411,0x0000000000000000
12:59:46,37827,4052,1146547,2669274,14943164,141.0,6.3,100.0,1,11.03,44,2411,0x0000000000000000
12:59:47,37707,4052,1146547,2669274,14943164,141.8,6.2,100.0,1,11.04,44,2411,0x0000000000000000
12:59:48,37915,4052,1146547,2669274,14943168,141.9,6.4,100.0,1,11.04,44,2411,0x0000000000000000
12:59:49,37776,4052,1146547,2669274,14943168,143.0,6.1,100.0,1,11.04,44,2411,0x0000000000000000
12:59:50,37973,4052,1146547,2669274,14943172,141.0,6.1,100.0,1,11.02,44,2411,0x0000000000000000
12:59:51,37849,4052,1146547,2669274,14943172,144.0,6.1,100.0,1,11.04,44,2411,0x0000000000000000
12:59:52,38060,4052,1146547,2669274,14943174,136.7,6.0,99.0,1,11.03,44,2411,0x0000000000000000
12:59:53,37926,4052,1146547,2669274,14943176,144.5,6.6,100.0,1,11.03,44,2411,0x0000000000000000
12:59:54,37765,4052,1146548,2669274,14943179,142.9,6.3,100.0,1,11.06,44,2418,0x0000000000000000
12:59:55,37983,4052,1146548,2669274,14943183,137.7,6.0,100.0,1,10.97,44,2411,0x0000000000000000
12:59:56,37821,4052,1146548,2669274,14943183,143.8,6.1,100.0,1,10.74,44,2405,0x0000000000000000
12:59:57,37991,4052,1146548,2669274,14943187,140.9,6.5,100.0,1,10.74,44,2405,0x0000000000000000
12:59:58,37834,4052,1146548,2669274,14943187,142.2,6.7,100.0,1,10.75,44,2405,0x0000000000000000
12:59:59,37690,4052,1146548,2669274,14943187,143.2,6.3,100.0,2,10.74,44,2405,0x0000000000000000
13:00:00,37886,4052,1146548,2669274,14943191,139.0,7.0,100.0,1,10.73,44,2405,0x0000000000000000
13:00:01,37750,4052,1146548,2669274,14943191,139.8,6.1,100.0,1,10.73,44,2398,0x0000000000000000
13:00:02,37961,4052,1146548,2669274,14943195,134.0,6.1,99.0,1,10.68,44,2398,0x0000000000000000
13:00:03,37820,4052,1146548,2669274,14943195,146.0,6.8,100.0,1,10.70,44,2405,0x0000000000000000
13:00:04,38022,4052,1146554,2669274,14943200,137.3,6.3,100.0,1,10.69,44,2398,0x0000000000000000
13:00:05,37890,4052,1146554,2669274,14943201,142.8,6.3,100.0,1,10.68,44,2398,0x0000000000000000
13:00:06,37763,4052,1146554,2669274,14943201,141.0,6.1,100.0,1,10.72,44,2398,0x0000000000000000
13:00:07,37950,4052,1146554,2669274,14943205,140.0,6.9,100.0,1,10.72,44,2398,0x0000000000000000
13:00:08,37821,4052,1146554,2669274,14943205,144.8,6.6,100.0,1,10.72,44,2398,0x0000000000000000
13:00:09,38013,4052,1146554,2669274,14943209,139.4,6.4,100.0,1,10.74,44,2398,0x0000000000000000
13:00:10,37873,4052,1146554,2669274,14943209,142.2,6.1,99.0,1,10.73,44,2398,0x0000000000000000
13:00:11,37741,4052,1146554,2669274,14943209,143.2,6.3,100.0,1,10.72,44,2398,0x0000000000000000
13:00:12,37952,4052,1146554,2669274,14943213,139.2,6.7,100.0,1,10.72,44,2398,0x0000000000000000
13:00:13,37770,4052,1146554,2669274,14943213,148.5,6.6,100.0,1,10.72,44,2398,0x0000000000000000
13:00:14,37952,4052,1146554,2669274,14943217,138.7,6.3,100.0,1,10.71,43,2398,0x0000000000000000
13:00:15,37832,4052,1146554,2669274,14943217,140.5,6.2,100.0,1,10.70,43,2405,0x0000000000000000
13:00:16,38042,4052,1146554,2669274,14943221,137.7,6.2,100.0,1,10.69,43,2398,0x0000000000000000
13:00:17,37910,4052,1146554,2669274,14943221,142.5,6.6,100.0,1,10.70,43,2398,0x0000000000000000
13:00:18,37774,4052,1146554,2669274,14943221,142.5,6.5,100.0,1,10.71,43,2405,0x0000000000000000
13:00:19,37974,4052,1146554,2669274,14943225,136.7,6.1,99.0,1,10.71,43,2398,0x0000000000000000
13:00:20,37843,4052,1146554,2669274,14943225,142.0,6.5,100.0,1,10.71,43,2398,0x0000000000000000
13:00:21,38052,4052,1146554,2669274,14943229,140.4,6.1,100.0,1,10.72,43,2398,0x0000000000000000
13:00:22,37915,4052,1146555,2669274,14943230,143.3,6.0,100.0,1,10.69,43,2398,0x0000000000000000
13:00:23,37772,4052,1146555,2669274,14943230,143.0,6.6,100.0,1,10.71,43,2398,0x0000000000000000
13:00:24,37958,4052,1146555,2669274,14943235,138.8,6.5,100.0,1,10.70,43,2398,0x0000000000000000
13:00:25,37798,4052,1146555,2669274,14943235,145.2,6.2,100.0,1,10.71,43,2405,0x0000000000000000
13:00:26,39531,4052,1146555,2669274,14943239,139.4,6.5,100.0,1,10.70,43,2405,0x0000000000000000
13:00:27,39356,4052,1146556,2669274,14943240,144.0,6.3,100.0,1,10.71,43,2405,0x0000000000000000
13:00:28,39508,4052,1146556,2669274,14943244,141.4,6.4,99.0,1,10.68,43,2405,0x0000000000000000
13:00:29,39333,4052,1146556,2669274,14943244,142.2,6.1,100.0,1,10.69,43,2398,0x0000000000000000
13:00:30,39157,4052,1146556,2669274,14943244,140.5,6.2,100.0,1,10.68,43,2398,0x0000000000000000
13:00:31,39319,4052,1146556,2669274,14943248,139.7,6.2,100.0,2,10.66,43,2405,0x0000000000000000
13:00:32,39362,4052,1146556,2669274,14943248,143.0,6.3,100.0,1,10.65,43,2405,0x0000000000000000
13:00:33,39592,4052,1146556,2669274,14943252,146.4,6.6,100.0,1,10.68,43,2398,0x0000000000000000
13:00:34,39436,4058,1146561,2675391,14943287,146.6,7.8,100.0,1,10.71,43,2405,0x0000000000000000
13:00:35,39570,4058,1146561,2675391,14943308,137.6,6.7,100.0,1,10.67,43,2405,0x0000000000000000
13:00:36,39392,4058,1146561,2675391,14943308,145.6,6.3,100.0,2,10.67,43,2405,0x0000000000000000
13:00:37,39206,4058,1146561,2675391,14943369,150.6,6.5,100.0,1,10.64,43,2398,0x0000000000000000
13:00:38,39381,4058,1146561,2675410,14943378,138.8,6.9,99.0,1,10.64,43,2398,0x0000000000000000
13:00:39,39198,4058,1146561,2675410,14943378,143.2,6.5,100.0,2,10.64,43,2405,0x0000000000000000
13:00:40,39359,4058,1146561,2675410,14943384,141.6,6.4,100.0,2,10.67,43,2405,0x0000000000000000
13:00:41,39486,4059,1146562,2675518,14943387,143.5,6.6,100.0,1,10.66,43,2405,0x0000000000000000
13:00:42,39287,4059,1146562,2675518,14943387,147.2,6.4,100.0,1,10.68,43,2398,0x0000000000000000
13:00:43,39443,4059,1146575,2675518,14943404,137.7,6.5,97.0,1,10.68,43,2405,0x0000000000000000
13:00:44,39349,4059,1146580,2675607,14943416,145.1,6.7,100.0,1,10.68,43,2405,0x0000000000000000
13:00:45,39451,4059,1146581,2675607,14943425,141.5,6.8,100.0,2,10.68,43,2405,0x0000000000000000
13:00:46,39279,4059,1146581,2675607,14943431,142.4,6.1,99.0,1,10.66,43,2405,0x0000000000000000
13:00:47,39436,4059,1146583,2675607,14943436,137.0,6.1,100.0,1,10.64,43,2405,0x0000000000000000
13:00:48,39292,4059,1146583,2675607,14943437,147.0,6.6,100.0,1,10.66,43,2405,0x0000000000000000
13:00:49,39110,4059,1146583,2675607,14943437,142.0,6.4,100.0,1,10.68,43,2405,0x0000000000000000
13:00:50,39564,4059,1146583,2675655,14943441,137.0,6.3,100.0,1,10.66,43,2405,0x0000000000000000
13:00:51,39383,4059,1146584,2675655,14943442,135.8,6.2,100.0,1,10.63,43,2405,0x0000000000000000
13:00:52,39662,4059,1146584,2675655,14943446,112.3,6.6,100.0,1,10.60,43,2405,0x0000000000000000
13:00:53,39485,4059,1146584,2675655,14943449,129.4,6.7,100.0,2,10.61,43,2405,0x0000000000000000
13:00:54,39301,4059,1146589,2675655,14943498,123.6,6.7,100.0,1,10.65,43,2405,0x0000000000000000
13:00:55,39582,4059,1146589,2675783,14943502,119.2,6.5,99.0,1,10.62,43,2405,0x0000000000000000
13:00:56,39434,4059,1146589,2675783,14943502,115.5,6.6,100.0,1,10.61,43,2405,0x0000000000000000
13:00:57,39396,4059,1146589,2676252,14943502,119.1,6.5,100.0,1,10.60,43,2405,0x0000000000000000
13:00:58,39516,4059,1146589,2676252,14943506,138.6,6.6,100.0,1,10.61,43,2405,0x0000000000000000
13:00:59,39349,4059,1146589,2676252,14943506,140.9,6.1,100.0,1,10.65,43,2398,0x0000000000000000
13:01:00,39593,4059,1146611,2676686,14943529,135.8,6.7,100.0,1,10.64,43,2405,0x0000000000000000
13:01:01,39420,4059,1146611,2676686,14943533,137.8,6.3,100.0,1,10.63,43,2405,0x0000000000000000
13:01:02,39288,4059,1146611,2676686,14943533,114.8,6.5,99.0,1,10.60,43,2405,0x0000000000000000
13:01:03,39446,4059,1146611,2676686,14943537,130.2,6.9,100.0,1,10.60,43,2405,0x0000000000000000
13:01:04,39281,4059,1146613,2676686,14943549,130.5,6.6,100.0,2,10.62,43,2398,0x0000000000000000
13:01:05,39332,4059,1146613,2676708,14943549,128.6,6.3,100.0,1,10.64,43,2405,0x0000000000000000
13:01:06,39510,4059,1146615,2676708,14943555,113.7,6.6,100.0,1,10.59,43,2405,0x0000000000000000
13:01:07,39367,4059,1146615,2676708,14943555,117.8,6.3,100.0,1,10.58,43,2398,0x0000000000000000
13:01:08,39634,4059,1146740,2676708,14943721,118.5,6.6,100.0,1,10.61,43,2405,0x0000000000000000
13:01:09,39488,4059,1146740,2676708,14943723,114.3,6.5,100.0,1,10.58,43,2405,0x0000000000000000
13:01:10,39445,4059,1146745,2676819,14943727,124.0,6.2,100.0,1,10.59,43,2405,0x0000000000000000
13:01:11,39580,4059,1146745,2676819,14943731,133.7,6.3,99.0,1,10.66,43,2405,0x0000000000000000
13:01:12,39399,4059,1146747,2676819,14943751,141.6,6.1,100.0,1,10.63,43,2405,0x0000000000000000
13:01:13,39328,4060,1146747,2677357,14943754,145.2,6.8,100.0,1,10.66,43,2405,0x0000000000000000
13:01:14,39445,4060,1146747,2677357,14943763,133.0,6.9,100.0,2,10.63,43,2405,0x0000000000000000
13:01:15,39319,4060,1146748,2677739,14943773,116.1,6.4,100.0,1,10.63,43,2405,0x0000000000000000
13:01:16,39514,4060,1146748,2677739,14943775,110.1,6.3,100.0,1,10.61,43,2405,0x0000000000000000
13:01:17,39376,4060,1146751,2677739,14943780,118.1,6.4,100.0,1,10.61,43,2405,0x0000000000000000
13:01:18,39437,4060,1146751,2678125,14943780,118.0,6.9,100.0,1,10.64,43,2405,0x0000000000000000
13:01:19,39608,4060,1146751,2678125,14943784,108.6,6.5,99.0,1,10.61,43,2405,0x0000000000000000
13:01:20,39493,4060,1146751,2678559,14943784,113.4,6.5,100.0,1,10.60,43,2398,0x0000000000000000
13:01:21,39352,4060,1146751,2678559,14943784,115.8,6.6,100.0,1,10.60,43,2405,0x0000000000000000
13:01:22,39542,4060,1146751,2678559,14943788,113.2,6.4,100.0,1,10.59,43,2405,0x0000000000000000
13:01:23,39412,4060,1146751,2679123,14943788,121.5,7.0,100.0,1,10.59,43,2405,0x0000000000000000
13:01:24,39254,4060,1146751,2679123,14943788,116.5,6.6,100.0,1,10.60,43,2398,0x0000000000000000
13:01:25,39642,4060,1146751,2679528,14943794,113.0,6.5,100.0,1,10.60,43,2398,0x0000000000000000
13:01:26,39500,4060,1146751,2679528,14943794,114.8,6.4,100.0,1,10.58,43,2405,0x0000000000000000
13:01:27,39362,4060,1146751,2679528,14943794,115.0,6.5,100.0,1,10.60,43,2405,0x0000000000000000
13:01:28,39561,4060,1146751,2679982,14943798,118.0,6.6,99.0,1,10.63,43,2405,0x0000000000000000
13:01:29,39415,4060,1146751,2679982,14943804,117.5,6.6,100.0,1,10.61,43,2405,0x0000000000000000
13:01:30,39437,4060,1146751,2680446,14943804,115.8,6.5,100.0,1,10.60,43,2405,0x0000000000000000
13:01:31,39607,4060,1146758,2680446,14943852,115.0,6.4,100.0,1,10.58,43,2405,0x0000000000000000
13:01:32,39465,4060,1146758,2680446,14943852,115.0,6.6,100.0,1,10.58,43,2405,0x0000000000000000
13:01:33,39396,4060,1146797,2681079,14943889,123.2,6.8,100.0,1,10.60,43,2405,0x0000000000000000
13:01:34,39563,4060,1146801,2681079,14943895,122.8,6.7,100.0,1,10.57,43,2405,0x0000000000000000
13:01:35,39427,4060,1146801,2681079,14943898,118.7,6.4,100.0,1,10.61,43,2405,0x0000000000000000
13:01:36,39371,4060,1146801,2681398,14943899,125.8,6.7,100.0,1,10.57,43,2405,0x0000000000000000
13:01:37,39530,4060,1146801,2681398,14943903,130.0,6.4,100.0,1,10.64,43,2405,0x0000000000000000
13:01:38,39467,4060,1146801,2681461,14943903,134.8,6.9,99.0,1,10.65,43,2405,0x0000000000000000
13:01:39,39613,4060,1146801,2681461,14943947,121.3,6.6,100.0,1,10.60,43,2405,0x0000000000000000
13:01:40,39471,4060,1146801,2681461,14943947,116.0,6.5,100.0,1,10.56,43,2405,0x0000000000000000
13:01:41,39325,4060,1146801,2681466,14943947,121.2,6.3,100.0,1,10.58,43,2398,0x0000000000000000
13:01:42,39524,4060,1146801,2681466,14943951,113.0,6.6,100.0,1,10.59,43,2405,0x0000000000000000
13:01:43,39560,4060,1146801,2681500,14943951,120.2,6.9,100.0,1,10.59,43,2405,0x0000000000000000
13:01:44,39381,4060,1146801,2681500,14943951,119.2,6.6,100.0,1,10.58,43,2405,0x0000000000000000
13:01:45,39678,4060,1146801,2681500,14943955,113.7,6.5,100.0,1,10.58,43,2405,0x0000000000000000
13:01:46,39532,4061,1146801,2681536,14943955,115.2,6.4,100.0,1,10.55,43,2405,0x0000000000000000
13:01:47,39363,4061,1146801,2681536,14943956,122.0,6.6,99.0,1,10.58,43,2405,0x0000000000000000
13:01:48,39594,4061,1146801,2681559,14943960,116.2,6.6,100.0,1,10.56,43,2405,0x0000000000000000
13:01:49,39450,4061,1146801,2681559,14943960,117.2,6.6,100.0,1,10.55,43,2405,0x0000000000000000
13:01:50,39311,4061,1146801,2681559,14943960,114.5,6.3,100.0,1,10.56,43,2405,0x0000000000000000
13:01:51,39516,4061,1146801,2681559,14943990,115.4,6.3,100.0,1,10.55,43,2405,0x0000000000000000
13:01:52,39375,4061,1146801,2681559,14943990,116.0,6.5,100.0,1,10.56,43,2405,0x0000000000000000
13:01:53,39382,4061,1146830,2681591,14944012,144.7,6.7,100.0,1,10.59,43,2405,0x0000000000000000
13:01:54,39474,4061,1146834,2681591,14944030,139.3,6.5,99.0,1,10.60,43,2405,0x0000000000000000
13:01:55,39312,4061,1146834,2681591,14944030,142.2,6.2,100.0,1,10.62,43,2405,0x0000000000000000
13:01:56,39509,4061,1146834,2681591,14944034,119.0,6.3,100.0,1,10.57,43,2405,0x0000000000000000
13:01:57,39342,4061,1146834,2681591,14944034,133.5,6.5,100.0,1,10.55,43,2405,0x0000000000000000
13:01:58,39353,4061,1146834,2681603,14944034,135.8,6.9,100.0,2,10.57,43,2405,0x0000000000000000
13:01:59,39503,4061,1146834,2681603,14944038,123.7,6.4,100.0,1,10.56,43,2405,0x0000000000000000
13:02:00,39462,4061,1146834,2681616,14944038,129.2,6.6,100.0,1,10.57,43,2398,0x0000000000000000
13:02:01,39615,4061,1146834,2681616,14944042,117.2,6.5,100.0,1,10.56,43,2405,0x0000000000000000
13:02:02,39487,4061,1146834,2681683,14944042,117.8,6.6,100.0,1,10.53,43,2405,0x0000000000000000
13:02:03,39287,4061,1146861,2681683,14944138,147.2,6.6,99.0,1,10.60,43,2398,0x0000000000000000
13:02:04,39642,4061,1146861,2681683,14944143,137.3,6.6,100.0,1,10.61,43,2398,0x0000000000000000
13:02:05,39459,4061,1146861,2681683,14944143,142.0,6.1,100.0,1,10.61,43,2405,0x0000000000000000
13:02:06,39591,4061,1146861,2681683,14944147,136.2,6.2,100.0,1,10.62,43,2405,0x0000000000000000
13:02:07,39527,4061,1146861,2681683,14944147,140.8,6.4,100.0,1,10.59,43,2405,0x0000000000000000
13:02:08,39335,4061,1146861,2681683,14944150,142.4,6.4,100.0,1,10.61,43,2405,0x0000000000000000
13:02:09,39531,4062,1146861,2682166,14944155,139.7,6.4,100.0,1,10.60,43,2405,0x0000000000000000
13:02:10,39351,4062,1146861,2682166,14944155,141.5,6.4,100.0,1,10.62,43,2405,0x0000000000000000
13:02:11,39536,4062,1146869,2682166,14944184,135.5,6.2,99.0,1,10.60,43,2405,0x0000000000000000
13:02:12,39367,4062,1146869,2682166,14944184,138.8,6.3,100.0,1,10.59,43,2405,0x0000000000000000
13:02:13,39378,4062,1146869,2682200,14944185,144.1,6.7,100.0,2,10.62,43,2405,0x0000000000000000
13:02:14,39479,4062,1146869,2682200,14944189,138.2,6.1,100.0,1,10.61,43,2398,0x0000000000000000
13:02:15,39318,4062,1146873,2682203,14944193,140.5,6.2,100.0,2,10.60,43,2405,0x0000000000000000
13:02:16,39487,4062,1146873,2682203,14944197,137.5,6.0,100.0,1,10.57,43,2405,0x0000000000000000
13:02:17,39326,4062,1146873,2682274,14944197,141.8,6.1,100.0,1,10.60,43,2405,0x0000000000000000
13:02:18,39379,4062,1146873,2682274,14944198,136.4,6.4,100.0,1,10.61,43,2398,0x0000000000000000
13:02:19,39485,4062,1146873,2682328,14944201,128.0,7.0,100.0,2,10.56,43,2405,0x0000000000000000
13:02:20,39316,4062,1146873,2682328,14944201,139.8,6.0,99.0,1,10.59,43,2405,0x0000000000000000
13:02:21,39492,4062,1146873,2682328,14944205,142.0,6.2,100.0,1,10.60,42,2398,0x0000000000000000
13:02:22,39319,4062,1146873,2682328,14944205,140.8,6.1,100.0,1,10.60,42,2405,0x0000000000000000
13:02:23,39600,4065,1146873,2683116,14944209,137.5,6.6,100.0,1,10.55,42,2405,0x0000000000000000
13:02:24,39420,4065,1146873,2683116,14944209,144.0,6.3,100.0,1,10.58,42,2405,0x0000000000000000
13:02:25,39264,4065,1146873,2683127,14944209,140.2,6.1,100.0,1,10.59,42,2405,0x0000000000000000
13:02:26,39427,4065,1146873,2683127,14944213,135.5,6.2,99.0,1,10.57,42,2405,0x0000000000000000
13:02:27,39336,4068,1146873,2683948,14944213,140.0,6.2,100.0,1,10.57,42,2398,0x0000000000000000
13:02:28,39556,4068,1146873,2683948,14944217,137.2,6.5,100.0,1,10.60,42,2405,0x0000000000000000
13:02:29,39385,4068,1146873,2683948,14944217,140.5,6.1,100.0,1,10.58,42,2398,0x0000000000000000
13:02:30,39209,4068,1146881,2683948,14944223,140.5,6.2,100.0,1,10.59,42,2398,0x0000000000000000
13:02:31,39400,4068,1146881,2683948,14944227,135.7,6.1,100.0,1,10.56,42,2405,0x0000000000000000
13:02:32,39225,4068,1146881,2683948,14944227,141.0,6.0,100.0,1,10.59,42,2405,0x0000000000000000
13:02:33,39467,4071,1146881,2684715,14944231,138.5,6.5,100.0,1,10.61,42,2405,0x0000000000000000
13:02:34,39286,4071,1146895,2684715,14944239,144.6,6.2,99.0,1,10.58,42,2398,0x0000000000000000
13:02:35,39122,4071,1146895,2684715,14944240,132.3,6.3,100.0,1,10.59,42,2405,0x0000000000000000
13:02:36,39318,4071,1146895,2684715,14944244,111.2,6.3,100.0,1,10.54,42,2405,0x0000000000000000
13:02:37,39487,4074,1146895,2685427,14944244,120.0,6.6,100.0,1,10.56,42,2398,0x0000000000000000
13:02:38,39649,4074,1146902,2685427,14944249,119.3,6.5,100.0,1,10.56,42,2405,0x0000000000000000
13:02:39,39520,4074,1146903,2685427,14944260,117.4,6.4,100.0,1,10.54,42,2405,0x0000000000000000
13:02:40,39376,4074,1146903,2685427,14944260,116.8,6.4,100.0,1,10.51,42,2405,0x0000000000000000
13:02:41,39712,4080,1146903,2685877,14944304,123.0,6.7,99.0,1,10.54,42,2405,0x0000000000000000
13:02:42,39557,4080,1146903,2685877,14944304,126.8,6.4,100.0,1,10.58,42,2405,0x0000000000000000
13:02:43,39387,4080,1146903,2685877,14944304,143.0,6.5,100.0,1,10.59,42,2405,0x0000000000000000
13:02:44,39536,4080,1146903,2685877,14944308,134.7,6.3,100.0,1,10.58,42,2398,0x0000000000000000
13:02:45,39441,4080,1146903,2685877,14944308,136.8,6.2,100.0,1,10.58,42,2398,0x0000000000000000
13:02:46,39603,4080,1146903,2685877,14944312,132.0,6.0,100.0,1,10.56,42,2405,0x0000000000000000
13:02:47,39427,4080,1146903,2685877,14944312,137.2,6.4,100.0,1,10.57,42,2398,0x0000000000000000
13:02:48,39251,4080,1146903,2685877,14944312,140.8,6.5,100.0,1,10.61,42,2405,0x0000000000000000
13:02:49,39621,4084,1146903,2685904,14944316,134.7,6.5,100.0,1,10.63,42,2405,0x0000000000000000
13:02:50,39526,4089,1146903,2686156,14944316,139.0,6.3,99.0,1,10.59,42,2398,0x0000000000000000
13:02:51,39672,4089,1146903,2686156,14944320,133.5,6.5,100.0,1,10.60,42,2405,0x0000000000000000
13:02:52,39491,4089,1146905,2686156,14944322,141.3,6.2,100.0,2,10.59,42,2405,0x0000000000000000
13:02:53,39310,4089,1146905,2686156,14944322,142.5,6.4,100.0,1,10.60,42,2405,0x0000000000000000
13:02:54,39649,4089,1146905,2686173,14944327,125.7,6.7,78.2,1,10.57,42,2405,0x0000000000000000
13:02:55,39496,4089,1146905,2686173,14944327,119.2,6.3,100.0,1,10.58,42,2405,0x0000000000000000
13:02:56,39357,4089,1146905,2686173,14944327,118.8,6.3,100.0,1,10.53,42,2405,0x0000000000000000
13:02:57,39529,4089,1146905,2686173,14944331,122.1,6.3,100.0,1,10.53,42,2405,0x0000000000000000
13:02:58,39368,4089,1146905,2686173,14944331,125.0,6.3,100.0,1,10.55,42,2405,0x0000000000000000
13:02:59,39688,4089,1146905,2686192,14944335,119.0,6.5,100.0,1,10.54,42,2405,0x0000000000000000
13:03:00,39533,4089,1146907,2686192,14944337,121.5,6.2,100.0,1,10.53,42,2405,0x0000000000000000
13:03:01,39433,4089,1146907,2686192,14944337,121.0,6.4,100.0,1,10.55,42,2405,0x0000000000000000
13:03:02,39619,4089,1146907,2686192,14944341,117.5,6.2,99.0,1,10.53,42,2405,0x0000000000000000
13:03:03,39519,4089,1146907,2686192,14944342,128.5,6.6,100.0,1,10.54,42,2405,0x0000000000000000
13:03:04,39358,4089,1146907,2686192,14944342,123.8,6.3,100.0,1,10.52,42,2405,0x0000000000000000
13:03:05,39557,4089,1146908,2686192,14944347,113.7,6.1,100.0,1,10.53,42,2398,0x0000000000000000
13:03:06,39450,4089,1146908,2686204,14944347,120.5,6.0,100.0,1,10.55,42,2398,0x0000000000000000
13:03:07,39297,4089,1146911,2686204,14944348,118.8,6.2,100.0,1,10.55,42,2398,0x0000000000000000
13:03:08,39486,4089,1146925,2686204,14944368,121.6,6.6,100.0,1,10.53,42,2405,0x0000000000000000
13:03:09,39335,4089,1146925,2686204,14944368,125.2,6.1,100.0,1,10.54,42,2405,0x0000000000000000
13:03:10,39558,4105,1146925,2689933,14944371,115.2,6.2,99.0,1,10.55,42,2398,0x0000000000000000
13:03:11,39412,4105,1146925,2689933,14944372,120.5,6.2,100.0,1,10.53,42,2405,0x0000000000000000
13:03:12,39269,4105,1146925,2689933,14944372,121.0,6.1,100.0,1,10.54,42,2398,0x0000000000000000
13:03:13,39440,4105,1146925,2689933,14944376,125.7,6.8,100.0,1,10.54,42,2405,0x0000000000000000
13:03:14,39273,4105,1146927,2689933,14944377,132.5,6.4,100.0,1,10.51,42,2405,0x0000000000000000
13:03:15,39124,4105,1146927,2689933,14944377,118.5,6.3,100.0,1,10.51,42,2405,0x0000000000000000
13:03:16,39293,4105,1147839,2689933,14945101,145.6,6.8,100.0,1,10.52,42,2405,0x0000000000000000
13:03:17,39564,4135,1147839,2697729,14945102,129.9,6.5,100.0,1,10.54,42,2398,0x0000000000000000
13:03:18,39677,4135,1147839,2697729,14945104,134.2,6.7,100.0,1,10.56,42,2405,0x0000000000000000
13:03:19,39569,4135,1147839,2697729,14945111,151.8,7.4,99.0,1,10.53,42,2405,0x0000000000000000
13:03:20,39396,4135,1147839,2697729,14945111,149.1,8.5,100.0,1,10.57,42,2398,0x0000000000000000
13:03:21,39575,4135,1147839,2697729,14945115,141.7,8.8,100.0,1,10.56,42,2398,0x0000000000000000
13:03:22,39409,4135,1147839,2697729,14945115,141.3,8.7,100.0,1,10.55,42,2405,0x0000000000000000
13:03:23,39293,4135,1147839,2697729,14945115,148.1,8.5,100.0,1,10.58,42,2398,0x0000000000000000
13:03:24,39458,4135,1147839,2697729,14945119,144.5,8.5,100.0,1,10.56,42,2398,0x0000000000000000
13:03:25,39264,4135,1147841,2697729,14945121,157.8,8.6,99.0,1,10.58,42,2398,0x0000000000000000
13:03:26,39412,4135,1147962,2697729,14945217,167.3,8.7,100.0,2,10.59,42,2405,0x0000000000000000
13:03:27,39229,4135,1147962,2697729,14945217,171.7,8.2,100.0,2,10.59,42,2405,0x0000000000000000
13:03:28,39369,4135,1147962,2697729,14945221,165.7,8.4,100.0,2,10.60,42,2398,0x0000000000000000
13:03:29,39165,4135,1147962,2697729,14945221,161.3,8.8,100.0,2,10.57,42,2405,0x0000000000000000
13:03:30,38977,4135,1147962,2697729,14945221,160.4,8.6,100.0,2,10.61,42,2405,0x0000000000000000
13:03:31,39135,4135,1147964,2697729,14945233,155.8,8.7,99.0,2,10.60,42,2398,0x0000000000000000
13:03:32,38956,4135,1147964,2697729,14945233,158.5,8.5,100.0,1,10.61,42,2398,0x0000000000000000
13:03:33,39311,4167,1148030,2705843,14945297,153.5,9.0,100.0,1,10.60,42,2398,0x0000000000000000
13:03:34,39113,4167,1148030,2705843,14945300,158.1,8.9,100.0,2,10.59,42,2398,0x0000000000000000
13:03:35,39700,4167,1148030,2705843,14945304,158.4,8.7,100.0,2,10.62,42,2398,0x0000000000000000
13:03:36,39503,4167,1148030,2705843,14945304,164.6,8.5,100.0,1,10.61,42,2398,0x0000000000000000
13:03:37,39477,4200,1148030,2714504,14945304,161.1,8.7,99.0,2,10.60,42,2398,0x0000000000000000
13:03:38,39577,4200,1148033,2714504,14945312,162.8,8.5,100.0,2,10.58,42,2405,0x0000000000000000
13:03:39,39528,4231,1148033,2722291,14945312,168.2,8.6,100.0,2,10.58,42,2398,0x0000000000000000
13:03:40,39637,4231,1148033,2722291,14945316,162.1,8.4,100.0,1,10.57,42,2405,0x0000000000000000
13:03:41,39586,4260,1148033,2729935,14945351,178.1,8.6,100.0,2,10.58,42,2398,0x0000000000000000
13:03:42,39708,4260,1148033,2729935,14945355,161.9,7.8,99.0,2,10.60,42,2398,0x0000000000000000
13:03:43,39519,4260,1148033,2729935,14945355,162.7,8.3,100.0,1,10.60,42,2398,0x0000000000000000
13:03:44,39422,4260,1148034,2729935,14945359,151.4,11.1,100.0,1,10.60,42,2398,0x0000000000000000
13:03:45,39579,4260,1148034,2729935,14945364,145.3,11.4,100.0,2,10.59,42,2398,0x0000000000000000
13:03:46,39608,4290,1148034,2737421,14945364,147.7,10.2,100.0,2,10.62,42,2398,0x0000000000000000
13:03:47,39686,4290,1148162,2737421,14945489,134.2,6.8,100.0,1,10.59,42,2398,0x0000000000000000
13:03:48,39691,4290,1148181,2737421,14945508,132.3,6.7,100.0,1,10.58,42,2405,0x0000000000000000
13:03:49,39576,4290,1148181,2737421,14945509,130.1,6.3,99.0,1,10.57,42,2398,0x0000000000000000
13:03:50,39684,4290,1148181,2737421,14945512,121.1,6.3,100.0,1,10.54,42,2405,0x0000000000000000
13:03:51,39538,4290,1148181,2737421,14945512,121.0,6.3,100.0,1,10.54,42,2405,0x0000000000000000
13:03:52,39726,4290,1148181,2737421,14945516,119.2,6.2,100.0,1,10.53,42,2405,0x0000000000000000
13:03:53,39565,4290,1148181,2737421,14945516,128.2,6.7,100.0,1,10.54,42,2405,0x0000000000000000
13:03:54,39400,4290,1148188,2737421,14945523,124.0,6.5,100.0,1,10.53,42,2405,0x0000000000000000
13:03:55,39581,4290,1148188,2737421,14945527,125.5,6.2,100.0,1,10.56,42,2405,0x0000000000000000
13:03:56,39421,4290,1148188,2737421,14945527,132.0,6.4,100.0,2,10.56,42,2405,0x0000000000000000
13:03:57,39263,4290,1148188,2737421,14945527,123.2,6.2,100.0,1,10.56,42,2405,0x0000000000000000
13:03:58,39795,4321,1148196,2745301,14945539,130.0,7.3,99.0,1,10.55,42,2398,0x0000000000000000
13:03:59,39642,4321,1148274,2745301,14945570,124.3,6.3,100.0,1,10.54,42,2398,0x0000000000000000
13:04:00,39824,4321,1148278,2745301,14945577,125.5,6.4,100.0,1,10.56,42,2405,0x0000000000000000
13:04:01,39672,4321,1148292,2745301,14945591,126.1,6.2,100.0,1,10.53,42,2405,0x0000000000000000
13:04:02,39524,4321,1148292,2745301,14945591,121.5,6.4,100.0,1,10.52,42,2405,0x0000000000000000
13:04:03,39698,4321,1148292,2745301,14945595,125.0,6.6,100.0,1,10.54,42,2405,0x0000000000000000
13:04:04,39528,4321,1148292,2745301,14945595,129.2,6.4,100.0,1,10.50,42,2405,0x0000000000000000
13:04:05,39442,4321,1148293,2745301,14945597,130.3,6.4,100.0,1,10.53,42,2405,0x0000000000000000
13:04:06,39619,4321,1148293,2745301,14945601,123.8,6.2,99.0,1,10.50,42,2405,0x0000000000000000
13:04:07,39727,4352,1148293,2753357,14945601,127.0,6.6,100.0,1,10.52,42,2405,0x0000000000000000
13:04:08,39884,4352,1148293,2753357,14945605,121.7,6.5,100.0,1,10.57,42,2405,0x0000000000000000
13:04:09,39857,4388,1148305,2759272,14945611,120.5,6.5,100.0,1,10.52,42,2405,0x0000000000000000
13:04:10,39688,4388,1148305,2759272,14945611,134.5,6.5,100.0,1,10.55,42,2398,0x0000000000000000
13:04:11,39913,4420,1148305,2767511,14945615,117.7,6.5,100.0,1,10.55,42,2405,0x0000000000000000
13:04:12,39746,4420,1150458,2767511,14947030,132.0,6.5,100.0,1,10.52,42,2405,0x0000000000000000
13:04:13,39713,4420,1151023,2767511,14947412,128.2,7.2,100.0,1,10.56,42,2405,0x0000000000000000
13:04:14,39851,4420,1151023,2767511,14947416,119.2,6.3,100.0,1,10.50,42,2405,0x0000000000000000
13:04:15,39698,4420,1151054,2767511,14947484,132.0,6.3,99.0,1,10.54,42,2398,0x0000000000000000
13:04:16,39548,4420,1151054,2767511,14947484,121.8,6.2,100.0,1,10.54,42,2405,0x0000000000000000
13:04:17,39823,4423,1151054,2768184,14947493,123.7,6.3,100.0,1,10.52,42,2405,0x0000000000000000
13:04:18,39761,4451,1151054,2775422,14947493,135.8,7.0,100.0,2,10.56,42,2405,0x0000000000000000
13:04:19,39519,4451,1151054,2775422,14947496,142.4,6.1,98.0,1,10.53,42,2398,0x0000000000000000
13:04:20,39581,4484,1151054,2783886,14947522,126.0,6.3,97.0,1,10.45,42,2405,0x0000000000000000
13:04:21,39387,4484,1151302,2783886,14947736,144.4,6.5,100.0,1,10.53,42,2398,0x0000000000000000
13:04:22,39340,4520,1151302,2793637,14947736,128.2,6.5,100.0,1,10.51,42,2398,0x0000000000000000
13:04:23,39162,4520,1151302,2793637,14947736,141.5,6.8,100.0,1,10.55,42,2398,0x0000000000000000
13:04:24,39081,4520,1151302,2793637,14947736,134.2,6.9,100.0,1,10.53,42,2398,0x0000000000000000
13:04:25,38958,4558,1154821,2803460,14950718,168.8,7.4,99.0,1,10.54,42,2398,0x0000000000000000
13:04:26,39894,4558,1158548,2803460,14954151,151.9,6.5,100.0,1,10.52,42,2398,0x0000000000000000
13:04:27,39731,4558,1158950,2803460,14954530,132.5,6.8,100.0,1,10.50,42,2398,0x0000000000000000
13:04:28,39874,4558,1158951,2803460,14954533,132.3,7.2,100.0,1,10.48,42,2405,0x0000000000000000
13:04:29,39716,4558,1158951,2803460,14954533,132.3,6.5,100.0,1,10.48,42,2405,0x0000000000000000
13:04:30,39557,4558,1158951,2803460,14954533,130.0,6.3,100.0,1,10.46,42,2405,0x0000000000000000
13:04:31,39402,4558,1158951,2803460,14954533,124.8,6.5,100.0,1,10.47,42,2398,0x0000000000000000
13:04:32,39589,4591,1158951,2811651,14954533,127.2,6.5,100.0,1,10.47,42,2405,0x0000000000000000
13:04:33,39412,4591,1158951,2811651,14954533,132.0,6.8,100.0,1,10.48,42,2405,0x0000000000000000
13:04:34,39303,4591,1158960,2811651,14954536,134.4,6.5,100.0,1,10.47,42,2405,0x0000000000000000
13:04:35,39137,4591,1158960,2811651,14954537,132.1,6.4,100.0,1,10.48,42,2405,0x0000000000000000
13:04:36,38963,4591,1158973,2811651,14954554,146.1,6.3,99.0,1,10.50,42,2405,0x0000000000000000
13:04:37,38827,4629,1158973,2821403,14954554,232.2,6.4,98.0,2,10.48,42,2405,0x0000000000000000
13:04:38,38798,4712,1158973,2842271,14954564,135.3,7.5,100.0,1,10.55,42,2398,0x0000000000000000
13:04:39,38621,4712,1158973,2842271,14954564,134.5,6.8,100.0,1,10.54,42,2405,0x0000000000000000
13:04:40,38442,4712,1158973,2842271,14954564,137.0,6.6,100.0,1,10.51,42,2398,0x0000000000000000
13:04:41,38277,4712,1158973,2842271,14954564,128.8,6.3,100.0,1,10.48,42,2405,0x0000000000000000
13:04:42,38120,4712,1158973,2842271,14954564,124.2,6.4,100.0,1,10.47,42,2398,0x0000000000000000
13:04:43,38241,4802,1158973,2864879,14954564,132.0,7.6,100.0,1,10.55,42,2398,0x0000000000000000
13:04:44,38078,4802,1158973,2864879,14954564,130.2,6.6,100.0,1,10.52,42,2405,0x0000000000000000
13:04:45,37896,4802,1158973,2864879,14954571,140.2,6.9,100.0,1,10.58,42,2398,0x0000000000000000
13:04:46,37616,4802,1158973,2864879,14954611,241.7,6.4,49.5,2,10.49,42,2398,0x0000000000000000
13:04:47,37451,4802,1158973,2864879,14954611,129.0,6.4,100.0,1,10.49,42,2398,0x0000000000000000
13:04:48,37583,4909,1158973,2891531,14954613,130.6,7.6,100.0,1,10.52,42,2405,0x0000000000000000
13:04:49,37527,5011,1158973,2917008,14954613,131.5,7.6,100.0,1,10.54,42,2398,0x0000000000000000
13:04:50,37356,5011,1158973,2917008,14954613,127.0,6.2,100.0,1,10.52,42,2405,0x0000000000000000
13:04:51,37180,5011,1159007,2917008,14954661,130.9,6.5,100.0,1,10.46,42,2405,0x0000000000000000
13:04:52,37022,5011,1159007,2917008,14954661,128.0,6.1,100.0,1,10.46,42,2405,0x0000000000000000
13:04:53,37010,5011,1159007,2917008,14954661,132.0,6.8,100.0,1,10.47,42,2405,0x0000000000000000
13:04:54,36819,5011,1159007,2917008,14954661,129.5,6.4,100.0,1,10.46,42,2405,0x0000000000000000
13:04:55,36666,5011,1159007,2917008,14954661,124.0,6.3,100.0,1,10.45,42,2398,0x0000000000000000
13:04:56,36520,5011,1159007,2917008,14954661,124.0,6.2,100.0,1,10.45,42,2398,0x0000000000000000
13:04:57,36360,5011,1159007,2917008,14954661,126.5,6.1,100.0,1,10.46,42,2398,0x0000000000000000
13:04:58,36460,5074,1159007,2933330,14954661,129.5,7.4,100.0,1,10.48,42,2405,0x0000000000000000
13:04:59,36383,5138,1159007,2948405,14954661,126.0,7.2,100.0,1,10.46,42,2398,0x0000000000000000
13:05:00,36216,5138,1159007,2948405,14954661,127.0,6.3,100.0,1,10.54,42,2405,0x0000000000000000
13:05:01,36942,5929,1159009,3147072,14954665,123.4,11.4,99.0,1,10.64,42,2398,0x0000000000000000
13:05:02,37301,6404,1159009,3266337,14954665,113.0,11.9,100.0,2,11.52,42,2398,0x0000000000000000
13:05:03,37368,6615,1159014,3315535,14954678,121.6,9.8,100.0,1,11.43,42,2405,0x0000000000000000
13:05:04,37188,6615,1159015,3315535,14954685,132.3,7.3,100.0,2,10.56,42,2405,0x0000000000000000
13:05:05,37027,6615,1159015,3315535,14954705,128.2,6.2,100.0,1,10.47,42,2405,0x0000000000000000
13:05:06,36867,6615,1159015,3315535,14954705,126.0,6.2,100.0,1,10.44,42,2405,0x0000000000000000
13:05:07,39563,6615,1159015,3315535,14954724,113.3,6.1,100.0,1,10.43,42,2405,0x0000000000000000
13:05:08,41863,6615,1159030,3315535,14954727,117.4,7.6,100.0,1,10.39,42,2405,0x0000000000000000
13:05:09,41703,6615,1159030,3315535,14954727,127.0,6.3,100.0,1,10.45,42,2405,0x0000000000000000
13:05:10,41544,6615,1159030,3315535,14954727,125.8,6.5,100.0,1,10.43,42,2405,0x0000000000000000
13:05:11,41380,6615,1159030,3315535,14954727,129.2,6.3,100.0,1,10.45,42,2405,0x0000000000000000
13:05:12,41219,6615,1159030,3315535,14954727,127.2,6.3,100.0,1,10.44,42,2405,0x0000000000000000
13:05:13,41051,6615,1159030,3315535,14954729,136.8,7.0,100.0,1,10.44,42,2405,0x0000000000000000
13:05:14,40882,6615,1159030,3315535,14954730,127.3,6.3,100.0,1,10.43,42,2405,0x0000000000000000
13:05:15,40715,6615,1159030,3315535,14954730,132.0,6.3,100.0,1,10.47,42,2405,0x0000000000000000
13:05:16,40555,6615,1159030,3315535,14954730,125.8,6.3,100.0,1,10.44,42,2405,0x0000000000000000
13:05:17,40398,6615,1159035,3315535,14954738,130.7,6.2,99.0,1,10.45,42,2405,0x0000000000000000
13:05:18,40225,6615,1159035,3315535,14954738,135.0,6.5,100.0,1,10.47,42,2405,0x0000000000000000
13:05:19,40068,6615,1159035,3315535,14954738,123.2,6.3,100.0,1,10.47,42,2405,0x0000000000000000
13:05:20,39911,6615,1159035,3315535,14954738,124.5,6.2,100.0,1,10.43,42,2405,0x0000000000000000
13:05:21,39752,6615,1159035,3315535,14954738,125.2,6.2,100.0,1,10.44,42,2405,0x0000000000000000
13:05:22,39590,6615,1159035,3315535,14954738,128.0,6.3,100.0,1,10.44,42,2405,0x0000000000000000
13:05:24,39415,6615,1159035,3315535,14954738,138.2,6.7,100.0,1,10.47,42,2398,0x0000000000000000
13:05:25,39243,6615,1159035,3315535,14954738,133.8,6.6,100.0,1,10.46,42,2405,0x0000000000000000
13:05:26,39078,6615,1159035,3315535,14954738,132.0,6.7,100.0,1,10.52,42,2405,0x0000000000000000
13:05:27,38890,6615,1159035,3315535,14954738,165.0,6.3,100.0,1,10.47,42,2398,0x0000000000000000
13:05:28,38854,6648,1159035,3324232,14954738,131.0,6.6,100.0,1,10.50,42,2405,0x0000000000000000
13:05:29,38676,6648,1159035,3324232,14954738,135.0,7.0,100.0,1,10.49,42,2405,0x0000000000000000
13:05:30,39313,6648,1159035,3324234,14954743,136.3,6.8,100.0,2,10.47,42,2398,0x0000000000000000
13:05:31,39156,6648,1159037,3324237,14954745,132.3,6.5,100.0,1,10.47,42,2398,0x0000000000000000
13:05:32,39023,6648,1159040,3324244,14954753,132.1,6.7,100.0,1,10.52,42,2398,0x0000000000000000
13:05:33,38994,6692,1159047,3335809,14954755,129.0,6.9,100.0,1,10.52,42,2398,0x0000000000000000
13:05:34,38812,6692,1159052,3335809,14954798,149.2,6.8,100.0,1,10.52,42,2398,0x0000000000000000
13:05:35,42169,6692,1160874,3335809,14956058,109.4,4.8,73.0,0,10.47,42,2405,0x0000000000000000
13:05:36,41558,6692,1161273,3335809,14956470,10.3,6.1,86.6,95,23.59,47,2431,0x0000000000000000
13:05:37,40339,6706,1165626,3339953,14960416,20.9,1.9,15.0,0,26.47,43,2405,0x0000000000000000
13:05:38,40320,6706,1169104,3339953,14963582,32.0,0.9,8.7,0,10.22,42,2405,0x0000000000000000
13:05:39,40281,6706,1174493,3339953,14967373,21.4,0.8,4.1,0,10.19,42,2405,0x0000000000000000
13:05:40,40259,6706,1179994,3339953,14971528,21.5,0.2,1.0,0,10.15,42,2405,0x0000000000000000
13:05:41,40228,6706,1186619,3339953,14976184,28.7,0.4,2.0,0,10.15,42,2405,0x0000000000000000
13:05:42,36292,6707,1189831,3341970,14978680,19.2,3.7,19.0,0,10.15,42,2405,0x0000000000000000
13:05:43,33935,6707,1190005,3344555,14980328,382.8,4.1,45.1,0,10.27,42,2398,0x0000000000000000
13:05:44,33957,6707,1190006,3344555,14982850,585.1,1.3,8.7,0,10.15,42,2398,0x0000000000000000
13:05:45,33923,6707,1190007,3344558,14985582,634.3,1.0,8.8,0,10.17,42,2398,0x0000000000000000
13:05:46,33953,6707,1190016,3345751,14988405,652.1,1.2,10.1,0,10.15,42,2405,0x0000000000000000
13:05:47,33933,6708,1190016,3346259,14991369,683.4,1.9,25.7,0,10.13,42,2405,0x0000000000000000
13:05:48,33924,6711,1190016,3346804,14994267,672.8,1.3,18.0,0,10.14,42,2405,0x0000000000000000
13:05:49,33962,6712,1190019,3347165,14996903,611.8,1.1,8.9,0,10.16,42,2398,0x0000000000000000
13:05:50,33966,6713,1190019,3347405,14999671,642.9,0.7,10.3,0,10.15,42,2405,0x0000000000000000
13:05:51,33955,6714,1191634,3347465,15003633,669.6,1.6,19.6,0,10.15,42,2405,0x0000000000000000
13:05:52,33881,6712,1204568,3347465,15016724,683.8,3.6,28.0,0,10.14,42,2398,0x0000000000000000
13:05:53,33871,6707,1204836,3347465,15019601,626.5,1.2,10.0,0,10.12,42,2398,0x0000000000000000
13:05:54,33878,6707,1204836,3347488,15021706,489.2,2.4,32.3,0,10.13,42,2405,0x0000000000000000
13:05:55,33849,6707,1204836,3347576,15023849,497.0,2.3,40.4,0,10.12,42,2405,0x0000000000000000
13:05:56,33831,6706,1207708,3347607,15027601,498.4,2.6,40.4,0,10.12,41,2405,0x0000000000000000
13:05:57,33830,6706,1207708,3347626,15029703,488.2,1.9,35.2,0,10.13,41,2405,0x0000000000000000
13:05:58,33817,6706,1207708,3347629,15031607,439.8,2.1,18.0,0,10.12,41,2405,0x0000000000000000
13:05:59,33826,6706,1207708,3347629,15033357,405.5,2.2,34.0,0,10.13,41,2405,0x0000000000000000
13:06:00,33824,6706,1207709,3347630,15035273,444.6,2.2,21.4,0,10.12,41,2405,0x0000000000000000
13:06:01,33821,6706,1207709,3347665,15037381,489.4,2.3,40.4,0,10.12,41,2405,0x0000000000000000
13:06:02,33821,6706,1207709,3347680,15039510,493.8,1.8,34.8,0,10.13,41,2405,0x0000000000000000
13:06:03,33824,6706,1207709,3347680,15041622,490.1,1.9,37.2,0,10.12,41,2405,0x0000000000000000
13:06:04,33816,6706,1207710,3347691,15043798,499.0,2.8,40.0,0,10.15,41,2405,0x0000000000000000
13:06:05,33817,6706,1207710,3347692,15045946,498.9,2.2,41.6,0,10.14,41,2405,0x0000000000000000
13:06:06,33812,6706,1207711,3347719,15048115,491.0,2.0,18.1,0,10.14,41,2405,0x0000000000000000
13:06:07,33816,6706,1207711,3347814,15050030,444.1,1.7,14.6,0,10.13,41,2405,0x0000000000000000
13:06:08,33816,6706,1207711,3347889,15051797,409.9,1.8,32.3,0,10.10,41,2405,0x0000000000000000
13:06:09,33821,6707,1207711,3348365,15053935,494.2,2.6,36.1,0,10.10,41,2405,0x0000000000000000
13:06:10,33819,6707,1207718,3348590,15055856,442.5,2.2,31.4,0,10.09,41,2405,0x0000000000000000
13:06:11,33823,6708,1207718,3349007,15057785,444.4,2.1,21.1,0,10.07,41,2405,0x0000000000000000
13:06:12,33825,6709,1207718,3349400,15059640,429.6,2.1,22.8,0,10.05,41,2405,0x0000000000000000
13:06:13,33832,6710,1207727,3349753,15061636,458.4,2.3,38.6,0,10.04,41,2405,0x0000000000000000
13:06:14,33831,6711,1207731,3350074,15063732,483.2,2.8,31.3,0,10.07,41,2405,0x0000000000000000
13:06:15,33833,6712,1207732,3350305,15065825,481.9,2.1,30.2,0,10.06,41,2405,0x0000000000000000
13:06:16,33830,6713,1207733,3350584,15067884,464.4,2.2,21.6,0,10.06,41,2405,0x0000000000000000
13:06:17,33831,6714,1207733,3350911,15069910,464.8,2.3,29.3,0,10.06,41,2405,0x0000000000000000
13:06:18,33904,6714,1207733,3350935,15071926,464.2,2.3,33.0,0,10.07,41,2405,0x0000000000000000
13:06:19,33891,6715,1208978,3351015,15074600,412.2,2.5,26.5,0,10.05,41,2405,0x0000000000000000
13:06:20,33887,6715,1208978,3351724,15076804,499.3,1.9,29.5,0,10.06,41,2405,0x0000000000000000
13:06:21,33888,6716,1208978,3352259,15079423,597.7,1.1,10.2,0,10.08,41,2405,0x0000000000000000
13:06:22,33889,6716,1208979,3352551,15081485,475.7,2.4,43.4,0,10.08,41,2405,0x0000000000000000
13:06:23,33888,6716,1208982,3352559,15083634,498.0,2.2,39.6,0,10.06,41,2405,0x0000000000000000
13:06:24,33882,6716,1208982,3352559,15086516,667.8,1.9,21.8,0,10.06,41,2405,0x0000000000000000
13:06:25,33881,6716,1208982,3352559,15089033,582.5,1.0,12.1,0,10.07,41,2405,0x0000000000000000
13:06:26,33877,6716,1208982,3352559,15091162,492.4,2.4,37.8,0,10.06,41,2405,0x0000000000000000
13:06:27,33898,6716,1208982,3352559,15093259,486.3,2.7,41.6,0,10.09,41,2405,0x0000000000000000
13:06:28,33897,6716,1208982,3352559,15095393,494.3,2.4,40.8,0,10.04,41,2405,0x0000000000000000
13:06:29,33896,6716,1208982,3352559,15097682,530.2,2.0,22.3,0,10.07,41,2398,0x0000000000000000
13:06:30,33794,6716,1208985,3352559,15098573,288.7,4.3,54.5,1,10.13,41,2405,0x0000000000000000
13:06:31,33636,6716,1208985,3352559,15098579,139.3,6.5,100.0,1,10.46,41,2398,0x0000000000000000
13:06:32,33537,6716,1208986,3352559,15098580,138.0,6.7,100.0,1,10.48,41,2398,0x0000000000000000
13:06:33,33403,6716,1208986,3352559,15098580,133.0,6.8,100.0,1,10.46,41,2398,0x0000000000000000
13:06:34,33270,6716,1208988,3352559,15098581,136.0,7.1,100.0,1,10.50,41,2398,0x0000000000000000
13:06:35,33138,6716,1208988,3352559,15098604,135.3,6.9,100.0,1,10.47,41,2398,0x0000000000000000
13:06:36,32972,6716,1208988,3352559,15098609,133.0,6.9,100.0,1,10.44,41,2398,0x0000000000000000
13:06:37,32850,6716,1208988,3352559,15098609,133.8,7.0,100.0,1,10.46,41,2398,0x0000000000000000
13:06:38,32683,6716,1208988,3352559,15098609,131.0,6.5,100.0,1,10.46,41,2398,0x0000000000000000
13:06:39,32591,6716,1209028,3352559,15098617,132.7,6.9,100.0,1,10.46,41,2398,0x0000000000000000
13:06:40,32474,6716,1209028,3352559,15098617,129.8,6.4,100.0,1,10.45,41,2398,0x0000000000000000
13:06:41,32343,6717,1209028,3352799,15098617,127.5,6.8,100.0,1,10.44,41,2398,0x0000000000000000
13:06:42,31958,6718,1209029,3353080,15098715,425.0,5.4,83.5,1,10.45,41,2405,0x0000000000000000
13:06:43,31303,6765,1209029,3371247,15098933,820.7,5.0,54.2,2,10.27,41,2398,0x0000000000000000
13:06:44,30630,6769,1209029,3374000,15099165,782.3,5.3,64.9,2,10.31,41,2398,0x0000000000000000
13:06:45,30481,6769,1209029,3374200,15099171,125.8,6.5,100.0,1,10.39,41,2398,0x0000000000000000
13:06:46,30324,6769,1209044,3374233,15099436,161.1,6.8,100.0,1,10.43,41,2398,0x0000000000000000
13:06:47,30182,6769,1209044,3374244,15099436,126.9,7.1,99.0,1,10.51,42,2398,0x0000000000000000
13:06:48,30033,6769,1209044,3374358,15099436,126.9,7.5,100.0,1,10.55,42,2398,0x0000000000000000
13:06:49,29848,6769,1209044,3374362,15099578,154.1,6.9,100.0,1,10.45,42,2398,0x0000000000000000
13:06:50,29677,6769,1209044,3374363,15099636,152.2,6.6,100.0,2,10.48,42,2398,0x0000000000000000
13:06:51,29518,6769,1209044,3374364,15099636,130.8,6.5,100.0,1,10.47,42,2398,0x0000000000000000
13:06:52,29409,6769,1209044,3374366,15099637,127.5,6.4,100.0,1,10.44,42,2398,0x0000000000000000
13:06:53,29260,6769,1209044,3374368,15099651,135.7,6.6,100.0,1,10.46,42,2398,0x0000000000000000
13:06:54,29107,6769,1209046,3374369,15099657,142.5,7.0,100.0,1,10.47,42,2398,0x0000000000000000
13:06:55,33837,6769,1209054,3374369,15099661,106.9,6.0,99.0,0,10.37,42,2405,0x0000000000000000
13:06:56,33643,6769,1209055,3374369,15099667,135.6,7.9,100.0,1,10.48,42,2398,0x0000000000000000
13:06:57,33488,6769,1209055,3374369,15099669,127.0,6.3,100.0,1,10.47,42,2405,0x0000000000000000
13:06:58,33327,6769,1209055,3374369,15099669,134.0,6.4,100.0,1,10.44,42,2405,0x0000000000000000
13:06:59,33137,6769,1209055,3374369,15099673,151.7,6.6,100.0,1,10.44,42,2398,0x0000000000000000
13:07:00,32977,6769,1209064,3374369,15099686,130.6,6.3,100.0,1,10.47,42,2398,0x0000000000000000
13:07:01,32809,6769,1209075,3374369,15099695,132.7,6.3,100.0,1,10.48,42,2398,0x0000000000000000
13:07:02,32606,6769,1209075,3374369,15099702,166.0,6.2,100.0,1,10.52,42,2398,0x0000000000000000
13:07:03,32406,6769,1209075,3374369,15099706,163.5,6.3,100.0,1,10.53,42,2398,0x0000000000000000
13:07:04,32187,6769,1209250,3374369,15099856,178.2,6.4,100.0,1,10.57,42,2398,0x0000000000000000
13:07:05,31988,6769,1209250,3374369,15099856,160.5,6.1,100.0,1,10.51,42,2398,0x0000000000000000
13:07:06,31767,6769,1209252,3374369,15099868,174.1,6.2,100.0,1,10.58,42,2398,0x0000000000000000
13:07:07,31549,6769,1209252,3374369,15099868,173.8,6.1,100.0,1,10.59,42,2398,0x0000000000000000
13:07:08,31355,6769,1209252,3374369,15099868,156.5,6.2,100.0,1,10.55,42,2398,0x0000000000000000
13:07:09,31775,6770,1209263,3374538,15099886,169.7,6.6,100.0,1,10.60,42,2398,0x0000000000000000
13:07:10,31591,6770,1209263,3374538,15099889,172.4,6.5,100.0,1,10.65,42,2398,0x0000000000000000
13:07:11,31338,6870,1209283,3412346,15100130,123.7,7.5,91.9,0,10.59,42,2398,0x0000000000000000
13:07:12,30944,6877,1217953,3421603,15104116,35.5,3.3,30.0,0,11.30,42,2405,0x0000000000000000
13:07:13,30858,6877,1232835,3421603,15110729,85.7,0.7,2.1,0,10.17,42,2398,0x0000000000000000
13:07:14,30801,6877,1244258,3421603,15115333,50.1,0.8,4.1,0,10.17,42,2398,0x0000000000000000
13:07:15,30744,6877,1258466,3421603,15120237,55.5,0.3,1.0,0,10.14,42,2405,0x0000000000000000
13:07:16,30671,6877,1271134,3421603,15125178,50.7,0.6,3.0,0,10.15,42,2405,0x0000000000000000
13:07:17,30633,6877,1281348,3421603,15129975,40.0,0.9,13.8,0,10.13,42,2405,0x0000000000000000
13:07:18,30601,6877,1292898,3421603,15134624,45.8,0.3,1.0,0,10.13,42,2405,0x0000000000000000
13:07:19,30545,6877,1304229,3421603,15139247,45.9,0.7,3.1,0,10.14,42,2405,0x0000000000000000
13:07:20,30474,6877,1321866,3421603,15144159,70.3,0.3,1.1,0,10.15,42,2405,0x0000000000000000
13:07:21,36874,6877,1323776,3421603,15145904,26.4,3.2,45.9,0,10.21,42,2405,0x0000000000000000
13:07:22,36812,6877,1333709,3421603,15147793,39.4,3.1,43.8,0,10.16,42,2398,0x0000000000000000
13:07:23,36796,6877,1338929,3421603,15152727,20.6,1.0,11.7,0,10.14,42,2405,0x0000000000000000
13:07:24,36567,6877,1339814,3421603,15153556,3.5,4.7,75.8,0,10.15,42,2405,0x0000000000000000
13:07:25,36433,6877,1339814,3421603,15153559,0.3,5.3,100.0,0,10.17,42,2405,0x0000000000000000
13:07:26,36402,6877,1339816,3421603,15153568,0.7,5.3,100.0,0,10.17,42,2405,0x0000000000000000
13:07:27,34896,6877,1341070,3421603,15154646,224.0,5.5,34.7,0,10.18,42,2398,0x0000000000000000
13:07:28,33537,6877,1341751,3421603,15155358,290.1,3.5,36.0,0,10.36,42,2398,0x0000000000000000
13:07:29,33491,6877,1341751,3421603,15155448,9.7,5.4,93.0,0,11.10,42,2398,0x0000000000000000
13:07:30,33473,6877,1341751,3421603,15155448,0.0,5.3,100.0,0,10.15,42,2405,0x0000000000000000
13:07:31,33454,6877,1341751,3421603,15155453,0.4,5.2,99.0,0,10.15,42,2405,0x0000000000000000
13:07:32,33443,6877,1341751,3421603,15155453,0.0,5.3,100.0,0,10.15,42,2405,0x0000000000000000
13:07:33,32229,6877,1341788,3421603,15155573,9.3,5.1,97.0,0,10.15,42,2398,0x0000000000000000
13:07:34,32240,6877,1341825,3421603,15155675,7.6,5.7,99.0,96,83.63,59,2392,0x0000000000000000
13:07:35,32248,6877,1341825,3421603,15155677,0.2,5.2,100.0,96,98.39,60,2379,0x0000000000000000
13:07:36,32246,6877,1341828,3421603,15155684,0.2,5.4,100.0,96,98.12,61,2372,0x0000000000000000
13:07:37,32253,6877,1341828,3421603,15155684,0.1,5.2,100.0,96,98.70,62,2366,0x0000000000000000
13:07:38,32261,6877,1341828,3421603,15155684,0.0,5.2,100.0,96,98.44,62,2366,0x0000000000000000
13:07:39,32266,6877,1341828,3421603,15155684,0.0,5.6,100.0,96,98.32,63,2372,0x0000000000000000
13:07:40,32262,6877,1341828,3421603,15155733,5.9,5.6,100.0,96,98.28,63,2359,0x0000000000000000
13:07:41,32268,6877,1341840,3421603,15155738,0.0,5.4,100.0,96,98.20,63,2359,0x0000000000000000
13:07:42,32269,6877,1341998,3421603,15155882,25.2,4.0,74.5,96,98.29,64,2353,0x0000000000000000
13:07:43,32267,6877,1342909,3421603,15156513,44.2,2.3,44.2,0,18.00,47,2411,0x0000000000000000
13:07:44,32255,6877,1343250,3421603,15156738,2.8,5.3,94.1,0,11.10,46,2411,0x0000000000000000
13:07:45,32254,6877,1343250,3421603,15156739,0.0,5.3,100.0,0,11.11,46,2411,0x0000000000000000
13:07:46,32245,6877,1343250,3421603,15156741,0.0,5.3,100.0,0,11.11,46,2411,0x0000000000000000
13:07:47,32249,6877,1343253,3421603,15156748,0.3,5.4,100.0,0,11.05,45,2411,0x0000000000000000
13:07:48,32244,6877,1343583,3421603,15157009,9.9,4.7,51.5,0,11.03,45,2411,0x0000000000000000
13:07:49,32230,6877,1344082,3421603,15157281,5.4,5.1,50.0,95,13.04,47,2431,0x0000000000000000
13:07:50,32229,6877,1344241,3421603,15157374,1.2,5.0,93.0,0,18.81,46,2457,0x0000000000000000
13:07:51,32189,6877,1344291,3421603,15157424,0.9,5.0,81.0,0,16.04,46,2444,0x0000000000000000
13:07:52,32181,6877,1344300,3421603,15157428,0.0,5.2,94.9,57,19.80,47,2431,0x0000000000000000
13:07:53,34773,6877,1344300,3421603,15157429,0.1,5.2,83.0,25,14.91,47,2444,0x0000000000000000
13:07:54,34225,6877,1344300,3421603,15157430,0.0,5.6,100.0,8,18.50,46,2418,0x0000000000000000
13:07:55,34231,6877,1344303,3421603,15157477,5.1,5.3,99.0,0,12.32,45,2418,0x0000000000000000
13:07:56,34221,6877,1344343,3421603,15157508,1.0,5.2,98.0,0,12.28,45,2418,0x0000000000000000
13:07:57,34025,6877,1344350,3421603,15157518,0.4,5.1,94.0,0,13.45,45,2411,0x0000000000000000
13:07:58,34030,6877,1344350,3421603,15157521,0.2,5.2,100.0,0,10.85,45,2411,0x0000000000000000
13:07:59,33479,6877,1344439,3421603,15157614,4.5,5.4,40.2,0,11.52,45,2418,0x0000000000000000
13:08:00,33481,6877,1344443,3421603,15157619,0.1,5.2,80.8,0,18.90,45,2463,0x0000000000000000
13:08:01,33492,6877,1344443,3421603,15157619,0.0,5.3,85.9,34,17.33,46,2463,0x0000000000000000
13:08:02,33500,6877,1344443,3421603,15157619,0.0,5.2,77.8,0,17.34,45,2450,0x0000000000000000
13:08:03,33505,6877,1344443,3421603,15157619,0.0,5.3,81.0,51,16.87,46,2444,0x0000000000000000
13:08:04,33513,6877,1344445,3421603,15157620,0.0,5.5,65.3,44,17.51,46,2470,0x0000000000000000
13:08:05,33513,6877,1344445,3421603,15157620,0.0,5.3,78.6,0,15.02,45,2450,0x0000000000000000
13:08:06,33515,6877,1344445,3421603,15157625,0.2,5.3,74.0,0,14.07,45,2463,0x0000000000000000
13:08:07,33500,6877,1344447,3421603,15157627,0.0,5.3,84.0,2,16.17,45,2457,0x0000000000000000
13:08:08,33505,6877,1344447,3421603,15157629,0.1,5.1,83.2,0,15.72,45,2411,0x0000000000000000
13:08:09,33477,6877,1344447,3421603,15157630,0.0,5.6,70.0,0,14.13,45,2437,0x0000000000000000
13:08:10,33481,6877,1344447,3421603,15157634,0.3,5.2,84.0,41,14.03,45,2463,0x0000000000000000
13:08:11,33476,6877,1344448,3421603,15157635,0.0,5.4,89.0,0,14.09,45,2450,0x0000000000000000
13:08:12,33480,6877,1344448,3421603,15157635,0.0,5.2,81.8,70,15.40,46,2444,0x0000000000000000
13:08:13,33467,6877,1344480,3421603,15157654,0.3,5.2,84.0,0,14.44,45,2411,0x0000000000000000
13:08:14,33456,6877,1344487,3421603,15157661,0.0,5.7,83.2,0,15.69,45,2463,0x0000000000000000
13:08:15,33442,6877,1344487,3421603,15157661,0.0,5.2,81.0,6,15.69,45,2463,0x0000000000000000
13:08:16,33413,6877,1344522,3421603,15157696,0.5,5.3,91.9,77,17.32,46,2450,0x0000000000000000
13:08:17,33356,6877,1344523,3421603,15157697,0.0,5.4,88.0,0,12.86,45,2411,0x0000000000000000
13:08:18,33360,6877,1344524,3421603,15157698,0.0,5.2,90.1,0,12.37,45,2411,0x0000000000000000
13:08:19,33340,6877,1344524,3421603,15157698,0.0,5.7,81.8,0,12.51,45,2411,0x0000000000000000
13:08:20,33342,6877,1344524,3421603,15157699,0.1,5.3,89.0,0,12.30,44,2411,0x0000000000000000
13:08:21,33308,6877,1344524,3421603,15157699,0.0,5.3,72.0,0,10.72,44,2411,0x0000000000000000
13:08:22,33299,6877,1344525,3421603,15157700,0.0,5.2,82.0,0,13.95,45,2437,0x0000000000000000
13:08:23,33343,6877,1344525,3421603,15157700,0.0,5.3,81.2,8,14.47,45,2418,0x0000000000000000
13:08:24,33330,6877,1344525,3421603,15157700,0.0,5.5,82.8,0,13.87,44,2411,0x0000000000000000
13:08:25,33304,6877,1344526,3421603,15157701,0.0,5.2,76.0,27,14.04,45,2463,0x0000000000000000
13:08:26,33328,6877,1344528,3421603,15157708,0.3,5.3,79.0,0,12.35,44,2411,0x0000000000000000
13:08:27,33341,6877,1344528,3421603,15157708,0.0,5.3,83.0,0,14.04,44,2411,0x0000000000000000
13:08:28,33316,6877,1344528,3421603,15157708,0.0,5.3,72.0,0,13.95,44,2418,0x0000000000000000
13:08:29,33343,6877,1344528,3421603,15157710,0.0,5.4,77.2,5,13.95,45,2463,0x0000000000000000
13:08:30,33347,6877,1344528,3421603,15157710,0.0,5.2,84.8,0,13.98,45,2463,0x0000000000000000
13:08:31,33310,6877,1344528,3421603,15157711,0.1,5.3,76.2,0,12.39,44,2411,0x0000000000000000
13:08:32,33290,6877,1344959,3421603,15158076,2.5,5.2,75.0,94,14.06,46,2463,0x0000000000000000
13:08:33,33307,6877,1344959,3421603,15158076,0.0,5.2,63.6,0,12.36,44,2444,0x0000000000000000
13:08:34,34257,6877,1344961,3421603,15158078,0.0,5.5,77.2,0,14.05,45,2463,0x0000000000000000
13:08:35,34125,6877,1346409,3421603,15159347,16.4,4.0,63.3,0,12.82,44,2411,0x0000000000000000
13:08:36,33346,6877,1347090,3421603,15160007,19.1,4.8,77.5,75,20.59,51,2476,0x0000000000000000
13:08:37,32637,6877,1347090,3421603,15160007,0.0,5.4,100.0,61,40.54,48,2470,0x0000000000000000
13:08:38,32627,6877,1347120,3421603,15160022,0.4,5.2,98.0,40,40.50,48,2470,0x0000000000000000
13:08:39,31452,6878,1347120,3421998,15160023,0.3,5.6,89.0,0,12.76,45,2418,0x0000000000000000
13:08:40,31463,6878,1347121,3421998,15160024,0.0,5.2,85.0,54,20.26,46,2470,0x0000000000000000
13:08:41,34386,6878,1347121,3421998,15160024,0.0,5.3,82.0,64,16.28,46,2463,0x0000000000000000
13:08:42,33114,6878,1347124,3421998,15160027,0.1,5.4,96.0,96,18.75,47,2483,0x0000000000000000
13:08:43,30983,6884,1347211,3431963,15160125,6.4,5.7,89.0,0,19.38,45,2411,0x0000000000000000
13:08:44,22616,7004,1347212,3472389,15160129,0.3,9.8,100.0,0,10.95,45,2411,0x0000000000000000
13:08:45,20991,7005,1348184,3473153,15161027,30.0,5.9,37.4,0,12.13,45,2444,0x0000000000000000
13:08:46,22016,7005,1348387,3473153,15161297,12.9,5.0,80.2,2,10.82,45,2411,0x0000000000000000
13:08:47,22199,7005,1348474,3473153,15161357,2.7,5.1,79.6,0,11.04,44,2411,0x0000000000000000
13:08:48,22044,7005,1348772,3473153,15161418,1.2,5.1,45.5,5,16.49,45,2424,0x0000000000000000
13:08:49,22129,7005,1348860,3473153,15161429,0.5,5.4,84.0,84,14.97,47,2463,0x0000000000000000
13:08:50,22034,7005,1348886,3473153,15161442,0.4,5.2,98.0,16,17.80,45,2431,0x0000000000000000
13:08:51,21942,7005,1348886,3473153,15161442,0.0,5.4,100.0,46,20.71,46,2470,0x0000000000000000
13:08:52,21926,7005,1348886,3473153,15161443,0.0,5.4,100.0,15,17.32,45,2431,0x0000000000000000
13:08:53,21959,7005,1348887,3473153,15161457,1.4,5.4,89.0,17,20.25,46,2437,0x0000000000000000
13:08:54,21936,7005,1348930,3473153,15161493,0.3,5.3,90.1,7,15.78,45,2424,0x0000000000000000
13:08:55,21941,7005,1348937,3473153,15161499,0.0,5.1,85.0,0,13.32,45,2411,0x0000000000000000
13:08:56,21856,7005,1348951,3473153,15161512,0.3,5.3,84.8,0,11.90,45,2411,0x0000000000000000
13:08:57,21720,7005,1348960,3473153,15161521,0.3,5.2,86.9,5,15.40,45,2437,0x0000000000000000
13:08:58,21654,7005,1348965,3473153,15161527,0.3,5.1,81.8,0,11.59,44,2411,0x0000000000000000
13:08:59,21602,7005,1348982,3473153,15161547,0.2,5.5,88.1,0,11.73,44,2411,0x0000000000000000
13:09:00,21575,7005,1349039,3473153,15161649,6.4,5.4,74.7,0,14.26,45,2444,0x0000000000000000
13:09:01,21280,7005,1349162,3473153,15161830,9.2,4.9,59.0,0,15.48,45,2444,0x0000000000000000
13:09:02,21245,7005,1349293,3473153,15162033,4.6,5.1,44.0,4,11.06,44,2418,0x0000000000000000
13:09:03,21198,7005,1349293,3473153,15162033,0.0,5.2,95.0,0,14.16,44,2411,0x0000000000000000
13:09:04,21153,7005,1349295,3473153,15162037,0.2,5.5,47.5,3,10.73,44,2411,0x0000000000000000
13:09:05,21162,7005,1349415,3473153,15162255,5.2,5.0,79.0,0,10.96,44,2411,0x0000000000000000
13:09:06,21161,7005,1349557,3473153,15162799,56.5,4.2,39.0,12,16.91,45,2470,0x0000000000000000
13:09:07,21174,7005,1349573,3473153,15162894,18.0,4.3,51.5,0,10.72,44,2411,0x0000000000000000
13:09:08,21143,7005,1360483,3473153,15166242,54.2,1.3,19.2,0,10.71,44,2411,0x0000000000000000
13:09:09,21081,7005,1373937,3473153,15170257,52.8,0.7,4.0,0,10.66,44,2411,0x0000000000000000
13:09:10,21060,7005,1378986,3473153,15175197,19.7,1.1,15.5,0,10.64,44,2411,0x0000000000000000
13:09:11,21055,7005,1386112,3473153,15178560,27.8,0.6,2.1,0,10.64,44,2411,0x0000000000000000
13:09:12,21050,7005,1391778,3473153,15181748,22.1,0.5,3.1,0,10.65,44,2411,0x0000000000000000
13:09:13,21291,6932,1404947,3473192,15184897,54.9,1.1,9.3,0,10.69,44,2411,0x0000000000000000
13:09:14,21210,6932,1418813,3473192,15193828,55.3,1.5,8.0,0,10.66,44,2411,0x0000000000000000
13:09:15,21139,6931,1429505,3473192,15199854,43.0,2.6,17.6,0,10.62,44,2411,0x0000000000000000
13:09:16,21111,6931,1437183,3473192,15204183,30.7,0.7,5.3,0,10.58,44,2411,0x0000000000000000
13:09:17,21040,6931,1451709,3473192,15208452,57.0,0.8,9.5,0,10.60,43,2411,0x0000000000000000
13:09:18,20891,6931,1469783,3473192,15211673,70.6,2.4,20.4,0,10.61,43,2411,0x0000000000000000
13:09:19,20873,6931,1476076,3473192,15214181,24.7,3.0,50.0,0,10.62,43,2411,0x0000000000000000
13:09:20,20854,6931,1481331,3473192,15219136,20.5,0.3,2.0,0,10.34,43,2405,0x0000000000000000
13:09:21,20836,6931,1503936,3473192,15223134,88.3,2.3,37.6,0,10.28,43,2405,0x0000000000000000
13:09:22,20711,6931,1505426,3473192,15223385,5.8,4.9,94.0,0,10.31,43,2405,0x0000000000000000
13:09:23,20616,6931,1505647,3473192,15223416,0.9,5.2,97.0,0,10.31,43,2405,0x0000000000000000
13:09:24,20460,6931,1505667,3473192,15223425,0.1,5.4,98.0,0,10.29,43,2405,0x0000000000000000
13:09:25,20432,6931,1505667,3473192,15223425,0.0,5.2,100.0,0,10.30,43,2405,0x0000000000000000
13:09:26,20314,6931,1505683,3473192,15223444,0.8,5.4,99.0,0,10.28,43,2405,0x0000000000000000
13:09:27,20243,6931,1505683,3473192,15223444,0.0,5.2,100.0,0,10.28,43,2405,0x0000000000000000
13:09:28,20033,6931,1513049,3473192,15226760,31.2,5.5,100.0,0,10.27,43,2405,0x0000000000000000
13:09:29,19988,6931,1521005,3473192,15229598,31.1,5.8,100.0,0,10.30,43,2405,0x0000000000000000
13:09:30,19958,6931,1528211,3473192,15232067,28.1,5.6,100.0,0,10.30,43,2405,0x0000000000000000
13:09:31,19916,6931,1534548,3473192,15234752,24.8,6.0,100.0,0,10.30,43,2405,0x0000000000000000
13:09:32,19900,6931,1541794,3473192,15237914,28.3,5.2,78.4,0,10.28,43,2405,0x0000000000000000
13:09:33,19326,6931,1547465,3473192,15240739,25.3,5.1,65.7,0,10.42,43,2405,0x0000000000000000
13:09:34,18886,6931,1553843,3473192,15243332,25.9,5.5,91.9,0,10.41,43,2405,0x0000000000000000
13:09:35,18972,6931,1565439,3473192,15249404,48.5,2.2,34.3,0,10.29,43,2398,0x0000000000000000
13:09:36,18902,6931,1579870,3473192,15255126,56.5,1.2,8.7,0,10.27,43,2405,0x0000000000000000
13:09:37,18869,6931,1590099,3473192,15259884,40.0,0.7,9.4,0,10.25,43,2405,0x0000000000000000
13:09:38,18829,6931,1599289,3473192,15264609,37.0,0.2,2.0,0,10.24,43,2405,0x0000000000000000
13:09:39,18769,6931,1610669,3473192,15269448,44.5,0.6,2.0,0,10.23,43,2405,0x0000000000000000
13:09:40,18714,6931,1623111,3473192,15274322,48.6,0.4,1.0,0,10.24,43,2405,0x0000000000000000
13:09:41,18667,6931,1634751,3473192,15279042,45.5,1.3,16.2,0,10.23,43,2405,0x0000000000000000
13:09:42,18628,6931,1644370,3473192,15283562,37.6,0.3,2.0,0,10.22,43,2405,0x0000000000000000
13:09:43,18589,6931,1653036,3473192,15287659,33.9,0.4,2.1,0,10.20,43,2405,0x0000000000000000
13:09:44,18547,6931,1663910,3473192,15291880,42.5,1.0,8.2,0,10.22,43,2405,0x0000000000000000
13:09:45,18532,6931,1679694,3473192,15295215,61.7,2.5,15.8,0,10.21,43,2405,0x0000000000000000
13:09:46,18524,6931,1680896,3473192,15296364,17.6,1.2,9.2,0,10.22,42,2405,0x0000000000000000
13:09:47,16673,6931,1684673,3473299,15299984,14.8,1.8,15.0,0,10.23,42,2405,0x0000000000000000
13:09:48,16111,6931,1684686,3473456,15359099,231.3,6.6,33.3,0,15.03,43,2405,0x0000000000000000
13:09:49,16045,6931,1684687,3473456,15359100,0.0,5.6,83.2,0,17.98,43,2405,0x0000000000000000
13:09:50,16037,6931,1684692,3473456,15359124,1.8,5.8,89.9,96,27.60,53,2489,0x0000000000000000
13:09:51,16037,6931,1684702,3473456,15359129,0.0,5.3,100.0,96,58.31,51,2483,0x0000000000000000
13:09:52,16035,6931,1684702,3473456,15359129,0.0,5.3,95.0,96,57.77,55,2483,0x0000000000000000
13:09:53,15987,6931,1684704,3473456,15363848,18.9,5.6,75.0,96,54.39,53,2476,0x0000000000000000
13:09:54,15984,6931,1684704,3473456,15363848,0.0,5.6,100.0,96,59.13,54,2470,0x0000000000000000
13:09:55,15987,6931,1684709,3473456,15363855,0.0,5.4,99.0,96,58.55,56,2476,0x0000000000000000
13:09:56,15989,6931,1684709,3473456,15363867,0.0,5.5,99.0,85,57.16,54,2483,0x0000000000000000
13:09:57,15999,6931,1684725,3473456,15364060,0.8,5.3,53.0,22,49.83,49,2470,0x0000000000000000
13:09:58,16006,6931,1684725,3473456,15364109,0.2,5.2,98.0,96,44.47,54,2496,0x0000000000000000
13:09:59,15990,6931,1684732,3473456,15364374,1.1,5.1,75.8,67,33.81,49,2450,0x0000000000000000
13:10:00,15985,6931,1684736,3473456,15364404,0.1,5.4,97.0,96,43.81,53,2476,0x0000000000000000
13:10:01,15991,6931,1684738,3473456,15364450,5.6,5.5,100.0,96,58.85,58,2470,0x0000000000000000
13:10:02,15991,6931,1684739,3473456,15364451,0.0,5.4,100.0,96,58.46,55,2470,0x0000000000000000
13:10:03,15997,6931,1684739,3473456,15364451,0.0,5.7,71.0,96,57.07,55,2470,0x0000000000000000
13:10:04,16000,6931,1684742,3473456,15364458,0.4,5.8,100.0,96,59.46,56,2470,0x0000000000000000
13:10:05,16003,6931,1684756,3473456,15364466,0.1,5.3,100.0,96,59.50,56,2470,0x0000000000000000
13:10:06,16005,6931,1684761,3473456,15364470,0.0,5.3,51.0,86,57.86,55,2483,0x0000000000000000
13:10:07,15989,6931,1684796,3473456,15364499,1.2,5.2,93.0,53,52.00,51,2470,0x0000000000000000
13:10:08,15998,6931,1684796,3473456,15364603,0.7,5.2,97.0,96,53.56,57,2496,0x0000000000000000
13:10:09,15992,6931,1684807,3473456,15364775,0.9,5.6,59.6,87,40.88,55,2470,0x0000000000000000
13:10:10,15998,6931,1684807,3473456,15364775,0.0,5.5,100.0,96,59.05,58,2463,0x0000000000000000
13:10:11,16000,6931,1684817,3473456,15364781,0.0,5.6,100.0,96,58.97,59,2470,0x0000000000000000
13:10:12,16004,6931,1684817,3473456,15364781,0.0,5.6,99.0,96,58.19,57,2483,0x0000000000000000
13:10:13,16002,6931,1684826,3473456,15364788,0.0,5.5,100.0,96,58.39,57,2470,0x0000000000000000
13:10:14,16003,6931,1684913,3473456,15364876,1.5,5.7,100.0,96,59.70,57,2470,0x0000000000000000
13:10:15,16006,6931,1684915,3473456,15364889,1.0,5.6,80.8,96,58.78,58,2476,0x0000000000000000
13:10:16,16007,6931,1684917,3473456,15364933,0.2,5.4,98.0,96,58.03,58,2496,0x0000000000000000
13:10:17,16007,6931,1684917,3473456,15364983,0.2,5.3,98.0,96,57.56,58,2489,0x0000000000000000
13:10:18,16007,6931,1684922,3473456,15365216,0.9,5.1,88.1,95,41.43,54,2496,0x0000000000000000
13:10:19,16008,6931,1684922,3473456,15365216,0.0,5.5,100.0,96,57.54,59,2470,0x0000000000000000
13:10:20,16008,6931,1684922,3473456,15365216,0.0,5.7,100.0,96,59.51,59,2463,0x0000000000000000
13:10:21,16008,6931,1684936,3473456,15365230,0.1,5.5,99.0,96,58.61,58,2470,0x0000000000000000
13:10:22,16008,6931,1684936,3473456,15365230,0.0,5.3,100.0,96,58.50,60,2470,0x0000000000000000
13:10:23,16009,6931,1684936,3473456,15365230,0.0,5.2,100.0,96,60.23,59,2470,0x0000000000000000
13:10:24,16008,6931,1684942,3473456,15365237,0.0,5.7,100.0,96,59.56,59,2476,0x0000000000000000
13:10:25,16009,6931,1684942,3473456,15365281,0.2,5.4,96.0,96,58.60,59,2496,0x0000000000000000
13:10:26,16009,6931,1684942,3473456,15365281,0.0,5.4,100.0,96,57.52,59,2496,0x0000000000000000
13:10:27,16008,6931,1684945,3473456,15365367,0.3,5.1,66.0,93,47.05,56,2502,0x0000000000000000
13:10:28,16008,6931,1684945,3473456,15365367,0.0,5.7,100.0,96,55.03,61,2470,0x0000000000000000
13:10:29,16007,6931,1684945,3473456,15365367,0.0,5.7,100.0,96,59.89,60,2470,0x0000000000000000
13:10:30,16009,6931,1684945,3473456,15365367,0.0,5.4,96.0,96,59.09,59,2470,0x0000000000000000
13:10:31,16009,6931,1684945,3473456,15365367,0.0,5.4,100.0,96,58.99,61,2463,0x0000000000000000
13:10:32,16009,6931,1684945,3473456,15365368,0.0,5.4,100.0,96,60.42,60,2470,0x0000000000000000
13:10:33,16009,6931,1684945,3473456,15365368,0.0,5.3,100.0,96,60.37,59,2470,0x0000000000000000
13:10:34,16007,6931,1684947,3473456,15365369,0.0,5.7,83.0,96,58.84,61,2496,0x0000000000000000
13:10:35,16008,6931,1684947,3473456,15365410,0.2,5.4,93.0,96,58.09,61,2489,0x0000000000000000
13:10:36,16006,6931,1684951,3473456,15365455,0.2,5.1,76.0,95,51.91,58,2502,0x0000000000000000
13:10:37,16006,6931,1684951,3473456,15365455,0.0,5.3,100.0,96,50.88,60,2463,0x0000000000000000
13:10:38,16006,6931,1684951,3473456,15365455,0.0,5.3,100.0,96,59.98,60,2463,0x0000000000000000
13:10:39,16004,6931,1684951,3473456,15365455,0.0,5.7,100.0,96,59.59,64,2463,0x0000000000000000
13:10:40,16005,6931,1684951,3473456,15365455,0.0,5.3,91.1,96,59.35,62,2463,0x0000000000000000
13:10:41,16005,6931,1684951,3473456,15365455,0.0,5.4,100.0,96,60.68,63,2457,0x0000000000000000
13:10:42,16005,6931,1684951,3473456,15365455,0.0,5.3,100.0,96,60.44,61,2457,0x0000000000000000
13:10:43,16005,6931,1684951,3473456,15365456,0.0,5.7,71.0,96,59.44,63,2483,0x0000000000000000
13:10:44,16005,6931,1684951,3473456,15365495,0.2,5.6,80.2,96,58.04,62,2483,0x0000000000000000
13:10:45,16004,6931,1684953,3473456,15365513,0.1,5.0,80.6,95,55.64,59,2496,0x0000000000000000
13:10:46,16003,6931,1684955,3473456,15365537,0.1,5.4,99.0,96,47.83,63,2457,0x0000000000000000
13:10:47,16003,6931,1684955,3473456,15365537,0.0,5.2,100.0,96,60.43,63,2457,0x0000000000000000
13:10:48,16003,6931,1684955,3473456,15365537,0.0,5.3,100.0,96,60.21,63,2457,0x0000000000000000
13:10:49,16003,6931,1684955,3473456,15365537,0.0,5.8,99.0,96,58.88,66,2457,0x0000000000000000
13:10:50,16003,6931,1684955,3473456,15365537,0.0,5.4,100.0,96,61.01,63,2457,0x0000000000000000
13:10:51,16003,6931,1684955,3473456,15365537,0.0,5.3,100.0,96,60.66,63,2457,0x0000000000000000
13:10:52,16003,6931,1684955,3473456,15365537,0.0,5.5,99.0,85,59.54,63,2470,0x0000000000000000
13:10:53,16003,6931,1684955,3473456,15365581,0.2,5.4,65.0,96,58.04,63,2470,0x0000000000000000
13:10:54,16003,6931,1684955,3473456,15365788,0.8,5.7,94.0,96,58.69,64,2476,0x0000000000000000
13:10:55,16016,6931,1684975,3473456,15365883,0.4,5.5,81.2,96,43.65,63,2463,0x0000000000000000
13:10:56,16016,6931,1684976,3473456,15365884,0.0,5.3,100.0,96,60.66,64,2457,0x0000000000000000
13:10:57,16016,6931,1685013,3473456,15365904,0.1,5.4,100.0,96,60.14,67,2457,0x0000000000000000
13:10:58,16016,6931,1685013,3473456,15365904,0.0,5.3,59.4,77,58.62,64,2457,0x0000000000000000
13:10:59,16016,6931,1685013,3473456,15365904,0.0,5.6,100.0,96,61.39,63,2457,0x0000000000000000
13:11:00,16016,6931,1685018,3473456,15365909,0.0,5.7,100.0,96,61.23,64,2457,0x0000000000000000
13:11:01,16016,6931,1685018,3473456,15365909,0.0,5.4,99.0,96,60.24,62,2457,0x0000000000000000
13:11:02,16016,6931,1685028,3473456,15365980,0.5,5.3,52.5,96,57.47,63,2476,0x0000000000000000
13:11:03,16016,6931,1685028,3473456,15366135,0.6,5.2,96.0,96,60.84,64,2476,0x0000000000000000
13:11:04,16014,6931,1685292,3473456,15366510,7.1,5.6,67.3,96,42.35,64,2450,0x0000000000000000
13:11:05,16013,6931,1685292,3473456,15366511,0.1,5.5,100.0,96,60.90,64,2450,0x0000000000000000
13:11:06,16014,6931,1685302,3473456,15366525,0.5,5.4,100.0,96,60.63,64,2450,0x0000000000000000
13:11:07,16012,6931,1685633,3473456,15366701,2.0,5.9,99.0,96,59.20,64,2463,0x0000000000000000
13:11:08,16012,6931,1685636,3473456,15366704,0.0,5.4,100.0,96,61.04,65,2450,0x0000000000000000
13:11:09,16012,6931,1685638,3473456,15366708,0.0,5.6,100.0,96,61.70,64,2450,0x0000000000000000
13:11:10,16014,6931,1685638,3473456,15366708,0.0,5.3,75.8,96,60.27,65,2450,0x0000000000000000
13:11:11,16015,6931,1685638,3473456,15366751,0.2,5.7,98.0,96,59.72,65,2476,0x0000000000000000
13:11:12,16015,6931,1685638,3473456,15366751,0.0,5.3,100.0,96,59.16,65,2476,0x0000000000000000
13:11:13,16008,6931,1685646,3473456,15366835,0.3,5.4,64.0,96,47.85,68,2457,0x0000000000000000
13:11:14,16006,6931,1685649,3473456,15366837,0.0,6.0,100.0,96,61.18,68,2450,0x0000000000000000
13:11:15,16007,6931,1685649,3473456,15366837,0.0,5.5,100.0,96,61.16,69,2457,0x0000000000000000
13:11:16,16008,6931,1685650,3473456,15366838,0.0,5.6,57.0,96,60.19,66,2463,0x0000000000000000
13:11:17,16008,6931,1685650,3473456,15366838,0.0,5.4,100.0,96,60.57,64,2450,0x0000000000000000
13:11:18,16008,6931,1685650,3473456,15366838,0.0,5.3,100.0,96,61.58,67,2450,0x0000000000000000
13:11:19,16008,6931,1685650,3473456,15366838,0.0,5.7,99.0,96,60.88,66,2457,0x0000000000000000
13:11:20,16008,6931,1685650,3473456,15366880,0.2,5.4,98.0,96,59.96,66,2476,0x0000000000000000
13:11:21,16008,6931,1685650,3473456,15366880,0.0,5.4,100.0,96,59.06,66,2470,0x0000000000000000
13:11:22,16007,6931,1685656,3473456,15367156,1.1,5.0,87.0,83,42.72,62,2489,0x0000000000000000
13:11:23,16007,6931,1685656,3473456,15367156,0.0,5.4,100.0,96,56.58,67,2450,0x0000000000000000
13:11:24,16005,6931,1685656,3473456,15367156,0.0,5.9,100.0,96,61.50,67,2450,0x0000000000000000
13:11:25,16005,6931,1685656,3473456,15367157,0.0,5.5,96.0,96,60.40,67,2457,0x0000000000000000
13:11:26,16005,6931,1685656,3473456,15367157,0.0,5.3,100.0,96,59.88,68,2450,0x0000000000000000
13:11:27,16006,6931,1685656,3473456,15367157,0.1,5.4,100.0,96,61.77,67,2457,0x0000000000000000
13:11:28,16006,6931,1685656,3473456,15367157,0.0,5.3,100.0,96,61.53,66,2450,0x0000000000000000
13:11:29,16006,6931,1685656,3473456,15367157,0.0,5.7,99.0,96,60.20,67,2476,0x0000000000000000
13:11:30,16006,6931,1685656,3473456,15367198,0.2,5.4,90.0,96,59.36,67,2476,0x0000000000000000
13:11:31,16004,6931,1685667,3473456,15367279,0.3,5.2,71.0,95,54.19,63,2483,0x0000000000000000
13:11:32,16003,6931,1685799,3473456,15367344,0.9,5.4,100.0,96,53.80,67,2450,0x0000000000000000
13:11:33,16003,6931,1685809,3473456,15367349,0.0,5.6,100.0,96,61.83,67,2450,0x0000000000000000
13:11:34,16002,6931,1685818,3473456,15367359,0.0,6.0,100.0,96,60.95,66,2457,0x0000000000000000
13:11:35,16003,6931,1685818,3473456,15367359,0.0,5.3,100.0,96,60.67,66,2450,0x0000000000000000
13:11:36,16003,6931,1685818,3473456,15367359,0.0,5.4,100.0,96,61.72,68,2450,0x0000000000000000
13:11:37,16003,6931,1685818,3473456,15367359,0.0,5.3,100.0,96,61.87,67,2450,0x0000000000000000
13:11:38,16003,6931,1685819,3473456,15367360,0.0,5.5,99.0,96,60.63,67,2470,0x0000000000000000
13:11:39,16003,6931,1685819,3473456,15367434,0.3,5.7,82.8,96,59.04,67,2476,0x0000000000000000
13:11:40,16004,6931,1685823,3473456,15367561,0.5,5.1,90.1,94,55.96,63,2483,0x0000000000000000
13:11:41,16004,6931,1685823,3473456,15367603,0.2,5.6,98.0,96,47.68,67,2450,0x0000000000000000
13:11:42,16004,6931,1685823,3473456,15367603,0.0,5.7,100.0,96,61.85,67,2457,0x0000000000000000
13:11:43,16004,6931,1685823,3473456,15367603,0.0,5.4,100.0,96,61.40,67,2457,0x0000000000000000
13:11:44,16002,6931,1685823,3473456,15367603,0.0,5.8,67.0,96,60.37,69,2450,0x0000000000000000
13:11:45,16002,6931,1685827,3473456,15367607,0.0,5.4,100.0,96,62.40,68,2450,0x0000000000000000
13:11:46,16003,6931,1685827,3473456,15367607,0.0,5.4,100.0,96,62.40,68,2450,0x0000000000000000
13:11:47,16003,6931,1685827,3473456,15367607,0.0,5.3,99.0,85,60.77,65,2463,0x0000000000000000
13:11:48,16003,6931,1685827,3473456,15367664,0.2,5.3,99.0,94,59.39,67,2470,0x0000000000000000
13:11:49,16002,6931,1685827,3473456,15367694,0.1,5.8,99.0,96,62.18,68,2476,0x0000000000000000
13:11:50,16001,6931,1685827,3473456,15367830,0.5,5.2,65.0,96,42.58,67,2444,0x0000000000000000
13:11:51,16001,6931,1685827,3473456,15367830,0.0,5.3,100.0,96,62.08,67,2444,0x0000000000000000
13:11:52,16001,6931,1685827,3473456,15367830,0.0,5.7,100.0,96,62.20,68,2450,0x0000000000000000
13:11:53,16001,6931,1685828,3473456,15367831,0.0,5.3,99.0,87,60.69,68,2463,0x0000000000000000
13:11:54,16001,6931,1685828,3473456,15367831,0.0,5.7,100.0,96,61.92,68,2450,0x0000000000000000
13:11:55,16002,6931,1685828,3473456,15367831,0.0,5.3,100.0,96,62.33,68,2450,0x0000000000000000
13:11:56,16002,6931,1685828,3473456,15367831,0.0,5.3,99.0,96,61.51,71,2457,0x0000000000000000
13:11:57,16002,6931,1685828,3473456,15367872,0.2,5.4,99.0,96,60.93,68,2476,0x0000000000000000
13:11:58,16002,6931,1685828,3473456,15367872,0.0,5.3,100.0,96,59.94,69,2470,0x0000000000000000
13:11:59,16000,6931,1685832,3473456,15368039,0.7,5.2,46.0,62,43.82,63,2463,0x0000000000000000
13:12:00,16001,6931,1685835,3473456,15368042,0.0,6.0,100.0,96,61.83,68,2457,0x0000000000000000
13:12:01,16000,6931,1685853,3473456,15368060,0.1,5.9,100.0,96,61.90,68,2444,0x0000000000000000
13:12:02,16000,6931,1685853,3473456,15368060,0.0,5.3,99.0,96,60.82,67,2457,0x0000000000000000
13:12:03,16000,6931,1685853,3473456,15368060,0.0,5.4,100.0,96,61.66,69,2450,0x0000000000000000
13:12:04,15999,6931,1685853,3473456,15368061,0.0,5.7,100.0,96,62.40,69,2450,0x0000000000000000
13:12:05,15999,6931,1685869,3473456,15368076,0.1,5.4,100.0,96,62.04,69,2457,0x0000000000000000
13:12:06,15999,6931,1685875,3473456,15368108,0.2,5.4,89.2,96,60.77,69,2476,0x0000000000000000
13:12:07,15999,6931,1685875,3473456,15368108,0.0,5.3,100.0,96,59.94,69,2476,0x0000000000000000
13:12:08,15998,6931,1685878,3473456,15368171,0.2,5.1,59.4,95,49.89,65,2483,0x0000000000000000
13:12:09,15997,6931,1685878,3473456,15368171,0.0,5.6,100.0,96,57.18,68,2450,0x0000000000000000
13:12:10,15996,6931,1685880,3473456,15368173,0.0,5.9,100.0,96,62.44,69,2444,0x0000000000000000
13:12:11,15997,6931,1685896,3473456,15368182,0.1,5.5,99.0,96,61.56,69,2457,0x0000000000000000
13:12:12,15997,6931,1685896,3473456,15368182,0.0,5.3,100.0,96,61.08,69,2457,0x0000000000000000
13:12:13,15995,6931,1685914,3473456,15368200,0.1,5.5,100.0,96,62.78,68,2457,0x0000000000000000
13:12:14,15993,6931,1685921,3473456,15368206,0.0,5.8,100.0,96,62.64,69,2450,0x0000000000000000
13:12:15,15996,6931,1685921,3473456,15368206,0.0,5.6,82.0,96,60.91,69,2476,0x0000000000000000
13:12:16,15996,6931,1685922,3473456,15368250,0.2,5.4,99.0,96,59.78,69,2476,0x0000000000000000
13:12:17,15996,6931,1685924,3473456,15368326,0.5,5.3,83.0,95,53.93,66,2483,0x0000000000000000
13:12:18,15996,6931,1685936,3473456,15368335,0.0,5.5,100.0,96,53.04,68,2450,0x0000000000000000
13:12:19,15995,6931,1685936,3473456,15368335,0.0,5.8,100.0,96,62.45,68,2450,0x0000000000000000
13:12:20,15995,6931,1685936,3473456,15368335,0.0,5.4,100.0,96,62.05,73,2450,0x0000000000000000
13:12:21,15996,6931,1685936,3473456,15368335,0.0,5.5,100.0,96,61.17,70,2450,0x0000000000000000
13:12:22,15991,6931,1686036,3473456,15368371,0.4,5.6,100.0,96,62.79,70,2450,0x0000000000000000
13:12:23,15991,6931,1686038,3473456,15368373,0.0,5.5,100.0,96,62.58,70,2450,0x0000000000000000
13:12:24,15991,6931,1686038,3473456,15368373,0.0,5.6,99.0,96,61.12,70,2463,0x0000000000000000
13:12:25,15991,6931,1686041,3473456,15368415,0.2,5.3,98.0,96,59.91,69,2463,0x0000000000000000
13:12:26,15995,6931,1686042,3473456,15368416,0.0,5.4,94.0,93,59.08,66,2470,0x0000000000000000
13:12:27,15995,6931,1686042,3473456,15368458,0.2,5.3,99.0,96,50.39,70,2450,0x0000000000000000
13:12:28,15995,6931,1686042,3473456,15368458,0.0,5.3,100.0,96,62.37,72,2450,0x0000000000000000
13:12:29,15995,6931,1686042,3473456,15368458,0.0,5.6,100.0,96,62.14,68,2450,0x0000000000000000
13:12:30,15995,6931,1686042,3473456,15368458,0.0,5.4,71.7,96,61.05,69,2444,0x0000000000000000
13:12:31,15995,6931,1686042,3473456,15368458,0.0,5.5,100.0,96,62.97,72,2450,0x0000000000000000
13:12:32,15995,6931,1686042,3473456,15368458,0.0,5.4,100.0,96,63.19,70,2450,0x0000000000000000
13:12:33,15995,6931,1686042,3473456,15368458,0.0,5.3,99.0,86,61.60,69,2463,0x0000000000000000
13:12:34,15995,6931,1686042,3473456,15368518,0.3,5.8,99.0,96,60.04,69,2470,0x0000000000000000
13:12:35,15995,6931,1686042,3473456,15368518,0.0,5.3,100.0,96,62.15,70,2470,0x0000000000000000
13:12:36,15994,6931,1686047,3473456,15368581,0.2,5.4,92.0,96,47.86,69,2450,0x0000000000000000
13:12:37,15994,6931,1686047,3473456,15368581,0.0,5.3,100.0,96,62.82,69,2450,0x0000000000000000
13:12:38,15994,6931,1686053,3473456,15368594,0.9,5.3,100.0,96,62.48,71,2450,0x0000000000000000
13:12:39,15994,6931,1686053,3473456,15368595,0.0,5.9,99.0,96,60.94,70,2450,0x0000000000000000
13:12:40,15994,6931,1686053,3473456,15368595,0.0,5.4,100.0,96,62.88,69,2450,0x0000000000000000
13:12:41,15994,6931,1686053,3473456,15368595,0.0,5.4,100.0,96,62.98,70,2450,0x0000000000000000
13:12:42,15994,6931,1686053,3473456,15368595,0.0,5.4,63.0,96,62.17,70,2450,0x0000000000000000
13:12:43,15994,6931,1686060,3473456,15368643,0.2,5.5,98.0,77,59.34,66,2476,0x0000000000000000
13:12:44,15993,6931,1686060,3473456,15368669,0.1,5.8,99.0,96,62.41,70,2476,0x0000000000000000
13:12:45,15991,6931,1686062,3473456,15368793,0.5,5.0,69.3,96,45.79,70,2437,0x0000000000000000
13:12:46,15991,6931,1686062,3473456,15368793,0.0,5.4,100.0,96,62.92,71,2450,0x0000000000000000
13:12:47,15991,6931,1686062,3473456,15368793,0.0,5.3,100.0,96,62.82,71,2450,0x0000000000000000
13:12:48,15991,6931,1686062,3473456,15368793,0.0,5.6,99.0,79,61.19,68,2463,0x0000000000000000
13:12:49,15991,6931,1686062,3473456,15368793,0.0,5.6,100.0,96,63.23,75,2450,0x0000000000000000
13:12:50,15991,6931,1686063,3473456,15368795,0.0,5.4,100.0,96,63.56,71,2450,0x0000000000000000
13:12:51,15991,6931,1686063,3473456,15368795,0.0,5.3,76.0,96,62.36,70,2457,0x0000000000000000
13:12:52,15991,6931,1686063,3473456,15368836,0.2,5.4,65.0,96,61.65,70,2476,0x0000000000000000
13:12:53,15991,6931,1686063,3473456,15368836,0.0,5.3,100.0,96,60.37,72,2470,0x0000000000000000
13:12:54,15991,6931,1686067,3473456,15369008,0.7,5.9,91.0,90,45.98,70,2463,0x0000000000000000
13:12:55,15991,6931,1686067,3473456,15369008,0.0,5.3,100.0,96,62.91,71,2450,0x0000000000000000
13:12:56,15991,6931,1686067,3473456,15369008,0.0,5.3,100.0,96,62.89,70,2437,0x0000000000000000
13:12:57,15991,6931,1686067,3473456,15369008,0.0,5.6,99.0,96,62.30,72,2457,0x0000000000000000
13:12:58,15991,6931,1686067,3473456,15369008,0.0,5.3,100.0,96,61.68,72,2450,0x0000000000000000
13:12:59,15991,6931,1686067,3473456,15369008,0.0,5.6,100.0,96,63.13,71,2450,0x0000000000000000
13:13:00,15991,6931,1686071,3473456,15369012,0.0,5.4,100.0,96,62.35,70,2450,0x0000000000000000
13:13:01,15991,6931,1686071,3473456,15369053,0.2,5.5,98.0,96,61.43,71,2476,0x0000000000000000
13:13:02,15991,6931,1686071,3473456,15369053,0.0,5.3,100.0,96,61.04,71,2470,0x0000000000000000
13:13:03,15989,6931,1686073,3473456,15369096,0.2,5.3,93.0,95,48.13,67,2483,0x0000000000000000
13:13:04,15988,6931,1686073,3473456,15369096,0.0,5.7,100.0,96,60.84,70,2450,0x0000000000000000
13:13:05,15980,6931,1686074,3473456,15369098,0.0,5.7,100.0,96,63.21,72,2444,0x0000000000000000
13:13:06,15980,6931,1686074,3473456,15369098,0.0,5.7,99.0,96,61.87,70,2450,0x0000000000000000
13:13:07,15980,6931,1686076,3473456,15369099,0.0,5.4,100.0,96,61.87,70,2450,0x0000000000000000
13:13:08,15981,6931,1686076,3473456,15369099,0.0,5.3,100.0,96,63.39,73,2444,0x0000000000000000
13:13:09,15982,6931,1686078,3473456,15369101,0.0,5.6,100.0,96,62.95,71,2444,0x0000000000000000
13:13:10,15983,6931,1686078,3473456,15369101,0.0,5.4,87.0,96,61.80,71,2476,0x0000000000000000
13:13:11,15984,6931,1686078,3473456,15369159,0.3,5.7,97.0,96,60.66,71,2470,0x0000000000000000
13:13:12,15982,6931,1686078,3473456,15369210,0.2,5.4,74.0,79,53.02,67,2483,0x0000000000000000
13:13:13,15982,6931,1686079,3473456,15369211,0.0,5.4,100.0,96,57.10,71,2444,0x0000000000000000
13:13:14,15982,6931,1686079,3473456,15369211,0.0,5.6,100.0,96,63.19,71,2444,0x0000000000000000
13:13:15,15982,6931,1686080,3473456,15369212,0.0,5.6,100.0,96,62.59,71,2457,0x0000000000000000
13:13:16,15982,6931,1686080,3473456,15369213,0.0,5.5,100.0,96,61.70,71,2444,0x0000000000000000
13:13:17,15982,6931,1686080,3473456,15369213,0.0,5.3,100.0,96,63.42,71,2444,0x0000000000000000
13:13:18,15982,6931,1686080,3473456,15369213,0.0,5.3,100.0,96,63.35,71,2450,0x0000000000000000
13:13:19,15985,6931,1686080,3473456,15369213,0.0,5.6,72.7,96,61.93,71,2457,0x0000000000000000
13:13:20,15985,6931,1686082,3473456,15369244,0.1,5.4,98.0,96,60.37,71,2463,0x0000000000000000
13:13:21,15984,6931,1686086,3473456,15369296,0.2,5.3,92.0,93,57.07,68,2470,0x0000000000000000
13:13:22,15978,6931,1686091,3473456,15369301,0.0,5.5,100.0,96,53.29,70,2444,0x0000000000000000
13:13:23,15978,6931,1686091,3473456,15369301,0.0,5.3,100.0,96,63.13,71,2444,0x0000000000000000
13:13:24,15979,6931,1686091,3473456,15369301,0.0,5.8,100.0,96,63.00,71,2450,0x0000000000000000
13:13:25,15981,6931,1686091,3473456,15369301,0.0,5.5,99.0,96,61.52,71,2444,0x0000000000000000
13:13:26,15981,6931,1686091,3473456,15369301,0.0,5.4,100.0,96,63.85,75,2444,0x0000000000000000
13:13:27,15983,6931,1686091,3473456,15369301,0.0,5.4,100.0,96,63.66,72,2444,0x0000000000000000
13:13:28,15983,6931,1686091,3473456,15369301,0.0,5.2,99.0,85,62.19,71,2457,0x0000000000000000
13:13:29,15983,6931,1686091,3473456,15369345,0.2,5.8,65.3,96,60.71,72,2470,0x0000000000000000
13:13:30,15979,6931,1686092,3473456,15369390,0.2,5.2,92.9,95,60.29,69,2457,0x0000000000000000
13:13:31,15980,6931,1686092,3473456,15369429,0.2,5.4,97.0,96,52.34,74,2444,0x0000000000000000
13:13:32,15980,6931,1686094,3473456,15369435,0.0,5.4,100.0,96,63.32,74,2444,0x0000000000000000
13:13:33,15980,6931,1686094,3473456,15369435,0.0,5.3,100.0,96,62.72,72,2450,0x0000000000000000
13:13:34,15981,6931,1686094,3473456,15369436,0.0,6.1,99.0,96,61.86,72,2437,0x0000000000000000
13:13:35,15981,6931,1686095,3473456,15369437,0.0,5.3,100.0,96,63.87,72,2444,0x0000000000000000
13:13:36,15981,6931,1686095,3473456,15369437,0.0,5.3,100.0,96,63.69,74,2444,0x0000000000000000
13:13:37,15981,6931,1686095,3473456,15369437,0.0,5.3,50.5,81,62.21,73,2450,0x0000000000000000
13:13:38,15981,6931,1686095,3473456,15369462,0.1,5.5,99.0,96,61.06,72,2457,0x0000000000000000
13:13:39,15980,6931,1686095,3473456,15369534,0.3,5.6,98.0,96,62.74,71,2450,0x0000000000000000
13:13:40,15979,6931,1686095,3473456,15369569,0.1,5.1,89.1,96,45.61,72,2444,0x0000000000000000
13:13:41,15979,6931,1686095,3473456,15369569,0.0,5.4,100.0,96,63.64,72,2437,0x0000000000000000
13:13:42,15979,6931,1686095,3473456,15369569,0.0,5.3,100.0,96,63.12,73,2437,0x0000000000000000
13:13:43,15980,6931,1686095,3473456,15369569,0.0,5.7,55.0,79,61.65,74,2450,0x0000000000000000
13:13:44,15980,6931,1686095,3473456,15369569,0.0,5.6,100.0,96,64.06,76,2437,0x0000000000000000
13:13:45,15980,6931,1686095,3473456,15369569,0.0,5.3,100.0,96,63.94,73,2437,0x0000000000000000
13:13:46,15980,6931,1686096,3473456,15369571,0.1,5.3,100.0,96,63.24,71,2444,0x0000000000000000
13:13:47,15980,6931,1686096,3473456,15369596,0.1,5.4,98.0,96,60.92,73,2457,0x0000000000000000
13:13:48,15980,6931,1686096,3473456,15369596,0.0,5.5,100.0,96,62.41,73,2457,0x0000000000000000
13:13:49,15979,6931,1686100,3473456,15369691,0.4,5.6,90.1,80,43.10,67,2476,0x0000000000000000
13:13:50,15980,6931,1686100,3473456,15369691,0.0,5.3,100.0,96,62.45,72,2437,0x0000000000000000
13:13:51,15980,6931,1686100,3473456,15369691,0.0,5.4,100.0,96,63.60,72,2437,0x0000000000000000
13:13:52,15980,6931,1686100,3473456,15369691,0.0,5.3,99.0,96,62.73,72,2444,0x0000000000000000
13:13:53,15980,6931,1686100,3473456,15369691,0.0,5.5,100.0,96,62.82,73,2444,0x0000000000000000
13:13:54,15980,6931,1686100,3473456,15369691,0.0,5.6,100.0,96,64.02,75,2444,0x0000000000000000
13:13:55,15980,6931,1686100,3473456,15369691,0.0,5.3,100.0,96,63.23,71,2444,0x0000000000000000
13:13:56,15980,6931,1686100,3473456,15369784,0.4,5.2,94.1,96,62.14,73,2457,0x0000000000000000
13:13:57,15980,6931,1686100,3473456,15369784,0.0,5.2,100.0,96,60.85,73,2457,0x0000000000000000
13:13:58,15979,6931,1686117,3473456,15369919,0.6,5.0,67.3,73,51.79,68,2489,0x0000000000000000
13:13:59,15978,6931,1686117,3473456,15369919,0.0,5.7,100.0,96,57.11,74,2444,0x0000000000000000
13:14:00,15979,6931,1686119,3473456,15369922,0.0,5.4,100.0,96,63.77,72,2437,0x0000000000000000
13:14:01,15979,6931,1686119,3473456,15369922,0.0,5.5,100.0,96,62.65,73,2444,0x0000000000000000
13:14:02,15979,6931,1686123,3473456,15369933,0.6,5.6,99.0,96,62.40,74,2444,0x0000000000000000
13:14:03,15979,6931,1686123,3473456,15369933,0.0,5.3,100.0,96,63.90,73,2437,0x0000000000000000
13:14:04,15978,6931,1686123,3473456,15369933,0.0,5.7,100.0,96,63.78,73,2444,0x0000000000000000
13:14:05,15978,6931,1686124,3473456,15369934,0.0,5.2,99.0,96,62.58,73,2457,0x0000000000000000
13:14:06,15978,6931,1686124,3473456,15369976,0.2,5.6,83.0,96,61.19,73,2457,0x0000000000000000
13:14:07,15976,6931,1686126,3473456,15370034,0.2,5.3,92.0,95,56.17,70,2470,0x0000000000000000
13:14:08,15976,6931,1686126,3473456,15370034,0.0,5.3,100.0,96,54.86,73,2437,0x0000000000000000
13:14:09,15976,6931,1686126,3473456,15370034,0.0,5.7,100.0,96,63.86,73,2437,0x0000000000000000
13:14:10,15987,6931,1686126,3473456,15370034,0.0,5.9,100.0,96,63.01,73,2444,0x0000000000000000
13:14:11,15988,6931,1686126,3473456,15370034,0.0,5.6,99.0,96,62.30,73,2437,0x0000000000000000
13:14:12,15988,6931,1686126,3473456,15370034,0.0,5.3,100.0,96,64.29,74,2437,0x0000000000000000
13:14:13,15988,6931,1686135,3473456,15370043,0.0,5.3,100.0,96,63.93,77,2437,0x0000000000000000
13:14:14,15988,6931,1686145,3473456,15370045,0.0,5.6,98.0,96,62.57,73,2450,0x0000000000000000
13:14:15,15988,6931,1686148,3473456,15370073,0.5,6.3,99.0,96,61.21,73,2457,0x0000000000000000
13:14:16,15985,6931,1686377,3473456,15370254,6.0,5.7,100.0,96,61.19,74,2457,0x0000000000000000
13:14:17,15984,6931,1686377,3473456,15370280,0.1,5.2,89.0,96,45.94,73,2431,0x0000000000000000
13:14:18,15984,6931,1686377,3473456,15370280,0.0,5.2,100.0,96,63.97,75,2437,0x0000000000000000
13:14:19,15984,6931,1686377,3473456,15370280,0.0,5.6,100.0,96,63.71,72,2437,0x0000000000000000
13:14:20,15984,6931,1686377,3473456,15370280,0.0,5.3,50.5,78,62.04,72,2450,0x0000000000000000
13:14:21,15982,6931,1686377,3473456,15370280,0.0,5.6,100.0,96,64.28,73,2444,0x0000000000000000
13:14:22,15975,6931,1687131,3473456,15370978,11.1,5.8,100.0,96,64.48,74,2437,0x0000000000000000
13:14:23,15972,6931,1687710,3473456,15371484,7.0,5.6,99.0,96,63.25,74,2444,0x0000000000000000
13:14:24,15972,6931,1687741,3473456,15371509,0.1,5.8,99.0,96,62.29,74,2457,0x0000000000000000
13:14:25,15972,6931,1687741,3473456,15371509,0.0,5.5,100.0,96,62.01,74,2457,0x0000000000000000
13:14:26,15968,6931,1687749,3473456,15371569,0.9,5.5,52.5,66,47.35,71,2476,0x0000000000000000
13:14:27,15968,6931,1687749,3473456,15371569,0.0,5.3,100.0,96,64.12,74,2444,0x0000000000000000
13:14:28,15968,6931,1687749,3473456,15371569,0.0,5.3,100.0,96,64.28,74,2437,0x0000000000000000
13:14:29,15967,6931,1687749,3473456,15371569,0.0,5.8,68.7,96,63.28,73,2444,0x0000000000000000
13:14:30,15967,6931,1687749,3473456,15371569,0.0,5.3,100.0,96,63.04,74,2437,0x0000000000000000
13:14:31,15967,6931,1687749,3473456,15371569,0.0,5.5,100.0,96,64.43,73,2437,0x0000000000000000
13:14:32,15967,6931,1687754,3473456,15371574,0.0,5.4,92.1,96,63.97,78,2444,0x0000000000000000
13:14:33,15967,6931,1687754,3473456,15371614,0.2,5.4,81.2,96,62.69,74,2457,0x0000000000000000
13:14:34,15966,6931,1687754,3473456,15371614,0.0,5.7,100.0,96,61.73,73,2457,0x0000000000000000
13:14:35,15965,6931,1687759,3473456,15371708,0.4,5.4,46.0,83,49.59,72,2476,0x0000000000000000
13:14:36,15967,6931,1687763,3473456,15371711,0.0,6.7,100.0,96,63.72,74,2437,0x0000000000000000
13:14:37,15967,6931,1687763,3473456,15371711,0.0,5.6,100.0,96,64.18,74,2437,0x0000000000000000
13:14:38,15967,6931,1687787,3473456,15371733,0.4,5.4,99.0,96,62.86,76,2437,0x0000000000000000
13:14:39,15967,6931,1687788,3473456,15371734,0.0,5.7,100.0,96,63.31,74,2444,0x0000000000000000
13:14:40,15967,6931,1687790,3473456,15371736,0.0,5.3,100.0,96,64.84,75,2437,0x0000000000000000
13:14:41,15967,6931,1687790,3473456,15371736,0.0,5.4,100.0,96,64.14,73,2444,0x0000000000000000
13:14:42,15967,6931,1687790,3473456,15371797,0.2,5.3,89.1,96,62.50,74,2457,0x0000000000000000
13:14:43,15966,6931,1687790,3473456,15371797,0.0,5.4,100.0,96,61.59,74,2457,0x0000000000000000
13:14:44,15964,6931,1687792,3473456,15371842,0.2,5.4,59.0,55,50.48,68,2489,0x0000000000000000
13:14:45,15964,6931,1687792,3473456,15371842,0.0,5.7,100.0,96,61.44,74,2437,0x0000000000000000
13:14:46,15964,6931,1687792,3473456,15371842,0.0,5.3,100.0,96,64.43,74,2437,0x0000000000000000
13:14:47,15964,6931,1687792,3473456,15371842,0.0,5.3,99.0,96,63.64,75,2437,0x0000000000000000
13:14:48,15964,6931,1687792,3473456,15371842,0.0,5.3,100.0,96,62.66,74,2437,0x0000000000000000
13:14:49,15964,6931,1687792,3473456,15371842,0.0,5.9,100.0,96,64.53,74,2437,0x0000000000000000
13:14:50,15964,6931,1687792,3473456,15371842,0.0,5.2,100.0,96,64.29,73,2437,0x0000000000000000
13:14:51,15964,6931,1687792,3473456,15371842,0.0,5.4,83.0,96,62.93,74,2457,0x0000000000000000
13:14:52,15965,6931,1687797,3473456,15371871,0.1,5.4,98.0,96,61.64,75,2457,0x0000000000000000
13:14:53,15980,6931,1688121,3473456,15377515,23.2,6.1,79.2,93,55.64,70,2463,0x0000000000000000
13:14:54,15985,6931,1688472,3473456,15378243,7.7,5.6,92.0,82,42.12,70,2463,0x0000000000000000
13:14:55,15962,6931,1692174,3473456,15381737,45.3,6.9,89.1,80,35.63,68,2470,0x0000000000000000
13:14:56,15902,6931,1694388,3473456,15384226,35.8,5.6,32.7,1,31.93,66,2470,0x0000000000000000
13:14:57,15891,6929,1698730,3473456,15387940,18.7,7.5,91.8,83,41.36,69,2463,0x0000000000000000
13:14:58,15887,6928,1698899,3473456,15388234,1.6,5.7,93.1,77,36.62,69,2483,0x0000000000000000
13:14:59,15894,6928,1698919,3473456,15388595,1.4,5.9,65.7,96,45.83,73,2470,0x0000000000000000
13:15:00,15896,6928,1698927,3473456,15388902,1.2,5.4,90.0,88,38.03,68,2483,0x0000000000000000
13:15:01,15896,6928,1698951,3473456,15389142,1.1,5.8,51.5,96,40.18,72,2483,0x0000000000000000
13:15:02,15897,6928,1698998,3473456,15389419,1.9,6.0,93.9,86,44.56,69,2476,0x0000000000000000
13:15:03,15884,6928,1699229,3473456,15389954,5.9,7.1,63.4,94,37.88,69,2476,0x0000000000000000
13:15:04,15887,6928,1699235,3473456,15390433,1.9,5.5,89.8,83,45.79,69,2470,0x0000000000000000
13:15:05,15888,6928,1699284,3473456,15390992,2.4,5.4,60.0,86,35.54,68,2470,0x0000000000000000
13:15:06,15900,6928,1699297,3473456,15391508,4.6,5.2,89.9,82,45.77,67,2476,0x0000000000000000
13:15:07,15901,6928,1699329,3473456,15392426,3.6,5.0,51.0,94,35.97,69,2476,0x0000000000000000
13:15:08,15903,6928,1699329,3473456,15392845,1.6,4.9,89.9,85,45.65,69,2476,0x0000000000000000
13:15:09,15902,6928,1699374,3473456,15393558,2.8,5.3,87.9,85,36.62,68,2476,0x0000000000000000
13:15:10,15901,6928,1699375,3473456,15393941,1.5,5.0,90.0,68,45.60,67,2470,0x0000000000000000
13:15:11,15902,6928,1699400,3473456,15394304,1.4,5.0,50.5,91,35.76,68,2476,0x0000000000000000
13:15:12,15903,6928,1699400,3473456,15394666,1.4,4.9,76.2,86,45.34,68,2470,0x0000000000000000
13:15:13,15902,6928,1699418,3473456,15395523,3.3,4.9,85.9,86,36.38,68,2476,0x0000000000000000
13:15:14,15904,6928,1699418,3473456,15395693,0.7,5.4,93.9,89,46.38,69,2463,0x0000000000000000
13:15:15,15909,6928,1699432,3473456,15396181,1.9,6.6,88.2,84,35.87,68,2476,0x0000000000000000
13:15:16,15909,6928,1699432,3473456,15396564,1.5,5.0,92.0,83,35.03,68,2476,0x0000000000000000
13:15:17,15909,6928,1699436,3473456,15396778,0.8,5.1,56.0,95,38.56,68,2483,0x0000000000000000
13:15:18,15910,6928,1699436,3473456,15396970,0.8,5.2,82.0,93,46.32,68,2470,0x0000000000000000
13:15:19,15906,6928,1699438,3473456,15397087,0.5,5.6,58.6,96,42.51,71,2483,0x0000000000000000
13:15:20,15913,6928,1699439,3473456,15397531,1.8,5.1,64.0,82,42.54,68,2476,0x0000000000000000
13:15:21,15914,6928,1699439,3473456,15397751,0.9,5.0,59.6,91,35.91,68,2476,0x0000000000000000
13:15:22,15914,6928,1699464,3473456,15398037,1.2,5.0,63.6,82,45.97,69,2483,0x0000000000000000
13:15:23,15920,6928,1699464,3473456,15398158,0.5,5.3,96.0,95,37.58,68,2489,0x0000000000000000
13:15:24,15921,6928,1699488,3473456,15398505,1.4,5.2,54.0,96,46.84,71,2476,0x0000000000000000
13:15:25,15909,6928,1701715,3473456,15400717,10.1,3.9,50.0,94,35.92,68,2476,0x0000000000000000
13:15:26,15930,6928,1702582,3473456,15465433,253.3,18.4,50.9,0,18.00,64,2411,0x0000000000000000
13:15:27,15930,6928,1702582,3473456,15465433,0.0,5.3,100.0,96,57.58,72,2444,0x0000000000000000
13:15:28,15930,6928,1702582,3473456,15465433,0.0,5.6,100.0,96,63.57,72,2444,0x0000000000000000
13:15:29,15917,6928,1702582,3473456,15478973,53.0,5.7,90.9,96,62.79,71,2444,0x0000000000000000
13:15:30,15843,6928,1702582,3473456,15545542,260.0,6.3,55.3,84,33.63,70,2398,0x0000000000000000
13:15:31,15843,6928,1702582,3473456,15545542,0.0,5.4,100.0,96,63.44,71,2444,0x0000000000000000
13:15:32,15844,6928,1702582,3473456,15545542,0.0,5.4,100.0,96,64.00,75,2444,0x0000000000000000
13:15:33,15843,6928,1702582,3473456,15551576,23.6,5.3,94.9,96,63.01,71,2444,0x0000000000000000
13:15:34,15880,6928,1702582,3473456,15584211,127.5,5.8,63.6,96,59.31,72,2457,0x0000000000000000
13:15:35,15880,6927,1702588,3473456,15584218,0.1,5.4,100.0,96,50.36,73,2450,0x0000000000000000
13:15:36,15881,6927,1702593,3473456,15584486,1.1,5.0,93.0,80,53.03,68,2470,0x0000000000000000
13:15:37,15884,6927,1702593,3473456,15584860,1.6,5.0,90.0,91,36.02,68,2476,0x0000000000000000
13:15:38,15889,6927,1702593,3473456,15585348,1.9,4.9,89.8,83,36.03,68,2476,0x0000000000000000
13:15:39,15893,6927,1702593,3473456,15585782,1.7,5.3,90.2,89,36.19,68,2476,0x0000000000000000
13:15:40,15895,6927,1702593,3473456,15586170,1.5,5.0,91.0,86,36.21,67,2483,0x0000000000000000
13:15:41,15895,6927,1702593,3473456,15586511,1.3,5.2,91.9,83,35.22,68,2476,0x0000000000000000
13:15:42,15897,6927,1702593,3473456,15586777,1.0,5.0,92.0,75,37.01,67,2476,0x0000000000000000
13:15:43,15900,6927,1702593,3473456,15587167,1.5,4.9,74.7,83,35.95,67,2476,0x0000000000000000
13:15:44,15896,6927,1702593,3473456,15587609,1.7,5.1,78.6,88,35.42,67,2470,0x0000000000000000
13:15:45,15897,6927,1702593,3473456,15587993,1.5,5.0,90.9,81,35.51,66,2476,0x0000000000000000
13:15:46,15898,6927,1702593,3473456,15588447,1.8,4.9,90.1,76,35.83,67,2476,0x0000000000000000
13:15:47,15898,6927,1702593,3473456,15588902,1.8,4.9,89.1,85,35.69,67,2476,0x0000000000000000
13:15:48,15897,6927,1702618,3473456,15589332,2.1,5.0,89.9,89,35.78,67,2470,0x0000000000000000
13:15:49,15897,6927,1702618,3473456,15589787,1.8,5.1,89.0,72,35.40,66,2476,0x0000000000000000
13:15:50,15895,6927,1702625,3473456,15590345,2.2,4.8,85.0,81,34.91,67,2476,0x0000000000000000
13:15:51,15864,6927,1702657,3473456,15590468,0.6,5.1,83.8,80,29.15,66,2424,0x0000000000000000
13:15:52,15869,6927,1702657,3473456,15590683,0.8,5.1,92.9,89,36.31,67,2483,0x0000000000000000
13:15:53,15877,6927,1702657,3473456,15590895,0.8,5.0,93.0,78,36.66,67,2483,0x0000000000000000
13:15:54,15876,6927,1702657,3473456,15591167,1.1,5.4,92.9,77,36.43,66,2476,0x0000000000000000
13:15:55,15878,6927,1702657,3473456,15591401,0.9,5.4,93.0,95,37.02,67,2476,0x0000000000000000
13:15:56,15881,6927,1702657,3473456,15591666,1.0,5.1,93.0,94,36.49,67,2476,0x0000000000000000
13:15:57,15883,6927,1702695,3473456,15591956,1.2,5.0,69.3,95,39.76,67,2476,0x0000000000000000
13:15:58,15883,6927,1702695,3473456,15592166,0.8,5.1,94.9,85,36.63,66,2476,0x0000000000000000
13:15:59,15882,6927,1702695,3473456,15592246,0.3,5.6,93.9,95,37.54,67,2483,0x0000000000000000
13:16:00,15883,6927,1702698,3473456,15592369,0.5,5.2,93.1,78,36.48,66,2476,0x0000000000000000
13:16:01,15884,6927,1702698,3473456,15592514,0.6,5.2,93.0,80,36.73,67,2476,0x0000000000000000
13:16:02,15886,6927,1702698,3473456,15592779,1.0,4.9,90.9,77,35.84,66,2470,0x0000000000000000
13:16:03,15888,6927,1702711,3473456,15593085,1.2,5.1,51.0,96,39.08,69,2483,0x0000000000000000
13:16:04,15888,6927,1702711,3473456,15593270,0.7,5.4,93.9,94,38.43,67,2489,0x0000000000000000
13:16:05,15888,6927,1702711,3473456,15593622,1.4,5.0,91.1,83,35.83,66,2483,0x0000000000000000
13:16:06,15888,6927,1702711,3473456,15593735,0.4,5.0,91.0,83,39.72,67,2476,0x0000000000000000
13:16:07,15888,6927,1702713,3473456,15593810,0.5,5.1,95.0,95,37.37,67,2483,0x0000000000000000
13:16:08,15888,6927,1702713,3473456,15593973,0.6,5.1,93.9,87,36.69,66,2476,0x0000000000000000
13:16:09,15887,6927,1702713,3473456,15594124,0.6,5.5,94.9,87,37.09,66,2483,0x0000000000000000
13:16:10,15888,6927,1702713,3473456,15594232,0.4,5.4,92.0,94,37.55,67,2483,0x0000000000000000
13:16:11,15888,6927,1702713,3473456,15594401,0.7,5.1,94.0,94,40.38,67,2476,0x0000000000000000
13:16:12,15888,6927,1702713,3473456,15594637,0.9,5.5,94.0,94,36.17,66,2476,0x0000000000000000
13:16:13,15857,6927,1702720,3473456,15594832,0.8,5.1,79.2,79,36.17,66,2483,0x0000000000000000
13:16:14,15877,6927,1702720,3473456,15594964,0.5,5.5,93.9,95,30.06,66,2476,0x0000000000000000
13:16:15,15878,6927,1702720,3473456,15595145,0.7,5.4,93.1,89,36.03,66,2476,0x0000000000000000
13:16:16,15873,6927,1703655,3473456,15596123,4.2,4.3,71.4,90,37.08,66,2476,0x0000000000000000
13:16:17,15860,6927,1707428,3473456,15637181,162.9,3.3,24.1,0,19.87,62,2405,0x0000000000000000
13:16:18,15796,6927,1707428,3473456,15681495,173.1,6.1,70.8,96,28.74,69,2411,0x0000000000000000
13:16:19,15802,6927,1707611,3473456,15681640,1.1,5.7,97.0,96,62.78,71,2450,0x0000000000000000
13:16:20,15815,6927,1707611,3473456,15681651,1.3,6.0,100.0,96,62.90,71,2444,0x0000000000000000
13:16:21,15772,6927,1707611,3473456,15746918,255.1,5.8,57.9,79,60.03,68,2450,0x0000000000000000
13:16:22,15750,6927,1707611,3473456,15760025,51.0,5.4,89.1,96,36.57,74,2450,0x0000000000000000
13:16:23,15756,6927,1707613,3473456,15760026,0.0,5.5,100.0,96,63.55,71,2444,0x0000000000000000
13:16:24,15759,6927,1707613,3473456,15760026,0.0,5.7,100.0,96,63.14,71,2444,0x0000000000000000
13:16:25,15762,6927,1707613,3473456,15800221,157.0,5.4,40.8,0,52.31,65,2463,0x0000000000000000
13:16:26,15763,6927,1707613,3473456,15800222,0.0,5.3,100.0,96,58.66,71,2450,0x0000000000000000
13:16:27,15763,6927,1707613,3473456,15800222,0.0,5.4,100.0,96,63.88,71,2450,0x0000000000000000
13:16:28,15764,6927,1707613,3473456,15801349,4.4,5.3,95.0,96,62.92,71,2450,0x0000000000000000
13:16:29,15767,6927,1707613,3473456,15801349,0.0,6.0,100.0,96,62.03,71,2450,0x0000000000000000
13:16:30,15770,6927,1707613,3473456,15805436,16.0,5.5,51.5,66,58.74,70,2457,0x0000000000000000
13:16:31,15785,6927,1707613,3473456,15805436,0.0,5.5,100.0,96,58.88,73,2457,0x0000000000000000
13:16:32,15787,6927,1707614,3473456,15805589,0.6,5.2,93.1,95,47.46,68,2476,0x0000000000000000
13:16:33,15791,6927,1707614,3473456,15805790,0.8,5.2,76.8,95,36.27,67,2476,0x0000000000000000
13:16:34,15792,6927,1707616,3473456,15806102,1.2,5.4,92.0,86,36.46,67,2476,0x0000000000000000
13:16:35,15750,6927,1709061,3473456,15807436,5.9,4.1,57.4,79,37.23,65,2483,0x0000000000000000
13:16:36,15749,6927,1709061,3473456,15807469,0.1,5.4,98.0,96,40.97,69,2444,0x0000000000000000
13:16:37,15749,6927,1709061,3473456,15807469,0.0,5.5,100.0,96,63.45,71,2444,0x0000000000000000
13:16:38,15749,6927,1709061,3473456,15807469,0.0,5.3,100.0,96,62.82,72,2450,0x0000000000000000
13:16:39,15750,6927,1709061,3473456,15807469,0.0,5.6,99.0,96,61.70,72,2450,0x0000000000000000
13:16:40,15750,6927,1709061,3473456,15807469,0.0,5.5,100.0,96,63.99,72,2437,0x0000000000000000
13:16:41,15750,6927,1709061,3473456,15807469,0.0,5.4,100.0,96,63.91,74,2444,0x0000000000000000
13:16:42,15725,6927,1709061,3473456,15854961,185.5,4.8,64.6,96,62.88,72,2444,0x0000000000000000
13:16:43,15726,6927,1709061,3473456,15854961,0.0,5.3,100.0,96,45.82,76,2444,0x0000000000000000
13:16:44,15725,6927,1709061,3473456,15854961,0.0,5.7,100.0,96,63.95,73,2444,0x0000000000000000
13:16:45,15727,6927,1709061,3473456,15854961,0.0,5.5,77.0,96,63.45,72,2437,0x0000000000000000
13:16:46,15742,6927,1709061,3473456,15888998,133.0,5.7,51.0,23,50.65,68,2437,0x0000000000000000
13:16:47,15743,6927,1709061,3473456,15888998,0.0,5.3,100.0,96,64.21,73,2444,0x0000000000000000
13:16:48,15744,6927,1709061,3473456,15888998,0.0,5.4,100.0,96,64.20,73,2444,0x0000000000000000
13:16:49,15751,6927,1709061,3473456,15907573,72.6,7.5,87.1,96,63.21,74,2444,0x0000000000000000
13:16:50,15752,6927,1709061,3473456,15907573,0.0,5.3,100.0,96,57.23,72,2444,0x0000000000000000
13:16:51,15753,6927,1709061,3473456,15907573,0.0,5.2,100.0,96,64.42,74,2444,0x0000000000000000
13:16:52,15755,6927,1709061,3473456,15907573,0.0,5.3,100.0,96,64.25,73,2444,0x0000000000000000
13:16:53,15724,6927,1709061,3473456,15927155,76.5,5.5,47.5,0,55.09,67,2457,0x0000000000000000
13:16:54,15723,6927,1709061,3473456,15927155,0.0,5.7,100.0,96,64.51,73,2437,0x0000000000000000
13:16:55,15724,6927,1709061,3473456,15927155,0.0,5.2,100.0,96,64.63,74,2437,0x0000000000000000
13:16:56,15741,6927,1709061,3473456,15932664,21.6,6.5,97.0,96,63.51,73,2444,0x0000000000000000
13:16:57,15736,6927,1709061,3473456,15952845,78.7,10.7,89.0,96,54.69,77,2431,0x0000000000000000
13:16:58,15736,6927,1709061,3473456,15952845,0.0,5.3,100.0,96,64.27,73,2437,0x0000000000000000
13:16:59,15744,6927,1709061,3473456,15952845,0.0,5.7,100.0,96,64.67,75,2437,0x0000000000000000
13:17:00,15694,6927,1709061,3473456,16008400,217.2,5.2,65.6,96,63.80,74,2437,0x0000000000000000
13:17:01,15706,6927,1709061,3473456,16015937,29.3,5.2,88.9,96,39.55,74,2437,0x0000000000000000
13:17:02,15710,6927,1709061,3473456,16015938,0.2,5.3,100.0,96,64.71,73,2437,0x0000000000000000
13:17:03,15712,6927,1709061,3473456,16015938,0.0,5.3,100.0,96,64.81,73,2437,0x0000000000000000
13:17:04,15732,6927,1709061,3473456,16070103,211.6,5.6,68.1,96,63.63,73,2450,0x0000000000000000
13:17:05,15735,6927,1709087,3473456,16070477,2.3,6.4,97.0,96,43.85,73,2437,0x0000000000000000
13:17:06,15735,6927,1709092,3473456,16070482,0.0,5.3,100.0,96,64.75,73,2431,0x0000000000000000
13:17:07,15737,6927,1709092,3473456,16070482,0.0,5.3,100.0,96,64.60,72,2437,0x0000000000000000
13:17:08,15737,6927,1709092,3473456,16130799,235.6,16.3,65.8,96,62.78,72,2444,0x0000000000000000
13:17:09,15716,6927,1709093,3473456,16130800,0.0,5.7,100.0,96,44.45,77,2437,0x0000000000000000
13:17:10,15717,6927,1709094,3473456,16130801,0.0,5.4,100.0,96,64.61,74,2437,0x0000000000000000
13:17:11,15736,6927,1709094,3473456,16147978,67.1,9.1,88.2,96,63.89,75,2437,0x0000000000000000
13:17:12,15737,6927,1709094,3473456,16147978,0.0,5.3,100.0,96,58.33,73,2450,0x0000000000000000
13:17:13,15738,6927,1709094,3473456,16148240,1.0,5.2,93.1,90,56.13,70,2476,0x0000000000000000
13:17:14,15739,6927,1709094,3473456,16148461,0.9,5.4,95.0,82,36.27,69,2476,0x0000000000000000
13:17:15,15735,6927,1709094,3473456,16148676,0.8,5.4,91.9,89,37.66,69,2476,0x0000000000000000
13:17:16,15740,6927,1709109,3473456,16149313,2.5,5.0,50.5,83,40.03,71,2483,0x0000000000000000
13:17:17,15744,6927,1709116,3473456,16149825,2.0,4.8,76.8,84,35.72,69,2476,0x0000000000000000
13:17:18,15751,6927,1709126,3473456,16150350,2.1,4.9,87.9,85,34.99,68,2470,0x0000000000000000
13:17:19,15755,6927,1709138,3473456,16150924,2.2,5.3,87.9,86,35.06,68,2470,0x0000000000000000
13:17:20,15758,6927,1709143,3473456,16151406,1.9,4.8,89.8,76,35.04,68,2476,0x0000000000000000
13:17:21,15760,6927,1709148,3473456,16151924,2.0,4.8,88.0,75,35.20,67,2476,0x0000000000000000
13:17:22,15759,6927,1709164,3473456,16152468,2.2,5.0,89.1,82,35.27,68,2476,0x0000000000000000
13:17:23,15762,6927,1709176,3473456,16152976,2.0,4.9,88.7,94,35.19,68,2476,0x0000000000000000
13:17:24,15762,6927,1709182,3473456,16153202,0.9,5.4,89.1,88,36.75,69,2476,0x0000000000000000
13:17:25,15762,6927,1709183,3473456,16153216,0.8,6.1,100.0,93,39.31,68,2489,0x0000000000000000
13:17:26,15764,6927,1709183,3473456,16153216,0.0,5.5,100.0,93,38.55,68,2489,0x0000000000000000
13:17:27,15764,6927,1709183,3473456,16153216,0.0,5.5,100.0,93,38.50,68,2483,0x0000000000000000
13:17:28,15764,6927,1709183,3473456,16153216,0.0,5.9,100.0,93,38.55,68,2483,0x0000000000000000
13:17:29,15762,6927,1709183,3473456,16153216,0.0,5.9,100.0,93,38.48,68,2483,0x0000000000000000
13:17:30,15762,6927,1709183,3473456,16153216,0.0,5.4,99.0,95,38.63,68,2483,0x0000000000000000
13:17:31,15751,6927,1709256,3473456,16153238,0.3,5.5,95.0,96,40.87,70,2483,0x0000000000000000
13:17:32,15751,6927,1709256,3473456,16153238,0.0,5.6,100.0,95,38.45,68,2483,0x0000000000000000
13:17:33,15751,6927,1709256,3473456,16153238,0.0,5.5,100.0,95,38.39,68,2483,0x0000000000000000
13:17:34,15750,6927,1709258,3473456,16153239,0.0,5.8,99.0,94,38.42,68,2483,0x0000000000000000
13:17:35,15754,6927,1709258,3473456,16153239,0.0,5.7,100.0,93,38.31,68,2489,0x0000000000000000
13:17:36,15754,6927,1709258,3473456,16153239,0.0,5.9,100.0,93,38.38,68,2489,0x0000000000000000
13:17:37,15754,6927,1709258,3473456,16153239,0.0,5.4,100.0,93,38.44,67,2483,0x0000000000000000
13:17:38,15755,6927,1709267,3473456,16153754,2.0,5.3,73.0,96,44.16,71,2483,0x0000000000000000
13:17:39,15755,6927,1709267,3473456,16154062,1.2,5.4,92.0,79,38.13,67,2470,0x0000000000000000
13:17:40,15756,6927,1709267,3473456,16154421,1.4,4.9,52.0,67,36.03,66,2476,0x0000000000000000
13:17:41,15757,6927,1709267,3473456,16154713,1.1,5.1,92.0,87,36.38,67,2483,0x0000000000000000
13:17:42,15758,6927,1709269,3473456,16154761,0.2,5.1,55.0,95,37.50,68,2483,0x0000000000000000
13:17:43,15765,6927,1709298,3473456,16155127,6.9,5.2,48.0,95,43.44,68,2470,0x0000000000000000
13:17:44,15769,6927,1709299,3473456,16155285,0.6,5.5,84.8,80,35.51,67,2476,0x0000000000000000
13:17:45,15771,6927,1709299,3473456,16155763,1.9,4.9,88.9,84,35.68,67,2476,0x0000000000000000
13:17:46,15772,6927,1709299,3473456,16156187,1.7,5.2,89.0,85,35.11,67,2476,0x0000000000000000
13:17:47,15774,6927,1709299,3473456,16156582,1.5,4.9,90.8,89,35.61,67,2476,0x0000000000000000
13:17:48,15774,6927,1709299,3473456,16156861,1.1,3.2,57.6,81,35.55,67,2470,0x0000000000000000
13:17:49,15768,6927,1709299,3473456,16156869,0.4,1.7,12.0,0,17.17,63,2398,0x0000000000000000
13:17:50,15771,6927,1709299,3473456,16157030,0.6,5.4,72.0,96,44.90,71,2476,0x0000000000000000
13:17:51,15773,6927,1709299,3473456,16157030,0.0,5.4,100.0,96,61.16,72,2476,0x0000000000000000
13:17:52,15775,6927,1709299,3473456,16157290,1.0,5.0,90.9,95,42.71,67,2470,0x0000000000000000
13:17:53,15776,6927,1709299,3473456,16157806,2.0,5.1,89.0,80,35.21,67,2476,0x0000000000000000
13:17:54,15777,6927,1709299,3473456,16158262,1.8,5.2,90.0,82,35.18,67,2476,0x0000000000000000
13:17:55,15774,6927,1709299,3473456,16158724,1.8,5.1,87.9,84,35.68,66,2476,0x0000000000000000
13:17:56,15774,6927,1709299,3473456,16159081,1.4,5.0,91.0,85,34.62,67,2476,0x0000000000000000
13:17:57,15775,6927,1709299,3473456,16159427,1.4,5.2,90.0,95,35.70,67,2476,0x0000000000000000
13:17:58,15761,6927,1709299,3473456,16159966,2.3,5.0,88.8,82,34.80,65,2470,0x0000000000000000
13:17:59,15775,6927,1709299,3473456,16160123,0.6,5.6,96.0,91,36.05,66,2476,0x0000000000000000
13:18:00,15777,6927,1709299,3473456,16160123,0.0,0.6,4.0,0,26.95,63,2398,0x0000000000000000
13:18:01,15778,6927,1709299,3473456,16160123,0.0,0.3,2.0,0,13.53,62,2405,0x0000000000000000
13:18:02,15756,6927,1709328,3473456,16160192,0.3,5.4,84.0,96,35.84,68,2450,0x0000000000000000
13:18:03,15757,6927,1709328,3473456,16160192,0.0,5.4,100.0,96,62.93,70,2444,0x0000000000000000
13:18:04,15763,6927,1709330,3473456,16160194,0.0,5.7,100.0,96,62.97,70,2450,0x0000000000000000
13:18:05,15792,6927,1709331,3473456,16186864,104.2,6.0,45.5,0,51.45,65,2405,0x0000000000000000
13:18:06,15796,6927,1709332,3473456,16186865,0.0,5.5,100.0,96,62.76,71,2457,0x0000000000000000
13:18:07,15794,6927,1709332,3473457,16208403,84.1,5.6,85.7,96,62.16,73,2457,0x0000000000000000
13:18:08,15783,6927,1709332,3473457,16208407,0.2,5.5,100.0,96,53.69,71,2463,0x0000000000000000
13:18:09,15786,6927,1709332,3473457,16208640,0.9,5.5,93.0,87,49.05,67,2476,0x0000000000000000
13:18:10,15789,6927,1709332,3473457,16209023,1.5,5.2,92.0,90,35.99,67,2476,0x0000000000000000
13:18:11,15788,6927,1709332,3473457,16209390,1.4,5.2,78.8,85,35.68,67,2470,0x0000000000000000
13:18:12,15789,6927,1709332,3473457,16209780,1.5,5.1,90.1,88,35.76,66,2476,0x0000000000000000
13:18:13,15789,6927,1709333,3473457,16210169,1.5,5.0,91.9,76,36.40,66,2476,0x0000000000000000
13:18:14,15783,6927,1709336,3473457,16210561,1.5,5.7,92.1,86,35.70,67,2476,0x0000000000000000
13:18:15,15784,6927,1709336,3473457,16210957,1.5,5.2,89.8,87,36.06,67,2476,0x0000000000000000
13:18:16,15787,6927,1709336,3473457,16211332,1.5,5.1,92.0,85,35.74,66,2476,0x0000000000000000
13:18:17,15785,6927,1709336,3473457,16211605,1.1,3.9,65.7,86,36.17,66,2476,0x0000000000000000
13:18:18,15786,6927,1709336,3473457,16211605,0.0,0.3,1.0,0,18.94,62,2398,0x0000000000000000
13:18:19,15786,6927,1709336,3473457,16211605,0.0,0.5,2.0,0,13.55,62,2405,0x0000000000000000
13:18:20,15786,6927,1709605,3473457,16211847,1.2,4.0,61.4,96,23.64,68,2470,0x0000000000000000
13:18:21,15786,6927,1709605,3473457,16211976,0.5,5.3,98.0,96,59.31,70,2470,0x0000000000000000
13:18:22,15786,6927,1709605,3473457,16212028,0.2,5.2,97.0,95,59.48,68,2476,0x0000000000000000
13:18:23,15791,6927,1709605,3473457,16212438,1.6,5.0,89.2,79,35.62,66,2476,0x0000000000000000
13:18:24,15790,6927,1709605,3473457,16212836,1.6,5.2,89.9,87,35.17,66,2476,0x0000000000000000
13:18:25,15791,6927,1709605,3473457,16213208,1.4,5.0,77.2,87,35.22,66,2476,0x0000000000000000
13:18:26,15782,6927,1709606,3473457,16213556,1.4,4.6,73.0,83,35.05,66,2470,0x0000000000000000
13:18:27,15783,6927,1709606,3473457,16213556,0.0,0.5,2.0,0,23.61,62,2405,0x0000000000000000
13:18:28,15785,6927,1709606,3473457,16213556,0.0,0.2,0.0,0,13.40,61,2411,0x0000000000000000
13:18:29,15790,6927,1709607,3473457,16213557,0.0,3.9,60.6,83,21.25,66,2444,0x0000000000000000
13:18:30,15792,6927,1709607,3473457,16213557,0.1,5.9,100.0,96,61.30,72,2463,0x0000000000000000
13:18:31,15788,6927,1709609,3473457,16213776,0.9,5.3,81.8,80,40.18,65,2476,0x0000000000000000
13:18:32,15790,6927,1709612,3473457,16214141,1.4,5.1,47.5,82,35.05,65,2476,0x0000000000000000
13:18:33,15792,6927,1709612,3473457,16214349,0.8,5.1,92.9,79,35.27,64,2476,0x0000000000000000
13:18:34,15792,6927,1709612,3473457,16214552,0.8,5.4,93.9,79,36.11,65,2476,0x0000000000000000
13:18:35,15793,6927,1709640,3473457,16214583,0.1,3.7,59.8,1,29.92,62,2411,0x0000000000000000
13:18:36,15793,6927,1709640,3473457,16214624,0.2,5.4,98.0,96,61.97,69,2470,0x0000000000000000
13:18:37,15793,6927,1709640,3473457,16214979,1.4,5.0,90.8,83,41.84,66,2476,0x0000000000000000
13:18:38,15792,6927,1709640,3473457,16215442,1.8,5.1,89.0,77,34.63,65,2476,0x0000000000000000
13:18:39,15790,6927,1709640,3473457,16215862,1.6,5.4,91.0,87,35.07,65,2476,0x0000000000000000
13:18:40,15791,6927,1709640,3473457,16216340,1.9,4.8,89.0,91,35.48,65,2476,0x0000000000000000
13:18:41,15788,6927,1709640,3473457,16216773,1.7,5.2,90.9,86,34.82,65,2476,0x0000000000000000
13:18:42,15788,6927,1709640,3473457,16217150,1.5,5.1,91.0,84,35.26,64,2476,0x0000000000000000
13:18:43,15788,6927,1709640,3473457,16217566,1.6,5.2,90.8,77,35.04,65,2476,0x0000000000000000
13:18:44,15787,6927,1709640,3473457,16217681,0.4,4.7,40.0,9,31.78,63,2437,0x0000000000000000
13:18:45,15785,6927,1709640,3473457,16217697,0.1,5.3,96.0,96,59.44,72,2463,0x0000000000000000
13:18:46,15727,6927,1709640,3473457,16217697,0.0,5.3,44.0,0,34.19,62,2398,0x0000000000000000
13:18:47,15743,6927,1709640,3473457,16217697,0.0,5.5,98.0,96,39.20,70,2470,0x0000000000000000
13:18:48,15744,6927,1709640,3473457,16218037,1.3,5.0,91.9,83,38.75,65,2476,0x0000000000000000
13:18:49,15754,6927,1709640,3473457,16218659,2.4,5.2,86.1,85,37.09,66,2470,0x0000000000000000
13:18:50,15752,6927,1709640,3473457,16219141,1.9,5.0,63.0,86,36.15,64,2476,0x0000000000000000
13:18:51,15758,6927,1709640,3473457,16219734,2.3,4.9,87.1,80,36.29,65,2470,0x0000000000000000
13:18:52,15764,6927,1709640,3473457,16220303,2.2,5.3,87.8,82,37.33,66,2476,0x0000000000000000
13:18:53,15769,6927,1709640,3473457,16220649,1.4,5.2,92.1,85,36.70,66,2470,0x0000000000000000
13:18:54,15772,6927,1709640,3473457,16221233,2.3,5.1,86.9,89,36.63,65,2476,0x0000000000000000
13:18:55,15775,6927,1709640,3473457,16221912,2.7,4.7,85.9,82,35.69,65,2470,0x0000000000000000
13:18:56,15772,6927,1709771,3473457,16222410,2.3,4.5,34.3,76,36.73,64,2476,0x0000000000000000
13:18:57,15596,6927,1709776,3473457,16222498,0.5,5.2,66.3,96,50.78,70,2476,0x0000000000000000
13:18:58,15601,6927,1709776,3473457,16222498,0.0,5.3,89.1,96,41.09,68,2450,0x0000000000000000
13:18:59,15598,6927,1709776,3473457,16222498,0.0,6.1,100.0,96,60.79,69,2457,0x0000000000000000
13:19:00,15598,6927,1709780,3473457,16222537,0.1,5.5,98.0,96,58.58,70,2463,0x0000000000000000
13:19:01,15599,6927,1709780,3473457,16222802,1.0,5.1,89.0,83,41.06,66,2483,0x0000000000000000
13:19:02,15603,6927,1709786,3473457,16223297,1.9,4.7,75.5,84,38.75,65,2476,0x0000000000000000
13:19:03,15606,6927,1709786,3473457,16224004,2.8,4.5,82.8,90,36.42,66,2476,0x0000000000000000
13:19:04,15606,6927,1709786,3473457,16224558,2.2,5.3,88.1,80,37.89,66,2470,0x0000000000000000
13:19:05,15602,6927,1709904,3473457,16225335,4.4,4.7,82.0,79,38.26,66,2476,0x0000000000000000
13:19:06,15603,6927,1709906,3473457,16226077,2.9,4.5,81.2,80,36.42,66,2470,0x0000000000000000
13:19:07,15603,6927,1709906,3473457,16226757,2.7,4.3,78.6,66,37.30,65,2463,0x0000000000000000
13:19:08,15614,6927,1709907,3473457,16227255,1.9,5.0,73.7,96,36.98,66,2470,0x0000000000000000
13:19:09,15615,6927,1709936,3473457,16228037,7.7,4.9,83.7,81,37.13,66,2470,0x0000000000000000
13:19:10,15615,6927,1709936,3473457,16228647,2.4,4.7,53.5,95,37.38,65,2463,0x0000000000000000
13:19:11,15616,6927,1709936,3473457,16229221,2.2,5.0,86.9,78,37.01,66,2470,0x0000000000000000
13:19:12,15616,6927,1709936,3473457,16229333,0.4,2.2,35.6,66,35.56,64,2457,0x0000000000000000
13:19:13,15615,6927,1709936,3473457,16229333,0.0,0.3,1.0,0,13.46,61,2411,0x0000000000000000
13:19:14,15614,6927,1709936,3473457,16229333,0.0,0.7,4.0,0,13.14,61,2411,0x0000000000000000
13:19:15,15622,6927,1709942,3473457,16230136,3.4,6.3,92.9,95,31.84,65,2476,0x0000000000000000
13:19:16,15622,6927,1709943,3473457,16230182,0.2,5.4,92.0,95,37.44,65,2483,0x0000000000000000
13:19:17,15622,6927,1709943,3473457,16230323,0.6,5.1,94.0,92,43.40,66,2476,0x0000000000000000
13:19:18,15623,6927,1709944,3473457,16230408,0.3,5.1,92.0,95,37.44,65,2483,0x0000000000000000
13:19:19,15623,6927,1709944,3473457,16230493,0.3,5.6,96.0,95,43.91,66,2476,0x0000000000000000
13:19:20,15619,6927,1709954,3473457,16230604,0.4,5.3,92.0,94,37.23,65,2483,0x0000000000000000
13:19:21,15619,6927,1709954,3473457,16230691,0.3,5.1,95.0,95,44.44,66,2483,0x0000000000000000
13:19:22,15619,6927,1709954,3473457,16230812,0.5,5.3,97.0,95,36.46,65,2483,0x0000000000000000
13:19:23,15619,6927,1709956,3473457,16230891,0.3,5.3,84.2,96,44.35,68,2483,0x0000000000000000
13:19:24,15619,6927,1709956,3473457,16230955,0.2,5.9,97.0,95,37.92,65,2483,0x0000000000000000
13:19:25,15623,6927,1709956,3473457,16231192,0.9,5.1,47.5,91,43.30,66,2476,0x0000000000000000
13:19:26,15623,6927,1709958,3473457,16231259,0.3,5.2,96.0,93,36.29,65,2483,0x0000000000000000
13:19:27,15623,6927,1709958,3473457,16231334,0.3,5.1,87.0,96,43.95,67,2483,0x0000000000000000
13:19:28,15624,6927,1709958,3473457,16231403,0.3,5.2,96.0,95,37.36,66,2489,0x0000000000000000
13:19:29,15624,6927,1709958,3473457,16231472,0.3,5.7,93.0,95,44.14,66,2483,0x0000000000000000
13:19:30,15621,6927,1709958,3473457,16231549,0.3,5.5,92.0,95,37.88,66,2483,0x0000000000000000
13:19:31,15617,6927,1709960,3473457,16231574,0.1,5.6,99.0,93,44.16,66,2483,0x0000000000000000
13:19:32,15619,6927,1709960,3473457,16231657,0.3,5.4,93.0,94,37.69,66,2483,0x0000000000000000
13:19:33,15620,6927,1709960,3473457,16231681,0.1,5.4,97.0,95,44.22,65,2489,0x0000000000000000
13:19:34,15618,6927,1709960,3473457,16231767,0.3,5.9,75.0,78,37.49,65,2476,0x0000000000000000
13:19:35,15635,6927,1709960,3473457,16231856,0.3,6.0,97.0,82,44.01,66,2476,0x0000000000000000
13:19:36,15634,6927,1709973,3473457,16231928,0.3,7.1,77.2,95,38.38,67,2483,0x0000000000000000
13:19:37,15634,6927,1709973,3473457,16231973,0.2,5.2,94.9,83,43.83,66,2483,0x0000000000000000
13:19:38,15624,6927,1709974,3473457,16232029,0.4,5.3,92.0,84,37.34,66,2483,0x0000000000000000
13:19:39,15622,6927,1709974,3473457,16232078,0.2,5.5,97.0,88,44.19,66,2476,0x0000000000000000
13:19:40,15619,6927,1709974,3473457,16232166,0.3,5.7,92.1,95,37.60,66,2483,0x0000000000000000
13:19:41,15619,6927,1709974,3473457,16232363,0.8,5.1,91.0,80,43.45,66,2476,0x0000000000000000
13:19:42,15620,6927,1709974,3473457,16232577,0.8,5.1,92.9,78,35.79,65,2476,0x0000000000000000
13:19:43,15620,6927,1709975,3473457,16232649,0.3,5.2,91.1,82,37.12,65,2483,0x0000000000000000
13:19:44,15620,6927,1709975,3473457,16232688,0.2,5.7,98.0,95,44.55,66,2483,0x0000000000000000
13:19:45,15617,6927,1709975,3473457,16232737,0.2,5.3,93.0,95,37.07,66,2483,0x0000000000000000
13:19:46,15617,6927,1709975,3473457,16232868,0.5,5.3,92.0,95,44.27,66,2483,0x0000000000000000
13:19:47,15617,6927,1709975,3473457,16232913,0.2,5.2,97.0,94,37.41,66,2483,0x0000000000000000
13:19:48,15618,6927,1709975,3473457,16232971,0.2,5.1,92.0,95,43.77,67,2483,0x0000000000000000
13:19:49,15617,6927,1709975,3473457,16232998,0.1,5.8,96.0,95,38.07,66,2483,0x0000000000000000
13:19:50,15613,6927,1709975,3473457,16233149,0.6,5.2,90.0,94,44.01,66,2483,0x0000000000000000
13:19:51,15613,6927,1709976,3473457,16233217,0.3,5.3,97.0,94,36.30,65,2476,0x0000000000000000
13:19:52,15613,6927,1709976,3473457,16233283,0.3,5.2,93.9,96,40.52,69,2483,0x0000000000000000
13:19:53,15613,6927,1709976,3473457,16233343,0.2,5.3,96.0,79,41.37,65,2483,0x0000000000000000
13:19:54,15612,6927,1709976,3473457,16233452,0.4,5.5,48.5,78,38.48,67,2483,0x0000000000000000
13:19:55,15609,6927,1709976,3473457,16233476,0.1,5.5,98.0,94,43.98,66,2483,0x0000000000000000
13:19:56,15607,6927,1709977,3473457,16233560,0.3,5.4,49.0,78,37.87,64,2483,0x0000000000000000
13:19:57,15607,6927,1709977,3473457,16233582,0.1,5.7,74.0,93,44.13,66,2483,0x0000000000000000
13:19:58,15607,6927,1709977,3473457,16233692,0.4,4.9,90.9,78,39.23,68,2483,0x0000000000000000
13:19:59,15608,6927,1709977,3473457,16233794,0.4,5.6,96.0,95,42.79,66,2483,0x0000000000000000
13:20:00,15613,6927,1709981,3473457,16233874,0.3,5.5,92.0,96,42.38,69,2476,0x0000000000000000
13:20:01,15612,6927,1709981,3473457,16234016,0.6,5.2,93.9,95,38.65,66,2476,0x0000000000000000
13:20:02,15612,6927,1710008,3473457,16234062,0.7,5.2,69.3,96,42.51,69,2483,0x0000000000000000
13:20:03,15612,6927,1710008,3473457,16234071,0.0,5.5,99.0,95,39.78,66,2483,0x0000000000000000
13:20:04,15610,6927,1710008,3473457,16234160,0.3,5.6,90.1,96,43.38,69,2476,0x0000000000000000
13:20:05,15609,6927,1710008,3473457,16234213,0.2,5.7,98.0,75,38.18,65,2483,0x0000000000000000
13:20:06,15610,6927,1710014,3473457,16234352,0.5,5.1,48.0,94,37.74,66,2483,0x0000000000000000
13:20:07,15610,6927,1710015,3473457,16234376,0.1,5.4,98.0,95,44.00,66,2483,0x0000000000000000
13:20:08,15610,6927,1710015,3473457,16234484,0.4,5.3,49.5,81,38.43,68,2483,0x0000000000000000
13:20:09,15609,6927,1710015,3473457,16234558,0.3,5.7,94.1,93,43.46,65,2483,0x0000000000000000
13:20:10,15613,6927,1710016,3473457,16234626,0.3,5.4,67.7,94,37.49,65,2483,0x0000000000000000
13:20:11,15612,6927,1710016,3473457,16234658,0.1,5.3,97.0,95,44.10,66,2483,0x0000000000000000
13:20:12,15613,6927,1710016,3473457,16234741,0.3,5.2,57.6,95,38.14,66,2476,0x0000000000000000
13:20:13,15613,6927,1710016,3473457,16234778,0.1,5.7,97.0,93,43.96,66,2476,0x0000000000000000
13:20:14,15611,6927,1710019,3473457,16234888,0.4,5.6,55.0,94,38.09,66,2483,0x0000000000000000
13:20:15,15618,6927,1710020,3473457,16234898,0.0,5.8,99.0,93,44.14,66,2483,0x0000000000000000
13:20:16,15619,6927,1710020,3473457,16234930,0.1,3.4,58.0,93,38.02,66,2483,0x0000000000000000
13:20:17,15619,6927,1710020,3473457,16234930,0.0,0.3,1.0,0,16.73,61,2411,0x0000000000000000
13:20:18,15619,6927,1710020,3473457,16234930,0.0,0.3,1.0,0,13.21,61,2411,0x0000000000000000
13:20:19,15617,6927,1710021,3473457,16234932,0.1,0.8,6.0,0,13.01,60,2411,0x0000000000000000
13:20:20,15610,6927,1710042,3473457,16235440,2.0,3.6,34.3,0,12.97,60,2411,0x0000000000000000
13:20:21,15593,6927,1710121,3473457,16235598,0.9,7.0,82.7,95,37.50,64,2483,0x0000000000000000
13:20:22,15600,6926,1710154,3473457,16235950,1.4,7.2,91.0,83,35.88,64,2476,0x0000000000000000
13:20:23,15594,6926,1710208,3473457,16236510,2.5,6.0,88.9,84,34.90,64,2470,0x0000000000000000
13:20:24,15596,6926,1710213,3473457,16237100,2.3,5.3,85.7,82,33.68,63,2476,0x0000000000000000
13:20:25,15596,6926,1710213,3473457,16237590,1.9,5.0,89.1,76,34.19,64,2476,0x0000000000000000
13:20:26,15598,6926,1710217,3473457,16237893,1.2,5.3,90.1,79,34.78,64,2483,0x0000000000000000
13:20:27,15599,6926,1710217,3473457,16238353,1.8,4.9,90.0,79,34.84,64,2476,0x0000000000000000
13:20:28,15599,6926,1710217,3473457,16238731,1.5,5.2,91.0,83,34.97,64,2476,0x0000000000000000
13:20:29,15596,6926,1710217,3473457,16239163,1.7,5.3,90.1,90,35.37,64,2476,0x0000000000000000
13:20:30,15594,6926,1710217,3473457,16239652,1.9,5.1,88.8,84,34.33,64,2470,0x0000000000000000
13:20:31,15601,6926,1710217,3473457,16240220,2.2,5.0,87.3,83,33.99,64,2470,0x0000000000000000
13:20:32,15601,6926,1710217,3473457,16240704,1.9,4.8,88.0,83,33.91,64,2476,0x0000000000000000
13:20:33,15602,6926,1710217,3473457,16241242,2.1,4.9,88.0,77,33.83,64,2476,0x0000000000000000
13:20:34,15602,6926,1710217,3473457,16241753,2.0,5.2,88.7,70,33.97,63,2476,0x0000000000000000
13:20:35,15604,6926,1710233,3473457,16242273,2.1,6.2,89.0,88,34.48,64,2476,0x0000000000000000
13:20:36,15603,6926,1710233,3473457,16242762,1.9,5.1,88.9,81,34.30,64,2476,0x0000000000000000
13:20:37,15604,6926,1710546,3473457,16243583,6.1,4.8,55.0,87,33.97,64,2470,0x0000000000000000
13:20:38,15605,6926,1710546,3473457,16244111,2.1,4.8,52.5,85,34.17,64,2476,0x0000000000000000
13:20:39,15603,6926,1710548,3473457,16244252,0.6,5.5,80.2,95,37.95,65,2483,0x0000000000000000
13:20:40,15590,6926,1710548,3473457,16244302,0.2,5.7,97.0,95,36.99,64,2483,0x0000000000000000
13:20:41,15590,6926,1710548,3473457,16244363,0.2,5.3,97.0,94,37.31,65,2483,0x0000000000000000
13:20:42,15590,6926,1710548,3473457,16244711,1.4,5.1,90.1,83,35.58,64,2476,0x0000000000000000
13:20:43,15590,6926,1710548,3473457,16245180,1.8,4.9,90.0,78,34.65,63,2476,0x0000000000000000
13:20:44,15590,6926,1710548,3473457,16245620,1.7,5.4,90.9,82,34.51,63,2476,0x0000000000000000
13:20:45,15591,6926,1710548,3473457,16246034,1.6,5.0,90.1,89,34.74,64,2476,0x0000000000000000
13:20:46,15596,6926,1710548,3473457,16246342,1.2,5.1,91.8,87,35.70,64,2476,0x0000000000000000
13:20:47,15597,6926,1710548,3473457,16246507,0.6,5.1,82.0,95,36.16,64,2476,0x0000000000000000
13:20:48,15599,6926,1710548,3473457,16246906,1.6,4.9,90.0,89,34.27,64,2470,0x0000000000000000
13:20:49,15599,6926,1710548,3473457,16247293,1.5,5.4,60.0,88,35.47,64,2476,0x0000000000000000
13:20:50,15601,6926,1710554,3473457,16247826,2.1,4.9,44.9,82,34.04,64,2476,0x0000000000000000
13:20:51,15602,6926,1710554,3473457,16248145,1.3,5.2,81.6,89,34.75,64,2483,0x0000000000000000
13:20:52,15601,6926,1710554,3473457,16248618,1.8,4.9,88.1,86,34.47,64,2476,0x0000000000000000
13:20:53,15601,6926,1710554,3473457,16249053,1.7,4.8,88.9,88,34.60,64,2476,0x0000000000000000
13:20:54,15601,6926,1710554,3473457,16249574,2.0,5.1,89.0,84,33.78,64,2476,0x0000000000000000
13:20:55,15601,6926,1710554,3473457,16250072,1.9,4.9,89.0,87,34.72,64,2476,0x0000000000000000
13:20:56,15601,6926,1710554,3473457,16250542,1.8,5.0,90.0,86,34.31,64,2470,0x0000000000000000
13:20:57,15601,6926,1710555,3473457,16251009,1.8,4.6,83.0,83,34.38,64,2470,0x0000000000000000
13:20:58,15601,6926,1710555,3473457,16251009,0.0,5.3,99.0,95,39.60,65,2489,0x0000000000000000
13:20:59,15598,6926,1710555,3473457,16251030,0.1,5.8,99.0,94,37.67,64,2483,0x0000000000000000
13:21:00,15599,6926,1710555,3473457,16251165,0.5,5.2,95.0,77,37.53,64,2483,0x0000000000000000
13:21:01,15598,6926,1710555,3473457,16251270,0.4,5.3,93.9,75,35.29,64,2483,0x0000000000000000
13:21:02,15598,6926,1710555,3473457,16251416,0.6,5.3,53.5,84,35.84,64,2476,0x0000000000000000
13:21:03,15598,6926,1710556,3473457,16251515,0.4,5.1,50.5,95,36.40,64,2483,0x0000000000000000
13:21:04,15597,6926,1710556,3473457,16251611,0.4,5.5,95.0,79,36.51,64,2483,0x0000000000000000
13:21:05,15598,6926,1710563,3473457,16251641,0.1,5.5,100.0,94,36.65,64,2483,0x0000000000000000
13:21:06,15598,6926,1710563,3473457,16251657,0.1,5.4,98.0,95,37.30,64,2483,0x0000000000000000
13:21:07,15598,6926,1710563,3473457,16251869,0.8,5.3,93.0,88,36.64,64,2476,0x0000000000000000
13:21:08,15600,6926,1710563,3473457,16252224,1.4,4.9,91.0,77,35.64,64,2489,0x0000000000000000
13:21:09,15600,6926,1710564,3473457,16252589,1.4,5.3,92.0,84,34.82,64,2476,0x0000000000000000
13:21:10,15603,6926,1710564,3473457,16252822,0.9,5.1,92.9,85,35.20,64,2476,0x0000000000000000
13:21:11,15604,6926,1710564,3473457,16253273,1.8,5.0,90.1,74,35.03,63,2476,0x0000000000000000
13:21:12,15606,6926,1710564,3473457,16253755,1.9,4.9,80.6,81,34.42,63,2476,0x0000000000000000
13:21:13,15608,6926,1710564,3473457,16254263,2.0,5.1,82.2,85,34.63,64,2476,0x0000000000000000
13:21:14,15608,6926,1710564,3473457,16254781,2.0,5.2,52.5,73,33.79,63,2476,0x0000000000000000
13:21:15,15587,6926,1711041,3473457,16255492,3.3,4.9,33.0,0,30.43,61,2450,0x0000000000000000
13:21:16,15587,6926,1711041,3473457,16255492,0.0,5.3,100.0,96,57.47,69,2450,0x0000000000000000
13:21:17,15587,6926,1711041,3473457,16255492,0.0,5.3,100.0,96,62.36,69,2450,0x0000000000000000
13:21:18,15587,6926,1711041,3473457,16255492,0.0,5.2,99.0,96,61.49,69,2457,0x0000000000000000
13:21:19,15586,6926,1711041,3473457,16255492,0.0,5.7,100.0,96,61.19,73,2444,0x0000000000000000
13:21:20,15587,6926,1711041,3473457,16255492,0.0,5.4,100.0,96,62.99,68,2450,0x0000000000000000
13:21:21,15587,6926,1711041,3473457,16255492,0.0,5.3,100.0,96,62.82,70,2457,0x0000000000000000
13:21:22,15585,6926,1711041,3473457,16255492,0.0,5.3,85.0,96,61.03,68,2450,0x0000000000000000
13:21:23,15585,6926,1711041,3473457,16255492,0.0,5.8,100.0,96,63.22,69,2450,0x0000000000000000
13:21:24,15586,6926,1711041,3473457,16255492,0.0,5.8,100.0,96,63.21,70,2457,0x0000000000000000
13:21:25,15586,6926,1711041,3473457,16255492,0.0,5.3,99.0,81,61.53,70,2463,0x0000000000000000
13:21:26,15588,6926,1711041,3473457,16255492,0.0,5.5,100.0,96,62.79,70,2457,0x0000000000000000
13:21:27,15588,6926,1711042,3473457,16255532,0.2,5.3,55.4,96,62.16,71,2457,0x0000000000000000
13:21:28,15589,6926,1711042,3473457,16255541,0.0,5.3,99.0,94,58.17,67,2476,0x0000000000000000
13:21:29,15590,6926,1711042,3473457,16255947,1.6,5.2,89.9,87,36.54,66,2470,0x0000000000000000
13:21:30,15590,6926,1711042,3473457,16256179,0.9,4.9,92.9,90,35.82,66,2476,0x0000000000000000
13:21:31,15589,6926,1711042,3473457,16256411,0.9,5.5,92.1,84,36.52,65,2476,0x0000000000000000
13:21:32,15588,6926,1711042,3473457,16256615,0.8,5.2,93.9,95,36.26,66,2483,0x0000000000000000
13:21:33,15589,6926,1711042,3473457,16256883,1.0,5.0,91.9,83,35.43,66,2476,0x0000000000000000
13:21:34,15589,6926,1711042,3473457,16257384,2.0,5.4,88.1,85,34.84,65,2470,0x0000000000000000
13:21:35,15588,6926,1711042,3473457,16257635,1.0,5.2,92.0,95,35.72,66,2476,0x0000000000000000
13:21:36,15588,6926,1711047,3473457,16257965,1.3,5.2,83.8,84,35.53,65,2470,0x0000000000000000
13:21:37,15588,6926,1711047,3473457,16258126,0.6,5.5,98.0,96,47.18,69,2476,0x0000000000000000
13:21:38,15588,6926,1711047,3473457,16258279,0.6,5.1,93.0,81,46.77,66,2483,0x0000000000000000
13:21:39,15587,6926,1711047,3473457,16258551,1.1,5.7,92.0,92,35.51,66,2476,0x0000000000000000
13:21:40,15582,6926,1711049,3473457,16258855,6.6,6.0,93.9,87,35.53,65,2476,0x0000000000000000
13:21:41,15583,6926,1711049,3473457,16259007,6.5,5.6,55.4,91,37.00,65,2483,0x0000000000000000
13:21:42,15583,6926,1711049,3473457,16259184,6.1,6.0,94.0,81,36.23,65,2483,0x0000000000000000
13:21:43,15585,6926,1711049,3473457,16259322,0.5,5.3,94.0,94,36.56,65,2483,0x0000000000000000
13:21:44,15578,6926,1711049,3473457,16259486,8.0,6.0,69.7,92,36.54,65,2476,0x0000000000000000
13:21:45,15568,6926,1711501,3473457,16259990,22.7,6.0,47.0,37,34.13,63,2476,0x0000000000000000
13:21:46,15570,6926,1711501,3473457,16259990,0.0,5.6,100.0,96,42.32,72,2450,0x0000000000000000
13:21:47,15570,6926,1711501,3473457,16259996,1.0,5.7,100.0,96,62.60,73,2450,0x0000000000000000
13:21:48,15569,6926,1711501,3473457,16260004,2.8,5.9,100.0,96,62.06,72,2450,0x0000000000000000
13:21:49,15568,6926,1711501,3473457,16260008,0.5,5.8,78.0,96,60.83,71,2450,0x0000000000000000
13:21:50,15569,6926,1711502,3473457,16260011,0.4,5.8,100.0,96,63.44,70,2450,0x0000000000000000
13:21:51,15569,6926,1711502,3473457,16260014,0.4,5.9,100.0,96,63.27,70,2450,0x0000000000000000
13:21:52,15568,6926,1711502,3473457,16260017,0.4,5.5,50.5,83,61.28,69,2470,0x0000000000000000
13:21:53,15567,6926,1711508,3473457,16260023,0.0,5.7,100.0,96,63.36,71,2450,0x0000000000000000
13:21:54,15566,6926,1711508,3473457,16260032,1.9,6.1,100.0,96,63.71,71,2444,0x0000000000000000
13:21:55,15556,6926,1711508,3473457,16260048,6.4,7.4,99.0,96,62.62,71,2457,0x0000000000000000
13:21:56,15559,6926,1711509,3473457,16260050,0.0,5.5,100.0,96,62.53,70,2444,0x0000000000000000
13:21:57,15554,6926,1711509,3473457,16260052,0.2,5.6,100.0,96,64.28,71,2450,0x0000000000000000
13:21:58,15553,6926,1711509,3473457,16260056,0.1,5.7,100.0,96,63.42,70,2450,0x0000000000000000
13:21:59,15559,6926,1711524,3473457,16260071,1.0,6.0,99.0,96,62.27,76,2437,0x0000000000000000
13:22:00,15559,6926,1711524,3473457,16260071,0.0,5.3,100.0,96,64.47,72,2437,0x0000000000000000
13:22:01,15559,6926,1711524,3473457,16260071,0.0,5.4,100.0,96,63.97,72,2450,0x0000000000000000
13:22:02,15541,6926,1711524,3473457,16310122,195.5,5.1,59.6,96,63.03,70,2457,0x0000000000000000
13:22:03,15541,6926,1711524,3473457,16310122,0.0,5.7,100.0,96,44.83,72,2450,0x0000000000000000
13:22:04,15536,6926,1711524,3473457,16310122,0.0,5.7,100.0,96,64.14,74,2444,0x0000000000000000
13:22:05,15538,6926,1711524,3473457,16310122,0.0,5.3,100.0,96,63.85,71,2450,0x0000000000000000
13:22:06,15486,6926,1711524,3473457,16360528,196.9,6.4,39.2,0,54.92,66,2431,0x0000000000000000
13:22:07,15487,6926,1711524,3473457,16360528,0.0,5.4,100.0,96,53.78,72,2444,0x0000000000000000
13:22:08,15487,6926,1711524,3473457,16360528,0.0,5.3,100.0,96,64.07,71,2444,0x0000000000000000
13:22:09,15486,6926,1711524,3473457,16360528,0.0,5.7,100.0,96,63.74,74,2444,0x0000000000000000
13:22:10,15508,6926,1711524,3473457,16398128,146.9,4.9,51.5,0,48.25,65,2405,0x0000000000000000
13:22:11,15514,6926,1711524,3473457,16398128,0.0,5.7,100.0,96,64.07,74,2437,0x0000000000000000
13:22:12,15523,6926,1711524,3473457,16398128,0.0,5.4,100.0,96,64.04,71,2437,0x0000000000000000
13:22:13,15527,6926,1711524,3473457,16398128,0.0,5.3,100.0,96,63.71,72,2437,0x0000000000000000
13:22:14,15538,6926,1711524,3473457,16398266,0.5,5.8,97.0,96,62.87,76,2437,0x0000000000000000
13:22:15,15538,6926,1711536,3473457,16398273,0.0,5.6,100.0,96,64.42,73,2444,0x0000000000000000
13:22:16,15538,6926,1711536,3473457,16398273,0.0,5.3,100.0,96,64.60,73,2437,0x0000000000000000
13:22:17,15537,6926,1711536,3473457,16398314,0.2,5.3,56.0,96,63.64,73,2444,0x0000000000000000
13:22:18,15538,6926,1711536,3473457,16398314,0.0,5.3,100.0,96,62.69,73,2444,0x0000000000000000
13:22:19,15538,6926,1711536,3473457,16398349,0.1,5.6,84.0,96,63.90,73,2444,0x0000000000000000
13:22:20,15538,6926,1711537,3473457,16398350,0.0,5.4,100.0,96,62.36,75,2450,0x0000000000000000
13:22:21,15538,6926,1711537,3473457,16398445,0.4,5.5,98.0,94,55.97,69,2476,0x0000000000000000
13:22:22,15539,6926,1711537,3473457,16398666,0.9,5.0,89.9,95,36.71,68,2476,0x0000000000000000
13:22:23,15539,6926,1711537,3473457,16398934,1.0,5.0,92.1,84,36.77,67,2476,0x0000000000000000
13:22:24,15538,6926,1711537,3473457,16399324,1.5,5.5,84.2,77,36.01,68,2476,0x0000000000000000
13:22:25,15548,6925,1711544,3473457,16399649,1.3,6.6,90.8,88,35.67,68,2476,0x0000000000000000
13:22:26,15548,6925,1711545,3473457,16400020,1.4,4.9,89.1,91,36.38,68,2476,0x0000000000000000
13:22:27,15548,6925,1711545,3473457,16400340,1.2,4.9,90.9,81,35.83,68,2476,0x0000000000000000
13:22:28,15548,6925,1711545,3473457,16400742,1.6,5.3,91.1,88,36.00,68,2476,0x0000000000000000
13:22:29,15545,6925,1711545,3473457,16401098,1.4,5.6,71.7,83,35.83,67,2476,0x0000000000000000
13:22:30,15544,6925,1711545,3473457,16401098,0.0,5.3,93.0,96,43.60,71,2463,0x0000000000000000
13:22:31,15541,6925,1711552,3473457,16401169,0.3,5.7,97.0,96,63.12,72,2450,0x0000000000000000
13:22:32,15544,6925,1711552,3473457,16401505,1.3,5.0,92.0,84,37.36,68,2476,0x0000000000000000
13:22:33,15546,6925,1711552,3473457,16401597,0.4,5.3,94.0,93,36.55,68,2483,0x0000000000000000
13:22:34,15547,6925,1711552,3473457,16401694,0.4,5.5,94.9,94,37.41,68,2476,0x0000000000000000
13:22:35,15547,6925,1711552,3473457,16401777,0.3,5.2,93.0,93,36.61,67,2483,0x0000000000000000
13:22:36,15547,6925,1711552,3473457,16401896,0.5,5.4,94.9,89,36.90,67,2483,0x0000000000000000
13:22:37,15547,6925,1711552,3473457,16401916,0.1,5.6,97.0,83,36.94,67,2483,0x0000000000000000
13:22:38,15531,6925,1711695,3473457,16402077,0.7,4.8,78.2,2,33.93,65,2463,0x0000000000000000
13:22:39,15543,6925,1711695,3473457,16402140,0.2,5.7,93.9,96,24.89,73,2424,0x0000000000000000
13:22:40,15531,6925,1711815,3473457,16402190,0.7,5.6,100.0,96,63.19,76,2437,0x0000000000000000
13:22:41,15533,6925,1711816,3473457,16402191,0.0,5.4,100.0,96,63.21,76,2444,0x0000000000000000
13:22:42,15535,6925,1711816,3473457,16402191,0.0,5.5,100.0,96,62.34,72,2450,0x0000000000000000
13:22:43,15535,6925,1711816,3473457,16402191,0.0,5.4,100.0,96,62.93,73,2444,0x0000000000000000
13:22:44,15542,6925,1711816,3473457,16402191,0.0,5.7,100.0,96,64.04,71,2437,0x0000000000000000
13:22:45,15549,6925,1711816,3473457,16402191,0.0,5.6,84.2,96,63.02,72,2444,0x0000000000000000
13:22:46,15549,6925,1711816,3473457,16402191,0.0,5.3,100.0,96,62.39,73,2444,0x0000000000000000
13:22:47,15549,6925,1711816,3473457,16402191,0.0,5.3,100.0,96,64.43,72,2437,0x0000000000000000
13:22:48,15549,6925,1711816,3473457,16402191,0.0,5.3,100.0,96,63.65,73,2444,0x0000000000000000
13:22:49,15547,6925,1711816,3473457,16402191,0.0,5.7,85.7,96,62.48,74,2444,0x0000000000000000
13:22:50,15547,6925,1711816,3473457,16402191,0.0,5.3,100.0,96,64.71,77,2437,0x0000000000000000
13:22:51,15548,6925,1711816,3473457,16402191,0.0,5.5,100.0,96,64.11,73,2444,0x0000000000000000
13:22:52,15548,6925,1711816,3473457,16402191,0.0,5.4,98.0,96,62.82,71,2450,0x0000000000000000
13:22:53,15548,6925,1711816,3473457,16402191,0.0,5.3,100.0,96,63.51,72,2437,0x0000000000000000
13:22:54,15548,6925,1711816,3473457,16402191,0.0,5.6,100.0,96,64.32,73,2437,0x0000000000000000
13:22:55,15546,6925,1711816,3473457,16402191,0.0,5.4,100.0,96,63.62,77,2444,0x0000000000000000
13:22:56,15546,6925,1711816,3473457,16402191,0.0,5.3,100.0,96,63.11,74,2437,0x0000000000000000
13:22:57,15547,6925,1711816,3473457,16402191,0.0,5.3,100.0,96,64.67,73,2437,0x0000000000000000
13:22:58,15547,6925,1711816,3473457,16402191,0.0,5.3,100.0,96,63.89,72,2437,0x0000000000000000
13:22:59,15547,6925,1711816,3473457,16402191,0.0,5.8,99.0,81,62.78,75,2444,0x0000000000000000
13:23:00,15547,6925,1711818,3473457,16402193,0.0,5.6,100.0,96,64.90,74,2437,0x0000000000000000
13:23:01,15547,6925,1711818,3473457,16402193,0.0,5.4,100.0,96,65.01,73,2437,0x0000000000000000
13:23:02,15546,6925,1711818,3473457,16402193,0.0,5.4,88.0,96,64.06,77,2444,0x0000000000000000
13:23:03,15546,6925,1711818,3473457,16402193,0.0,5.3,100.0,96,63.17,73,2437,0x0000000000000000
13:23:04,15546,6925,1711818,3473457,16402193,0.0,5.6,100.0,96,64.91,73,2437,0x0000000000000000
13:23:05,15546,6925,1711818,3473457,16402193,0.0,5.3,100.0,96,64.57,74,2437,0x0000000000000000
13:23:06,15547,6925,1711818,3473457,16402193,0.0,5.4,56.6,76,63.22,73,2450,0x0000000000000000
13:23:07,15547,6925,1711818,3473457,16402193,0.0,5.4,100.0,96,65.19,74,2437,0x0000000000000000
13:23:08,15547,6925,1711818,3473457,16402193,0.0,5.7,100.0,96,65.01,74,2437,0x0000000000000000
13:23:09,15547,6925,1711818,3473457,16402225,0.0,5.7,99.0,96,64.12,74,2437,0x0000000000000000
13:23:10,15499,6925,1711818,3473457,16461221,230.6,5.6,54.7,10,41.41,66,2398,0x0000000000000000
13:23:11,15502,6925,1711818,3473457,16461221,0.0,5.4,100.0,96,65.07,74,2437,0x0000000000000000
13:23:12,15508,6925,1711818,3473457,16461221,0.0,5.4,100.0,96,64.68,76,2431,0x0000000000000000
13:23:13,15514,6925,1711818,3473457,16461222,0.0,5.4,100.0,96,64.59,74,2444,0x0000000000000000
13:23:14,15550,6925,1711818,3473457,16489987,112.4,10.0,85.0,96,55.26,73,2424,0x0000000000000000
13:23:15,15550,6925,1711818,3473457,16489987,0.0,5.6,100.0,96,65.10,74,2437,0x0000000000000000
13:23:16,15550,6925,1711818,3473457,16489987,0.0,5.4,100.0,96,64.72,74,2431,0x0000000000000000
13:23:17,15549,6925,1711818,3473457,16490010,0.1,5.3,99.0,96,64.25,75,2444,0x0000000000000000
13:23:18,15549,6925,1711818,3473457,16490010,0.0,5.4,100.0,96,63.34,73,2431,0x0000000000000000
13:23:19,15546,6925,1711818,3473457,16490010,0.0,5.8,100.0,96,65.20,74,2437,0x0000000000000000
13:23:20,15548,6925,1711818,3473457,16490010,0.0,5.3,100.0,96,64.23,74,2431,0x0000000000000000
13:23:21,15551,6925,1711818,3473457,16490010,0.0,5.5,62.0,96,64.15,74,2444,0x0000000000000000
13:23:22,15552,6925,1711818,3473457,16490010,0.0,5.3,100.0,96,63.53,75,2437,0x0000000000000000
13:23:23,15553,6925,1711818,3473457,16490010,0.0,5.3,100.0,96,65.30,74,2437,0x0000000000000000
13:23:24,15552,6925,1711818,3473457,16490010,0.0,6.2,100.0,96,65.09,74,2444,0x0000000000000000
13:23:25,15552,6925,1711818,3473457,16490010,0.0,5.2,65.0,85,63.65,75,2437,0x0000000000000000
13:23:26,15553,6925,1711819,3473457,16490011,0.0,5.4,100.0,96,65.29,74,2437,0x0000000000000000
13:23:27,15553,6925,1711819,3473457,16490011,0.0,5.3,100.0,96,65.38,75,2437,0x0000000000000000
13:23:28,15553,6925,1711819,3473457,16490011,0.0,5.3,100.0,96,64.34,75,2437,0x0000000000000000
13:23:29,15553,6925,1711819,3473457,16490011,0.0,5.5,92.9,96,63.91,75,2450,0x0000000000000000
13:23:30,15553,6925,1711819,3473457,16490051,0.2,5.3,99.0,96,62.30,75,2450,0x0000000000000000
13:23:31,15552,6925,1711819,3473457,16490150,0.4,5.6,96.0,94,55.34,71,2463,0x0000000000000000
13:23:32,15552,6925,1711819,3473457,16490292,0.6,5.1,94.0,89,38.01,70,2476,0x0000000000000000
13:23:33,15553,6925,1711819,3473457,16490587,1.2,5.4,91.0,92,37.38,70,2476,0x0000000000000000
13:23:34,15549,6925,1711820,3473457,16490793,0.8,5.4,92.2,94,37.16,70,2483,0x0000000000000000
13:23:35,15551,6925,1711821,3473457,16491033,0.9,5.1,92.0,94,37.03,70,2476,0x0000000000000000
13:23:36,15551,6925,1711822,3473457,16491421,1.5,5.1,91.9,85,36.32,70,2470,0x0000000000000000
13:23:37,15551,6925,1711822,3473457,16491720,1.2,5.1,92.1,95,37.41,68,2483,0x0000000000000000
13:23:38,15551,6925,1711822,3473457,16492044,1.3,5.1,92.9,90,36.72,68,2476,0x0000000000000000
13:23:39,15550,6925,1711822,3473457,16492345,1.2,5.4,90.1,88,36.81,68,2476,0x0000000000000000
13:23:40,15541,6925,1711822,3473457,16492345,0.0,5.4,86.9,96,41.44,72,2457,0x0000000000000000
13:23:41,15544,6925,1711822,3473457,16492437,0.4,5.8,95.0,80,59.31,70,2457,0x0000000000000000
13:23:42,15546,6925,1711822,3473457,16492572,0.5,5.5,94.1,93,37.32,69,2483,0x0000000000000000
13:23:43,15547,6925,1711822,3473457,16492668,0.4,5.1,54.0,94,37.94,69,2483,0x0000000000000000
13:23:44,15549,6925,1711822,3473457,16492719,0.2,5.6,97.0,94,36.60,69,2483,0x0000000000000000
13:23:45,15549,6925,1711822,3473457,16492802,0.3,5.3,95.0,93,38.42,69,2476,0x0000000000000000
13:23:46,15548,6925,1711822,3473457,16492831,0.1,5.4,97.0,94,37.42,69,2483,0x0000000000000000
13:23:47,15548,6925,1711822,3473457,16492871,0.2,4.9,77.0,95,38.27,69,2483,0x0000000000000000
13:23:48,15545,6925,1711823,3473457,16493606,2.9,5.4,74.7,96,41.40,72,2431,0x0000000000000000
13:23:49,15546,6925,1711823,3473457,16493607,0.0,6.1,100.0,96,64.16,74,2437,0x0000000000000000
13:23:50,15536,6925,1711823,3473457,16493607,0.0,5.6,100.0,96,63.76,74,2437,0x0000000000000000
13:23:51,15536,6925,1711823,3473457,16493607,0.0,5.4,51.5,74,61.99,72,2450,0x0000000000000000
13:23:52,15536,6925,1711823,3473457,16493607,0.0,5.3,100.0,96,64.52,74,2437,0x0000000000000000
13:23:53,15537,6925,1711823,3473457,16493607,0.0,5.4,100.0,96,64.56,74,2437,0x0000000000000000
13:23:54,15538,6925,1711823,3473457,16493607,0.0,5.7,76.0,96,63.41,75,2437,0x0000000000000000
13:23:55,15535,6925,1711823,3473457,16493607,0.0,5.4,100.0,96,63.23,73,2444,0x0000000000000000
13:23:56,15539,6925,1711823,3473457,16493607,0.0,5.3,100.0,96,64.56,74,2437,0x0000000000000000
13:23:57,15540,6925,1711823,3473457,16493607,0.0,5.8,100.0,96,63.99,74,2444,0x0000000000000000
13:23:58,15542,6925,1711823,3473457,16493607,0.0,5.3,99.0,96,63.56,75,2450,0x0000000000000000
13:23:59,15543,6925,1711823,3473457,16494053,1.7,5.8,58.0,96,63.50,74,2450,0x0000000000000000
13:24:00,15543,6925,1711824,3473457,16494054,0.0,5.5,100.0,96,62.37,74,2450,0x0000000000000000
13:24:01,15542,6925,1711824,3473457,16494407,1.4,5.1,89.9,81,47.60,70,2476,0x0000000000000000
13:24:02,15542,6925,1711824,3473457,16494621,0.8,5.0,92.1,94,36.98,70,2476,0x0000000000000000
13:24:03,15541,6925,1711824,3473457,16494621,0.0,5.3,77.0,96,44.12,73,2457,0x0000000000000000
13:24:04,15541,6925,1711824,3473457,16494688,0.3,5.6,96.0,96,64.24,75,2450,0x0000000000000000
13:24:05,15542,6925,1711824,3473457,16495110,1.6,5.4,90.0,87,40.91,70,2476,0x0000000000000000
13:24:06,15542,6925,1711824,3473457,16495630,2.0,4.9,88.9,77,36.00,69,2476,0x0000000000000000
13:24:07,15542,6925,1711824,3473457,16495653,0.1,5.4,97.0,95,37.66,70,2489,0x0000000000000000
13:24:08,15543,6925,1711824,3473457,16495653,0.0,5.4,98.0,96,50.36,74,2457,0x0000000000000000
13:24:09,15543,6925,1711824,3473457,16495857,0.8,5.7,94.9,94,61.98,71,2450,0x0000000000000000
13:24:10,15543,6925,1711824,3473457,16496039,0.7,5.2,95.0,95,36.94,70,2476,0x0000000000000000
13:24:11,15542,6925,1711824,3473457,16496046,0.0,5.5,65.3,96,42.30,72,2463,0x0000000000000000
13:24:12,15541,6925,1711824,3473457,16496046,0.0,5.6,100.0,96,63.53,74,2450,0x0000000000000000
13:24:13,15542,6925,1711824,3473457,16496132,0.3,5.1,95.0,93,44.99,70,2476,0x0000000000000000
13:24:14,15544,6925,1711824,3473457,16496379,1.0,5.4,92.9,88,36.77,69,2476,0x0000000000000000
13:24:15,15544,6925,1711837,3473457,16496439,0.3,6.3,93.0,70,37.75,69,2483,0x0000000000000000
13:24:16,15538,6925,1711897,3473457,16496512,0.4,5.4,63.0,96,36.68,72,2411,0x0000000000000000
13:24:17,15539,6925,1711897,3473457,16496512,0.0,5.4,100.0,96,63.97,74,2437,0x0000000000000000
13:24:18,15539,6925,1711897,3473457,16496512,0.0,5.5,100.0,96,63.91,74,2437,0x0000000000000000
13:24:19,15541,6925,1711897,3473457,16496512,0.0,5.7,60.8,96,63.05,75,2444,0x0000000000000000
13:24:20,15543,6925,1711897,3473457,16496512,0.0,5.2,100.0,96,63.08,74,2437,0x0000000000000000
13:24:21,15543,6925,1711897,3473457,16496512,0.0,5.4,100.0,96,64.63,74,2437,0x0000000000000000
13:24:22,15543,6925,1711897,3473457,16496515,0.3,5.5,89.0,96,63.73,75,2437,0x0000000000000000
13:24:23,15538,6925,1711901,3473457,16496518,0.0,5.6,100.0,96,63.49,74,2437,0x0000000000000000
13:24:24,15537,6925,1711901,3473457,16496518,0.0,5.7,100.0,96,64.64,75,2437,0x0000000000000000
13:24:25,15539,6925,1711901,3473457,16496518,0.0,5.5,100.0,96,64.61,75,2444,0x0000000000000000
13:24:26,15540,6925,1711901,3473457,16496518,0.0,5.4,77.0,96,63.10,74,2437,0x0000000000000000
13:24:27,15540,6925,1711901,3473457,16496518,0.0,5.3,100.0,96,65.27,75,2437,0x0000000000000000
13:24:28,15540,6925,1711901,3473457,16496518,0.0,5.3,100.0,96,65.09,76,2437,0x0000000000000000
13:24:29,15536,6925,1711901,3473457,16496518,0.0,6.0,58.0,96,64.00,73,2444,0x0000000000000000
13:24:30,15536,6925,1711901,3473457,16496518,0.0,5.5,100.0,96,64.03,75,2437,0x0000000000000000
13:24:31,15536,6925,1711901,3473457,16496518,0.0,5.4,100.0,96,65.20,75,2437,0x0000000000000000
13:24:32,15538,6925,1711901,3473457,16496518,0.0,5.3,97.0,96,64.56,74,2444,0x0000000000000000
13:24:33,15538,6925,1711901,3473457,16496518,0.0,5.3,100.0,96,63.88,75,2444,0x0000000000000000
13:24:34,15536,6925,1711901,3473457,16496518,0.0,5.6,100.0,96,65.20,75,2437,0x0000000000000000
13:24:35,15538,6925,1711925,3473457,16496551,1.5,5.4,100.0,96,64.95,74,2444,0x0000000000000000
13:24:36,15538,6925,1711925,3473457,16496551,0.0,6.3,56.0,75,63.23,76,2450,0x0000000000000000
13:24:37,15538,6925,1711925,3473457,16496551,0.0,5.5,100.0,96,65.54,77,2437,0x0000000000000000
13:24:38,15538,6925,1711927,3473457,16496552,0.0,5.4,100.0,96,65.37,75,2437,0x0000000000000000
13:24:39,15538,6925,1711927,3473457,16496552,0.0,5.6,93.9,96,64.37,74,2444,0x0000000000000000
13:24:40,15538,6925,1711927,3473457,16496552,0.0,5.4,100.0,96,64.13,75,2437,0x0000000000000000
13:24:41,15537,6925,1711927,3473457,16496552,0.0,5.5,100.0,96,65.79,75,2437,0x0000000000000000
13:24:42,15537,6925,1711927,3473457,16496552,0.0,5.4,100.0,96,65.09,76,2437,0x0000000000000000
13:24:43,15536,6925,1711927,3473457,16496552,0.0,5.3,53.5,80,63.66,74,2444,0x0000000000000000
13:24:44,15537,6925,1711927,3473457,16496552,0.0,5.7,100.0,96,65.83,76,2437,0x0000000000000000
13:24:45,15538,6925,1711927,3473457,16496552,0.0,5.7,100.0,96,65.59,80,2437,0x0000000000000000
13:24:46,15538,6925,1711927,3473457,16496552,0.0,5.3,100.0,96,64.95,77,2444,0x0000000000000000
13:24:47,15538,6925,1711927,3473457,16496552,0.0,5.3,99.0,96,64.07,76,2444,0x0000000000000000
13:24:48,15538,6925,1711927,3473457,16496552,0.0,5.3,100.0,96,64.47,75,2437,0x0000000000000000
13:24:49,15536,6925,1711927,3473457,16496585,0.1,5.8,66.7,96,62.68,76,2444,0x0000000000000000
13:24:50,15528,6925,1714827,3473457,16498872,28.8,8.6,99.0,96,65.21,76,2450,0x0000000000000000
13:24:51,15521,6925,1715126,3473457,16499373,10.1,6.3,63.6,86,45.48,71,2463,0x0000000000000000
13:24:52,15522,6925,1715152,3473457,16499580,1.4,5.2,68.7,90,36.61,71,2476,0x0000000000000000
13:24:53,15515,6925,1715153,3473457,16499581,0.0,5.8,49.0,26,37.73,72,2489,0x0000000000000000
13:24:54,15515,6925,1715153,3473457,16499581,0.0,5.6,100.0,96,64.21,75,2444,0x0000000000000000
13:24:55,15515,6925,1715154,3473457,16499702,0.5,5.6,96.0,87,50.74,71,2463,0x0000000000000000
13:24:56,15514,6925,1715154,3473457,16499702,0.0,5.3,84.7,0,38.03,69,2483,0x0000000000000000
13:24:57,15515,6925,1715155,3473457,16499703,0.0,5.3,100.0,96,63.29,76,2444,0x0000000000000000
13:24:58,15517,6925,1715155,3473457,16499766,0.2,5.6,97.0,95,52.47,72,2476,0x0000000000000000
13:24:59,15517,6925,1715155,3473457,16499766,0.0,5.7,69.0,96,42.74,75,2431,0x0000000000000000
13:25:00,15518,6925,1715313,3473457,16499905,0.7,5.7,99.0,96,64.41,75,2450,0x0000000000000000
13:25:01,15520,6925,1715313,3473457,16499940,0.1,5.6,98.0,95,47.35,71,2470,0x0000000000000000
13:25:02,15520,6925,1715314,3473457,16499990,0.2,5.3,98.0,95,38.97,71,2483,0x0000000000000000
13:25:03,15520,6925,1715314,3473457,16499990,0.0,5.4,99.0,94,39.99,71,2483,0x0000000000000000
13:25:04,15520,6925,1715314,3473457,16499990,0.0,5.6,94.0,96,46.95,74,2470,0x0000000000000000
13:25:05,15520,6925,1715317,3473457,16499991,0.0,5.4,100.0,95,41.47,71,2483,0x0000000000000000
13:25:06,15521,6925,1715318,3473457,16499992,0.0,5.1,94.0,96,45.20,75,2476,0x0000000000000000
13:25:07,15521,6925,1715318,3473457,16499992,0.0,5.4,100.0,93,43.73,71,2483,0x0000000000000000
13:25:08,15521,6925,1715319,3473457,16499993,0.0,5.2,94.1,95,40.28,71,2483,0x0000000000000000
13:25:09,15520,6925,1715347,3473457,16500005,0.1,6.2,100.0,94,48.18,71,2483,0x0000000000000000
13:25:10,15520,6925,1715347,3473457,16500005,0.0,5.2,93.9,95,40.27,71,2483,0x0000000000000000
13:25:11,15521,6925,1715347,3473457,16500005,0.0,5.5,99.0,95,48.24,71,2483,0x0000000000000000
13:25:12,15521,6925,1715352,3473457,16500007,0.0,5.3,94.0,94,40.09,71,2483,0x0000000000000000
13:25:13,15521,6925,1715352,3473457,16500007,0.0,5.5,100.0,94,48.24,71,2489,0x0000000000000000
13:25:14,15521,6925,1715354,3473457,16500010,0.2,5.4,94.1,96,42.43,74,2483,0x0000000000000000
13:25:15,15520,6925,1715361,3473457,16500011,0.0,5.5,100.0,95,46.04,71,2483,0x0000000000000000
13:25:16,15521,6925,1715361,3473457,16500011,0.0,5.5,94.0,96,48.71,73,2463,0x0000000000000000
13:25:17,15521,6925,1715361,3473457,16500011,0.0,5.6,97.0,94,40.05,71,2489,0x0000000000000000
13:25:18,15521,6925,1715361,3473457,16500011,0.0,5.3,97.0,95,48.26,72,2463,0x0000000000000000
13:25:19,15518,6925,1715361,3473457,16500011,0.0,5.6,94.1,95,39.82,71,2483,0x0000000000000000
13:25:20,15518,6925,1715362,3473457,16500012,0.0,5.4,100.0,95,48.12,71,2483,0x0000000000000000
13:25:21,15518,6925,1715362,3473457,16500012,0.0,5.3,93.9,95,39.75,71,2483,0x0000000000000000
13:25:22,15517,6925,1715362,3473457,16500012,0.0,5.5,100.0,95,48.46,71,2470,0x0000000000000000
13:25:23,15517,6925,1715362,3473457,16500012,0.0,5.4,100.0,94,39.85,70,2483,0x0000000000000000
13:25:24,15516,6925,1715362,3473457,16500012,0.0,5.8,100.0,94,39.73,70,2483,0x0000000000000000
13:25:25,15517,6925,1715362,3473457,16500012,0.0,5.2,93.9,96,48.30,74,2463,0x0000000000000000
13:25:26,15519,6925,1715367,3473457,16500015,0.0,5.3,94.0,94,40.97,70,2483,0x0000000000000000
13:25:27,15520,6925,1715367,3473457,16500015,0.0,5.4,100.0,94,49.58,71,2463,0x0000000000000000
13:25:28,15520,6925,1715367,3473457,16500015,0.0,5.4,100.0,94,39.65,70,2489,0x0000000000000000
13:25:29,15520,6925,1715367,3473457,16500015,0.0,5.6,77.2,96,45.62,74,2476,0x0000000000000000
13:25:30,15520,6925,1715370,3473457,16500018,0.0,5.5,100.0,95,42.76,70,2489,0x0000000000000000
13:25:31,15521,6925,1715370,3473457,16500018,0.0,5.3,94.1,96,47.51,74,2463,0x0000000000000000
13:25:32,15517,6925,1715370,3473457,16500018,0.0,5.6,49.5,80,40.89,69,2483,0x0000000000000000
13:25:33,15517,6925,1715370,3473457,16500018,0.0,5.7,100.0,96,62.98,78,2437,0x0000000000000000
13:25:34,15515,6925,1715371,3473457,16500019,0.0,5.6,100.0,96,64.35,74,2437,0x0000000000000000
13:25:35,15521,6925,1715371,3473457,16500019,0.0,5.4,80.0,96,63.67,74,2437,0x0000000000000000
13:25:36,15521,6925,1715372,3473457,16500020,0.0,5.5,100.0,96,63.31,74,2437,0x0000000000000000
13:25:37,15521,6925,1715374,3473457,16500023,0.0,5.3,100.0,96,64.91,78,2437,0x0000000000000000
13:25:38,15521,6925,1715374,3473457,16500023,0.0,5.4,100.0,96,64.19,76,2444,0x0000000000000000
13:25:39,15521,6925,1715383,3473457,16500027,0.0,5.8,89.0,96,63.61,75,2457,0x0000000000000000
13:25:40,15521,6925,1715383,3473457,16500027,0.0,5.3,99.0,96,62.69,75,2450,0x0000000000000000
13:25:41,15521,6925,1715383,3473457,16500153,0.5,5.5,94.0,83,57.36,71,2457,0x0000000000000000
13:25:42,15522,6925,1715383,3473457,16500393,0.9,5.3,93.9,81,38.33,71,2489,0x0000000000000000
13:25:43,15521,6925,1715387,3473457,16500654,2.4,5.1,93.9,85,37.21,70,2476,0x0000000000000000
13:25:44,15506,6923,1715439,3473457,16501373,3.3,8.5,81.8,91,38.86,70,2463,0x0000000000000000
13:25:45,15508,6923,1715443,3473457,16501881,2.0,5.5,89.0,83,36.08,70,2476,0x0000000000000000
13:25:46,15508,6923,1715443,3473457,16502330,1.8,5.4,90.0,86,36.15,70,2476,0x0000000000000000
13:25:47,15507,6923,1715447,3473457,16502857,2.1,5.3,87.1,85,35.80,70,2476,0x0000000000000000
13:25:48,15488,6923,1715476,3473457,16503407,4.3,6.8,70.4,74,35.56,69,2476,0x0000000000000000
13:25:49,15488,6923,1715492,3473457,16503949,2.1,5.7,86.9,84,35.14,70,2470,0x0000000000000000
13:25:50,15479,6922,1715512,3473457,16504432,2.2,7.5,88.9,84,35.65,69,2476,0x0000000000000000
13:25:51,15481,6922,1715518,3473457,16504859,1.7,5.2,89.9,83,35.83,69,2483,0x0000000000000000
13:25:52,15481,6922,1715520,3473457,16505416,2.2,4.9,87.8,78,35.72,69,2470,0x0000000000000000
13:25:53,15483,6922,1715526,3473457,16505770,1.4,5.4,91.1,83,36.23,68,2476,0x0000000000000000
13:25:54,15477,6922,1715528,3473457,16506330,2.2,5.4,51.5,83,35.16,69,2476,0x0000000000000000
13:25:55,15476,6922,1715535,3473457,16506793,1.8,5.2,89.8,83,35.28,69,2476,0x0000000000000000
13:25:56,15478,6922,1715536,3473457,16507121,1.3,5.3,92.1,84,36.08,69,2483,0x0000000000000000
13:25:57,15479,6922,1715538,3473457,16507597,1.9,5.0,90.0,84,36.39,69,2476,0x0000000000000000
13:25:58,15481,6922,1715538,3473457,16508097,2.0,4.9,88.1,87,35.48,69,2476,0x0000000000000000
13:25:59,15485,6922,1715548,3473457,16508344,1.0,5.4,89.9,85,35.87,69,2476,0x0000000000000000
13:26:00,15487,6922,1715549,3473457,16508347,0.0,5.5,100.0,93,40.98,69,2489,0x0000000000000000
13:26:01,15489,6922,1715549,3473457,16508347,0.0,5.6,100.0,95,39.12,69,2489,0x0000000000000000
13:26:02,15493,6922,1715566,3473457,16508353,0.1,6.8,100.0,95,38.93,69,2483,0x0000000000000000
13:26:03,15493,6922,1715566,3473457,16508353,0.0,5.5,99.0,95,38.78,69,2483,0x0000000000000000
13:26:04,15491,6922,1715566,3473457,16508353,0.0,6.1,100.0,95,38.92,69,2483,0x0000000000000000
13:26:05,15492,6922,1715573,3473457,16508355,0.0,5.7,100.0,95,38.84,69,2489,0x0000000000000000
13:26:06,15492,6922,1715573,3473457,16508355,0.0,5.5,100.0,95,39.01,69,2489,0x0000000000000000
13:26:07,15492,6922,1715573,3473457,16508355,0.0,5.4,100.0,95,38.84,69,2483,0x0000000000000000
13:26:08,15492,6922,1715573,3473457,16508355,0.0,5.4,99.0,95,38.77,69,2483,0x0000000000000000
13:26:09,15488,6922,1715573,3473457,16508355,0.0,5.9,100.0,95,38.90,69,2483,0x0000000000000000
13:26:10,15494,6922,1715573,3473457,16508355,0.0,5.6,100.0,95,38.94,69,2483,0x0000000000000000
13:26:11,15496,6922,1715573,3473457,16508355,0.0,5.5,100.0,94,38.91,69,2483,0x0000000000000000
13:26:12,15496,6922,1715574,3473457,16508356,0.0,5.5,94.0,94,38.87,69,2483,0x0000000000000000
13:26:13,15496,6922,1715574,3473457,16508356,0.0,5.8,100.0,95,40.92,69,2483,0x0000000000000000
13:26:14,15494,6922,1715578,3473457,16508358,0.0,6.0,100.0,95,39.02,69,2483,0x0000000000000000
13:26:15,15496,6922,1715582,3473457,16508361,0.0,5.6,100.0,95,38.82,69,2483,0x0000000000000000
13:26:16,15494,6922,1715582,3473457,16508361,0.0,5.8,100.0,95,38.75,69,2483,0x0000000000000000
13:26:17,15494,6922,1715582,3473457,16508361,0.0,5.4,100.0,95,38.79,69,2489,0x0000000000000000
13:26:18,15494,6922,1715582,3473457,16508361,0.0,5.5,99.0,95,38.81,69,2489,0x0000000000000000
13:26:19,15494,6922,1715583,3473457,16508370,0.6,5.9,100.0,95,38.84,69,2483,0x0000000000000000
13:26:20,15494,6922,1715583,3473457,16508370,0.0,5.5,100.0,95,38.74,69,2483,0x0000000000000000
13:26:21,15494,6922,1715583,3473457,16508370,0.0,5.8,100.0,95,38.71,69,2483,0x0000000000000000
13:26:22,15494,6922,1715583,3473457,16508370,0.0,5.4,100.0,95,38.86,69,2483,0x0000000000000000
13:26:23,15494,6922,1715583,3473457,16508370,0.0,5.5,99.0,95,38.83,69,2483,0x0000000000000000
13:26:24,15495,6922,1715599,3473457,16508388,0.1,5.9,100.0,95,38.83,69,2483,0x0000000000000000
13:26:25,15496,6922,1715603,3473457,16508555,0.7,5.5,80.0,94,38.82,69,2483,0x0000000000000000
13:26:26,15495,6922,1715605,3473457,16508994,1.7,5.0,89.1,91,38.92,68,2476,0x0000000000000000
13:26:27,15493,6922,1715606,3473457,16509467,1.8,5.1,85.9,84,35.68,68,2476,0x0000000000000000
13:26:28,15494,6922,1715606,3473457,16509972,2.0,4.8,88.8,86,35.69,68,2476,0x0000000000000000
13:26:29,15494,6922,1715607,3473457,16510520,2.1,5.3,84.0,85,35.35,68,2476,0x0000000000000000
13:26:30,15496,6922,1715607,3473457,16510970,1.8,5.0,89.1,89,35.45,68,2476,0x0000000000000000
13:26:31,15498,6922,1715609,3473457,16511385,1.6,5.1,89.9,86,35.84,67,2483,0x0000000000000000
13:26:32,15498,6922,1715609,3473457,16511900,2.0,4.8,88.0,75,34.77,67,2470,0x0000000000000000
13:26:33,15498,6922,1715611,3473457,16512304,1.6,4.9,67.7,75,35.25,67,2470,0x0000000000000000
13:26:34,15499,6922,1715611,3473457,16512740,1.7,5.3,49.5,80,35.06,67,2470,0x0000000000000000
13:26:35,15499,6922,1715613,3473457,16513193,1.8,5.0,90.1,79,35.85,67,2470,0x0000000000000000
13:26:36,15499,6922,1715615,3473457,16513541,1.4,5.1,91.0,88,35.40,67,2470,0x0000000000000000
13:26:37,15499,6922,1715615,3473457,16514048,2.0,4.9,79.2,85,35.61,67,2476,0x0000000000000000
13:26:38,15502,6922,1715615,3473457,16514407,1.4,5.0,89.9,80,35.36,66,2483,0x0000000000000000
13:26:39,15503,6922,1715615,3473457,16514810,1.6,5.2,85.0,76,35.40,67,2476,0x0000000000000000
13:26:40,15503,6922,1715617,3473457,16515262,1.8,5.0,89.0,82,35.25,67,2476,0x0000000000000000
