t,memavail_mib,swap_used_mib,pswpin,pswpout,pgmajfault,nvme_read_mib,cpu_pct,cpu_max_core_pct,gpu_util,gpu_w,gpu_c,sm_mhz,throttle
07:06:39,120993,4198,4935120,7872391,14769470,0.1,0.0,0.0,2,5.18,54,383,0x0000000000000000
07:06:39,120852,4198,4935122,7872391,14771049,200.0,2.7,34.6,2,5.12,54,383,0x0000000000000000
07:06:40,120790,4198,4935126,7872391,14771403,58.5,9.3,36.5,2,5.18,53,383,0x0000000000000000
07:06:41,120720,4198,4935126,7872391,14771450,22.9,4.3,59.2,2,5.17,53,390,0x0000000000000000
07:06:42,120691,4198,4935165,7872391,14771673,40.0,4.7,82.3,2,5.14,53,390,0x0000000000000000
07:06:43,120655,4198,4935165,7872391,14772092,56.9,5.1,72.4,2,5.13,53,390,0x0000000000000000
07:06:44,120612,4198,4935165,7872391,14772103,11.0,5.0,87.9,2,5.19,53,383,0x0000000000000000
07:06:45,120590,4198,4935165,7872391,14772133,13.1,4.6,86.3,2,5.32,53,383,0x0000000000000000
07:06:46,120576,4198,4935165,7872391,14772164,15.1,4.3,62.9,2,5.33,53,383,0x0000000000000000
07:06:47,120565,4198,4935165,7872391,14772164,11.2,3.4,55.7,2,5.32,53,383,0x0000000000000000
07:06:48,120529,4198,4935169,7872391,14772198,41.3,4.2,53.6,2,5.33,53,383,0x0000000000000000
07:06:49,120505,4198,4935170,7872391,14772358,30.3,4.4,80.6,2,5.28,52,383,0x0000000000000000
07:06:50,120479,4198,4935196,7872391,14772443,17.4,4.7,83.2,2,5.32,52,383,0x0000000000000000
07:06:51,120433,4198,4935196,7872391,14772591,29.5,10.6,52.9,2,5.31,52,383,0x0000000000000000
07:06:52,120395,4198,4935197,7872391,14772727,24.1,4.5,83.8,2,5.30,52,390,0x0000000000000000
07:06:53,120038,4198,4935197,7872391,14772735,2.7,12.0,58.4,2,5.30,52,383,0x0000000000000000
07:06:54,119942,4198,4935197,7872391,14772735,0.1,5.6,100.0,2,5.27,52,383,0x0000000000000000
07:06:55,119881,4198,4935197,7872391,14772735,0.0,5.6,100.0,2,5.26,52,383,0x0000000000000000
07:06:56,119817,4198,4935197,7872391,14772772,113.3,11.1,56.6,2,5.26,52,390,0x0000000000000000
07:06:57,119791,4198,4935197,7872391,14773274,189.6,4.0,48.5,2,5.29,52,396,0x0000000000000000
07:06:58,119709,4198,4935197,7872391,14773799,71.6,5.2,80.6,2,5.32,52,390,0x0000000000000000
07:06:59,119688,4198,4935198,7872391,14774259,78.2,4.1,71.6,2,5.25,52,390,0x0000000000000000
07:07:00,119160,4198,4935198,7872391,14774274,10.6,16.3,45.5,2,5.24,51,390,0x0000000000000000
07:07:01,118990,4198,4935198,7872391,14775673,114.9,10.6,57.1,2,5.28,51,390,0x0000000000000000
07:07:02,120305,4198,4935207,7872391,14776504,64.0,5.4,67.7,2,5.27,51,390,0x0000000000000000
07:07:03,120238,4198,4935207,7872391,14776504,0.1,5.9,56.1,2,5.31,51,390,0x0000000000000000
07:07:04,119513,4198,4935207,7872391,14776521,15.9,16.6,52.5,2,5.30,51,390,0x0000000000000000
07:07:05,119698,4198,4935207,7872391,14776529,5.2,16.2,57.0,2,5.27,51,390,0x0000000000000000
07:07:06,119546,4198,4935207,7872391,14776529,0.0,5.5,81.8,2,5.21,51,390,0x0000000000000000
07:07:07,119503,4198,4935207,7872391,14776530,0.0,5.5,100.0,2,5.18,51,390,0x0000000000000000
07:07:08,119396,4198,4935207,7872391,14776530,0.0,12.6,99.0,2,5.19,51,390,0x0000000000000000
07:07:09,119304,4198,4935207,7872391,14776530,0.0,5.6,51.0,2,5.21,51,390,0x0000000000000000
07:07:10,118890,4198,4935209,7872391,14776532,0.0,25.4,91.1,2,5.20,51,390,0x0000000000000000
07:07:11,119619,4198,4935209,7872391,14776539,1.8,5.6,49.5,2,5.16,51,390,0x0000000000000000
07:07:12,119411,4198,4935209,7872391,14776539,0.0,5.7,100.0,2,5.14,51,390,0x0000000000000000
07:07:13,119319,4198,4935209,7872391,14776539,0.0,6.2,100.0,2,5.15,50,390,0x0000000000000000
07:07:14,119197,4198,4935209,7872391,14776539,0.1,5.7,99.0,2,5.16,50,390,0x0000000000000000
07:07:15,119092,4198,4935209,7872391,14776539,0.0,5.6,100.0,2,5.16,50,390,0x0000000000000000
07:07:16,119002,4198,4935209,7872391,14776539,0.0,5.6,100.0,2,5.16,50,390,0x0000000000000000
07:07:17,118991,4198,4935209,7872391,14776539,0.0,5.7,100.0,2,5.14,50,390,0x0000000000000000
07:07:18,118644,4198,4935209,7872391,14776545,0.5,12.4,66.3,2,5.14,50,390,0x0000000000000000
07:07:19,118551,4198,4935209,7872391,14776545,0.1,5.5,99.0,2,5.18,50,383,0x0000000000000000
07:07:20,118487,4198,4935223,7872391,14776558,0.1,5.4,98.0,2,5.18,50,390,0x0000000000000000
07:07:21,118423,4198,4935223,7872391,14776558,0.0,11.8,86.0,2,5.17,50,390,0x0000000000000000
07:07:22,118029,4198,4935223,7872391,14776560,0.3,16.8,67.3,2,5.17,50,390,0x0000000000000000
07:07:23,118167,4198,4935223,7872391,14776593,4.9,13.1,77.0,2,5.19,50,390,0x0000000000000000
07:07:24,102241,4198,4935223,7872391,14776793,26.3,6.0,91.9,11,11.63,51,2418,0x0000000000000000
07:07:25,72561,4198,4935223,7872391,14776793,0.0,5.6,100.0,4,11.78,51,2411,0x0000000000000000
07:07:26,42783,4198,4935223,7872391,14776793,0.0,5.6,100.0,4,11.78,51,2411,0x0000000000000000
07:07:27,39319,4198,4935223,7872391,14776805,103.0,5.8,95.0,4,11.77,51,2418,0x0000000000000000
07:07:28,39141,4198,4935223,7872391,14776806,146.8,7.3,93.0,4,12.10,51,2418,0x0000000000000000
07:07:29,39279,4198,4935224,7872391,14776811,141.2,6.6,100.0,4,12.10,51,2418,0x0000000000000000
07:07:30,39107,4198,4935225,7872391,14776812,143.8,6.5,100.0,4,12.10,51,2418,0x0000000000000000
07:07:31,38935,4198,4935225,7872391,14776812,140.0,6.3,100.0,4,12.07,50,2418,0x0000000000000000
07:07:32,39101,4198,4935225,7872391,14776816,139.5,6.4,99.0,4,12.04,50,2418,0x0000000000000000
07:07:33,38928,4198,4935225,7872391,14776817,142.3,7.0,100.0,4,12.07,50,2418,0x0000000000000000
07:07:34,39097,4198,4935225,7872391,14776821,139.5,6.4,100.0,3,12.05,50,2418,0x0000000000000000
07:07:35,38940,4198,4935225,7872391,14776821,141.8,6.3,100.0,4,12.08,50,2418,0x0000000000000000
07:07:36,38763,4198,4935225,7872391,14776821,144.8,6.5,100.0,4,12.06,50,2418,0x0000000000000000
07:07:37,38928,4198,4935225,7872391,14776825,141.4,6.4,100.0,4,12.06,50,2418,0x0000000000000000
07:07:38,38746,4198,4935225,7872391,14776825,147.5,7.0,100.0,4,12.09,50,2418,0x0000000000000000
07:07:39,38903,4198,4935225,7872391,14776830,142.5,6.7,99.0,4,12.06,50,2418,0x0000000000000000
07:07:40,38734,4198,4935225,7872391,14776830,141.8,6.4,100.0,4,12.04,50,2418,0x0000000000000000
07:07:41,38903,4198,4935225,7872391,14776834,127.2,6.4,100.0,4,12.00,50,2418,0x0000000000000000
07:07:42,38747,4198,4935225,7872391,14776834,134.5,6.6,100.0,4,11.95,50,2418,0x0000000000000000
07:07:43,38574,4198,4935225,7872391,14776835,140.6,7.2,100.0,4,12.00,50,2418,0x0000000000000000
07:07:44,38756,4198,4935225,7872391,14776839,126.2,6.7,100.0,4,11.94,50,2418,0x0000000000000000
07:07:45,38608,4198,4935225,7872391,14776839,131.2,6.6,99.0,3,11.93,50,2418,0x0000000000000000
07:07:46,38788,4198,4935225,7872391,14776842,126.0,6.4,100.0,4,11.96,50,2418,0x0000000000000000
07:07:47,38656,4198,4935225,7872391,14776843,125.0,6.5,100.0,4,11.88,50,2418,0x0000000000000000
07:07:48,38518,4198,4935225,7872391,14776844,135.3,7.0,100.0,4,11.96,50,2418,0x0000000000000000
07:07:49,38707,4198,4935225,7872391,14776848,121.9,6.6,100.0,3,11.90,50,2418,0x0000000000000000
07:07:50,38585,4198,4935236,7872391,14776859,130.0,6.7,100.0,4,11.94,50,2418,0x0000000000000000
07:07:51,38449,4198,4935236,7872391,14776860,125.8,6.8,100.0,3,11.88,50,2418,0x0000000000000000
07:07:52,38618,4198,4935236,7872391,14776864,138.0,6.4,99.0,4,11.95,50,2418,0x0000000000000000
07:07:53,38465,4198,4935236,7872391,14776864,141.0,7.1,100.0,3,11.97,50,2418,0x0000000000000000
07:07:54,38638,4198,4935236,7872391,14776868,137.7,6.4,100.0,3,11.94,50,2418,0x0000000000000000
07:07:55,38478,4198,4935236,7872391,14776868,139.0,6.3,100.0,4,11.96,50,2418,0x0000000000000000
07:07:56,38324,4198,4935236,7872391,14776868,139.0,6.4,100.0,3,11.93,50,2418,0x0000000000000000
07:07:57,38489,4198,4935236,7872391,14776872,136.7,6.4,100.0,4,11.90,50,2418,0x0000000000000000
07:07:58,38328,4198,4935236,7872391,14776874,145.1,7.0,100.0,4,11.96,49,2418,0x0000000000000000
07:07:59,38486,4198,4935236,7872391,14776878,140.4,6.6,100.0,4,11.94,49,2418,0x0000000000000000
07:08:00,38327,4198,4935236,7872391,14776878,144.0,6.5,99.0,4,11.95,49,2418,0x0000000000000000
07:08:01,38516,4198,4935236,7872391,14776882,135.7,6.4,100.0,4,11.94,49,2418,0x0000000000000000
07:08:02,38359,4198,4935236,7872391,14776882,141.2,6.5,100.0,4,11.92,49,2418,0x0000000000000000
07:08:03,38205,4198,4935236,7872391,14776885,140.1,6.9,100.0,4,11.95,49,2418,0x0000000000000000
07:08:04,38397,4198,4935236,7872391,14776889,135.0,6.4,100.0,3,11.90,49,2418,0x0000000000000000
07:08:05,38239,4198,4935236,7872391,14776889,137.8,6.2,100.0,4,11.90,49,2418,0x0000000000000000
07:08:06,38426,4198,4935236,7872391,14776893,133.5,6.3,100.0,4,11.87,49,2418,0x0000000000000000
07:08:07,38276,4198,4935236,7872391,14776893,141.0,6.3,100.0,4,11.85,49,2418,0x0000000000000000
07:08:08,38126,4198,4935236,7872391,14776895,140.6,7.2,99.0,4,11.90,49,2418,0x0000000000000000
07:08:09,38303,4198,4935236,7872391,14776899,137.2,6.5,100.0,4,11.87,49,2418,0x0000000000000000
07:08:10,38160,4198,4935236,7872391,14776899,141.2,6.5,100.0,4,11.89,49,2418,0x0000000000000000
07:08:11,38334,4198,4935236,7872391,14776903,138.7,6.4,100.0,3,11.88,49,2418,0x0000000000000000
07:08:12,38166,4198,4935236,7872391,14776904,144.0,6.4,100.0,4,11.90,49,2418,0x0000000000000000
07:08:13,38006,4198,4935236,7872391,14776904,141.1,7.0,100.0,3,11.90,49,2418,0x0000000000000000
07:08:14,38180,4198,4935236,7872391,14776908,136.6,6.3,100.0,4,11.90,49,2418,0x0000000000000000
07:08:15,38027,4198,4935236,7872391,14776908,139.8,6.4,100.0,4,11.88,49,2418,0x0000000000000000
07:08:16,38191,4198,4935236,7872391,14776912,135.0,6.3,99.0,4,11.84,49,2418,0x0000000000000000
07:08:17,38039,4198,4935236,7872391,14776912,142.0,6.3,100.0,4,11.87,49,2418,0x0000000000000000
07:08:18,38235,4198,4935236,7872391,14776916,139.9,6.9,100.0,4,11.89,49,2418,0x0000000000000000
07:08:19,38079,4198,4935236,7872391,14776916,143.8,6.5,100.0,4,11.84,49,2418,0x0000000000000000
07:08:20,37922,4198,4935250,7872391,14776930,140.1,6.5,100.0,4,11.87,49,2418,0x0000000000000000
07:08:21,38114,4198,4935250,7872391,14776934,138.7,6.4,100.0,4,11.81,49,2418,0x0000000000000000
07:08:22,37958,4198,4935250,7872391,14776934,139.8,6.3,100.0,4,11.82,49,2418,0x0000000000000000
07:08:23,38119,4198,4935254,7872391,14776946,142.2,7.1,100.0,4,11.84,49,2418,0x0000000000000000
07:08:24,37962,4198,4935254,7872391,14776946,141.8,6.2,100.0,4,11.82,49,2418,0x0000000000000000
07:08:25,37806,4198,4935254,7872391,14776946,142.2,6.3,99.0,4,11.81,49,2418,0x0000000000000000
07:08:26,37987,4198,4935254,7872391,14776950,138.2,6.4,100.0,4,11.81,49,2418,0x0000000000000000
07:08:27,37826,4198,4935254,7872391,14776950,144.0,6.5,100.0,3,11.80,48,2418,0x0000000000000000
07:08:28,38007,4198,4935254,7872391,14776954,139.7,6.9,100.0,4,11.79,48,2418,0x0000000000000000
07:08:29,37852,4198,4935254,7872391,14776954,141.5,6.5,100.0,4,11.81,48,2418,0x0000000000000000
07:08:30,38030,4198,4935254,7872391,14776958,134.9,6.3,100.0,4,11.79,48,2418,0x0000000000000000
07:08:31,37879,4198,4935254,7872391,14776958,136.5,6.3,100.0,4,11.79,48,2418,0x0000000000000000
07:08:32,37737,4198,4935254,7872391,14776958,126.0,6.5,100.0,4,11.76,48,2418,0x0000000000000000
07:08:33,37933,4198,4935254,7872391,14776962,126.5,7.0,99.0,4,11.76,48,2418,0x0000000000000000
07:08:34,37793,4198,4935254,7872391,14776962,121.8,6.6,100.0,4,11.74,48,2418,0x0000000000000000
07:08:35,37655,4198,4935254,7872391,14776962,125.5,6.5,100.0,4,11.72,48,2418,0x0000000000000000
07:08:36,37840,4198,4935254,7872391,14776966,124.0,6.8,100.0,3,11.70,48,2418,0x0000000000000000
07:08:37,37709,4198,4935254,7872391,14776966,122.8,6.4,100.0,3,11.67,48,2418,0x0000000000000000
07:08:38,37903,4198,4935255,7872391,14776971,125.6,6.9,100.0,3,11.72,48,2418,0x0000000000000000
07:08:39,37773,4197,4935255,7872391,14776971,123.6,6.5,100.0,4,11.70,48,2418,0x0000000000000000
07:08:40,37644,4197,4935255,7872391,14776971,124.5,6.5,100.0,3,11.66,48,2418,0x0000000000000000
07:08:41,37844,4197,4935255,7872391,14776975,117.2,6.5,99.0,3,11.68,48,2418,0x0000000000000000
07:08:42,37721,4197,4935255,7872391,14776975,121.8,6.4,100.0,3,11.67,48,2418,0x0000000000000000
07:08:43,37555,4197,4935255,7872391,14776975,140.5,7.0,100.0,4,11.76,48,2418,0x0000000000000000
07:08:44,37748,4197,4935255,7872391,14776981,135.3,6.5,100.0,4,11.75,48,2418,0x0000000000000000
07:08:45,37601,4197,4935255,7872391,14776981,137.2,6.3,100.0,4,11.76,48,2418,0x0000000000000000
07:08:46,37785,4197,4935255,7872391,14776985,133.2,6.4,100.0,3,11.74,48,2418,0x0000000000000000
07:08:47,37634,4197,4935255,7872391,14776985,142.0,6.5,100.0,4,11.79,48,2418,0x0000000000000000
07:08:48,37463,4197,4935255,7872391,14776985,145.5,6.9,100.0,4,11.74,48,2418,0x0000000000000000
07:08:49,37634,4197,4935258,7872391,14776990,136.5,6.5,99.0,4,11.72,48,2418,0x0000000000000000
07:08:50,37491,4197,4935265,7872391,14776997,138.8,6.4,100.0,4,11.74,48,2418,0x0000000000000000
07:08:51,37703,4197,4935265,7872391,14777001,135.4,6.4,100.0,3,11.73,48,2418,0x0000000000000000
07:08:52,37555,4197,4935265,7872391,14777001,144.8,6.5,100.0,4,11.75,48,2418,0x0000000000000000
07:08:53,37401,4197,4935265,7872391,14777001,136.0,7.0,100.0,4,11.67,48,2418,0x0000000000000000
07:08:54,37597,4197,4935265,7872391,14777005,127.6,6.8,100.0,3,11.67,48,2418,0x0000000000000000
07:08:55,37446,4197,4935265,7872391,14777005,131.5,6.6,100.0,4,11.63,48,2418,0x0000000000000000
07:08:56,37629,4197,4935265,7872391,14777009,136.7,6.8,99.0,4,11.69,48,2418,0x0000000000000000
07:08:57,37500,4197,4935265,7872391,14777009,141.5,6.4,100.0,4,11.69,48,2418,0x0000000000000000
07:08:58,37377,4197,4935265,7872391,14777010,145.1,7.0,100.0,4,11.73,48,2418,0x0000000000000000
07:08:59,37566,4197,4935265,7872391,14777014,137.9,6.4,100.0,4,11.69,47,2418,0x0000000000000000
07:09:00,37429,4197,4935265,7872391,14777014,139.2,6.2,100.0,4,11.71,47,2418,0x0000000000000000
07:09:01,37632,4197,4935265,7872391,14777018,135.7,6.4,100.0,4,11.68,47,2418,0x0000000000000000
07:09:02,37493,4197,4935265,7872391,14777018,141.0,6.4,100.0,4,11.69,47,2418,0x0000000000000000
07:09:03,37703,4197,4935266,7872391,14777024,136.8,7.0,100.0,4,11.70,47,2418,0x0000000000000000
07:09:04,37614,4197,4935266,7872391,14777024,138.2,6.3,99.0,3,11.67,47,2418,0x0000000000000000
07:09:05,37486,4197,4935266,7872391,14777024,136.8,6.3,100.0,3,11.69,47,2418,0x0000000000000000
07:09:06,37717,4197,4935266,7872391,14777028,135.7,6.6,100.0,4,11.65,47,2418,0x0000000000000000
07:09:07,37573,4197,4935266,7872391,14777028,137.0,6.4,100.0,4,11.70,47,2418,0x0000000000000000
07:09:08,37773,4197,4935267,7872391,14777033,139.7,7.0,100.0,3,11.66,47,2418,0x0000000000000000
07:09:09,37658,4197,4935267,7872391,14777033,141.0,6.5,100.0,4,11.66,47,2418,0x0000000000000000
07:09:10,37532,4197,4935267,7872391,14777033,139.0,6.6,100.0,3,11.65,47,2418,0x0000000000000000
07:09:11,37751,4197,4935267,7872391,14777037,134.9,6.5,100.0,3,11.62,47,2418,0x0000000000000000
07:09:12,37649,4197,4935267,7872391,14777037,136.8,6.4,100.0,4,11.65,47,2418,0x0000000000000000
07:09:13,37851,4197,4935267,7872391,14777043,137.3,7.2,100.0,4,11.66,47,2418,0x0000000000000000
07:09:14,37702,4197,4935267,7872391,14777043,139.5,6.2,99.0,4,11.64,47,2418,0x0000000000000000
07:09:15,37564,4197,4935267,7872391,14777043,137.0,6.2,100.0,4,11.67,47,2418,0x0000000000000000
07:09:16,37743,4197,4935267,7872391,14777047,133.0,6.3,100.0,4,11.65,47,2418,0x0000000000000000
07:09:17,37611,4197,4935267,7872391,14777048,139.8,6.4,100.0,4,11.61,47,2418,0x0000000000000000
07:09:18,37809,4197,4935267,7872391,14777054,137.8,7.0,100.0,4,11.61,47,2418,0x0000000000000000
07:09:19,37676,4197,4935268,7872391,14777056,143.1,6.5,100.0,4,11.63,47,2418,0x0000000000000000
07:09:20,37573,4197,4935279,7872391,14777067,138.0,6.5,100.0,4,11.64,47,2418,0x0000000000000000
07:09:21,37786,4197,4935279,7872391,14777071,135.5,6.3,100.0,4,11.64,47,2418,0x0000000000000000
07:09:22,37668,4197,4935279,7872391,14777071,141.2,6.4,100.0,4,11.60,47,2418,0x0000000000000000
07:09:23,37875,4197,4935279,7872391,14777077,137.8,7.2,99.0,4,11.62,47,2418,0x0000000000000000
07:09:24,37722,4197,4935279,7872391,14777077,139.8,6.4,100.0,4,11.66,47,2418,0x0000000000000000
07:09:25,37934,4197,4935279,7872391,14777081,134.8,6.3,100.0,4,11.62,47,2418,0x0000000000000000
07:09:26,37809,4197,4935279,7872391,14777081,139.6,6.5,100.0,4,11.60,47,2418,0x0000000000000000
07:09:27,37689,4197,4935279,7872391,14777081,138.5,6.4,100.0,3,11.60,47,2418,0x0000000000000000
07:09:28,37893,4197,4935279,7872391,14777087,140.5,7.3,100.0,4,11.58,47,2418,0x0000000000000000
07:09:29,37784,4197,4935279,7872391,14777087,138.5,6.5,100.0,4,11.58,47,2418,0x0000000000000000
07:09:30,37993,4197,4935279,7872391,14777091,134.2,6.4,100.0,4,11.60,47,2418,0x0000000000000000
07:09:31,37866,4197,4935279,7872391,14777091,140.8,6.4,100.0,4,11.57,47,2418,0x0000000000000000
07:09:32,37748,4197,4935279,7872391,14777091,138.2,6.3,100.0,4,11.57,47,2418,0x0000000000000000
07:09:33,37950,4197,4935279,7872391,14777096,140.0,7.0,99.0,4,11.57,47,2418,0x0000000000000000
07:09:34,37789,4197,4935279,7872391,14777096,140.8,6.4,100.0,4,11.55,47,2418,0x0000000000000000
07:09:35,37977,4197,4935279,7872391,14777100,135.9,6.3,100.0,4,11.55,47,2418,0x0000000000000000
07:09:36,37840,4197,4935280,7872391,14777101,138.3,6.6,100.0,4,11.57,47,2418,0x0000000000000000
07:09:37,37711,4197,4935280,7872391,14777101,139.5,6.3,100.0,4,11.57,47,2418,0x0000000000000000
07:09:38,37909,4197,4935280,7872391,14777106,139.0,7.1,100.0,3,11.55,46,2418,0x0000000000000000
07:09:39,37771,4197,4935280,7872391,14777106,142.5,6.7,100.0,4,11.58,46,2418,0x0000000000000000
07:09:40,37978,4197,4935280,7872391,14777110,135.2,6.4,100.0,4,11.55,46,2418,0x0000000000000000
07:09:41,37851,4197,4935280,7872391,14777110,140.8,6.4,99.0,4,11.59,46,2418,0x0000000000000000
07:09:42,38058,4197,4935280,7872391,14777112,134.9,6.6,100.0,4,11.53,46,2418,0x0000000000000000
07:09:43,37908,4197,4935280,7872391,14777115,144.6,7.3,100.0,4,11.54,46,2418,0x0000000000000000
07:09:44,37787,4197,4935280,7872391,14777115,141.5,6.4,100.0,3,11.52,46,2418,0x0000000000000000
07:09:45,38003,4197,4935280,7872391,14777119,135.9,6.5,100.0,4,11.50,46,2418,0x0000000000000000
07:09:46,37879,4197,4935280,7872391,14777120,141.0,6.6,100.0,4,11.56,46,2418,0x0000000000000000
07:09:47,38075,4197,4935280,7872391,14777124,136.2,6.4,100.0,4,11.53,46,2418,0x0000000000000000
07:09:48,37951,4197,4935280,7872391,14777124,141.5,7.2,100.0,3,11.55,46,2418,0x0000000000000000
07:09:49,37829,4197,4935281,7872391,14777125,140.8,6.7,100.0,4,11.54,46,2418,0x0000000000000000
07:09:50,38037,4197,4935288,7872391,14777137,137.8,6.5,99.0,4,11.53,46,2418,0x0000000000000000
07:09:51,37912,4197,4935288,7872391,14777137,140.0,6.4,100.0,4,11.56,46,2418,0x0000000000000000
07:09:52,38120,4197,4935288,7872391,14777141,135.2,6.4,100.0,3,11.52,46,2418,0x0000000000000000
07:09:53,37957,4197,4935288,7872391,14777142,141.5,7.2,100.0,3,11.54,46,2418,0x0000000000000000
07:09:54,37818,4197,4935288,7872391,14777142,124.0,6.7,100.0,4,11.43,46,2418,0x0000000000000000
07:09:55,38015,4197,4935288,7872391,14777146,122.5,6.4,100.0,3,11.45,46,2418,0x0000000000000000
07:09:56,37864,4197,4935288,7872391,14777146,129.0,6.5,100.0,3,11.46,46,2418,0x0000000000000000
07:09:57,38053,4197,4935288,7872391,14777150,126.7,6.7,99.0,4,11.44,46,2418,0x0000000000000000
07:09:58,37898,4197,4935288,7872391,14777150,133.5,7.2,100.0,4,11.49,46,2418,0x0000000000000000
07:09:59,37737,4197,4935288,7872391,14777150,133.5,6.5,100.0,4,11.53,46,2418,0x0000000000000000
07:10:00,37927,4197,4935288,7872391,14777154,123.0,6.5,100.0,4,11.46,46,2418,0x0000000000000000
07:10:01,37794,4197,4935288,7872391,14777154,130.2,6.8,100.0,4,11.49,46,2418,0x0000000000000000
07:10:02,37641,4197,4935288,7872391,14777154,130.0,6.5,100.0,4,11.47,46,2418,0x0000000000000000
07:10:03,37834,4197,4935288,7872391,14777158,135.9,7.2,100.0,3,11.49,46,2418,0x0000000000000000
07:10:04,37672,4197,4935288,7872391,14777158,134.8,6.6,100.0,4,11.51,46,2418,0x0000000000000000
07:10:05,37855,4197,4935288,7872391,14777162,128.5,6.7,99.0,3,11.45,46,2418,0x0000000000000000
07:10:06,37712,4197,4935288,7872391,14777162,130.5,6.6,100.0,3,11.45,46,2418,0x0000000000000000
07:10:07,37553,4197,4935288,7872391,14777162,130.8,6.5,100.0,3,11.44,46,2418,0x0000000000000000
07:10:08,37743,4197,4935288,7872391,14777166,130.5,7.1,100.0,4,11.46,46,2418,0x0000000000000000
07:10:09,37580,4197,4935288,7872391,14777167,132.6,6.7,100.0,3,11.44,46,2418,0x0000000000000000
07:10:10,37766,4197,4935288,7872391,14777171,126.2,6.5,100.0,4,11.39,46,2418,0x0000000000000000
07:10:11,37622,4197,4935288,7872391,14777171,131.5,7.0,100.0,3,11.41,46,2418,0x0000000000000000
07:10:12,37473,4197,4935288,7872391,14777171,129.5,6.5,100.0,4,11.41,46,2418,0x0000000000000000
07:10:13,37660,4197,4935288,7872391,14777175,128.2,7.4,99.0,4,11.42,46,2418,0x0000000000000000
07:10:14,37504,4197,4935288,7872391,14777175,134.5,6.5,100.0,4,11.44,46,2418,0x0000000000000000
07:10:15,37701,4197,4935288,7872391,14777177,128.4,6.6,100.0,4,11.44,46,2418,0x0000000000000000
07:10:16,37557,4197,4935288,7872391,14777179,131.1,6.6,100.0,4,11.38,46,2418,0x0000000000000000
07:10:17,37396,4197,4935288,7872391,14777179,133.0,6.6,100.0,3,11.40,46,2418,0x0000000000000000
07:10:18,37582,4197,4935288,7872391,14777183,130.5,7.4,100.0,3,11.39,46,2418,0x0000000000000000
07:10:19,37442,4197,4935288,7872391,14777183,126.0,6.5,100.0,3,11.35,46,2418,0x0000000000000000
07:10:20,37293,4197,4935293,7872391,14777188,133.0,6.6,100.0,3,11.42,46,2418,0x0000000000000000
07:10:21,37484,4197,4935293,7872391,14777192,123.9,6.8,100.0,4,11.40,45,2418,0x0000000000000000
07:10:22,37335,4197,4935293,7872391,14777192,128.5,6.6,100.0,4,11.38,45,2418,0x0000000000000000
07:10:23,37540,4197,4935294,7872391,14777197,128.7,7.2,99.0,3,11.40,45,2418,0x0000000000000000
07:10:24,37403,4197,4935294,7872391,14777197,133.2,6.6,100.0,3,11.38,45,2411,0x0000000000000000
07:10:25,37258,4197,4935294,7872391,14777197,129.5,6.6,100.0,3,11.42,45,2418,0x0000000000000000
07:10:26,37459,4197,4935294,7872391,14777201,126.7,6.6,100.0,3,11.39,45,2418,0x0000000000000000
07:10:27,37310,4197,4935294,7872391,14777201,132.5,6.3,100.0,3,11.37,45,2418,0x0000000000000000
07:10:28,37490,4197,4935294,7872391,14777203,132.7,7.3,100.0,4,11.42,45,2418,0x0000000000000000
07:10:29,37336,4197,4935301,7872391,14777208,134.5,6.9,100.0,4,11.40,45,2418,0x0000000000000000
07:10:30,37193,4197,4935301,7872391,14777208,130.0,6.5,100.0,3,11.36,45,2418,0x0000000000000000
07:10:31,37400,4197,4935301,7872391,14777212,120.7,6.3,100.0,3,11.35,45,2418,0x0000000000000000
07:10:32,37266,4197,4935301,7872391,14777212,124.0,6.4,99.0,3,11.36,45,2418,0x0000000000000000
07:10:33,37117,4197,4935301,7872391,14777212,148.0,7.0,100.0,4,11.43,45,2418,0x0000000000000000
07:10:34,37314,4197,4935301,7872391,14777216,133.9,6.5,100.0,3,11.36,45,2418,0x0000000000000000
07:10:35,37161,4197,4935301,7872391,14777216,141.0,6.2,100.0,4,11.41,45,2418,0x0000000000000000
07:10:36,37345,4197,4935301,7872391,14777220,136.7,6.5,100.0,4,11.39,45,2418,0x0000000000000000
07:10:37,37199,4197,4935301,7872391,14777220,139.8,6.4,100.0,3,11.39,45,2418,0x0000000000000000
07:10:38,37039,4197,4935301,7872391,14777221,140.1,7.0,100.0,4,11.43,45,2418,0x0000000000000000
07:10:39,37232,4197,4935301,7872391,14777226,138.4,6.6,100.0,4,11.41,45,2418,0x0000000000000000
07:10:40,37071,4197,4935301,7872391,14777226,138.5,6.4,99.0,4,11.36,45,2418,0x0000000000000000
07:10:41,37248,4197,4935301,7872391,14777230,133.7,6.2,100.0,3,11.36,45,2418,0x0000000000000000
07:10:42,37101,4197,4935301,7872391,14777230,138.5,6.3,100.0,3,11.36,45,2418,0x0000000000000000
07:10:43,37273,4197,4935301,7872391,14777234,139.4,6.9,100.0,3,11.41,45,2418,0x0000000000000000
07:10:44,37132,4197,4935301,7872391,14777234,141.0,6.4,100.0,4,11.37,45,2418,0x0000000000000000
07:10:45,36990,4197,4935301,7872391,14777234,138.5,6.5,100.0,4,11.37,45,2418,0x0000000000000000
07:10:46,37179,4197,4935301,7872391,14777238,139.5,6.4,100.0,3,11.39,45,2418,0x0000000000000000
07:10:47,37040,4197,4935301,7872391,14777238,140.5,6.4,100.0,4,11.38,45,2418,0x0000000000000000
07:10:48,37240,4197,4935301,7872391,14777242,139.2,6.9,100.0,3,11.38,45,2418,0x0000000000000000
07:10:49,37104,4197,4935303,7872391,14777243,141.5,6.5,100.0,3,11.41,45,2418,0x0000000000000000
07:10:50,36961,4197,4935321,7872391,14777257,141.8,6.5,99.0,4,11.37,45,2418,0x0000000000000000
07:10:51,37165,4197,4935321,7872391,14777261,135.7,6.4,100.0,4,11.34,45,2418,0x0000000000000000
07:10:52,37013,4197,4935321,7872391,14777261,139.5,6.4,100.0,3,11.36,45,2418,0x0000000000000000
07:10:53,37213,4197,4935321,7872391,14777265,137.2,7.2,100.0,3,11.37,45,2418,0x0000000000000000
07:10:54,37093,4197,4935321,7872391,14777265,142.0,6.6,100.0,3,11.37,45,2418,0x0000000000000000
07:10:55,37299,4197,4935321,7872391,14777268,140.2,6.4,100.0,4,11.38,45,2418,0x0000000000000000
07:10:56,37178,4197,4935321,7872391,14777270,140.6,6.4,100.0,4,11.38,45,2418,0x0000000000000000
07:10:57,37040,4197,4935321,7872391,14777270,140.0,6.3,99.0,3,11.35,45,2418,0x0000000000000000
07:10:58,37218,4197,4935321,7872391,14777274,137.5,6.9,100.0,4,11.36,45,2418,0x0000000000000000
07:10:59,37077,4197,4935321,7872391,14777274,143.2,6.5,100.0,3,11.38,45,2418,0x0000000000000000
07:11:00,37272,4197,4935321,7872391,14777278,135.7,6.2,100.0,3,11.38,45,2418,0x0000000000000000
07:11:01,37158,4197,4935321,7872391,14777278,142.5,6.7,100.0,4,11.38,45,2418,0x0000000000000000
07:11:02,37031,4197,4935321,7872391,14777279,141.5,6.3,100.0,4,11.36,45,2418,0x0000000000000000
07:11:03,37240,4197,4935321,7872391,14777283,138.7,7.0,100.0,3,11.37,45,2418,0x0000000000000000
07:11:04,37110,4197,4935321,7872391,14777283,140.0,6.4,100.0,3,11.38,45,2418,0x0000000000000000
07:11:05,37325,4197,4935321,7872391,14777287,124.7,6.4,100.0,3,11.33,45,2418,0x0000000000000000
07:11:06,37205,4197,4935321,7872391,14777287,129.2,7.0,100.0,3,11.30,45,2418,0x0000000000000000
07:11:07,37081,4197,4935321,7872391,14777287,120.0,6.6,99.0,3,11.28,45,2418,0x0000000000000000
07:11:08,37284,4197,4935321,7872391,14777291,127.7,7.3,100.0,3,11.28,45,2418,0x0000000000000000
07:11:09,37144,4197,4935321,7872391,14777291,131.2,6.7,100.0,3,11.31,45,2418,0x0000000000000000
07:11:10,37005,4197,4935321,7872391,14777291,130.1,6.6,100.0,3,11.32,45,2418,0x0000000000000000
07:11:11,37200,4197,4935322,7872391,14777296,129.4,6.7,100.0,3,11.31,45,2418,0x0000000000000000
07:11:12,37064,4197,4935322,7872391,14777296,129.2,6.6,100.0,3,11.30,45,2418,0x0000000000000000
07:11:13,37239,4197,4935322,7872391,14777300,132.2,7.3,100.0,4,11.32,45,2418,0x0000000000000000
07:11:14,37105,4197,4935322,7872391,14777300,129.5,6.7,100.0,3,11.27,45,2418,0x0000000000000000
07:11:15,36963,4197,4935322,7872391,14777300,128.5,6.5,100.0,3,11.27,44,2418,0x0000000000000000
07:11:16,37171,4197,4935322,7872391,14777304,125.7,6.8,100.0,3,11.28,44,2418,0x0000000000000000
07:11:17,37021,4197,4935322,7872391,14777305,127.0,6.5,99.0,3,11.25,44,2418,0x0000000000000000
07:11:18,37209,4197,4935322,7872391,14777309,137.7,7.0,100.0,4,11.34,44,2418,0x0000000000000000
07:11:19,37054,4197,4935322,7872391,14777309,143.2,6.5,100.0,3,11.35,44,2418,0x0000000000000000
07:11:20,36898,4197,4935329,7872391,14777316,138.5,6.5,100.0,3,11.34,44,2418,0x0000000000000000
07:11:21,37096,4197,4935329,7872391,14777320,134.0,6.3,100.0,4,11.32,44,2418,0x0000000000000000
07:11:22,36962,4197,4935329,7872391,14777320,137.5,6.4,100.0,3,11.31,44,2418,0x0000000000000000
07:11:23,37161,4197,4935329,7872391,14777324,136.7,7.0,100.0,3,11.35,44,2418,0x0000000000000000
07:11:24,37054,4197,4935329,7872391,14777324,137.5,6.5,100.0,4,11.34,44,2418,0x0000000000000000
07:11:25,36956,4197,4935329,7872391,14777324,138.0,6.5,100.0,3,11.32,44,2418,0x0000000000000000
07:11:26,37182,4197,4935329,7872391,14777328,133.9,6.4,99.0,3,11.27,44,2418,0x0000000000000000
07:11:27,37070,4197,4935329,7872391,14777328,138.0,6.3,100.0,3,11.32,44,2418,0x0000000000000000
07:11:28,37300,4197,4935329,7872391,14777332,139.2,7.1,100.0,3,11.32,44,2418,0x0000000000000000
07:11:29,37182,4197,4935330,7872391,14777333,137.8,6.4,100.0,4,11.33,44,2418,0x0000000000000000
07:11:30,37064,4197,4935330,7872391,14777333,137.2,6.4,100.0,3,11.31,44,2418,0x0000000000000000
07:11:31,37256,4197,4935330,7872391,14777337,135.9,6.5,100.0,3,11.31,44,2418,0x0000000000000000
07:11:32,37115,4197,4935330,7872391,14777337,138.0,6.4,100.0,3,11.33,44,2418,0x0000000000000000
07:11:33,37307,4197,4935330,7872391,14777341,135.7,6.9,99.0,3,11.35,44,2418,0x0000000000000000
07:11:34,37186,4197,4935330,7872391,14777341,138.0,6.4,100.0,3,11.31,44,2418,0x0000000000000000
07:11:35,37045,4197,4935330,7872391,14777341,138.1,6.4,100.0,4,11.31,44,2418,0x0000000000000000
07:11:36,37283,4197,4935331,7872391,14777346,135.8,6.5,100.0,3,11.30,44,2418,0x0000000000000000
07:11:37,37171,4197,4935331,7872391,14777346,137.8,6.4,100.0,3,11.29,44,2418,0x0000000000000000
07:11:38,37384,4197,4935331,7872391,14777351,137.2,7.1,100.0,3,11.31,44,2418,0x0000000000000000
07:11:39,37243,4197,4935331,7872391,14777351,142.0,6.7,100.0,4,11.31,44,2418,0x0000000000000000
07:11:40,37441,4197,4935331,7872391,14777354,132.5,6.4,100.0,3,11.32,44,2418,0x0000000000000000
07:11:41,37309,4197,4935331,7872391,14777355,138.0,6.5,100.0,3,11.29,44,2418,0x0000000000000000
07:11:42,37182,4197,4935331,7872391,14777355,137.0,6.3,99.0,3,11.34,44,2418,0x0000000000000000
07:11:43,37413,4197,4935331,7872391,14777359,136.7,7.1,100.0,4,11.33,44,2418,0x0000000000000000
07:11:44,37289,4197,4935331,7872391,14777359,138.5,6.5,100.0,3,11.31,44,2418,0x0000000000000000
07:11:45,39741,4197,4935331,7872391,14777363,134.2,6.5,100.0,3,11.31,44,2418,0x0000000000000000
07:11:46,39569,4197,4935331,7872391,14777363,141.8,6.4,100.0,3,11.34,44,2418,0x0000000000000000
07:11:47,39400,4197,4935331,7872391,14777363,138.0,6.2,100.0,3,11.30,44,2411,0x0000000000000000
07:11:48,39541,4197,4935331,7872391,14777369,137.7,7.2,100.0,3,11.27,44,2418,0x0000000000000000
07:11:49,39355,4197,4935331,7872391,14777369,142.0,6.6,100.0,3,11.30,44,2418,0x0000000000000000
07:11:50,39516,4197,4935338,7872391,14777380,136.0,6.4,99.0,3,11.31,44,2418,0x0000000000000000
07:11:51,39348,4197,4935338,7872391,14777380,138.2,6.3,100.0,3,11.33,44,2418,0x0000000000000000
07:11:52,39178,4197,4935338,7872391,14777380,135.2,6.3,100.0,3,11.27,44,2418,0x0000000000000000
07:11:53,39342,4197,4935338,7872391,14777384,134.9,7.0,100.0,3,11.29,44,2418,0x0000000000000000
07:11:54,39173,4197,4935338,7872391,14777384,138.5,6.4,100.0,3,11.28,44,2418,0x0000000000000000
07:11:55,39338,4197,4935338,7872391,14777388,133.2,6.4,100.0,3,11.24,44,2418,0x0000000000000000
07:11:56,39168,4197,4935338,7872391,14777388,139.5,6.6,100.0,3,11.26,44,2411,0x0000000000000000
07:11:57,38997,4197,4935338,7872391,14777388,138.0,6.4,100.0,3,11.28,44,2418,0x0000000000000000
07:11:58,39157,4197,4935338,7872391,14777392,136.7,7.1,99.0,3,11.26,44,2418,0x0000000000000000
07:11:59,39508,4197,4935338,7872391,14777392,139.5,6.8,100.0,4,11.33,44,2418,0x0000000000000000
07:12:00,39741,4197,4935338,7872391,14777396,133.2,6.6,100.0,3,11.30,44,2418,0x0000000000000000
07:12:02,39618,4197,4935338,7873893,14777469,141.9,7.7,100.0,3,11.30,44,2418,0x0000000000000000
07:12:03,39473,4198,4935339,7875025,14777491,133.0,7.2,100.0,3,11.40,44,2418,0x0000000000000000
07:12:04,39604,4198,4935396,7875025,14777628,143.6,7.8,100.0,3,11.31,44,2418,0x0000000000000000
07:12:05,39434,4198,4935403,7875025,14777637,138.9,6.5,100.0,3,11.29,44,2418,0x0000000000000000
07:12:06,39610,4198,4935403,7875025,14777641,131.2,6.4,99.0,3,11.24,44,2418,0x0000000000000000
07:12:07,39428,4198,4935420,7875025,14777784,148.1,6.5,100.0,3,11.30,44,2418,0x0000000000000000
07:12:08,39251,4198,4935420,7875025,14777785,137.6,6.3,100.0,4,11.27,44,2418,0x0000000000000000
07:12:09,39396,4198,4935420,7875025,14777822,139.2,7.5,100.0,3,11.24,44,2418,0x0000000000000000
07:12:10,39227,4198,4935420,7875025,14777863,142.0,6.5,100.0,4,11.31,44,2418,0x0000000000000000
07:12:11,39398,4198,4935420,7875025,14777890,132.8,6.4,100.0,3,11.26,44,2411,0x0000000000000000
07:12:12,39249,4198,4935422,7875061,14777938,146.3,7.0,100.0,4,11.26,44,2418,0x0000000000000000
07:12:13,39079,4198,4935422,7875061,14777938,135.0,6.4,100.0,3,11.23,44,2418,0x0000000000000000
07:12:14,39606,4198,4935422,7875145,14777945,134.9,7.1,99.0,3,11.26,44,2418,0x0000000000000000
07:12:15,39432,4198,4935422,7875145,14777945,139.0,6.4,100.0,3,11.22,44,2418,0x0000000000000000
07:12:16,39669,4198,4935422,7875145,14777949,132.7,6.4,100.0,4,11.21,44,2418,0x0000000000000000
07:12:17,39501,4198,4935422,7875145,14777949,138.2,6.4,100.0,3,11.23,44,2418,0x0000000000000000
07:12:18,39404,4198,4935422,7875345,14777949,136.1,6.4,100.0,3,11.24,44,2418,0x0000000000000000
07:12:19,39570,4198,4935422,7875345,14777956,136.0,7.2,100.0,3,11.28,44,2418,0x0000000000000000
07:12:20,39403,4199,4935422,7875547,14777980,141.8,6.5,100.0,3,11.29,44,2418,0x0000000000000000
07:12:21,39572,4199,4935440,7875547,14778011,133.1,6.4,99.0,4,11.28,44,2418,0x0000000000000000
07:12:22,39510,4199,4935440,7875590,14778014,138.7,6.5,100.0,4,11.27,44,2418,0x0000000000000000
07:12:23,39672,4199,4935440,7875590,14778035,135.7,6.4,100.0,4,11.27,44,2418,0x0000000000000000
07:12:24,39500,4199,4935441,7875590,14778039,140.9,7.2,100.0,3,11.27,44,2418,0x0000000000000000
07:12:25,39369,4199,4935441,7875590,14778039,138.0,6.4,100.0,3,11.26,44,2418,0x0000000000000000
07:12:26,39537,4199,4935441,7875590,14778043,132.2,6.3,100.0,3,11.24,44,2418,0x0000000000000000
07:12:27,39479,4199,4935441,7875659,14778053,140.0,6.5,100.0,3,11.27,44,2418,0x0000000000000000
07:12:28,39640,4199,4935441,7875659,14778057,133.7,6.4,99.0,3,11.27,44,2418,0x0000000000000000
07:12:29,39528,4199,4935442,7875741,14778062,141.6,7.2,100.0,3,11.26,44,2418,0x0000000000000000
07:12:30,39357,4199,4935442,7875741,14778262,159.7,6.6,100.0,3,11.27,44,2418,0x0000000000000000
07:12:31,39607,4199,4935442,7875830,14778266,134.7,6.5,69.3,3,11.24,44,2418,0x0000000000000000
07:12:32,39433,4199,4935442,7875830,14778301,141.2,6.4,100.0,3,11.25,44,2418,0x0000000000000000
07:12:33,39684,4199,4935468,7875879,14778315,129.1,6.3,81.0,3,11.22,44,2418,0x0000000000000000
07:12:34,39514,4199,4935468,7875879,14778333,130.2,7.4,100.0,3,11.22,44,2418,0x0000000000000000
07:12:35,39436,4199,4935468,7875955,14778333,120.5,6.8,100.0,3,11.24,44,2418,0x0000000000000000
07:12:36,39627,4199,4935468,7875955,14778337,113.7,6.6,100.0,3,11.18,44,2418,0x0000000000000000
07:12:37,39475,4199,4935646,7875955,14778506,125.6,7.0,100.0,3,11.20,44,2418,0x0000000000000000
07:12:38,39393,4199,4935646,7875959,14778540,127.1,6.6,100.0,3,11.20,44,2418,0x0000000000000000
07:12:39,39567,4199,4935648,7875959,14778546,124.7,7.3,99.0,3,11.22,44,2418,0x0000000000000000
07:12:40,39531,4199,4935656,7876100,14778603,131.5,7.1,100.0,4,11.19,44,2411,0x0000000000000000
07:12:41,39377,4199,4935656,7876100,14778607,124.1,6.6,100.0,3,11.19,44,2418,0x0000000000000000
07:12:42,39568,4199,4935659,7876100,14778614,113.5,6.5,100.0,3,11.17,44,2418,0x0000000000000000
07:12:43,39492,4199,4935659,7876104,14778614,117.2,6.7,100.0,3,11.14,44,2418,0x0000000000000000
07:12:44,39647,4199,4935660,7876104,14778685,136.1,7.3,100.0,3,11.21,44,2418,0x0000000000000000
07:12:45,39501,4199,4935660,7876108,14778699,127.2,6.7,100.0,3,11.21,44,2418,0x0000000000000000
07:12:46,39358,4199,4935660,7876108,14778699,117.0,6.7,100.0,3,11.15,44,2411,0x0000000000000000
07:12:47,39544,4199,4935660,7876108,14778703,115.7,6.6,99.0,2,11.16,44,2418,0x0000000000000000
07:12:48,39399,4199,4935660,7876108,14778703,118.2,6.7,100.0,3,11.17,44,2418,0x0000000000000000
07:12:49,39224,4199,4935661,7876108,14778705,132.8,7.4,100.0,3,11.20,44,2411,0x0000000000000000
07:12:50,39417,4199,4935661,7876108,14778711,121.0,6.8,100.0,3,11.18,44,2418,0x0000000000000000
07:12:51,39265,4199,4935673,7876108,14778723,125.3,6.6,100.0,3,11.19,44,2418,0x0000000000000000
07:12:52,39112,4199,4935673,7876133,14778723,124.2,6.7,100.0,3,11.18,44,2418,0x0000000000000000
07:12:53,39303,4199,4935676,7876133,14778730,114.7,6.5,100.0,3,11.18,44,2418,0x0000000000000000
07:12:54,39591,4199,4935677,7876133,14778769,130.1,7.6,100.0,3,11.20,44,2418,0x0000000000000000
07:12:55,39739,4199,4935677,7876133,14778803,122.0,6.6,99.0,3,11.21,44,2418,0x0000000000000000
07:12:56,39517,4199,4935677,7876133,14778811,125.8,6.9,100.0,3,11.16,44,2418,0x0000000000000000
07:12:57,39388,4199,4935677,7876219,14778811,127.5,6.8,100.0,3,11.20,44,2411,0x0000000000000000
07:12:58,39594,4199,4935677,7876219,14778816,115.5,6.8,100.0,2,11.17,44,2418,0x0000000000000000
07:12:59,39436,4199,4935677,7876219,14778820,125.5,7.3,100.0,3,11.24,44,2418,0x0000000000000000
07:13:00,39296,4199,4935690,7876219,14778831,122.3,7.0,100.0,3,11.19,44,2418,0x0000000000000000
07:13:01,39508,4199,4935690,7876219,14778835,116.5,6.8,100.0,3,11.21,44,2418,0x0000000000000000
07:13:02,39355,4199,4935691,7876219,14778841,122.8,6.7,100.0,3,11.22,44,2418,0x0000000000000000
07:13:03,39219,4199,4935700,7876222,14778850,121.8,6.7,100.0,3,11.20,44,2418,0x0000000000000000
07:13:04,39399,4199,4935701,7876222,14778858,122.8,7.3,100.0,3,11.20,44,2418,0x0000000000000000
07:13:05,39257,4199,4935701,7876224,14778858,121.8,6.7,99.0,3,11.22,44,2418,0x0000000000000000
07:13:06,39111,4199,4935701,7876224,14778858,119.0,6.8,100.0,3,11.25,44,2418,0x0000000000000000
07:13:07,39286,4199,4935702,7876224,14778869,122.0,6.9,100.0,4,11.28,44,2418,0x0000000000000000
07:13:08,39136,4199,4935702,7876224,14778869,124.0,6.7,100.0,3,11.32,44,2418,0x0000000000000000
07:13:09,39304,4199,4935705,7876224,14778932,129.7,7.2,100.0,3,11.27,44,2418,0x0000000000000000
07:13:10,39622,4199,4935705,7876224,14778932,129.0,6.9,100.0,4,11.30,44,2418,0x0000000000000000
07:13:11,39477,4199,4935705,7876224,14778932,118.2,6.7,100.0,4,11.29,44,2418,0x0000000000000000
07:13:12,39635,4199,4935714,7876224,14778946,117.3,6.7,100.0,3,11.26,44,2418,0x0000000000000000
07:13:13,39512,4199,4935714,7876224,14778946,118.8,6.6,99.0,4,11.25,44,2418,0x0000000000000000
07:13:14,39344,4199,4935714,7876224,14778947,129.1,7.3,100.0,3,11.29,44,2418,0x0000000000000000
07:13:15,39563,4200,4935714,7876330,14778951,114.5,6.9,100.0,3,11.24,44,2418,0x0000000000000000
07:13:16,39422,4200,4935714,7876330,14778951,117.2,6.5,100.0,3,11.24,44,2418,0x0000000000000000
07:13:17,39254,4200,4935718,7876330,14779010,130.5,6.9,100.0,3,11.27,44,2418,0x0000000000000000
07:13:18,39460,4200,4935718,7876387,14779014,116.7,6.7,100.0,3,11.25,44,2418,0x0000000000000000
07:13:19,39290,4200,4935718,7876387,14779016,130.3,7.2,100.0,4,11.32,44,2418,0x0000000000000000
07:13:20,39514,4200,4935718,7876403,14779021,119.8,6.6,100.0,4,11.27,44,2418,0x0000000000000000
07:13:21,39366,4200,4935730,7876403,14779033,122.3,6.8,100.0,3,11.24,44,2418,0x0000000000000000
07:13:22,39276,4200,4935730,7876408,14779033,120.0,6.7,100.0,3,11.25,44,2418,0x0000000000000000
07:13:23,39458,4200,4935733,7876408,14779040,116.0,6.4,99.0,3,11.21,44,2418,0x0000000000000000
07:13:24,39300,4200,4935739,7876408,14779114,131.3,7.4,100.0,3,11.26,44,2418,0x0000000000000000
07:13:25,39223,4200,4935739,7876430,14779114,123.2,6.9,100.0,3,11.24,44,2418,0x0000000000000000
07:13:26,39414,4200,4935739,7876430,14779118,117.2,6.8,100.0,3,11.23,44,2418,0x0000000000000000
07:13:27,39337,4200,4935740,7876430,14779119,124.6,6.8,100.0,4,11.27,44,2418,0x0000000000000000
07:13:28,39180,4200,4935818,7876430,14779196,128.5,7.0,100.0,4,11.28,44,2418,0x0000000000000000
07:13:29,39355,4200,4935820,7876430,14779208,122.2,7.3,100.0,4,11.25,44,2418,0x0000000000000000
07:13:30,39284,4200,4935820,7876509,14779208,126.2,6.8,100.0,3,11.23,44,2418,0x0000000000000000
07:13:31,39464,4200,4935821,7876509,14779212,115.7,6.7,99.0,4,11.26,44,2418,0x0000000000000000
07:13:32,39374,4200,4935829,7876518,14779258,129.1,6.9,100.0,4,11.27,44,2418,0x0000000000000000
07:13:33,39223,4200,4935829,7876518,14779258,125.0,6.8,100.0,4,11.29,44,2418,0x0000000000000000
07:13:34,39505,4200,4935829,7876519,14779262,121.8,7.1,100.0,3,11.27,44,2418,0x0000000000000000
07:13:35,39363,4200,4935829,7876519,14779262,117.0,6.5,100.0,4,11.23,44,2418,0x0000000000000000
07:13:36,39216,4200,4935829,7876519,14779262,119.2,6.7,100.0,4,11.26,44,2418,0x0000000000000000
07:13:37,39458,4200,4935838,7876522,14779271,121.5,7.0,100.0,3,11.26,44,2418,0x0000000000000000
07:13:38,39305,4200,4935838,7876522,14779271,124.5,6.7,100.0,3,11.26,44,2418,0x0000000000000000
07:13:39,39222,4200,4935839,7877228,14779287,133.9,7.4,100.0,4,11.30,44,2418,0x0000000000000000
07:13:40,39395,4200,4935839,7877228,14779293,124.0,6.8,99.0,4,11.23,44,2418,0x0000000000000000
07:13:41,39279,4200,4935841,7877228,14779295,127.8,6.7,100.0,4,11.27,44,2418,0x0000000000000000
07:13:42,39473,4200,4935841,7877228,14779299,119.6,6.9,100.0,3,11.25,44,2418,0x0000000000000000
07:13:43,39334,4200,4935841,7877228,14779299,121.4,6.8,100.0,3,11.19,44,2418,0x0000000000000000
07:13:44,39247,4200,4935850,7877228,14779310,130.8,7.4,100.0,4,11.28,44,2418,0x0000000000000000
07:13:45,39436,4200,4935851,7877228,14779315,120.7,6.8,100.0,3,11.23,44,2418,0x0000000000000000
07:13:46,39327,4200,4935851,7878024,14779315,122.2,6.7,100.0,3,11.21,44,2418,0x0000000000000000
07:13:47,39174,4200,4935851,7878024,14779315,124.0,6.6,100.0,4,11.25,44,2418,0x0000000000000000
07:13:48,39363,4200,4935851,7878024,14779319,118.5,6.6,99.0,3,11.23,44,2418,0x0000000000000000
07:13:49,39240,4200,4935852,7878837,14779325,128.3,7.3,100.0,4,11.26,44,2418,0x0000000000000000
07:13:50,39083,4200,4935853,7878837,14779326,127.3,6.7,100.0,4,11.22,44,2418,0x0000000000000000
07:13:51,39714,4200,4935870,7878837,14779347,118.0,6.8,100.0,3,11.25,44,2418,0x0000000000000000
07:13:52,39563,4200,4935870,7878837,14779347,120.2,6.6,100.0,4,11.23,44,2418,0x0000000000000000
07:13:53,39719,4200,4935870,7878837,14779349,113.4,6.7,100.0,4,11.22,44,2418,0x0000000000000000
07:13:54,39541,4200,4935870,7879722,14779354,139.4,7.4,100.0,3,11.30,44,2418,0x0000000000000000
07:13:55,39384,4200,4935874,7879722,14779368,127.3,7.0,100.0,4,11.26,44,2418,0x0000000000000000
07:13:56,39599,4200,4935874,7880576,14779372,121.7,6.8,99.0,3,11.19,44,2411,0x0000000000000000
07:13:57,39451,4200,4935874,7880576,14779372,122.0,6.8,100.0,4,10.97,43,2405,0x0000000000000000
07:13:58,39426,4200,4935874,7881394,14779372,123.5,6.8,100.0,4,10.94,43,2405,0x0000000000000000
07:13:59,39612,4200,4935874,7881394,14779377,117.8,7.2,100.0,3,10.90,43,2405,0x0000000000000000
07:14:00,39455,4200,4935874,7881394,14779377,121.5,6.8,100.0,3,10.92,43,2405,0x0000000000000000
07:14:01,39318,4200,4935874,7882267,14779390,126.6,6.8,100.0,4,10.95,43,2405,0x0000000000000000
07:14:02,39506,4200,4935874,7882267,14779394,117.2,6.9,100.0,4,10.91,43,2405,0x0000000000000000
07:14:03,39436,4200,4935877,7883097,14779397,121.8,6.7,100.0,4,10.93,43,2405,0x0000000000000000
07:14:04,39613,4200,4935877,7883097,14779402,125.5,7.4,100.0,3,11.00,43,2405,0x0000000000000000
07:14:05,39540,4200,4935877,7883844,14779402,122.5,6.7,100.0,3,10.94,43,2405,0x0000000000000000
07:14:06,39383,4200,4935877,7883844,14779402,123.5,6.7,99.0,3,10.94,43,2405,0x0000000000000000
07:14:07,39559,4200,4935877,7883844,14779408,118.6,6.7,100.0,3,10.93,43,2405,0x0000000000000000
07:14:08,39493,4200,4935877,7884528,14779408,119.8,6.8,100.0,4,10.92,43,2405,0x0000000000000000
07:14:09,39334,4200,4935877,7884528,14779409,122.8,7.4,100.0,3,10.94,43,2405,0x0000000000000000
07:14:10,39525,4200,4935888,7885183,14779425,123.0,6.6,100.0,4,10.91,43,2405,0x0000000000000000
07:14:11,39380,4200,4935894,7885183,14779431,117.0,6.4,100.0,3,10.95,43,2405,0x0000000000000000
07:14:12,39222,4200,4935894,7885183,14779432,124.1,6.7,100.0,4,10.94,43,2405,0x0000000000000000
07:14:13,39440,4200,4935894,7885747,14779436,124.7,6.6,100.0,4,10.93,43,2405,0x0000000000000000
07:14:14,39285,4200,4935894,7885747,14779440,125.7,7.4,100.0,3,10.94,43,2405,0x0000000000000000
07:14:15,39658,4200,4935894,7886163,14779441,117.4,6.8,99.0,3,10.95,43,2405,0x0000000000000000
07:14:16,39528,4200,4935894,7886163,14779444,119.8,6.6,100.0,4,10.92,43,2405,0x0000000000000000
07:14:17,39478,4201,4935894,7886445,14779444,122.0,6.7,100.0,4,10.95,43,2405,0x0000000000000000
07:14:18,39671,4201,4935897,7886445,14779451,117.5,6.7,100.0,3,10.94,43,2405,0x0000000000000000
07:14:19,39502,4201,4935897,7886445,14779452,126.1,7.4,100.0,4,10.91,43,2405,0x0000000000000000
07:14:20,39378,4202,4935913,7886868,14779461,123.6,7.0,100.0,3,10.93,43,2405,0x0000000000000000
07:14:21,39563,4202,4935925,7886868,14779477,118.5,6.6,100.0,3,10.94,43,2405,0x0000000000000000
07:14:22,39483,4202,4935926,7886868,14779481,124.3,7.1,100.0,4,10.93,43,2405,0x0000000000000000
07:14:23,39334,4202,4935926,7886868,14779481,120.8,6.8,100.0,4,10.94,43,2405,0x0000000000000000
07:14:24,39511,4202,4935926,7886868,14779488,125.1,7.4,99.0,4,10.92,43,2405,0x0000000000000000
07:14:25,39449,4204,4935926,7887243,14779488,122.0,6.7,100.0,3,10.92,43,2405,0x0000000000000000
07:14:26,39289,4204,4935926,7887243,14779489,125.1,6.7,100.0,3,10.93,43,2405,0x0000000000000000
07:14:27,39480,4206,4935927,7887805,14779494,118.2,6.8,100.0,3,10.91,43,2405,0x0000000000000000
07:14:28,39335,4206,4935928,7887805,14779495,120.3,6.7,100.0,3,10.92,43,2405,0x0000000000000000
07:14:29,39528,4207,4935928,7888306,14779499,133.0,7.2,100.0,3,10.95,43,2405,0x0000000000000000
07:14:30,39365,4207,4935929,7888306,14779500,134.0,6.7,100.0,3,10.93,43,2405,0x0000000000000000
07:14:31,39261,4211,4935930,7888461,14779501,133.5,6.8,100.0,4,10.98,43,2405,0x0000000000000000
07:14:32,39453,4211,4935930,7888461,14779505,122.2,6.7,100.0,4,10.91,43,2405,0x0000000000000000
07:14:33,39308,4215,4935951,7888491,14779514,134.2,6.9,99.0,4,10.95,43,2405,0x0000000000000000
07:14:34,39157,4215,4935951,7888491,14779515,125.9,7.3,100.0,3,10.93,43,2405,0x0000000000000000
07:14:35,39342,4215,4935951,7888491,14779518,119.3,6.6,100.0,4,10.91,43,2405,0x0000000000000000
07:14:36,39305,4219,4935951,7888491,14779518,116.2,6.6,100.0,3,10.93,43,2405,0x0000000000000000
07:14:37,39508,4219,4935958,7888491,14779529,121.2,6.9,100.0,3,10.92,43,2405,0x0000000000000000
07:14:38,39467,4221,4941306,7888559,14782255,157.4,7.2,100.0,4,10.95,43,2405,0x0000000000000000
07:14:39,39290,4221,4941308,7888559,14782257,127.5,7.4,100.0,3,10.92,43,2405,0x0000000000000000
07:14:40,39507,4221,4941308,7888559,14782263,123.2,6.7,99.0,4,10.90,43,2405,0x0000000000000000
07:14:41,39355,4221,4941308,7888559,14782263,125.8,6.8,100.0,4,10.95,43,2405,0x0000000000000000
07:14:42,39205,4221,4941308,7888559,14782263,122.2,6.8,100.0,4,10.96,43,2405,0x0000000000000000
07:14:43,39471,4221,4941312,7888559,14782269,116.2,6.6,100.0,3,10.92,43,2405,0x0000000000000000
07:14:44,39300,4221,4941312,7888559,14782269,138.5,7.5,100.0,4,10.99,43,2405,0x0000000000000000
07:14:45,39536,4221,4941312,7888559,14782273,119.7,6.7,100.0,3,10.94,43,2405,0x0000000000000000
07:14:46,39381,4221,4941312,7888559,14782273,127.8,6.7,100.0,4,10.91,43,2405,0x0000000000000000
07:14:47,39589,4221,4941312,7888591,14782273,126.8,6.9,100.0,3,10.94,43,2405,0x0000000000000000
07:14:48,39751,4221,4941312,7888591,14782278,118.7,6.7,99.0,4,10.93,43,2405,0x0000000000000000
07:14:49,39582,4221,4941312,7888591,14782279,129.1,7.7,100.0,3,10.99,43,2405,0x0000000000000000
07:14:50,39426,4221,4941312,7888591,14782280,126.4,6.9,100.0,3,10.95,43,2405,0x0000000000000000
07:14:51,39619,4221,4941326,7888591,14782298,119.5,6.8,100.0,3,10.94,43,2405,0x0000000000000000
07:14:52,39466,4221,4941326,7888591,14782298,128.0,6.7,100.0,4,10.93,43,2405,0x0000000000000000
07:14:53,39645,4221,4941326,7888591,14782300,123.1,6.7,100.0,4,10.98,43,2405,0x0000000000000000
07:14:54,39487,4221,4941326,7888591,14782304,127.2,7.4,100.0,4,10.93,43,2405,0x0000000000000000
07:14:55,39333,4221,4941326,7888591,14782309,123.6,6.9,100.0,3,10.90,43,2405,0x0000000000000000
07:14:56,39733,4221,4941327,7888591,14782314,119.5,6.7,99.0,3,10.89,43,2405,0x0000000000000000
07:14:57,39582,4221,4941334,7888591,14782321,122.8,6.9,100.0,4,10.92,43,2405,0x0000000000000000
07:14:58,39428,4221,4941356,7888591,14782338,126.6,6.9,100.0,3,10.95,43,2405,0x0000000000000000
07:14:59,39594,4221,4941356,7888591,14782345,131.4,7.2,100.0,3,10.95,43,2405,0x0000000000000000
07:15:00,39434,4221,4941356,7888591,14782345,123.8,6.8,100.0,3,10.94,43,2405,0x0000000000000000
07:15:01,39294,4221,4941363,7888591,14782348,120.0,6.6,100.0,3,10.92,43,2405,0x0000000000000000
07:15:02,39481,4221,4941363,7888591,14782356,119.5,6.7,100.0,3,10.91,43,2405,0x0000000000000000
07:15:03,39327,4221,4941363,7888591,14782356,120.8,6.8,100.0,4,10.88,43,2405,0x0000000000000000
07:15:04,39596,4221,4941363,7888656,14782359,121.0,7.4,99.0,3,10.93,43,2405,0x0000000000000000
07:15:05,39446,4221,4941363,7888656,14782360,123.0,6.9,100.0,4,10.90,43,2405,0x0000000000000000
07:15:06,39335,4221,4941363,7888691,14782365,128.5,7.2,100.0,4,10.97,43,2405,0x0000000000000000
07:15:07,39515,4221,4941365,7888691,14782371,121.0,6.7,100.0,4,10.92,43,2405,0x0000000000000000
07:15:08,39426,4221,4941365,7888759,14782371,125.0,7.0,100.0,3,10.92,43,2405,0x0000000000000000
07:15:09,39259,4221,4941366,7888759,14782374,124.8,7.3,100.0,4,10.94,43,2405,0x0000000000000000
07:15:10,39673,4221,4941369,7888759,14782380,116.3,6.8,100.0,3,10.90,43,2405,0x0000000000000000
07:15:11,39524,4221,4941369,7888759,14782380,121.2,6.6,100.0,3,10.90,43,2405,0x0000000000000000
07:15:12,39436,4221,4941369,7888759,14782531,139.0,7.3,100.0,4,10.92,43,2405,0x0000000000000000
07:15:13,39622,4221,4941415,7888759,14782576,121.1,6.7,99.0,4,10.88,43,2405,0x0000000000000000
07:15:14,39466,4221,4941415,7888759,14782576,123.5,7.2,100.0,4,10.93,43,2405,0x0000000000000000
07:15:15,39657,4221,4941418,7888819,14782580,118.4,6.7,100.0,3,10.94,43,2405,0x0000000000000000
07:15:16,39677,4221,4941418,7888819,14782583,116.3,6.5,100.0,4,10.88,43,2405,0x0000000000000000
07:15:17,39524,4221,4941418,7888819,14782583,121.8,6.6,100.0,3,10.90,43,2405,0x0000000000000000
07:15:18,39725,4221,4941418,7888819,14782587,112.5,6.4,100.0,3,10.89,43,2405,0x0000000000000000
07:15:19,39592,4221,4941418,7888819,14782588,122.6,7.2,100.0,3,10.88,43,2405,0x0000000000000000
07:15:20,39434,4221,4941418,7888819,14782588,124.5,6.8,99.0,4,10.92,43,2405,0x0000000000000000
07:15:21,39609,4221,4941648,7888819,14782839,128.8,6.8,100.0,3,10.95,43,2405,0x0000000000000000
07:15:22,39522,4221,4942056,7888819,14783240,133.7,6.9,100.0,4,10.92,43,2405,0x0000000000000000
07:15:23,39372,4221,4942056,7888819,14783240,119.5,6.7,100.0,3,10.89,43,2405,0x0000000000000000
07:15:24,39584,4221,4942068,7888819,14783254,125.3,7.3,100.0,3,10.88,43,2405,0x0000000000000000
07:15:25,39433,4221,4942068,7888819,14783254,118.5,6.8,100.0,3,10.86,43,2405,0x0000000000000000
07:15:26,39278,4221,4942068,7888819,14783254,119.5,6.7,100.0,4,10.85,43,2405,0x0000000000000000
07:15:27,39558,4221,4942073,7888819,14783292,127.2,7.3,99.0,4,10.87,43,2405,0x0000000000000000
07:15:28,39409,4221,4942073,7888819,14783292,121.2,6.5,100.0,4,10.84,43,2405,0x0000000000000000
07:15:29,39603,4221,4942075,7888819,14783301,128.2,7.3,99.0,4,10.92,43,2405,0x0000000000000000
07:15:30,39443,4221,4942075,7888819,14783301,131.0,7.0,100.0,4,10.90,43,2405,0x0000000000000000
07:15:31,39375,4221,4942075,7888819,14783301,129.0,6.8,100.0,3,10.93,43,2405,0x0000000000000000
07:15:32,39548,4221,4942075,7888819,14783305,125.2,6.9,100.0,4,10.90,43,2405,0x0000000000000000
07:15:33,39397,4221,4942075,7888819,14783305,129.5,6.8,99.0,4,10.92,43,2405,0x0000000000000000
07:15:34,39310,4221,4942075,7888849,14783305,124.8,7.6,100.0,3,10.98,43,2405,0x0000000000000000
07:15:35,39502,4221,4942075,7888849,14783309,117.0,6.8,100.0,3,10.88,43,2405,0x0000000000000000
07:15:36,39479,4221,4942075,7888849,14783309,116.0,6.6,100.0,3,10.86,43,2405,0x0000000000000000
07:15:37,39347,4221,4942127,7888849,14783337,120.0,6.7,100.0,4,10.88,43,2405,0x0000000000000000
07:15:38,39558,4221,4942133,7888849,14783353,119.3,7.0,100.0,3,10.89,43,2405,0x0000000000000000
07:15:39,39396,4221,4942133,7888849,14783354,125.6,7.3,100.0,3,10.91,43,2405,0x0000000000000000
07:15:40,39568,4221,4942133,7888849,14783359,116.6,6.9,99.0,4,10.87,43,2405,0x0000000000000000
07:15:41,39414,4221,4942133,7888849,14783359,124.0,7.0,100.0,3,10.87,43,2405,0x0000000000000000
07:15:42,39325,4221,4942133,7888853,14783359,119.8,6.9,100.0,4,10.88,43,2405,0x0000000000000000
07:15:43,39523,4221,4942133,7888853,14783371,116.9,6.8,100.0,2,10.84,43,2405,0x0000000000000000
07:15:44,39357,4221,4942133,7888853,14783371,133.0,7.4,100.0,2,10.69,43,2405,0x0000000000000000
07:15:45,39207,4221,4942133,7888853,14783371,122.0,6.8,100.0,2,10.67,43,2405,0x0000000000000000
07:15:46,39011,4221,4942133,7888853,14783402,132.8,6.4,94.0,1,10.58,43,2405,0x0000000000000000
07:15:47,38874,4221,4942133,7888853,14783402,127.5,6.7,100.0,2,10.68,43,2405,0x0000000000000000
07:15:48,38725,4221,4942133,7888862,14783402,139.5,6.8,100.0,2,10.73,43,2405,0x0000000000000000
07:15:49,38566,4221,4942133,7888862,14783404,138.1,7.4,100.0,2,10.76,43,2405,0x0000000000000000
07:15:50,38722,4221,4942133,7888862,14783404,128.5,6.6,100.0,2,10.71,43,2405,0x0000000000000000
07:15:51,38776,4221,4942142,7888862,14783413,146.5,7.1,100.0,2,10.72,43,2405,0x0000000000000000
07:15:52,38666,4221,4942164,7888862,14783435,125.4,6.6,100.0,2,10.71,43,2405,0x0000000000000000
07:15:53,39669,4221,4942166,7888862,14783438,116.9,6.8,100.0,2,10.67,43,2405,0x0000000000000000
07:15:54,39485,4221,4942166,7888862,14783439,135.3,7.4,100.0,2,10.71,43,2405,0x0000000000000000
07:15:55,39644,4221,4942166,7888862,14783441,122.3,6.8,100.0,2,10.67,43,2405,0x0000000000000000
07:15:56,39494,4221,4942166,7888862,14783441,123.2,6.5,100.0,2,10.69,43,2405,0x0000000000000000
07:15:57,39343,4221,4942169,7888862,14783444,123.0,6.6,100.0,2,10.68,43,2405,0x0000000000000000
07:15:58,39186,4221,4942169,7888862,14783444,127.0,6.8,100.0,2,10.69,43,2405,0x0000000000000000
07:15:59,39306,4221,4942169,7888862,14783445,136.6,7.4,100.0,2,10.71,43,2405,0x0000000000000000
07:16:00,39128,4221,4942169,7888862,14783447,135.1,6.8,100.0,2,10.71,43,2405,0x0000000000000000
07:16:01,38940,4221,4942169,7888862,14783447,136.0,6.9,99.0,2,10.69,43,2405,0x0000000000000000
07:16:02,38771,4221,4942169,7888862,14783447,133.5,6.6,100.0,2,10.70,43,2405,0x0000000000000000
07:16:03,38589,4221,4942169,7888862,14783447,145.8,6.6,100.0,2,10.69,43,2405,0x0000000000000000
07:16:04,38432,4246,4942169,7895300,14783448,239.3,7.3,97.0,2,10.68,43,2405,0x0000000000000000
07:16:05,38278,4246,4942169,7895300,14783448,124.0,6.8,100.0,2,10.68,43,2405,0x0000000000000000
07:16:06,38283,4246,4942169,7895300,14783449,133.1,6.9,100.0,2,10.66,43,2405,0x0000000000000000
07:16:07,38105,4246,4942169,7895300,14783449,128.5,6.8,100.0,2,10.68,43,2405,0x0000000000000000
07:16:08,38052,4297,4942169,7908349,14783449,126.5,7.1,100.0,2,10.69,43,2405,0x0000000000000000
07:16:09,37903,4297,4942169,7908349,14783452,129.5,7.4,100.0,2,10.67,43,2405,0x0000000000000000
07:16:10,37779,4297,4942169,7908349,14783452,126.8,6.7,100.0,2,10.67,43,2405,0x0000000000000000
07:16:11,37720,4349,4942169,7921475,14783458,133.8,7.4,100.0,2,10.70,43,2405,0x0000000000000000
07:16:12,37644,4402,4942169,7935031,14783458,134.5,6.7,100.0,2,10.67,43,2405,0x0000000000000000
07:16:13,37374,4402,4942169,7935031,14783458,228.8,6.4,97.1,3,10.65,43,2398,0x0000000000000000
07:16:14,37271,4456,4942169,7948769,14783459,126.6,7.4,100.0,2,10.70,43,2398,0x0000000000000000
07:16:15,37122,4456,4942169,7948769,14783459,124.8,6.8,100.0,2,10.65,43,2405,0x0000000000000000
07:16:16,37153,4518,4942169,7961720,14783459,127.8,7.2,100.0,2,10.66,43,2398,0x0000000000000000
07:16:17,36971,4518,4942169,7961720,14783461,131.4,6.8,100.0,2,10.65,43,2405,0x0000000000000000
07:16:18,36884,4518,4942169,7961720,14783461,127.0,6.8,100.0,2,10.64,43,2405,0x0000000000000000
07:16:19,36722,4518,4942169,7961720,14783463,140.2,7.5,100.0,2,10.66,43,2405,0x0000000000000000
07:16:20,36590,4518,4942169,7961720,14783463,135.0,6.9,100.0,2,10.68,43,2405,0x0000000000000000
07:16:21,36437,4518,4942213,7961720,14783505,140.5,7.0,100.0,2,10.69,43,2405,0x0000000000000000
07:16:22,36275,4518,4942253,7961720,14783536,134.8,6.9,100.0,2,10.67,43,2405,0x0000000000000000
07:16:23,36259,4582,4942253,7977789,14783536,132.0,7.1,100.0,2,10.65,43,2405,0x0000000000000000
07:16:24,36080,4582,4942253,7977789,14783537,136.6,7.4,100.0,2,10.70,43,2398,0x0000000000000000
07:16:25,36066,4647,4942253,7994286,14783537,129.5,6.8,100.0,2,10.68,43,2398,0x0000000000000000
07:16:26,35920,4647,4942253,7994286,14783537,130.0,6.7,100.0,2,10.66,43,2405,0x0000000000000000
07:16:27,35764,4647,4942253,7994286,14783537,134.0,7.0,100.0,2,10.65,43,2398,0x0000000000000000
07:16:28,35627,4647,4942253,7994286,14783537,142.0,6.7,100.0,2,10.64,43,2405,0x0000000000000000
07:16:29,35603,4715,4942254,8011401,14783539,137.9,7.8,100.0,2,10.65,43,2398,0x0000000000000000
07:16:30,35467,4715,4942254,8011401,14783539,132.8,6.9,100.0,2,10.65,43,2405,0x0000000000000000
07:16:31,35414,4787,4942254,8029772,14783540,133.6,7.3,100.0,2,10.67,43,2405,0x0000000000000000
07:16:32,35221,4787,4942254,8029772,14783547,139.9,7.4,100.0,2,10.69,43,2398,0x0000000000000000
07:16:33,35203,4837,4942254,8042630,14783547,127.5,7.1,100.0,2,10.66,43,2405,0x0000000000000000
07:16:34,40415,4934,4942254,8067192,14783567,102.2,8.6,99.0,2,10.62,43,2398,0x0000000000000000
07:16:35,40258,4934,4942254,8067192,14783567,127.2,6.8,100.0,2,10.66,43,2405,0x0000000000000000
07:16:36,40099,4934,4942254,8067192,14783567,130.0,6.8,100.0,2,10.64,43,2405,0x0000000000000000
07:16:37,39935,4934,4942254,8067192,14783567,130.0,6.9,100.0,2,10.66,43,2398,0x0000000000000000
07:16:38,39772,4934,4942271,8067192,14783583,130.8,7.3,100.0,2,10.65,43,2398,0x0000000000000000
07:16:39,39599,4934,4942316,8067192,14783613,136.8,7.4,100.0,2,10.66,43,2405,0x0000000000000000
07:16:40,39439,4934,4942316,8067192,14783613,128.2,6.7,100.0,2,10.64,43,2405,0x0000000000000000
07:16:41,39265,4934,4942320,8067192,14783619,132.4,6.9,100.0,2,10.65,43,2398,0x0000000000000000
07:16:42,39103,4934,4942320,8067192,14783619,129.0,7.0,100.0,2,10.65,43,2398,0x0000000000000000
07:16:43,38937,4934,4942320,8067192,14783626,130.5,6.7,100.0,2,10.65,43,2398,0x0000000000000000
07:16:44,38768,4934,4942320,8067192,14783626,137.8,7.3,100.0,2,10.67,43,2405,0x0000000000000000
07:16:45,38608,4934,4942320,8067192,14783626,126.8,6.7,100.0,2,10.64,42,2405,0x0000000000000000
07:16:46,38449,4934,4942320,8067192,14783626,126.0,6.7,100.0,2,10.63,43,2405,0x0000000000000000
07:16:47,38292,4934,4942320,8067192,14783626,123.5,6.6,100.0,2,10.64,43,2405,0x0000000000000000
07:16:48,38134,4934,4942320,8067192,14783626,124.8,6.5,100.0,2,10.63,42,2405,0x0000000000000000
07:16:49,37953,4934,4942320,8067192,14783627,138.6,7.3,100.0,2,10.67,42,2398,0x0000000000000000
07:16:50,37787,4934,4942320,8067192,14783627,131.2,6.7,100.0,2,10.66,42,2398,0x0000000000000000
07:16:51,37605,4934,4942342,8067192,14783649,135.8,7.0,100.0,2,10.65,42,2398,0x0000000000000000
07:16:52,37420,4934,4942342,8067192,14783649,159.0,6.8,99.0,2,10.64,42,2398,0x0000000000000000
07:16:53,38029,4984,4942342,8079854,14783649,129.2,7.1,100.0,2,10.65,42,2398,0x0000000000000000
07:16:54,37890,4984,4942342,8079854,14783657,134.2,7.6,100.0,2,10.68,42,2398,0x0000000000000000
07:16:55,38776,5977,4942342,8329788,14783657,118.8,12.1,100.0,2,10.85,43,2405,0x0000000000000000
07:16:56,39095,6426,4942342,8441274,14783658,129.3,11.5,100.0,2,11.65,43,2405,0x0000000000000000
07:16:57,39241,6714,4942348,8508879,14783671,134.6,10.4,100.0,2,11.55,43,2405,0x0000000000000000
07:16:58,39157,6786,4942357,8526781,14783673,128.0,7.5,100.0,2,10.75,42,2405,0x0000000000000000
07:16:59,39117,6831,4942375,8538549,14783693,138.5,10.1,100.0,2,10.77,43,2405,0x0000000000000000
07:17:00,39070,6924,4942594,8561659,14783812,122.9,9.0,98.0,2,10.90,43,2405,0x0000000000000000
07:17:01,41867,6921,4946829,8561659,14786504,63.4,4.1,43.8,19,10.96,44,2405,0x0000000000000000
07:17:02,40640,6921,4947764,8561668,14787298,4.9,5.8,82.0,95,40.16,48,2444,0x0000000000000000
07:17:03,40605,6921,4952885,8561668,14791849,24.9,1.4,13.0,0,10.71,43,2411,0x0000000000000000
07:17:04,40576,6921,4958290,8561668,14796380,52.1,2.9,18.0,0,10.32,43,2405,0x0000000000000000
07:17:05,40552,6921,4965310,8561668,14801359,27.5,1.3,11.0,0,10.31,43,2405,0x0000000000000000
07:17:06,40523,6921,4971816,8561668,14805924,25.4,0.9,12.1,0,10.28,43,2405,0x0000000000000000
07:17:07,40491,6921,4977590,8561668,14810176,27.7,1.2,8.0,0,10.30,43,2405,0x0000000000000000
07:17:08,34104,6922,4979167,8561928,14811368,42.6,6.7,67.0,2,10.38,43,2398,0x0000000000000000
07:17:09,34203,6922,4979220,8561928,14813864,568.0,2.9,23.2,0,10.30,42,2405,0x0000000000000000
07:17:10,34204,6922,4979220,8562020,14816402,589.3,1.6,15.0,0,10.31,42,2398,0x0000000000000000
07:17:11,34199,6922,4979220,8562166,14818922,585.4,2.2,14.9,0,10.28,42,2405,0x0000000000000000
07:17:12,34202,6922,4979220,8562588,14821824,673.8,1.9,21.4,0,10.27,42,2405,0x0000000000000000
07:17:13,34199,6922,4979242,8562588,14823970,485.6,2.4,31.2,0,10.24,42,2405,0x0000000000000000
07:17:14,34203,6923,4979242,8563091,14825956,460.9,3.2,29.2,0,10.27,42,2405,0x0000000000000000
07:17:15,34203,6923,4979243,8563091,14828024,476.9,2.6,29.5,0,10.25,42,2405,0x0000000000000000
07:17:16,34203,6923,4979243,8563450,14830106,483.6,2.8,35.6,0,10.25,42,2405,0x0000000000000000
07:17:17,34202,6923,4979243,8564329,14832200,485.4,2.9,40.6,0,10.24,42,2405,0x0000000000000000
07:17:18,34208,6923,4979243,8564958,14834249,476.0,2.4,25.8,0,10.25,42,2405,0x0000000000000000
07:17:19,34190,6923,4979243,8565468,14836058,414.5,3.2,23.5,0,10.24,42,2405,0x0000000000000000
07:17:20,34190,6923,4979244,8565636,14838121,478.9,2.8,39.4,0,10.24,42,2405,0x0000000000000000
07:17:21,34181,6923,4979297,8565701,14840027,432.8,2.9,21.6,0,10.23,42,2405,0x0000000000000000
07:17:22,34178,6923,4979297,8565701,14841672,382.1,2.4,32.7,0,10.24,42,2405,0x0000000000000000
07:17:23,34178,6923,4979297,8565793,14843314,381.4,2.3,33.3,0,10.23,42,2405,0x0000000000000000
07:17:24,34179,6923,4979300,8565931,14845021,395.4,3.1,34.3,0,10.24,42,2405,0x0000000000000000
07:17:25,34167,6923,4980706,8565931,14847398,336.8,2.4,30.7,0,10.23,42,2405,0x0000000000000000
07:17:26,34164,6923,4980706,8565999,14849211,418.1,2.5,23.0,0,10.25,42,2405,0x0000000000000000
07:17:27,34163,6923,4980712,8565999,14851048,423.3,2.6,19.8,0,10.21,42,2405,0x0000000000000000
07:17:28,34163,6923,4980714,8566060,14852704,384.4,2.7,34.7,0,10.22,42,2405,0x0000000000000000
07:17:29,34162,6923,4980717,8566122,14854452,403.7,3.1,35.6,0,10.24,42,2398,0x0000000000000000
07:17:30,34161,6923,4980717,8566188,14856239,414.8,2.6,35.3,0,10.24,42,2405,0x0000000000000000
07:17:31,34150,6923,4980717,8566188,14857998,408.7,2.2,25.3,0,10.24,42,2405,0x0000000000000000
07:17:32,34148,6924,4980717,8566290,14859860,432.6,2.4,22.4,0,10.22,42,2405,0x0000000000000000
07:17:33,34149,6924,4980717,8566444,14861479,375.5,2.4,35.0,0,10.26,42,2405,0x0000000000000000
07:17:34,34138,6924,4980723,8566444,14863521,473.3,3.2,39.4,0,10.24,42,2405,0x0000000000000000
07:17:35,34140,6924,4980723,8566949,14865499,459.0,2.5,34.8,0,10.22,42,2405,0x0000000000000000
07:17:36,34140,6924,4980723,8567131,14867439,450.7,2.3,28.7,0,10.21,42,2405,0x0000000000000000
07:17:37,34131,6924,4980724,8567377,14869320,427.5,2.9,19.6,0,10.22,42,2405,0x0000000000000000
07:17:38,34131,6924,4980724,8567414,14870923,372.6,2.5,35.0,0,10.23,42,2398,0x0000000000000000
07:17:39,34122,6924,4980725,8567414,14872828,440.4,3.0,25.0,0,10.23,42,2405,0x0000000000000000
07:17:40,34121,6924,4980725,8567415,14874548,399.2,2.4,29.5,0,10.21,42,2405,0x0000000000000000
07:17:41,34122,6924,4980741,8567426,14876442,424.6,2.8,36.9,0,10.23,42,2405,0x0000000000000000
07:17:42,34123,6924,4980741,8567438,14878237,414.2,2.7,38.5,0,10.23,42,2405,0x0000000000000000
07:17:43,34123,6924,4980743,8567444,14880053,419.1,2.6,37.3,0,10.22,42,2405,0x0000000000000000
07:17:44,34121,6924,4980796,8567545,14882395,524.7,2.7,21.4,0,10.22,42,2405,0x0000000000000000
07:17:45,34121,6924,4980817,8567633,14885147,627.8,1.2,10.1,0,10.22,42,2405,0x0000000000000000
07:17:46,34120,6924,4980818,8567665,14887987,652.0,2.2,24.8,0,10.22,42,2405,0x0000000000000000
07:17:47,34118,6924,4980819,8567677,14890911,669.8,2.3,27.9,0,10.23,42,2405,0x0000000000000000
07:17:48,34117,6924,4980819,8567682,14893473,588.1,1.5,10.1,0,10.23,42,2405,0x0000000000000000
07:17:49,34113,6924,4980838,8567682,14896056,583.1,2.4,15.0,0,10.22,42,2405,0x0000000000000000
07:17:50,34111,6924,4980838,8567683,14898835,642.3,2.0,20.4,0,10.22,42,2405,0x0000000000000000
07:17:51,34185,6924,4980869,8567692,14901721,656.3,2.7,27.3,0,10.22,42,2405,0x0000000000000000
07:17:52,34181,6924,4980869,8567697,14904253,584.3,2.0,17.0,0,10.22,42,2405,0x0000000000000000
07:17:53,34178,6924,4980872,8567701,14906267,466.8,2.7,36.6,0,10.20,42,2405,0x0000000000000000
07:17:54,34161,6924,4980873,8567704,14908385,473.9,3.9,39.0,0,10.19,42,2405,0x0000000000000000
07:17:55,34158,6924,4980940,8567710,14910486,474.9,3.3,42.0,0,10.18,42,2405,0x0000000000000000
07:17:56,34158,6924,4980940,8567714,14912481,461.8,2.7,34.8,0,10.18,42,2405,0x0000000000000000
07:17:57,34155,6924,4980940,8567719,14914870,552.8,1.8,16.2,0,10.18,42,2405,0x0000000000000000
07:17:58,34175,6924,4980940,8567724,14917467,602.1,1.7,17.0,0,10.20,42,2405,0x0000000000000000
07:17:59,34159,6924,4980944,8567728,14920009,583.1,3.3,19.4,0,10.19,42,2405,0x0000000000000000
07:18:00,34072,6924,4980961,8567732,14921370,390.3,4.8,64.2,2,10.32,42,2405,0x0000000000000000
07:18:01,33904,6924,4980961,8567734,14921372,144.7,7.0,100.0,2,10.63,42,2405,0x0000000000000000
07:18:02,33775,6924,4980962,8567736,14921373,130.0,6.8,100.0,2,10.61,42,2405,0x0000000000000000
07:18:03,33638,6924,4980963,8567738,14921374,129.0,6.9,100.0,2,10.59,42,2405,0x0000000000000000
07:18:04,33489,6924,4980963,8567742,14921378,148.3,8.0,100.0,2,10.65,42,2405,0x0000000000000000
07:18:05,33337,6924,4980963,8567744,14921378,143.0,7.2,100.0,2,10.65,42,2405,0x0000000000000000
07:18:06,33200,6924,4980980,8567745,14921411,132.2,6.8,100.0,2,10.61,42,2405,0x0000000000000000
07:18:07,33081,6924,4980980,8567748,14921413,130.2,7.0,100.0,2,10.60,42,2405,0x0000000000000000
07:18:08,32949,6924,4980980,8567750,14921413,127.2,6.9,100.0,2,10.60,42,2405,0x0000000000000000
07:18:09,32807,6924,4980986,8567752,14921421,133.7,7.5,100.0,2,10.61,42,2405,0x0000000000000000
07:18:10,32745,6924,4980986,8567754,14921438,134.5,7.3,100.0,2,10.62,42,2405,0x0000000000000000
07:18:11,32615,6924,4980986,8567757,14921445,129.8,7.7,100.0,2,10.64,42,2405,0x0000000000000000
07:18:12,32195,6924,4980992,8567765,14921553,454.3,7.2,82.2,2,10.63,42,2405,0x0000000000000000
07:18:13,31417,6924,4980992,8567786,14921779,853.9,5.5,41.8,2,10.54,42,2405,0x0000000000000000
07:18:14,30762,6924,4980992,8567798,14921968,718.2,6.3,61.9,2,10.53,42,2405,0x0000000000000000
07:18:15,30573,6924,4980992,8567799,14921968,135.7,7.3,100.0,2,10.61,42,2405,0x0000000000000000
07:18:16,30457,6924,4980992,8567799,14921968,136.4,7.2,100.0,2,10.62,42,2405,0x0000000000000000
07:18:17,30301,6924,4980992,8567800,14921968,135.7,7.3,100.0,2,10.64,42,2405,0x0000000000000000
07:18:18,30142,6924,4980992,8567875,14921968,136.2,7.5,100.0,2,10.61,42,2405,0x0000000000000000
07:18:19,29931,6924,4981004,8567973,14921976,146.5,8.6,100.0,2,10.68,42,2405,0x0000000000000000
07:18:20,29812,6924,4981004,8567973,14921976,143.0,7.4,100.0,2,10.67,42,2405,0x0000000000000000
07:18:21,29587,6924,4981021,8568207,14922012,154.0,7.6,100.0,2,10.66,42,2405,0x0000000000000000
07:18:22,29467,6924,4981021,8568662,14922012,150.6,7.8,100.0,2,10.78,42,2405,0x0000000000000000
07:18:23,29291,6924,4981021,8568662,14922012,161.9,7.5,100.0,2,10.74,42,2405,0x0000000000000000
07:18:24,33806,6924,4981038,8568662,14922087,127.7,9.3,100.0,1,10.74,42,2405,0x0000000000000000
07:18:25,33618,6924,4981038,8568662,14922087,154.5,6.8,100.0,2,10.70,42,2405,0x0000000000000000
07:18:26,33431,6924,4981038,8568662,14922087,155.5,6.9,100.0,2,10.69,42,2405,0x0000000000000000
07:18:27,33243,6924,4981038,8568662,14922091,154.0,7.0,100.0,2,10.67,42,2405,0x0000000000000000
07:18:28,33052,6924,4981038,8568662,14922091,160.0,7.0,100.0,2,10.67,42,2405,0x0000000000000000
07:18:29,32846,6924,4981048,8568662,14922129,167.0,7.4,100.0,2,10.72,42,2405,0x0000000000000000
07:18:30,32647,6924,4981048,8568662,14922129,165.8,7.0,100.0,2,10.70,42,2405,0x0000000000000000
07:18:31,32438,6924,4981112,8568662,14922213,166.6,6.9,100.0,2,10.72,42,2405,0x0000000000000000
07:18:32,32243,6924,4981115,8568662,14922218,162.1,7.1,100.0,2,10.72,43,2405,0x0000000000000000
07:18:33,32048,6924,4981119,8568662,14922238,162.4,6.4,100.0,2,10.73,42,2405,0x0000000000000000
07:18:34,31849,6924,4981123,8568662,14922245,164.3,7.2,100.0,2,10.73,43,2405,0x0000000000000000
07:18:35,31654,6924,4981123,8568662,14922245,162.0,6.5,100.0,2,10.71,43,2405,0x0000000000000000
07:18:36,31456,6924,4981123,8568662,14922248,164.3,6.8,100.0,2,10.71,43,2405,0x0000000000000000
07:18:37,31246,6924,4981140,8568662,14922271,172.7,6.7,100.0,2,10.75,43,2405,0x0000000000000000
07:18:38,31048,6925,4981140,8568743,14922271,174.0,6.6,100.0,2,10.76,43,2405,0x0000000000000000
07:18:39,32280,6925,4981229,8569511,14922634,183.6,7.4,91.9,2,10.71,43,2405,0x0000000000000000
07:18:40,30402,6925,4990771,8569629,14926707,38.8,2.7,17.2,0,11.13,43,2405,0x0000000000000000
07:18:41,30329,6925,5000922,8569629,14931048,40.1,1.4,15.2,0,10.25,42,2405,0x0000000000000000
07:18:42,30273,6925,5011988,8569629,14935730,48.5,1.4,14.9,0,10.26,42,2405,0x0000000000000000
07:18:43,30229,6925,5023595,8569629,14940591,45.3,0.8,8.2,0,10.23,42,2405,0x0000000000000000
07:18:44,30177,6925,5033812,8569629,14945347,41.5,3.1,22.0,0,10.24,42,2405,0x0000000000000000
07:18:45,30138,6925,5043199,8569629,14949632,37.8,1.3,16.8,0,10.25,42,2405,0x0000000000000000
07:18:46,30601,6925,5054040,8569694,14954205,44.5,1.2,14.0,0,10.26,42,2405,0x0000000000000000
07:18:47,36976,6925,5062645,8569694,14955920,52.2,4.1,61.0,0,10.32,42,2405,0x0000000000000000
07:18:48,36905,6925,5070896,8569694,14957725,32.4,3.7,54.7,0,10.27,42,2405,0x0000000000000000
07:18:49,36875,6925,5076550,8569694,14962619,22.6,1.4,11.0,0,10.28,42,2405,0x0000000000000000
07:18:50,36657,6925,5077158,8569694,14963199,2.4,5.8,89.3,0,10.27,42,2405,0x0000000000000000
07:18:51,36516,6925,5077186,8569694,14963227,0.1,6.4,100.0,0,10.24,42,2405,0x0000000000000000
07:18:52,36485,6925,5077186,8569694,14963227,0.0,6.2,100.0,0,10.23,42,2405,0x0000000000000000
07:18:53,34894,6925,5078223,8569694,14964151,26.7,7.6,61.0,0,10.22,42,2405,0x0000000000000000
07:18:54,33561,6925,5078782,8569694,14964701,480.0,3.9,24.7,0,10.47,42,2405,0x0000000000000000
07:18:55,33512,6925,5079534,8569694,14965287,19.0,6.1,96.0,0,11.19,42,2405,0x0000000000000000
07:18:56,33502,6925,5079569,8569694,14965350,2.1,6.1,100.0,0,10.24,42,2405,0x0000000000000000
07:18:57,33480,6925,5079569,8569694,14965351,0.1,6.1,99.0,0,10.25,42,2405,0x0000000000000000
07:18:58,33475,6925,5079569,8569694,14965355,0.3,6.1,100.0,0,10.26,42,2405,0x0000000000000000
07:18:59,33457,6925,5079569,8569694,14965382,3.0,6.4,98.0,0,10.27,42,2405,0x0000000000000000
07:19:00,32219,6925,5079609,8569694,14965428,3.4,6.1,98.0,96,80.36,59,2418,0x0000000000000000
07:19:01,32219,6925,5079612,8569694,14965433,0.2,6.4,100.0,96,97.14,58,2398,0x0000000000000000
07:19:02,32221,6925,5079612,8569694,14965433,0.0,6.3,100.0,96,97.19,60,2398,0x0000000000000000
07:19:03,32222,6925,5079614,8569694,14965438,0.0,6.2,100.0,96,97.95,62,2392,0x0000000000000000
07:19:04,32222,6925,5079614,8569694,14965440,0.2,6.8,100.0,96,97.34,62,2392,0x0000000000000000
07:19:05,32223,6925,5079614,8569694,14965440,0.0,6.1,100.0,96,97.43,63,2379,0x0000000000000000
07:19:06,32224,6925,5079614,8569694,14965440,0.0,6.2,100.0,96,97.43,63,2359,0x0000000000000000
07:19:07,32225,6925,5079616,8569694,14965442,0.0,6.3,100.0,96,97.04,64,2346,0x0000000000000000
07:19:08,32228,6925,5079616,8569694,14965442,0.0,6.2,100.0,96,97.17,65,2372,0x0000000000000000
07:19:09,32255,6925,5079721,8569694,14965540,44.2,4.8,55.0,0,60.28,50,2411,0x0000000000000000
07:19:10,32273,6925,5080503,8569694,14966102,25.9,4.9,74.0,0,11.26,48,2411,0x0000000000000000
07:19:11,32267,6925,5080503,8569694,14966104,0.0,6.2,100.0,0,11.28,47,2411,0x0000000000000000
07:19:12,32276,6925,5080504,8569694,14966105,0.0,6.1,100.0,0,11.24,47,2411,0x0000000000000000
07:19:13,32271,6925,5080509,8569694,14966110,0.1,6.0,100.0,0,11.28,46,2411,0x0000000000000000
07:19:14,32262,6925,5080588,8569694,14966171,1.4,6.5,98.0,0,11.18,46,2411,0x0000000000000000
07:19:15,32258,6925,5081152,8569694,14966593,16.7,5.4,67.7,0,11.12,46,2411,0x0000000000000000
07:19:16,32202,6925,5081274,8569694,14966666,1.0,6.4,76.8,41,19.31,47,2444,0x0000000000000000
07:19:17,32217,6925,5081350,8569694,14966710,0.5,5.8,96.0,88,15.42,48,2411,0x0000000000000000
07:19:18,32209,6925,5081359,8569694,14966721,0.7,5.8,81.4,24,19.57,47,2489,0x0000000000000000
07:19:19,32212,6925,5081366,8569694,14966728,0.1,6.6,89.1,10,15.53,46,2411,0x0000000000000000
07:19:20,34804,6925,5081367,8569694,14966762,4.1,6.1,91.0,95,21.31,48,2431,0x0000000000000000
07:19:21,34251,6925,5081389,8569694,14966788,0.4,6.0,100.0,0,13.07,46,2418,0x0000000000000000
07:19:22,34250,6925,5081389,8569694,14966788,0.0,5.7,100.0,7,12.75,46,2418,0x0000000000000000
07:19:23,34080,6925,5081429,8569694,14966822,1.0,5.8,97.0,90,13.95,47,2418,0x0000000000000000
07:19:24,34056,6925,5081453,8569694,14966835,0.2,6.5,99.0,0,10.95,46,2411,0x0000000000000000
07:19:25,33789,6925,5081497,8569694,14966870,2.1,5.6,91.9,0,11.02,45,2411,0x0000000000000000
07:19:26,33493,6925,5081546,8569694,14966912,2.5,5.9,87.0,90,18.26,47,2509,0x0000000000000000
07:19:27,33524,6925,5081549,8569694,14966913,0.0,5.9,79.2,13,17.16,47,2463,0x0000000000000000
07:19:28,33530,6925,5081549,8569694,14966913,0.1,6.2,84.8,84,18.23,47,2457,0x0000000000000000
07:19:29,33531,6925,5081549,8569694,14966914,0.1,6.6,81.0,0,15.98,46,2457,0x0000000000000000
07:19:30,33553,6925,5081549,8569694,14966914,0.0,5.8,82.2,88,17.62,47,2463,0x0000000000000000
07:19:31,33549,6925,5081549,8569694,14966914,0.0,5.9,82.8,0,16.06,46,2457,0x0000000000000000
07:19:32,33551,6925,5081549,8569694,14966914,0.0,5.9,79.2,0,14.34,46,2463,0x0000000000000000
07:19:33,33545,6925,5081549,8569694,14966914,0.0,5.8,39.0,11,15.81,46,2437,0x0000000000000000
07:19:34,33541,6925,5081549,8569694,14966917,0.2,6.5,86.0,84,17.32,47,2463,0x0000000000000000
07:19:35,33521,6925,5081549,8569694,14966919,0.1,5.6,79.8,0,13.18,46,2411,0x0000000000000000
07:19:36,33502,6925,5081549,8569694,14966921,0.2,5.9,81.2,0,14.28,46,2463,0x0000000000000000
07:19:37,33518,6925,5081551,8569694,14966923,0.1,5.7,86.9,0,14.48,46,2463,0x0000000000000000
07:19:38,33530,6925,5081551,8569694,14966923,0.0,5.9,83.0,93,15.51,47,2411,0x0000000000000000
07:19:39,33527,6925,5081553,8569694,14966928,0.4,6.9,90.1,53,15.70,47,2457,0x0000000000000000
07:19:40,33537,6925,5081553,8569694,14966928,0.0,6.2,82.0,0,14.22,46,2457,0x0000000000000000
07:19:41,33526,6925,5081553,8569694,14966929,0.1,6.2,78.0,30,15.96,46,2437,0x0000000000000000
07:19:42,33491,6925,5081553,8569694,14966929,0.0,6.3,58.0,37,17.35,47,2463,0x0000000000000000
07:19:43,33490,6925,5081582,8569694,14966953,0.3,6.1,90.9,60,14.23,46,2411,0x0000000000000000
07:19:44,33483,6925,5081582,8569694,14966954,0.0,6.7,85.0,0,12.62,46,2463,0x0000000000000000
07:19:45,33464,6925,5081582,8569694,14966954,0.0,6.2,82.8,0,12.52,45,2411,0x0000000000000000
07:19:46,33481,6925,5081582,8569694,14966954,0.0,6.2,76.2,0,12.56,45,2411,0x0000000000000000
07:19:47,33493,6925,5081582,8569694,14966955,1.2,6.3,67.7,0,10.83,45,2411,0x0000000000000000
07:19:48,33492,6925,5081582,8569694,14966955,0.0,6.3,80.8,0,12.56,45,2450,0x0000000000000000
07:19:49,33474,6925,5081582,8569694,14966955,0.0,6.7,84.2,0,14.83,45,2463,0x0000000000000000
07:19:50,33464,6925,5081583,8569694,14966956,0.0,6.1,86.1,58,15.60,46,2411,0x0000000000000000
07:19:51,33445,6925,5081618,8569694,14966992,0.2,6.3,65.3,0,12.40,45,2444,0x0000000000000000
07:19:52,33401,6925,5081618,8569694,14966992,0.0,6.2,83.2,0,13.60,45,2411,0x0000000000000000
07:19:53,33391,6925,5081622,8569694,14966996,0.0,6.0,72.0,19,14.44,45,2411,0x0000000000000000
07:19:54,33412,6925,5081622,8569694,14966997,0.2,6.7,77.0,0,12.83,45,2418,0x0000000000000000
07:19:55,33367,6925,5081623,8569694,14966998,0.0,6.0,52.5,0,14.20,45,2463,0x0000000000000000
07:19:56,33377,6925,5081623,8569694,14966998,0.0,5.9,82.8,0,14.17,45,2463,0x0000000000000000
07:19:57,33355,6925,5081633,8569694,14967003,0.0,5.9,79.2,0,13.93,45,2463,0x0000000000000000
07:19:58,33333,6925,5081635,8569694,14967005,0.0,6.0,64.6,0,12.43,45,2411,0x0000000000000000
07:19:59,33337,6925,5081642,8569694,14967013,0.2,6.6,74.3,40,14.02,46,2411,0x0000000000000000
07:20:00,33310,6925,5081642,8569694,14967013,0.0,5.8,78.8,17,13.89,45,2411,0x0000000000000000
07:20:01,33976,6925,5081665,8569694,14967028,0.5,6.0,65.0,0,13.45,45,2418,0x0000000000000000
07:20:02,32698,6925,5083611,8569694,14968794,33.8,4.4,58.6,57,17.57,46,2418,0x0000000000000000
07:20:03,32652,6925,5083611,8569694,14968794,0.0,6.9,100.0,62,40.39,51,2470,0x0000000000000000
07:20:04,32624,6925,5083615,8569694,14968797,0.1,7.5,99.0,54,41.07,49,2470,0x0000000000000000
07:20:05,31366,6925,5083632,8569694,14968814,0.6,5.8,89.9,0,17.09,46,2411,0x0000000000000000
07:20:06,31399,6925,5083632,8569694,14968814,0.0,6.0,86.0,11,17.75,47,2528,0x0000000000000000
07:20:07,31431,6925,5083632,8569694,14968814,0.0,6.1,83.0,52,16.37,47,2411,0x0000000000000000
07:20:08,33135,6925,5083634,8569694,14968817,0.3,5.9,47.5,30,17.59,47,2411,0x0000000000000000
07:20:09,32156,6925,5083697,8569694,14968896,6.0,6.9,92.0,75,25.15,49,2470,0x0000000000000000
07:20:10,25470,6930,5083698,8578636,14968897,0.1,9.2,96.0,0,11.29,45,2411,0x0000000000000000
07:20:11,20809,6931,5085198,8580062,14970401,26.0,7.1,63.3,0,12.54,46,2444,0x0000000000000000
07:20:12,20779,6931,5089909,8580062,14974857,33.1,1.8,14.1,0,10.87,45,2411,0x0000000000000000
07:20:13,21796,6931,5090208,8580062,14975182,6.2,5.7,53.0,3,10.99,45,2411,0x0000000000000000
07:20:14,21765,6931,5090237,8580136,14975224,2.8,7.2,88.8,0,11.33,45,2411,0x0000000000000000
07:20:15,21990,6931,5090453,8580136,14975297,0.9,6.1,93.0,17,16.57,46,2431,0x0000000000000000
07:20:16,22043,6931,5090453,8580136,14975299,0.3,6.2,80.0,0,11.54,45,2411,0x0000000000000000
07:20:17,22030,6931,5090543,8580136,14975315,0.4,6.4,99.0,66,21.34,47,2431,0x0000000000000000
07:20:18,21840,6931,5090552,8580136,14975320,0.1,6.6,99.0,16,17.80,46,2457,0x0000000000000000
07:20:19,21872,6931,5090557,8580136,14975326,0.1,7.0,100.0,77,20.63,49,2431,0x0000000000000000
07:20:20,21739,6931,5090557,8580136,14975343,1.4,6.5,100.0,18,17.55,46,2470,0x0000000000000000
07:20:21,21716,6931,5090587,8580136,14975369,0.5,6.5,97.0,51,19.26,48,2431,0x0000000000000000
07:20:22,21784,6931,5090626,8580136,14975409,0.5,6.1,52.0,48,14.75,46,2418,0x0000000000000000
07:20:23,21686,6931,5090631,8580136,14975414,0.0,5.9,79.2,2,12.69,45,2437,0x0000000000000000
07:20:24,21570,6931,5090651,8580136,14975438,0.3,6.9,88.9,11,13.72,45,2437,0x0000000000000000
07:20:25,21477,6931,5090659,8580136,14975447,0.3,6.2,81.2,1,12.82,45,2418,0x0000000000000000
07:20:26,21401,6931,5090677,8580136,14975467,0.5,5.8,80.2,0,12.13,45,2411,0x0000000000000000
07:20:27,21355,6931,5090680,8580136,14975478,0.3,6.2,85.0,1,12.59,45,2431,0x0000000000000000
07:20:28,21381,6931,5090696,8580136,14975547,0.7,6.1,44.6,1,13.46,45,2411,0x0000000000000000
07:20:29,21237,6931,5090790,8580136,14975662,9.3,6.6,54.1,2,15.65,45,2411,0x0000000000000000
07:20:30,21217,6931,5090816,8580136,14975728,1.4,6.2,85.0,0,14.76,46,2450,0x0000000000000000
07:20:31,21173,6931,5090817,8580136,14975731,0.0,6.3,70.3,0,10.82,45,2411,0x0000000000000000
07:20:32,21165,6931,5090835,8580136,14975749,0.9,6.0,26.7,1,11.13,45,2411,0x0000000000000000
07:20:33,21219,6931,5090864,8580136,14975904,3.6,6.0,82.0,0,14.01,45,2476,0x0000000000000000
07:20:34,21248,6931,5090904,8580136,14976426,66.2,4.9,42.1,0,13.98,45,2411,0x0000000000000000
07:20:35,21252,6931,5090916,8580136,14976456,8.0,5.2,62.0,0,10.84,45,2411,0x0000000000000000
07:20:36,21152,6931,5108350,8580136,14980945,69.2,1.2,13.0,0,10.78,45,2411,0x0000000000000000
07:20:37,21103,6931,5116656,8580136,14985164,32.6,0.9,11.8,0,10.73,45,2411,0x0000000000000000
07:20:38,21084,6931,5121598,8580136,14989664,19.3,1.5,13.8,0,10.72,44,2411,0x0000000000000000
07:20:39,21090,6931,5131371,8580136,14993749,38.5,2.0,13.1,0,10.72,44,2411,0x0000000000000000
07:20:40,21030,6863,5146580,8580136,14998532,59.4,1.1,13.1,0,10.67,44,2411,0x0000000000000000
07:20:41,21042,6863,5152809,8580136,15003176,26.6,1.2,12.0,0,10.68,44,2411,0x0000000000000000
07:20:42,20991,6863,5160094,8580136,15007584,29.0,2.6,24.4,0,10.71,44,2411,0x0000000000000000
07:20:43,20957,6863,5167992,8580136,15011699,31.2,1.3,13.3,0,10.71,44,2411,0x0000000000000000
07:20:44,20937,6863,5184290,8580136,15015971,76.7,2.2,15.0,0,10.72,44,2411,0x0000000000000000
07:20:45,20790,6863,5198028,8580136,15018958,53.6,3.3,21.6,0,10.70,44,2411,0x0000000000000000
07:20:46,20750,6863,5204517,8580136,15021503,25.5,3.8,54.5,0,10.69,44,2411,0x0000000000000000
07:20:47,20728,6863,5209475,8580136,15026257,19.4,0.5,7.0,0,10.67,44,2411,0x0000000000000000
07:20:48,20642,6863,5230312,8580136,15030213,81.4,2.5,33.0,0,10.67,44,2411,0x0000000000000000
07:20:49,20490,6863,5236453,8580136,15031262,24.3,5.7,79.2,0,10.69,44,2411,0x0000000000000000
07:20:50,20403,6863,5236636,8580136,15031290,0.7,5.9,98.0,0,10.71,44,2411,0x0000000000000000
07:20:51,20384,6863,5236665,8580136,15031315,0.2,6.2,98.0,0,10.72,44,2411,0x0000000000000000
07:20:52,20229,6863,5236665,8580136,15031356,4.0,6.4,100.0,0,10.72,44,2411,0x0000000000000000
07:20:53,20149,6863,5236666,8580136,15031357,0.0,6.2,100.0,0,10.70,44,2411,0x0000000000000000
07:20:54,20077,6863,5236669,8580136,15031363,0.2,6.7,100.0,0,10.72,44,2411,0x0000000000000000
07:20:55,19899,6863,5236728,8580136,15031395,1.0,5.8,100.0,0,10.71,44,2411,0x0000000000000000
07:20:56,19875,6863,5236728,8580226,15031395,0.0,5.7,100.0,0,10.71,44,2411,0x0000000000000000
07:20:57,19842,6863,5236733,8580226,15031397,0.0,5.6,99.0,0,10.70,44,2411,0x0000000000000000
07:20:58,19817,6863,5236733,8580226,15031397,0.0,5.5,100.0,0,10.69,44,2411,0x0000000000000000
07:20:59,19871,6863,5238729,8580230,15032763,8.1,4.7,70.0,0,10.70,44,2411,0x0000000000000000
07:21:00,18928,6863,5239421,8580343,15033268,3.2,5.3,89.9,0,10.98,44,2411,0x0000000000000000
07:21:01,18925,6863,5240319,8580351,15033864,3.7,5.3,86.9,0,10.80,44,2411,0x0000000000000000
07:21:02,19037,6863,5247442,8580351,15037772,29.1,1.8,21.0,0,10.67,44,2411,0x0000000000000000
07:21:03,18995,6863,5257514,8580351,15042054,39.4,0.9,9.2,0,10.64,44,2411,0x0000000000000000
07:21:04,18957,6863,5265482,8580351,15045804,31.3,1.5,12.0,0,10.64,44,2411,0x0000000000000000
07:21:05,18933,6863,5271862,8580351,15048798,24.9,1.0,10.9,0,10.64,43,2411,0x0000000000000000
07:21:06,18916,6863,5277489,8580351,15051743,22.0,1.2,11.0,0,10.63,43,2411,0x0000000000000000
07:21:07,18883,6863,5286107,8580351,15055077,34.0,1.1,11.0,0,10.63,43,2411,0x0000000000000000
07:21:08,18841,6863,5294968,8580351,15058739,34.6,1.0,9.1,0,10.64,43,2411,0x0000000000000000
07:21:09,18785,6863,5305998,8580351,15063005,43.3,1.7,7.1,0,10.62,43,2411,0x0000000000000000
07:21:10,18746,6863,5315834,8580351,15067112,38.4,2.3,25.4,0,10.62,43,2411,0x0000000000000000
07:21:11,18713,6863,5323920,8580351,15070932,31.6,1.4,13.3,0,10.64,43,2411,0x0000000000000000
07:21:12,18679,6863,5332968,8580351,15075142,35.3,1.0,10.0,0,10.62,43,2411,0x0000000000000000
07:21:13,18665,6863,5345044,8580351,15079731,47.2,1.0,11.0,0,10.62,43,2411,0x0000000000000000
07:21:14,18676,6863,5356041,8580351,15081252,43.0,2.8,33.0,0,10.63,43,2411,0x0000000000000000
07:21:15,18672,6863,5356041,8580351,15081252,0.0,0.8,10.0,0,10.43,43,2405,0x0000000000000000
07:21:16,18672,6863,5356041,8580351,15081252,0.0,1.1,19.2,0,10.31,43,2405,0x0000000000000000
07:21:17,18671,6863,5356041,8580351,15081252,0.0,1.1,16.8,0,10.27,43,2405,0x0000000000000000
07:21:18,18670,6863,5356041,8580351,15081252,0.0,0.7,11.0,0,10.29,43,2405,0x0000000000000000
07:21:19,18682,6863,5356041,8580351,15081253,0.0,1.8,17.2,0,10.30,43,2405,0x0000000000000000
07:21:20,18682,6863,5356041,8580351,15081253,0.0,0.8,9.1,0,10.29,43,2405,0x0000000000000000
07:21:21,18587,6863,5357032,8580351,15082207,12.5,1.6,9.1,0,10.28,43,2405,0x0000000000000000
07:21:22,16752,6863,5360863,8580572,15085729,15.0,2.5,19.2,0,10.28,43,2405,0x0000000000000000
07:21:23,15826,6863,5360868,8580583,15144834,231.2,6.3,28.1,0,16.00,43,2411,0x0000000000000000
07:21:24,16144,6863,5360870,8580589,15144836,0.0,6.6,49.5,1,18.28,43,2405,0x0000000000000000
07:21:25,16114,6863,5360870,8580589,15144841,0.3,7.2,90.0,96,33.22,49,2489,0x0000000000000000
07:21:26,16113,6863,5360875,8580589,15144848,0.3,7.5,100.0,96,56.20,50,2489,0x0000000000000000
07:21:27,16118,6863,5360875,8580589,15144852,0.0,7.8,95.0,96,56.01,52,2483,0x0000000000000000
07:21:28,16071,6863,5360880,8580589,15149571,18.8,6.6,48.5,96,52.42,51,2470,0x0000000000000000
07:21:29,16064,6863,5360881,8580589,15149593,0.7,6.8,100.0,96,56.76,57,2476,0x0000000000000000
07:21:30,16073,6863,5360881,8580589,15149593,0.0,5.9,100.0,96,57.03,58,2476,0x0000000000000000
07:21:31,16079,6863,5360886,8580589,15149595,0.0,5.9,98.0,96,55.98,52,2483,0x0000000000000000
07:21:32,16082,6863,5360902,8580589,15149794,1.1,6.1,90.0,95,54.87,54,2496,0x0000000000000000
07:21:33,16079,6863,5360902,8580589,15149794,0.0,5.9,90.0,96,35.12,53,2457,0x0000000000000000
07:21:34,16077,6863,5360902,8580589,15149844,0.2,6.5,90.9,68,49.45,51,2496,0x0000000000000000
07:21:35,16072,6863,5360911,8580589,15150211,1.4,5.7,82.0,84,25.49,49,2509,0x0000000000000000
07:21:36,16074,6863,5360911,8580589,15150212,0.1,6.4,100.0,96,56.23,55,2476,0x0000000000000000
07:21:37,16077,6863,5360917,8580589,15150217,0.0,6.2,100.0,96,57.05,55,2476,0x0000000000000000
07:21:38,16077,6863,5360917,8580589,15150217,0.0,5.9,100.0,96,56.37,55,2476,0x0000000000000000
07:21:39,16077,6863,5360937,8580589,15150236,0.6,7.2,99.0,96,56.06,56,2476,0x0000000000000000
07:21:40,16077,6863,5360937,8580589,15150236,0.0,6.1,100.0,96,57.56,55,2476,0x0000000000000000
07:21:41,16077,6863,5360937,8580589,15150236,0.0,6.1,100.0,96,57.23,55,2483,0x0000000000000000
07:21:42,16078,6863,5360937,8580589,15150236,0.0,5.8,100.0,96,56.00,56,2489,0x0000000000000000
07:21:43,16066,6863,5360961,8580589,15150258,1.1,6.0,92.1,1,46.53,50,2437,0x0000000000000000
07:21:44,16065,6863,5360972,8580589,15150266,0.2,7.2,100.0,96,56.26,56,2489,0x0000000000000000
07:21:45,16051,6863,5360979,8580589,15150497,0.9,5.6,86.1,96,39.08,57,2457,0x0000000000000000
07:21:46,16055,6863,5360979,8580589,15150497,0.0,5.9,100.0,96,57.55,59,2476,0x0000000000000000
07:21:47,16054,6863,5360979,8580589,15150498,0.1,5.9,100.0,96,57.39,58,2476,0x0000000000000000
07:21:48,16057,6863,5360979,8580589,15150498,0.0,5.8,100.0,96,56.60,59,2476,0x0000000000000000
07:21:49,16059,6863,5360980,8580589,15150500,0.0,6.7,99.0,96,56.38,58,2470,0x0000000000000000
07:21:50,16059,6863,5360980,8580589,15150500,0.0,5.7,100.0,96,57.96,60,2476,0x0000000000000000
07:21:51,16062,6863,5361005,8580589,15150525,0.1,6.0,100.0,96,57.83,57,2476,0x0000000000000000
07:21:52,16062,6863,5361005,8580589,15150525,0.0,6.3,100.0,95,56.65,59,2496,0x0000000000000000
07:21:53,16063,6863,5361005,8580589,15150568,0.2,5.9,98.0,96,55.38,59,2496,0x0000000000000000
07:21:54,16064,6863,5361005,8580589,15150595,0.1,6.7,99.0,93,54.47,56,2496,0x0000000000000000
07:21:55,16060,6863,5361006,8580589,15150653,0.2,5.9,94.1,96,46.76,59,2470,0x0000000000000000
07:21:56,16060,6863,5361006,8580589,15150653,0.0,5.9,100.0,96,57.87,59,2476,0x0000000000000000
07:21:57,16071,6863,5361006,8580589,15150679,2.2,6.5,100.0,96,57.90,59,2476,0x0000000000000000
07:21:58,16071,6863,5361006,8580589,15150679,0.0,6.4,62.0,96,56.23,60,2463,0x0000000000000000
07:21:59,16067,6863,5361006,8580589,15150679,0.0,7.9,100.0,96,58.19,59,2476,0x0000000000000000
07:22:00,16067,6863,5361006,8580589,15150679,0.0,7.6,100.0,96,58.54,58,2476,0x0000000000000000
07:22:01,16069,6863,5361006,8580589,15150680,0.0,7.7,100.0,96,57.48,60,2476,0x0000000000000000
07:22:02,16069,6863,5361006,8580589,15150723,0.2,7.5,98.0,96,56.77,60,2496,0x0000000000000000
07:22:03,16070,6863,5361006,8580589,15150730,0.7,7.4,100.0,96,55.58,60,2489,0x0000000000000000
07:22:04,16069,6863,5361008,8580589,15150795,0.6,8.2,83.2,93,44.96,56,2496,0x0000000000000000
07:22:05,16069,6863,5361008,8580589,15150795,0.0,7.7,100.0,96,55.43,59,2470,0x0000000000000000
07:22:06,16068,6863,5361008,8580589,15150795,0.0,7.6,100.0,96,58.45,61,2476,0x0000000000000000
07:22:07,16067,6863,5361243,8580589,15150968,6.4,7.9,100.0,96,57.72,60,2470,0x0000000000000000
07:22:08,16073,6863,5361298,8580589,15151020,0.2,7.6,68.7,96,56.97,62,2470,0x0000000000000000
07:22:09,16073,6863,5361310,8580589,15151026,0.1,8.1,100.0,96,58.44,61,2470,0x0000000000000000
07:22:10,16073,6863,5361310,8580589,15151026,0.0,7.8,100.0,96,58.56,60,2470,0x0000000000000000
07:22:11,16075,6863,5361310,8580589,15151027,0.0,7.4,99.0,83,57.09,60,2483,0x0000000000000000
07:22:12,16075,6863,5361310,8580589,15151068,0.2,7.6,68.0,76,55.30,60,2483,0x0000000000000000
07:22:13,16075,6863,5361310,8580589,15151068,0.0,7.4,100.0,96,57.87,61,2496,0x0000000000000000
07:22:14,16071,6863,5361314,8580589,15151113,0.2,8.0,52.5,96,42.94,62,2457,0x0000000000000000
07:22:15,16071,6863,5361314,8580589,15151113,0.0,7.7,100.0,96,58.13,64,2463,0x0000000000000000
07:22:16,16071,6863,5361314,8580589,15151113,0.0,7.7,100.0,96,58.62,64,2470,0x0000000000000000
07:22:17,16071,6863,5361314,8580589,15151113,0.0,7.6,99.0,96,57.57,62,2470,0x0000000000000000
07:22:18,16071,6863,5361314,8580589,15151113,0.0,7.7,100.0,96,57.29,62,2470,0x0000000000000000
07:22:19,16072,6863,5361326,8580589,15151120,0.1,8.4,100.0,96,58.83,62,2470,0x0000000000000000
07:22:20,16072,6863,5361326,8580589,15151120,0.0,7.6,100.0,96,59.06,63,2463,0x0000000000000000
07:22:21,16072,6863,5361345,8580589,15151137,0.1,7.6,99.0,96,57.45,62,2483,0x0000000000000000
07:22:22,16072,6863,5361369,8580589,15151211,1.3,6.8,99.0,96,55.96,62,2483,0x0000000000000000
07:22:23,16072,6863,5361369,8580589,15151445,0.9,6.4,94.1,77,53.81,58,2476,0x0000000000000000
07:22:24,16070,6863,5361396,8580589,15151692,1.0,7.8,50.0,96,39.39,62,2470,0x0000000000000000
07:22:25,16069,6863,5361398,8580589,15151694,0.0,7.6,100.0,96,58.54,64,2457,0x0000000000000000
07:22:26,16069,6863,5361402,8580589,15151701,0.0,7.6,100.0,96,58.56,64,2463,0x0000000000000000
07:22:27,16070,6863,5361403,8580589,15151703,0.0,7.3,99.0,96,57.77,63,2470,0x0000000000000000
07:22:28,16070,6863,5361404,8580589,15151704,0.0,6.9,100.0,96,57.63,63,2463,0x0000000000000000
07:22:29,16069,6863,5361409,8580589,15151711,0.1,8.0,100.0,96,58.95,63,2457,0x0000000000000000
07:22:30,16069,6863,5361409,8580589,15151713,0.1,6.8,100.0,96,58.54,67,2457,0x0000000000000000
07:22:31,16069,6863,5361409,8580589,15151713,0.0,6.6,66.0,96,57.80,64,2476,0x0000000000000000
07:22:32,16068,6863,5361637,8580589,15151908,2.3,7.0,99.0,96,56.28,64,2470,0x0000000000000000
07:22:33,16068,6863,5361642,8580589,15152014,0.4,6.9,96.0,94,52.17,60,2502,0x0000000000000000
07:22:34,16064,6863,5361653,8580589,15152061,0.2,8.9,96.0,96,49.56,65,2463,0x0000000000000000
07:22:35,16063,6863,5361653,8580589,15152061,0.0,7.6,100.0,96,58.83,63,2457,0x0000000000000000
07:22:36,16063,6863,5361653,8580589,15152061,0.0,7.6,100.0,95,58.48,66,2457,0x0000000000000000
07:22:37,16062,6863,5361653,8580589,15152062,0.0,7.1,59.0,96,57.23,64,2444,0x0000000000000000
07:22:38,16062,6863,5361653,8580589,15152062,0.0,6.6,100.0,96,59.13,63,2457,0x0000000000000000
07:22:39,16052,6863,5361679,8580589,15152079,0.3,7.8,100.0,96,59.53,63,2463,0x0000000000000000
07:22:40,16051,6863,5361679,8580589,15152079,0.0,6.3,100.0,96,58.43,64,2463,0x0000000000000000
07:22:41,16049,6863,5361680,8580589,15152141,0.2,7.2,98.0,96,57.71,64,2476,0x0000000000000000
07:22:42,16049,6863,5361680,8580589,15152141,0.0,7.1,100.0,96,56.55,65,2476,0x0000000000000000
07:22:43,16050,6863,5361695,8580589,15152237,0.4,7.0,74.7,78,45.63,60,2496,0x0000000000000000
07:22:44,16048,6863,5361695,8580589,15152238,0.1,7.7,100.0,96,57.85,64,2457,0x0000000000000000
07:22:45,16049,6863,5361697,8580589,15152240,0.0,6.6,100.0,96,59.14,67,2457,0x0000000000000000
07:22:46,16051,6863,5361697,8580589,15152240,0.0,6.4,100.0,96,58.47,65,2457,0x0000000000000000
07:22:47,16057,6863,5361699,8580589,15152242,0.0,6.7,99.0,96,57.67,66,2457,0x0000000000000000
07:22:48,16057,6863,5361699,8580589,15152242,0.0,6.7,100.0,96,59.35,65,2457,0x0000000000000000
07:22:49,16053,6863,5361717,8580589,15152247,0.1,7.3,100.0,96,59.57,65,2457,0x0000000000000000
07:22:50,16055,6863,5361717,8580589,15152247,0.0,6.7,99.0,82,58.34,65,2470,0x0000000000000000
07:22:51,16056,6863,5361728,8580589,15152301,0.2,7.1,62.6,96,56.42,65,2470,0x0000000000000000
07:22:52,16056,6863,5361730,8580589,15152302,0.0,7.4,100.0,96,58.73,66,2470,0x0000000000000000
07:22:53,16056,6863,5361733,8580589,15152347,0.2,7.0,50.0,96,44.67,65,2457,0x0000000000000000
07:22:54,16054,6863,5361733,8580589,15152347,0.0,8.3,100.0,96,59.36,67,2457,0x0000000000000000
07:22:55,16054,6863,5361733,8580589,15152347,0.0,7.3,100.0,96,59.44,69,2457,0x0000000000000000
07:22:56,16057,6863,5361733,8580589,15152347,0.0,7.4,99.0,96,58.47,67,2463,0x0000000000000000
07:22:57,16057,6863,5361733,8580589,15152347,0.0,7.6,100.0,96,58.73,66,2457,0x0000000000000000
07:22:58,16057,6863,5361735,8580589,15152349,0.0,7.3,100.0,96,59.59,66,2457,0x0000000000000000
07:22:59,16057,6863,5361736,8580589,15152353,0.2,7.7,100.0,96,59.57,66,2463,0x0000000000000000
07:23:00,16057,6863,5361736,8580589,15152353,0.0,7.3,99.0,96,58.58,66,2476,0x0000000000000000
07:23:01,16058,6863,5361736,8580589,15152395,0.2,7.6,68.0,96,56.51,66,2470,0x0000000000000000
07:23:02,16058,6863,5361736,8580589,15152404,0.0,7.7,99.0,93,54.18,63,2483,0x0000000000000000
07:23:03,16057,6863,5361738,8580589,15152448,0.2,7.4,95.0,96,49.62,65,2457,0x0000000000000000
07:23:04,16056,6863,5361738,8580589,15152448,0.0,8.6,100.0,96,59.58,66,2457,0x0000000000000000
07:23:05,16057,6863,5361738,8580589,15152448,0.0,7.5,100.0,96,59.06,66,2457,0x0000000000000000
07:23:06,16058,6863,5361738,8580589,15152448,0.0,7.2,61.6,96,57.96,66,2450,0x0000000000000000
07:23:07,16059,6863,5361738,8580589,15152448,0.0,6.7,100.0,96,60.15,67,2457,0x0000000000000000
07:23:08,16059,6863,5361738,8580589,15152448,0.0,6.6,100.0,96,60.13,67,2457,0x0000000000000000
07:23:09,16057,6863,5361769,8580589,15152474,0.3,7.3,100.0,96,59.40,66,2457,0x0000000000000000
07:23:10,16055,6863,5361769,8580589,15152474,0.0,6.8,99.0,96,58.47,67,2476,0x0000000000000000
07:23:11,16055,6863,5361770,8580589,15152516,0.2,6.9,100.0,96,57.29,67,2476,0x0000000000000000
07:23:12,16055,6863,5361796,8580589,15152735,0.9,6.7,79.2,89,45.57,63,2476,0x0000000000000000
07:23:13,16055,6863,5361828,8580589,15152780,0.7,7.7,100.0,96,56.31,68,2457,0x0000000000000000
07:23:14,16052,6863,5361828,8580589,15152784,0.2,8.2,100.0,96,60.04,67,2457,0x0000000000000000
07:23:15,16053,6863,5361828,8580589,15152784,0.0,7.4,100.0,96,59.27,66,2457,0x0000000000000000
07:23:16,16056,6863,5361828,8580589,15152784,0.0,7.5,99.0,96,58.42,66,2457,0x0000000000000000
07:23:17,16056,6863,5361828,8580589,15152784,0.0,7.7,100.0,96,60.04,66,2457,0x0000000000000000
07:23:18,16056,6863,5361828,8580589,15152784,0.0,7.6,100.0,96,60.38,68,2457,0x0000000000000000
07:23:19,16055,6863,5361832,8580589,15152787,0.1,8.3,99.0,96,58.56,68,2470,0x0000000000000000
07:23:20,16054,6863,5361833,8580589,15152862,0.3,7.3,99.0,78,56.30,66,2470,0x0000000000000000
07:23:21,16054,6863,5361849,8580589,15152878,0.1,7.6,100.0,96,59.09,68,2476,0x0000000000000000
07:23:22,16052,6863,5361853,8580589,15153014,0.5,7.0,53.0,93,42.50,66,2444,0x0000000000000000
07:23:23,16053,6863,5361853,8580589,15153014,0.0,7.7,100.0,96,59.61,68,2457,0x0000000000000000
07:23:24,16042,6863,5361885,8580589,15153038,0.8,8.4,100.0,96,59.89,68,2457,0x0000000000000000
07:23:25,16042,6863,5361885,8580589,15153038,0.0,7.6,100.0,96,59.16,69,2457,0x0000000000000000
07:23:26,16042,6863,5361885,8580589,15153038,0.0,8.1,99.0,96,58.73,67,2457,0x0000000000000000
07:23:27,16042,6863,5361886,8580589,15153039,0.0,7.8,100.0,96,60.52,68,2457,0x0000000000000000
07:23:28,16042,6863,5361981,8580589,15153133,0.5,7.7,100.0,96,60.03,68,2457,0x0000000000000000
07:23:29,16042,6863,5361981,8580589,15153134,0.0,8.1,99.0,96,58.55,68,2476,0x0000000000000000
07:23:30,16042,6863,5361981,8580589,15153191,0.2,7.5,99.0,96,57.51,68,2476,0x0000000000000000
07:23:31,16042,6863,5361981,8580589,15153242,0.2,7.6,98.0,96,57.90,67,2476,0x0000000000000000
07:23:32,16040,6863,5361982,8580589,15153365,0.5,7.3,87.0,96,43.40,68,2457,0x0000000000000000
07:23:33,16042,6863,5361982,8580589,15153365,0.0,7.8,100.0,96,59.78,69,2450,0x0000000000000000
07:23:34,16041,6863,5361982,8580589,15153365,0.0,8.5,100.0,96,60.20,68,2450,0x0000000000000000
07:23:35,16042,6863,5361982,8580589,15153366,0.1,7.7,99.0,96,59.49,68,2463,0x0000000000000000
07:23:36,16042,6863,5361982,8580589,15153366,0.0,7.8,100.0,96,59.09,68,2457,0x0000000000000000
07:23:37,16042,6863,5361982,8580589,15153366,0.0,7.7,100.0,96,60.62,69,2457,0x0000000000000000
07:23:38,16042,6863,5361982,8580589,15153366,0.0,7.7,100.0,96,59.54,68,2457,0x0000000000000000
07:23:39,16035,6863,5361982,8580589,15153369,0.3,8.4,99.0,96,58.88,69,2476,0x0000000000000000
07:23:40,16037,6863,5361982,8580589,15153410,0.2,7.3,72.7,96,57.43,69,2470,0x0000000000000000
07:23:41,16039,6863,5361985,8580589,15153413,0.0,6.9,98.0,94,53.74,65,2489,0x0000000000000000
07:23:42,16039,6863,5361985,8580589,15153453,0.2,7.2,96.0,96,51.79,72,2457,0x0000000000000000
07:23:43,16041,6863,5361985,8580589,15153453,0.0,7.1,100.0,96,60.30,68,2457,0x0000000000000000
07:23:44,16039,6863,5361985,8580589,15153453,0.0,7.6,100.0,96,60.03,68,2457,0x0000000000000000
07:23:45,16040,6863,5361985,8580589,15153453,0.0,6.5,99.0,96,59.15,69,2450,0x0000000000000000
07:23:46,16039,6863,5361985,8580589,15153453,0.0,6.7,100.0,96,61.02,68,2457,0x0000000000000000
07:23:47,16039,6863,5361985,8580589,15153453,0.0,6.2,100.0,96,60.93,69,2457,0x0000000000000000
07:23:48,16038,6863,5361985,8580589,15153453,0.0,6.0,100.0,96,59.90,69,2457,0x0000000000000000
07:23:49,16031,6863,5362001,8580589,15153484,0.2,7.9,98.0,96,58.72,68,2476,0x0000000000000000
07:23:50,16032,6863,5362001,8580589,15153484,0.0,7.0,100.0,96,57.79,68,2470,0x0000000000000000
07:23:51,16031,6863,5362023,8580589,15153653,0.7,7.1,76.0,88,45.81,65,2470,0x0000000000000000
07:23:52,16032,6863,5362025,8580589,15153655,0.0,7.1,100.0,96,56.30,70,2457,0x0000000000000000
07:23:53,16033,6863,5362026,8580589,15153656,0.0,6.8,100.0,96,60.07,68,2450,0x0000000000000000
07:23:54,16034,6863,5362027,8580589,15153657,0.0,7.6,100.0,96,60.26,70,2457,0x0000000000000000
07:23:55,16035,6862,5362073,8580589,15153693,0.6,7.9,61.6,96,59.14,73,2450,0x0000000000000000
07:23:56,16035,6862,5362073,8580589,15153693,0.0,7.1,100.0,96,60.43,69,2457,0x0000000000000000
07:23:57,16034,6862,5362073,8580589,15153693,0.0,7.3,100.0,96,61.01,70,2457,0x0000000000000000
07:23:58,16034,6862,5362073,8580589,15153693,0.0,7.2,81.8,96,60.14,69,2463,0x0000000000000000
07:23:59,16035,6862,5362073,8580589,15153735,0.2,7.8,77.2,96,57.82,70,2476,0x0000000000000000
07:24:00,16035,6862,5362073,8580589,15153735,0.0,6.8,100.0,96,58.74,69,2476,0x0000000000000000
07:24:01,16033,6862,5362079,8580589,15153893,0.6,6.8,87.9,60,42.84,68,2450,0x0000000000000000
07:24:02,16033,6862,5362079,8580589,15153893,0.0,7.1,100.0,96,60.59,69,2457,0x0000000000000000
07:24:03,16033,6862,5362079,8580589,15153893,0.0,6.9,100.0,96,60.66,69,2457,0x0000000000000000
07:24:04,16033,6862,5362079,8580589,15153894,0.0,7.1,100.0,96,59.87,70,2457,0x0000000000000000
07:24:05,16034,6862,5362079,8580589,15153894,0.0,6.3,87.0,96,59.63,71,2457,0x0000000000000000
07:24:06,16034,6862,5362079,8580589,15153894,0.0,6.3,100.0,96,60.68,70,2450,0x0000000000000000
07:24:07,16029,6862,5362079,8580589,15153894,0.0,6.7,100.0,96,60.88,70,2457,0x0000000000000000
07:24:08,16030,6862,5362079,8580589,15153894,0.0,6.2,56.0,96,59.70,69,2470,0x0000000000000000
07:24:09,16031,6862,5362079,8580589,15153935,0.3,7.6,53.0,96,57.94,70,2463,0x0000000000000000
07:24:10,16031,6862,5362108,8580589,15153981,1.3,7.7,99.0,96,59.49,69,2470,0x0000000000000000
07:24:11,16032,6862,5362110,8580589,15154024,0.2,7.6,59.0,96,46.03,69,2457,0x0000000000000000
07:24:12,16032,6862,5362110,8580589,15154024,0.0,7.8,100.0,96,60.70,70,2450,0x0000000000000000
07:24:13,16032,6862,5362110,8580589,15154024,0.0,7.8,100.0,96,60.62,69,2457,0x0000000000000000
07:24:14,16033,6862,5362110,8580589,15154026,0.1,8.2,99.0,96,59.73,71,2463,0x0000000000000000
07:24:15,16033,6862,5362110,8580589,15154026,0.0,7.7,100.0,96,59.90,70,2457,0x0000000000000000
07:24:16,16033,6862,5362110,8580589,15154026,0.0,7.7,100.0,96,60.91,70,2450,0x0000000000000000
07:24:17,16033,6862,5362110,8580589,15154026,0.0,7.9,100.0,96,60.80,70,2457,0x0000000000000000
07:24:18,16033,6862,5362110,8580589,15154027,0.1,7.1,71.0,96,59.46,70,2476,0x0000000000000000
07:24:19,16032,6862,5362110,8580589,15154086,0.3,7.3,83.8,96,57.80,69,2470,0x0000000000000000
07:24:20,16032,6862,5362110,8580589,15154127,0.2,6.4,98.0,78,53.32,67,2476,0x0000000000000000
07:24:21,16032,6862,5362129,8580589,15154204,0.3,6.6,82.8,96,48.77,73,2450,0x0000000000000000
07:24:22,16032,6862,5362129,8580589,15154204,0.0,6.4,100.0,96,60.68,69,2457,0x0000000000000000
07:24:23,16032,6862,5362129,8580589,15154204,0.0,6.3,100.0,96,60.74,72,2457,0x0000000000000000
07:24:24,16034,6862,5362129,8580589,15154208,0.4,7.3,99.0,78,59.20,69,2457,0x0000000000000000
07:24:25,16034,6862,5362129,8580589,15154208,0.0,6.5,100.0,96,61.31,70,2450,0x0000000000000000
07:24:26,16034,6862,5362129,8580589,15154208,0.0,6.4,100.0,96,61.10,72,2450,0x0000000000000000
07:24:27,16034,6862,5362129,8580589,15154208,0.0,6.6,100.0,96,60.45,69,2457,0x0000000000000000
07:24:28,16034,6862,5362129,8580589,15154208,0.0,6.6,99.0,96,59.36,71,2476,0x0000000000000000
07:24:29,16034,6862,5362129,8580589,15154250,0.2,7.4,91.0,96,58.26,70,2463,0x0000000000000000
07:24:30,16032,6862,5362134,8580589,15154303,0.2,6.5,89.1,94,49.77,67,2483,0x0000000000000000
07:24:31,16032,6862,5362134,8580589,15154303,0.0,6.6,100.0,96,56.26,70,2457,0x0000000000000000
07:24:32,16032,6862,5362134,8580589,15154303,0.0,8.0,100.0,96,60.92,71,2450,0x0000000000000000
07:24:33,16032,6862,5362134,8580589,15154303,0.0,7.8,100.0,96,60.46,71,2457,0x0000000000000000
07:24:34,16032,6862,5362134,8580589,15154303,0.0,8.0,59.0,96,59.23,70,2457,0x0000000000000000
07:24:35,16032,6862,5362134,8580589,15154303,0.0,7.4,100.0,96,61.26,71,2450,0x0000000000000000
07:24:36,16032,6862,5362135,8580589,15154304,0.0,7.8,100.0,96,61.59,70,2457,0x0000000000000000
07:24:37,16032,6862,5362135,8580589,15154305,0.0,7.5,99.0,96,60.74,70,2463,0x0000000000000000
07:24:38,16032,6862,5362137,8580589,15154347,0.2,7.5,99.0,96,58.33,70,2476,0x0000000000000000
07:24:39,16032,6862,5362137,8580589,15154347,0.0,8.3,100.0,96,59.12,70,2470,0x0000000000000000
07:24:40,16030,6862,5362143,8580589,15154451,0.4,8.0,91.0,61,45.90,68,2457,0x0000000000000000
07:24:41,16030,6862,5362143,8580589,15154451,0.0,7.6,100.0,96,60.53,71,2450,0x0000000000000000
07:24:42,16030,6862,5362145,8580589,15154452,0.0,7.6,100.0,96,60.83,71,2450,0x0000000000000000
07:24:43,16029,6862,5362145,8580589,15154452,0.0,7.5,100.0,96,60.26,71,2463,0x0000000000000000
07:24:44,16033,6862,5362145,8580589,15154453,0.0,8.5,100.0,96,59.70,70,2450,0x0000000000000000
07:24:45,16033,6862,5362145,8580589,15154453,0.0,7.5,100.0,96,61.20,70,2450,0x0000000000000000
07:24:46,16033,6862,5362145,8580589,15154453,0.0,7.3,100.0,96,61.44,69,2450,0x0000000000000000
07:24:47,16034,6862,5362148,8580589,15154456,0.0,7.2,99.0,96,60.15,71,2470,0x0000000000000000
07:24:48,16033,6862,5362148,8580589,15154497,0.2,7.3,50.5,96,58.36,71,2463,0x0000000000000000
07:24:49,16035,6862,5362148,8580589,15154498,0.0,8.5,100.0,96,59.71,70,2470,0x0000000000000000
07:24:50,16033,6862,5362151,8580589,15154575,0.3,7.6,91.9,96,48.11,73,2450,0x0000000000000000
07:24:51,16032,6862,5362169,8580589,15154593,0.1,7.9,100.0,96,61.00,71,2457,0x0000000000000000
07:24:52,16033,6862,5362169,8580589,15154593,0.0,7.9,100.0,96,60.98,74,2450,0x0000000000000000
07:24:53,16033,6862,5362169,8580589,15154593,0.0,7.5,99.0,96,59.18,70,2463,0x0000000000000000
07:24:54,16033,6862,5362169,8580589,15154593,0.0,8.5,100.0,96,61.00,71,2450,0x0000000000000000
07:24:55,16033,6862,5362169,8580589,15154593,0.0,7.7,100.0,96,61.49,71,2457,0x0000000000000000
07:24:56,16033,6862,5362169,8580589,15154593,0.0,7.5,100.0,96,60.86,71,2457,0x0000000000000000
07:24:57,16033,6862,5362169,8580589,15154593,0.0,7.4,99.0,96,59.83,71,2470,0x0000000000000000
07:24:58,16034,6862,5362170,8580589,15154651,0.2,6.6,84.0,96,58.15,71,2463,0x0000000000000000
07:24:59,16032,6862,5362171,8580589,15154681,0.3,7.2,91.0,94,51.61,68,2489,0x0000000000000000
07:25:00,16032,6862,5362171,8580589,15154681,0.0,6.3,100.0,96,55.43,71,2450,0x0000000000000000
07:25:01,16032,6862,5362171,8580589,15154681,0.0,6.6,100.0,96,60.99,72,2444,0x0000000000000000
07:25:02,16032,6862,5362171,8580589,15154681,0.0,6.4,100.0,96,60.68,72,2457,0x0000000000000000
07:25:03,16032,6862,5362171,8580589,15154681,0.0,6.3,99.0,96,59.78,71,2450,0x0000000000000000
07:25:04,16031,6862,5362171,8580589,15154681,0.0,7.3,100.0,96,61.83,71,2450,0x0000000000000000
07:25:05,16033,6862,5362171,8580589,15154681,0.0,6.4,100.0,96,61.22,71,2450,0x0000000000000000
07:25:06,16033,6862,5362171,8580589,15154681,0.0,6.1,87.0,96,60.67,72,2450,0x0000000000000000
07:25:07,16033,6862,5362171,8580589,15154710,0.1,6.7,98.0,96,58.99,72,2463,0x0000000000000000
07:25:08,16033,6862,5362171,8580589,15154710,0.0,6.4,100.0,96,58.64,71,2463,0x0000000000000000
07:25:09,16026,6862,5362174,8580589,15154775,0.4,7.6,56.0,87,45.37,71,2476,0x0000000000000000
07:25:10,16025,6862,5362174,8580589,15154775,0.0,6.6,100.0,96,61.29,72,2450,0x0000000000000000
07:25:11,16026,6862,5362174,8580589,15154775,0.0,6.4,100.0,96,61.37,71,2450,0x0000000000000000
07:25:12,16022,6862,5362177,8580589,15154779,0.3,7.8,100.0,96,60.78,73,2450,0x0000000000000000
07:25:13,16025,6862,5362177,8580589,15154779,0.0,6.4,99.0,96,60.32,71,2450,0x0000000000000000
07:25:14,16028,6862,5362224,8580589,15154844,1.1,7.4,100.0,96,61.69,73,2450,0x0000000000000000
07:25:15,16030,6862,5362224,8580589,15154844,0.0,6.3,100.0,96,61.15,71,2450,0x0000000000000000
07:25:16,16030,6862,5362224,8580589,15154844,0.0,6.4,100.0,87,60.51,72,2457,0x0000000000000000
07:25:17,16030,6862,5362224,8580589,15154887,0.2,6.8,98.0,96,58.54,71,2457,0x0000000000000000
07:25:18,16031,6862,5362235,8580589,15154890,0.0,6.7,100.0,96,60.60,72,2457,0x0000000000000000
07:25:19,16029,6862,5362235,8580589,15154946,0.2,7.6,63.6,96,47.32,71,2450,0x0000000000000000
07:25:20,16029,6862,5362235,8580589,15154946,0.0,7.7,100.0,96,61.29,76,2444,0x0000000000000000
07:25:21,16029,6862,5362255,8580589,15154966,0.1,7.8,100.0,96,61.48,72,2444,0x0000000000000000
07:25:22,16030,6862,5363191,8580589,15155721,11.2,7.6,99.0,96,60.67,72,2450,0x0000000000000000
07:25:23,16027,6862,5364057,8580589,15156364,7.9,8.1,100.0,96,60.37,72,2444,0x0000000000000000
07:25:24,16027,6862,5364111,8580589,15156408,0.3,8.7,100.0,96,61.96,71,2450,0x0000000000000000
07:25:25,16027,6862,5364111,8580589,15156408,0.0,7.3,100.0,96,61.19,75,2444,0x0000000000000000
07:25:26,16027,6862,5364111,8580589,15156408,0.0,7.3,100.0,96,59.90,74,2457,0x0000000000000000
07:25:27,16027,6862,5364111,8580589,15156433,0.1,7.4,99.0,96,58.84,73,2457,0x0000000000000000
07:25:28,16029,6862,5364111,8580589,15156456,0.1,7.6,92.0,94,53.04,69,2483,0x0000000000000000
07:25:29,16019,6862,5364113,8580589,15156484,0.2,8.2,99.0,96,56.24,71,2444,0x0000000000000000
07:25:30,16019,6862,5364113,8580589,15156484,0.0,7.5,100.0,96,61.08,76,2444,0x0000000000000000
07:25:31,16019,6862,5364113,8580589,15156484,0.0,7.5,100.0,96,61.11,72,2444,0x0000000000000000
07:25:32,16021,6862,5364114,8580589,15156485,0.0,7.3,99.0,96,59.93,74,2444,0x0000000000000000
07:25:33,16021,6862,5364114,8580589,15156485,0.0,7.8,100.0,96,61.59,74,2444,0x0000000000000000
07:25:34,16019,6862,5364114,8580589,15156486,0.0,8.6,100.0,96,61.67,72,2444,0x0000000000000000
07:25:35,16019,6862,5364114,8580589,15156486,0.0,7.1,91.0,96,61.34,72,2450,0x0000000000000000
07:25:36,16020,6862,5364114,8580589,15156511,0.1,7.1,99.0,96,60.50,72,2457,0x0000000000000000
07:25:37,16021,6862,5364114,8580589,15156511,0.0,7.7,100.0,96,59.08,73,2457,0x0000000000000000
07:25:38,16020,6862,5364265,8580589,15156779,1.4,7.9,90.0,89,44.88,68,2476,0x0000000000000000
07:25:39,16021,6862,5364266,8580589,15156809,0.2,7.4,100.0,96,55.95,73,2450,0x0000000000000000
07:25:40,16020,6862,5364266,8580589,15156809,0.0,6.3,100.0,96,61.44,72,2444,0x0000000000000000
07:25:41,16020,6862,5364266,8580589,15156809,0.0,6.3,100.0,96,61.78,73,2444,0x0000000000000000
07:25:42,16020,6862,5364266,8580589,15156809,0.0,6.4,99.0,96,60.27,73,2450,0x0000000000000000
07:25:43,16021,6862,5364266,8580589,15156809,0.0,6.4,100.0,96,62.25,72,2444,0x0000000000000000
07:25:44,16019,6862,5364266,8580589,15156809,0.0,7.3,100.0,96,61.89,72,2444,0x0000000000000000
07:25:45,16019,6862,5364266,8580589,15156809,0.0,6.5,87.0,96,61.24,73,2444,0x0000000000000000
07:25:46,16019,6862,5364266,8580589,15156902,0.4,7.4,83.2,96,59.47,72,2457,0x0000000000000000
07:25:47,16019,6862,5364266,8580589,15156902,0.0,7.6,100.0,96,59.58,74,2457,0x0000000000000000
07:25:48,16015,6862,5364268,8580589,15156945,0.2,7.4,91.9,78,46.51,75,2470,0x0000000000000000
07:25:49,16013,6862,5364268,8580589,15156945,0.0,8.2,100.0,96,61.90,72,2444,0x0000000000000000
07:25:50,16015,6862,5364268,8580589,15156945,0.0,7.8,100.0,96,61.77,73,2444,0x0000000000000000
07:25:51,16015,6862,5364287,8580589,15156965,0.1,7.5,100.0,96,60.94,73,2444,0x0000000000000000
07:25:52,16021,6862,5364287,8580589,15156965,0.0,7.5,99.0,96,60.91,73,2450,0x0000000000000000
07:25:53,16023,6862,5364413,8580589,15157057,0.6,7.3,100.0,96,62.60,73,2444,0x0000000000000000
07:25:54,16023,6862,5364414,8580589,15157060,0.2,8.2,100.0,96,62.03,77,2444,0x0000000000000000
07:25:55,16024,6862,5364415,8580589,15157061,0.0,7.2,99.0,96,60.68,73,2457,0x0000000000000000
07:25:56,16022,6862,5364415,8580589,15157103,0.2,7.5,99.0,96,58.99,73,2457,0x0000000000000000
07:25:57,16022,6862,5364415,8580589,15157103,0.0,7.7,100.0,96,60.74,73,2457,0x0000000000000000
07:25:58,16018,6862,5364418,8580589,15157196,0.4,7.4,94.9,96,45.42,74,2437,0x0000000000000000
07:25:59,16019,6862,5364418,8580589,15157196,0.0,8.4,100.0,96,61.86,73,2444,0x0000000000000000
07:26:00,16019,6862,5364418,8580589,15157196,0.0,7.4,100.0,96,61.52,74,2444,0x0000000000000000
07:26:01,16024,6862,5364418,8580589,15157196,0.0,7.4,99.0,96,61.09,74,2444,0x0000000000000000
07:26:02,16025,6862,5364418,8580589,15157196,0.0,7.6,100.0,96,60.70,73,2444,0x0000000000000000
07:26:03,16025,6862,5364418,8580589,15157196,0.0,7.5,100.0,96,61.97,73,2444,0x0000000000000000
07:26:04,16022,6862,5364418,8580589,15157196,0.0,8.1,100.0,96,61.90,75,2444,0x0000000000000000
07:26:05,16023,6862,5364419,8580589,15157197,0.0,7.6,99.0,96,60.18,73,2457,0x0000000000000000
07:26:06,16022,6862,5364421,8580589,15157223,0.1,7.5,65.7,96,59.17,74,2457,0x0000000000000000
07:26:07,16020,6862,5364421,8580589,15157238,0.1,8.0,99.0,94,57.61,70,2463,0x0000000000000000
07:26:08,16020,6862,5364423,8580589,15157266,0.1,6.8,70.0,96,48.80,73,2444,0x0000000000000000
07:26:09,16017,6862,5364423,8580589,15157268,0.1,7.3,100.0,96,61.71,74,2444,0x0000000000000000
07:26:10,16017,6862,5364423,8580589,15157268,0.0,6.5,100.0,96,61.72,73,2444,0x0000000000000000
07:26:11,16017,6862,5364423,8580589,15157268,0.0,6.5,73.0,77,60.23,73,2450,0x0000000000000000
07:26:12,16017,6862,5364423,8580589,15157268,0.0,6.6,100.0,96,62.02,73,2444,0x0000000000000000
07:26:13,16017,6862,5364423,8580589,15157268,0.0,6.6,100.0,96,62.29,73,2444,0x0000000000000000
07:26:14,16017,6862,5364423,8580589,15157270,0.2,7.4,100.0,96,61.89,74,2444,0x0000000000000000
07:26:15,16017,6862,5364423,8580589,15157270,0.0,6.6,82.2,96,60.63,74,2457,0x0000000000000000
07:26:16,16017,6862,5364423,8580589,15157270,0.0,6.8,86.0,96,58.85,73,2450,0x0000000000000000
07:26:17,16014,6862,5364423,8580589,15157330,0.2,6.9,93.9,77,51.88,70,2483,0x0000000000000000
07:26:18,16012,6862,5364424,8580589,15157372,0.2,6.4,88.0,96,52.38,75,2444,0x0000000000000000
07:26:19,16012,6862,5364424,8580589,15157372,0.0,7.3,100.0,96,61.94,73,2437,0x0000000000000000
07:26:20,16012,6862,5364424,8580589,15157372,0.0,6.4,100.0,96,61.59,73,2450,0x0000000000000000
07:26:21,16013,6862,5364442,8580589,15157390,0.1,6.7,100.0,96,60.60,73,2444,0x0000000000000000
07:26:22,16014,6862,5364442,8580589,15157390,0.0,6.4,100.0,96,62.26,74,2444,0x0000000000000000
07:26:23,16017,6862,5364442,8580589,15157390,0.0,6.6,100.0,96,62.42,73,2444,0x0000000000000000
07:26:24,16018,6862,5364452,8580589,15157399,0.2,7.2,100.0,96,61.72,72,2444,0x0000000000000000
07:26:25,16018,6862,5364452,8580589,15157439,0.2,6.7,98.0,96,60.72,74,2457,0x0000000000000000
07:26:26,16018,6862,5364452,8580589,15157439,0.0,6.7,100.0,96,59.51,75,2457,0x0000000000000000
07:26:27,16027,6862,5364454,8580589,15157457,0.2,6.8,92.0,81,48.24,70,2483,0x0000000000000000
07:26:28,16011,6862,5364505,8580589,15157796,6.4,6.2,61.0,0,20.08,65,2398,0x0000000000000000
07:26:29,16018,6862,5364505,8580589,15158016,0.9,7.6,93.0,77,39.02,68,2476,0x0000000000000000
07:26:30,16024,6862,5364505,8580589,15158548,2.1,6.3,88.0,83,35.45,69,2470,0x0000000000000000
07:26:31,16029,6862,5364505,8580589,15159045,1.9,6.5,66.7,78,34.22,68,2476,0x0000000000000000
07:26:32,16032,6862,5364505,8580589,15159506,1.8,6.4,90.0,76,35.06,68,2476,0x0000000000000000
07:26:33,16034,6862,5364510,8580589,15159679,0.7,2.9,30.7,0,27.61,65,2398,0x0000000000000000
07:26:34,16028,6862,5364744,8580589,15163429,15.3,5.0,52.5,96,30.23,71,2470,0x0000000000000000
07:26:35,16035,6862,5364744,8580589,15166765,13.0,5.9,65.0,95,57.13,72,2457,0x0000000000000000
07:26:36,16037,6862,5364744,8580589,15166834,0.3,6.1,97.0,88,53.78,69,2470,0x0000000000000000
07:26:37,16040,6862,5364744,8580589,15167229,1.5,6.8,56.0,81,35.24,68,2476,0x0000000000000000
07:26:38,16041,6862,5364744,8580589,15167743,2.0,6.9,87.9,83,34.50,68,2470,0x0000000000000000
07:26:39,16037,6862,5364753,8580589,15168232,1.9,7.8,49.5,82,34.45,68,2470,0x0000000000000000
07:26:40,16035,6862,5364753,8580589,15168544,1.2,7.3,90.9,88,35.62,68,2470,0x0000000000000000
07:26:41,16035,6862,5364753,8580589,15169049,2.0,7.0,87.9,73,34.65,67,2476,0x0000000000000000
07:26:42,16034,6862,5364753,8580589,15169571,2.0,7.0,88.1,78,35.01,67,2476,0x0000000000000000
07:26:43,16034,6862,5364753,8580589,15169928,1.4,7.2,90.8,94,35.05,68,2476,0x0000000000000000
07:26:44,16031,6862,5364753,8580589,15170288,1.4,7.8,92.0,94,34.98,68,2476,0x0000000000000000
07:26:45,16031,6862,5364753,8580589,15170288,0.0,1.7,24.2,0,21.54,64,2398,0x0000000000000000
07:26:46,16017,6862,5367396,8580589,15172734,10.3,1.3,16.2,0,13.78,63,2398,0x0000000000000000
07:26:47,16045,6862,5370495,8580589,15239021,260.5,15.0,28.3,0,16.50,63,2411,0x0000000000000000
07:26:48,15994,6862,5370495,8580589,15262917,93.3,7.6,81.2,96,40.59,69,2457,0x0000000000000000
07:26:49,15986,6862,5370496,8580589,15262919,0.1,7.3,100.0,96,60.95,72,2457,0x0000000000000000
07:26:50,15980,6862,5370496,8580589,15262919,0.0,6.1,100.0,96,60.97,71,2450,0x0000000000000000
07:26:51,15953,6862,5370512,8580589,15305597,166.7,6.0,74.2,0,51.90,65,2450,0x0000000000000000
07:26:52,15954,6862,5370512,8580589,15305597,0.0,8.1,100.0,96,53.96,72,2450,0x0000000000000000
07:26:53,15954,6862,5370512,8580589,15305597,0.0,8.0,100.0,96,60.29,71,2457,0x0000000000000000
07:26:54,15962,6862,5370512,8580589,15334180,111.7,8.8,66.0,96,49.63,71,2470,0x0000000000000000
07:26:55,15960,6862,5370512,8580589,15334216,0.1,7.4,98.0,94,58.16,69,2463,0x0000000000000000
07:26:56,15961,6862,5370514,8580589,15334501,1.3,7.2,90.9,77,35.01,66,2470,0x0000000000000000
07:26:57,15964,6862,5370514,8580589,15334833,1.3,7.1,91.1,89,35.29,67,2476,0x0000000000000000
07:26:58,15963,6862,5370515,8580589,15335305,1.8,7.1,57.6,81,34.63,67,2476,0x0000000000000000
07:26:59,15959,6862,5370515,8580589,15335641,1.4,7.9,91.0,94,35.56,67,2476,0x0000000000000000
07:27:00,15958,6862,5370515,8580589,15336017,1.5,7.2,90.9,81,34.92,67,2476,0x0000000000000000
07:27:01,15958,6862,5370515,8580589,15336547,2.1,7.6,89.0,94,34.89,67,2476,0x0000000000000000
07:27:02,15958,6862,5370515,8580589,15337038,1.9,7.0,89.0,83,34.49,67,2476,0x0000000000000000
07:27:03,15958,6862,5370515,8580589,15337534,1.9,6.9,84.8,81,34.57,67,2476,0x0000000000000000
07:27:04,15955,6862,5370515,8580589,15338006,1.8,7.3,54.5,84,34.21,66,2476,0x0000000000000000
07:27:05,15955,6862,5370515,8580589,15338006,0.0,1.5,21.8,0,16.19,63,2398,0x0000000000000000
07:27:06,15954,6862,5370515,8580589,15338006,0.0,1.4,23.2,0,13.59,62,2398,0x0000000000000000
07:27:07,15940,6862,5371421,8580589,15340543,10.4,2.0,25.0,0,13.54,62,2411,0x0000000000000000
07:27:08,15957,6862,5371421,8580589,15352984,48.6,7.2,90.9,96,43.73,69,2476,0x0000000000000000
07:27:09,15951,6862,5371421,8580589,15378217,98.6,10.2,83.8,96,49.55,70,2463,0x0000000000000000
07:27:10,15948,6862,5371421,8580589,15378368,0.6,7.5,96.0,85,53.35,67,2476,0x0000000000000000
07:27:11,15949,6862,5371421,8580589,15378608,0.9,7.4,91.2,82,35.46,66,2476,0x0000000000000000
07:27:12,15952,6862,5371423,8580589,15379015,1.6,7.4,90.9,86,34.71,66,2470,0x0000000000000000
07:27:13,15951,6862,5371423,8580589,15379418,1.6,7.4,90.1,84,34.53,65,2476,0x0000000000000000
07:27:14,15953,6862,5371429,8580589,15379847,1.7,7.7,90.0,86,34.78,66,2476,0x0000000000000000
07:27:15,15952,6862,5371429,8580589,15379963,0.5,2.8,30.3,0,24.19,62,2398,0x0000000000000000
07:27:16,15952,6862,5371844,8580589,15380306,1.6,1.7,25.0,0,13.51,61,2411,0x0000000000000000
07:27:17,15951,6862,5371845,8580589,15380307,0.0,8.3,96.0,96,48.27,69,2470,0x0000000000000000
07:27:18,15951,6862,5371845,8580589,15380363,0.2,7.2,96.0,94,49.91,66,2476,0x0000000000000000
07:27:19,15947,6862,5371845,8580589,15380581,1.0,8.1,93.0,94,35.70,66,2483,0x0000000000000000
07:27:20,15948,6862,5371845,8580589,15380913,1.3,7.4,90.9,78,34.59,65,2476,0x0000000000000000
07:27:21,15949,6862,5371868,8580589,15381143,0.9,7.5,49.5,94,35.14,66,2476,0x0000000000000000
07:27:22,15940,6862,5371868,8580589,15381627,2.9,7.4,50.5,84,34.36,65,2476,0x0000000000000000
07:27:23,15952,6862,5371868,8580589,15381762,0.5,2.7,19.2,0,23.32,62,2405,0x0000000000000000
07:27:24,15951,6862,5371868,8580589,15381762,0.0,2.1,20.2,0,13.40,61,2411,0x0000000000000000
07:27:25,15950,6862,5371868,8580589,15381781,1.8,1.5,24.2,0,13.28,61,2411,0x0000000000000000
07:27:26,15950,6862,5371870,8580589,15381806,0.1,7.6,94.0,96,45.91,68,2470,0x0000000000000000
07:27:27,15950,6862,5371870,8580589,15381961,0.6,7.3,95.1,94,51.47,65,2476,0x0000000000000000
07:27:28,15952,6862,5371870,8580589,15382466,2.0,6.8,86.9,85,33.84,65,2476,0x0000000000000000
07:27:29,15953,6862,5371870,8580589,15382928,1.8,8.0,77.0,85,34.22,65,2476,0x0000000000000000
07:27:30,15953,6862,5371870,8580589,15383458,2.1,7.0,87.6,82,33.57,65,2470,0x0000000000000000
07:27:31,15953,6862,5371870,8580589,15383972,2.0,7.1,87.1,70,33.36,63,2476,0x0000000000000000
07:27:32,15954,6862,5371870,8580589,15384411,1.7,7.3,89.8,82,34.19,64,2470,0x0000000000000000
07:27:33,15955,6862,5371870,8580589,15384837,1.7,7.4,52.0,85,34.31,65,2476,0x0000000000000000
07:27:34,15951,6862,5371870,8580589,15385254,1.7,7.9,90.9,87,34.28,65,2476,0x0000000000000000
07:27:35,15947,6862,5371870,8580589,15385484,0.9,4.4,42.0,0,29.38,62,2437,0x0000000000000000
07:27:36,15947,6862,5371870,8580589,15385484,0.0,1.4,24.2,0,13.30,60,2411,0x0000000000000000
07:27:37,15946,6862,5371870,8580589,15385484,0.0,1.5,24.0,0,13.00,60,2411,0x0000000000000000
07:27:38,15945,6862,5372031,8580589,15385614,0.6,6.6,73.7,96,38.25,68,2470,0x0000000000000000
07:27:39,15972,6862,5372031,8580589,15399672,54.9,7.6,68.4,16,53.54,63,2476,0x0000000000000000
07:27:40,15965,6862,5372031,8580591,15399672,0.0,6.5,84.0,0,15.26,60,2411,0x0000000000000000
07:27:41,15953,6862,5372031,8580591,15399672,0.0,8.2,98.0,1,48.01,63,2476,0x0000000000000000
07:27:42,15952,6862,5372031,8580591,15399991,1.2,6.7,91.1,83,36.80,65,2476,0x0000000000000000
07:27:43,15952,6862,5372031,8580591,15400393,1.6,6.5,67.7,82,36.89,64,2476,0x0000000000000000
07:27:44,15947,6862,5372031,8580591,15401057,3.0,7.5,82.7,83,34.32,65,2476,0x0000000000000000
07:27:45,15947,6862,5372031,8580591,15401490,1.7,6.4,89.2,81,35.72,64,2476,0x0000000000000000
07:27:46,15946,6862,5372031,8580591,15402007,2.0,6.4,89.7,86,35.74,64,2476,0x0000000000000000
07:27:47,15944,6862,5372031,8580591,15402491,1.9,6.6,89.1,82,35.43,64,2476,0x0000000000000000
07:27:48,15943,6862,5372031,8580591,15403055,2.2,6.4,87.0,83,36.02,65,2476,0x0000000000000000
07:27:49,15942,6862,5372031,8580591,15403606,2.2,7.8,87.9,88,35.74,65,2476,0x0000000000000000
07:27:50,15945,6862,5372031,8580591,15404160,2.2,7.2,88.1,78,35.78,63,2470,0x0000000000000000
07:27:51,15946,6862,5372049,8580591,15404577,1.6,4.8,39.4,0,31.65,62,2470,0x0000000000000000
07:27:52,15947,6862,5372049,8580591,15404577,0.0,1.3,15.2,0,13.20,60,2411,0x0000000000000000
07:27:53,15941,6862,5372665,8580591,15419299,57.9,7.1,40.8,0,15.55,60,2431,0x0000000000000000
07:27:54,15723,6862,5372668,8580591,15431748,48.8,8.0,59.2,43,50.20,64,2450,0x0000000000000000
07:27:55,15690,6862,5372669,8580591,15431749,0.0,7.5,90.9,96,40.35,66,2457,0x0000000000000000
07:27:56,15681,6862,5372682,8580591,15431754,0.1,8.1,100.0,96,58.23,68,2463,0x0000000000000000
07:27:57,15681,6862,5372684,8580591,15431765,0.1,7.3,99.0,96,57.82,68,2463,0x0000000000000000
07:27:58,15681,6862,5372685,8580591,15431909,0.6,7.7,96.0,94,39.81,65,2483,0x0000000000000000
07:27:59,15678,6862,5372685,8580591,15432263,1.4,7.9,88.0,81,37.77,65,2476,0x0000000000000000
07:28:00,15684,6862,5372685,8580591,15432867,2.4,5.8,78.8,71,36.32,63,2470,0x0000000000000000
07:28:01,15690,6862,5372685,8580591,15433484,2.4,5.9,79.8,62,35.09,64,2470,0x0000000000000000
07:28:02,15694,6862,5372685,8580591,15434060,2.2,6.3,82.8,65,36.49,65,2476,0x0000000000000000
07:28:03,15695,6862,5372685,8580591,15434514,1.8,6.2,65.3,94,35.51,65,2470,0x0000000000000000
07:28:04,15693,6862,5372685,8580591,15435094,2.3,6.7,81.6,62,36.63,63,2470,0x0000000000000000
07:28:05,15686,6862,5372685,8580591,15435578,1.9,6.8,83.0,78,37.20,65,2463,0x0000000000000000
07:28:06,15688,6862,5372685,8580591,15436185,2.4,6.4,81.8,74,35.58,65,2476,0x0000000000000000
07:28:07,15687,6862,5372685,8580591,15436892,3.3,6.8,78.8,77,35.01,65,2470,0x0000000000000000
07:28:08,15689,6862,5372685,8580591,15437416,2.1,7.1,82.8,88,35.85,64,2470,0x0000000000000000
07:28:09,15689,6862,5372685,8580591,15438110,2.7,7.4,80.2,73,35.55,63,2463,0x0000000000000000
07:28:10,15698,6862,5372685,8580591,15438151,0.2,1.5,15.2,0,21.01,60,2411,0x0000000000000000
07:28:11,15714,6862,5372781,8580591,15442592,17.4,2.9,15.0,0,13.39,60,2411,0x0000000000000000
07:28:12,15715,6862,5372829,8580591,15442985,1.9,6.2,49.0,85,40.77,63,2476,0x0000000000000000
07:28:13,15715,6862,5372832,8580591,15443229,1.1,6.0,93.0,85,34.95,64,2476,0x0000000000000000
07:28:14,15713,6862,5372832,8580591,15443421,0.8,6.8,89.0,88,42.70,64,2476,0x0000000000000000
07:28:15,15713,6862,5372832,8580591,15443568,0.6,6.2,95.0,93,35.18,64,2483,0x0000000000000000
07:28:16,15712,6862,5372837,8580591,15443741,0.7,6.4,90.9,95,42.80,67,2483,0x0000000000000000
07:28:17,15711,6862,5372839,8580591,15443847,0.4,6.2,96.0,94,36.10,64,2483,0x0000000000000000
07:28:18,15710,6862,5372840,8580591,15443962,0.4,6.1,91.1,95,42.90,67,2489,0x0000000000000000
07:28:19,15701,6862,5372840,8580591,15444288,1.3,6.7,90.0,87,33.97,64,2476,0x0000000000000000
07:28:20,15702,6862,5372840,8580591,15444566,1.1,6.2,90.9,72,34.21,62,2476,0x0000000000000000
07:28:21,15708,6862,5372853,8580591,15444684,0.5,6.4,71.0,93,36.38,64,2476,0x0000000000000000
07:28:22,15708,6862,5372853,8580591,15444757,0.3,6.0,96.0,94,42.52,64,2476,0x0000000000000000
07:28:23,15707,6862,5372902,8580591,15444885,0.5,6.1,91.1,93,36.60,64,2476,0x0000000000000000
07:28:24,15701,6862,5372905,8580591,15444944,0.2,7.1,97.0,94,42.98,64,2483,0x0000000000000000
07:28:25,15700,6862,5372905,8580591,15445008,0.2,6.1,97.0,94,36.84,64,2489,0x0000000000000000
07:28:26,15701,6862,5372908,8580591,15445144,0.5,7.4,78.0,79,42.75,63,2483,0x0000000000000000
07:28:27,15698,6862,5372908,8580591,15445407,1.8,7.8,95.0,94,34.67,64,2476,0x0000000000000000
07:28:28,15698,6862,5372909,8580591,15445498,0.4,7.5,90.9,95,39.54,67,2476,0x0000000000000000
07:28:29,15697,6862,5372909,8580591,15445590,0.4,8.5,96.0,94,40.23,64,2489,0x0000000000000000
07:28:30,15697,6862,5372910,8580591,15445670,0.3,7.4,69.0,94,36.54,64,2476,0x0000000000000000
07:28:31,15703,6862,5372910,8580591,15445778,0.4,7.7,95.0,83,42.85,64,2483,0x0000000000000000
07:28:32,15703,6862,5372913,8580591,15445871,0.4,7.5,83.0,94,36.25,64,2476,0x0000000000000000
07:28:33,15702,6862,5372913,8580591,15445955,0.3,6.1,96.0,88,43.01,65,2483,0x0000000000000000
07:28:34,15694,6862,5372913,8580591,15446027,0.3,7.2,96.0,76,36.00,64,2489,0x0000000000000000
07:28:35,15695,6862,5372914,8580591,15446158,0.5,7.5,88.0,94,43.08,65,2483,0x0000000000000000
07:28:36,15694,6862,5372914,8580591,15446246,0.3,7.7,67.0,94,36.35,65,2483,0x0000000000000000
07:28:37,15693,6862,5372914,8580591,15446309,0.2,7.7,93.0,95,42.94,67,2483,0x0000000000000000
07:28:38,15693,6862,5372914,8580591,15446424,0.4,7.5,93.9,93,35.83,64,2476,0x0000000000000000
07:28:39,15684,6862,5372921,8580591,15446482,0.3,8.2,91.1,94,36.51,64,2483,0x0000000000000000
07:28:40,15684,6862,5372921,8580591,15446556,0.3,7.6,96.0,78,43.29,65,2483,0x0000000000000000
07:28:41,15685,6862,5372921,8580591,15446590,0.1,7.9,99.0,86,36.35,64,2489,0x0000000000000000
07:28:42,15687,6862,5372922,8580591,15446723,0.6,7.3,83.8,94,43.32,65,2476,0x0000000000000000
07:28:43,15688,6862,5372922,8580591,15446893,0.7,7.5,95.0,94,35.84,65,2483,0x0000000000000000
07:28:44,15689,6862,5372922,8580591,15447048,0.6,7.9,90.0,95,43.03,68,2483,0x0000000000000000
07:28:45,15689,6862,5372922,8580591,15447252,0.8,7.8,96.0,94,35.08,65,2483,0x0000000000000000
07:28:46,15672,6862,5372922,8580591,15447372,0.5,7.5,92.0,95,41.66,68,2483,0x0000000000000000
07:28:47,15685,6862,5372922,8580591,15447461,0.3,7.8,96.0,94,37.53,64,2483,0x0000000000000000
07:28:48,15685,6862,5372923,8580591,15447557,0.4,7.1,47.1,92,36.95,64,2476,0x0000000000000000
07:28:49,15678,6862,5372923,8580591,15447726,0.7,7.3,85.1,83,42.79,65,2483,0x0000000000000000
07:28:50,15678,6862,5372923,8580591,15447755,0.1,6.2,97.0,94,36.61,65,2489,0x0000000000000000
07:28:51,15678,6862,5372936,8580591,15447817,0.2,6.4,61.0,95,43.27,68,2483,0x0000000000000000
07:28:52,15674,6862,5372936,8580591,15447840,0.1,6.5,99.0,94,36.82,65,2489,0x0000000000000000
07:28:53,15674,6862,5372937,8580591,15447929,0.3,7.2,49.0,95,40.51,67,2483,0x0000000000000000
07:28:54,15677,6862,5372937,8580591,15448162,0.9,8.1,81.2,94,38.91,65,2476,0x0000000000000000
07:28:55,15678,6862,5372937,8580591,15448253,0.4,8.2,97.0,94,36.06,65,2483,0x0000000000000000
07:28:56,15679,6862,5372938,8580591,15448366,0.4,7.5,92.0,95,43.26,68,2483,0x0000000000000000
07:28:57,15672,6862,5372938,8580591,15448431,0.3,7.9,97.0,94,36.94,65,2483,0x0000000000000000
07:28:58,15673,6862,5372941,8580591,15448522,0.4,7.7,92.9,84,38.33,64,2489,0x0000000000000000
07:28:59,15675,6862,5372941,8580591,15448571,0.3,8.1,97.0,94,42.07,65,2483,0x0000000000000000
07:29:00,15675,6862,5372942,8580591,15448671,0.4,7.5,91.0,90,36.71,65,2483,0x0000000000000000
07:29:01,15675,6862,5372942,8580591,15448694,0.1,8.0,99.0,94,43.19,65,2489,0x0000000000000000
07:29:02,15677,6862,5372942,8580591,15448741,0.2,7.9,97.0,94,37.04,65,2489,0x0000000000000000
07:29:03,15678,6862,5372944,8580591,15448826,0.3,7.7,92.0,93,43.50,65,2483,0x0000000000000000
07:29:04,15679,6862,5372944,8580591,15448953,0.5,8.1,95.0,94,36.17,65,2476,0x0000000000000000
07:29:05,15679,6862,5372944,8580591,15449054,0.4,7.5,90.8,94,36.51,65,2476,0x0000000000000000
07:29:06,15679,6862,5372944,8580591,15449156,0.4,7.6,95.9,88,42.64,65,2476,0x0000000000000000
07:29:07,15683,6862,5372944,8580591,15449212,0.2,7.8,97.0,74,35.98,64,2483,0x0000000000000000
07:29:08,15684,6862,5372946,8580591,15449309,0.4,7.5,92.0,93,43.58,65,2483,0x0000000000000000
07:29:09,15684,6862,5372946,8580591,15449373,0.2,8.6,97.0,94,36.68,65,2489,0x0000000000000000
07:29:10,15684,6862,5372946,8580591,15449461,0.3,7.5,91.9,93,42.88,65,2483,0x0000000000000000
07:29:11,15685,6862,5372946,8580591,15449538,0.3,7.7,96.0,79,36.33,65,2489,0x0000000000000000
07:29:12,15679,6862,5372948,8580591,15449694,0.6,7.5,75.5,83,42.65,65,2476,0x0000000000000000
07:29:13,15680,6862,5372949,8580591,15449785,0.4,6.3,96.0,93,36.24,65,2489,0x0000000000000000
07:29:14,15679,6862,5372951,8580591,15449860,0.3,7.1,92.0,94,43.17,66,2483,0x0000000000000000
07:29:15,15678,6862,5372951,8580591,15449899,0.2,6.3,98.0,94,36.99,65,2489,0x0000000000000000
07:29:16,15678,6862,5372952,8580591,15449997,0.5,6.2,61.0,95,43.28,68,2483,0x0000000000000000
07:29:17,15680,6862,5372957,8580591,15450061,0.3,6.7,97.0,94,36.62,65,2489,0x0000000000000000
07:29:18,15679,6862,5372959,8580591,15450150,0.3,7.0,57.6,95,43.10,68,2483,0x0000000000000000
07:29:19,15680,6862,5372959,8580591,15450175,0.1,8.3,99.0,93,37.80,65,2489,0x0000000000000000
07:29:20,15680,6862,5372959,8580591,15450208,0.1,4.8,51.0,0,32.79,62,2476,0x0000000000000000
07:29:21,15684,6862,5372971,8580591,15450220,0.0,1.6,23.2,0,13.25,60,2411,0x0000000000000000
07:29:22,15680,6862,5372992,8580591,15450857,2.6,5.6,60.2,94,25.50,64,2483,0x0000000000000000
07:29:23,15681,6862,5372992,8580591,15450969,0.4,7.8,96.0,81,36.36,63,2489,0x0000000000000000
07:29:24,15679,6862,5372993,8580591,15451377,1.7,7.7,89.9,86,34.15,64,2476,0x0000000000000000
07:29:25,15680,6862,5372993,8580591,15451707,1.3,7.4,91.0,83,34.78,64,2476,0x0000000000000000
07:29:26,15682,6862,5372993,8580591,15452219,2.0,7.2,88.8,83,33.95,64,2470,0x0000000000000000
07:29:27,15683,6862,5373003,8580591,15452799,2.3,7.0,86.9,82,33.45,64,2470,0x0000000000000000
07:29:28,15684,6862,5373003,8580591,15453302,2.0,7.3,89.0,83,33.56,64,2476,0x0000000000000000
07:29:29,15683,6862,5373003,8580591,15453606,1.2,7.9,93.0,83,34.94,64,2476,0x0000000000000000
07:29:30,15683,6862,5373003,8580591,15454111,2.0,7.1,88.9,89,34.12,64,2476,0x0000000000000000
07:29:31,15686,6862,5373003,8580591,15454651,2.1,7.0,72.7,81,32.82,64,2470,0x0000000000000000
07:29:32,15679,6862,5373003,8580591,15455185,2.1,7.5,50.0,84,32.99,63,2476,0x0000000000000000
07:29:33,15681,6862,5373003,8580591,15455713,2.1,7.3,89.1,84,33.26,64,2476,0x0000000000000000
07:29:34,15683,6862,5373003,8580591,15456234,2.1,8.0,52.0,80,33.08,64,2476,0x0000000000000000
07:29:35,15686,6862,5373003,8580591,15456782,2.1,7.2,87.8,79,33.24,64,2483,0x0000000000000000
07:29:36,15689,6862,5373003,8580591,15457262,1.9,7.4,89.1,82,33.78,64,2483,0x0000000000000000
07:29:37,15691,6862,5373005,8580591,15457804,2.1,7.3,87.8,82,33.02,64,2476,0x0000000000000000
07:29:38,15691,6862,5373005,8580591,15458320,2.0,7.3,87.1,78,33.24,63,2476,0x0000000000000000
07:29:39,15691,6862,5373006,8580591,15458851,2.2,8.1,87.0,78,33.47,63,2476,0x0000000000000000
07:29:40,15690,6862,5373006,8580591,15459301,1.8,7.4,89.0,82,33.31,62,2476,0x0000000000000000
07:29:41,15690,6862,5373019,8580591,15459727,1.7,7.4,86.0,81,33.46,63,2476,0x0000000000000000
07:29:42,15691,6862,5373019,8580591,15459727,0.0,8.4,99.0,94,40.09,64,2489,0x0000000000000000
07:29:43,15691,6862,5373019,8580591,15459812,0.3,8.0,96.0,94,36.27,64,2483,0x0000000000000000
07:29:44,15687,6862,5373019,8580591,15460081,1.1,8.4,93.0,94,35.55,64,2476,0x0000000000000000
07:29:45,15687,6862,5373019,8580591,15460255,0.7,7.6,93.1,94,35.25,64,2476,0x0000000000000000
07:29:46,15688,6862,5373019,8580591,15460382,0.5,7.6,94.0,95,35.74,64,2476,0x0000000000000000
07:29:47,15688,6862,5373019,8580591,15460618,0.9,7.6,92.9,94,35.34,64,2483,0x0000000000000000
07:29:48,15688,6862,5373019,8580591,15461030,1.6,7.6,91.0,87,34.21,64,2476,0x0000000000000000
07:29:49,15688,6862,5373019,8580591,15461342,1.2,8.1,88.0,73,34.32,63,2476,0x0000000000000000
07:29:50,15690,6862,5373019,8580591,15461660,1.2,7.8,86.6,77,34.28,64,2483,0x0000000000000000
07:29:51,15691,6862,5373039,8580591,15462091,1.7,7.6,89.3,77,34.74,63,2476,0x0000000000000000
07:29:52,15689,6862,5373039,8580591,15462329,0.9,7.6,90.9,88,34.13,63,2470,0x0000000000000000
07:29:53,15690,6862,5373039,8580591,15462620,1.1,7.6,91.0,77,34.44,64,2476,0x0000000000000000
07:29:54,15689,6862,5373039,8580591,15462848,1.0,8.7,93.0,88,35.02,64,2476,0x0000000000000000
07:29:55,15689,6862,5373039,8580591,15463172,1.3,7.6,76.2,82,34.89,63,2476,0x0000000000000000
07:29:56,15691,6862,5373039,8580591,15463552,1.5,7.4,90.9,91,33.71,64,2476,0x0000000000000000
07:29:57,15690,6862,5373039,8580591,15464039,1.9,7.2,89.0,89,33.78,63,2476,0x0000000000000000
07:29:58,15691,6862,5373039,8580591,15464518,1.9,7.2,88.1,86,33.38,63,2476,0x0000000000000000
07:29:59,15689,6862,5373039,8580591,15465021,2.0,7.9,88.8,84,33.27,63,2476,0x0000000000000000
07:30:00,15689,6862,5373039,8580591,15465325,1.2,7.3,58.6,87,35.24,63,2476,0x0000000000000000
07:30:01,15689,6862,5373039,8580591,15465402,0.4,7.6,96.0,92,37.66,63,2476,0x0000000000000000
07:30:02,15689,6862,5373039,8580591,15465630,0.9,7.3,91.0,75,35.25,63,2476,0x0000000000000000
07:30:03,15690,6862,5373039,8580591,15466037,1.6,7.2,65.7,79,34.18,64,2483,0x0000000000000000
07:30:04,15689,6862,5373039,8580591,15466394,1.4,8.0,90.1,93,33.62,63,2476,0x0000000000000000
07:30:05,15688,6862,5373039,8580591,15466713,1.2,7.6,91.9,76,33.83,62,2483,0x0000000000000000
07:30:06,15689,6862,5373039,8580591,15467141,1.7,7.4,49.5,84,34.13,63,2470,0x0000000000000000
07:30:07,15691,6862,5373039,8580591,15467700,2.2,7.2,86.9,82,33.19,63,2489,0x0000000000000000
07:30:08,15691,6862,5373039,8580591,15468227,2.1,7.1,88.1,78,32.99,63,2489,0x0000000000000000
07:30:09,15691,6862,5373039,8580591,15468683,1.8,7.7,79.8,85,33.59,63,2476,0x0000000000000000
07:30:10,15693,6862,5373039,8580591,15469042,1.9,7.6,91.9,85,33.81,63,2476,0x0000000000000000
07:30:11,15694,6862,5373039,8580591,15469479,1.7,7.3,87.3,85,33.88,63,2476,0x0000000000000000
07:30:12,15694,6862,5373039,8580591,15469797,1.2,8.7,90.9,94,34.80,63,2476,0x0000000000000000
07:30:13,15695,6862,5373039,8580591,15470087,1.1,7.6,83.8,83,33.86,63,2476,0x0000000000000000
07:30:14,15695,6862,5373039,8580591,15470524,1.7,8.4,89.0,86,33.94,63,2476,0x0000000000000000
07:30:15,15695,6862,5373039,8580591,15470979,1.8,7.3,88.9,78,33.33,63,2476,0x0000000000000000
07:30:16,15695,6862,5373039,8580591,15471490,2.0,7.9,88.1,83,33.32,63,2476,0x0000000000000000
07:30:17,15695,6862,5373039,8580591,15471891,1.6,7.6,90.0,83,33.66,63,2470,0x0000000000000000
07:30:18,15695,6862,5373039,8580591,15472348,1.8,7.4,88.9,81,33.83,63,2476,0x0000000000000000
07:30:19,15692,6862,5373053,8580591,15472868,2.1,8.1,87.9,81,33.26,63,2476,0x0000000000000000
07:30:20,15681,6862,5373724,8580591,15473725,4.0,6.4,66.0,83,33.85,63,2476,0x0000000000000000
07:30:21,15750,6862,5374941,8580599,15499380,101.3,6.0,28.3,0,17.84,60,2424,0x0000000000000000
07:30:22,15750,6862,5374941,8580599,15499380,0.0,7.7,100.0,96,59.19,67,2450,0x0000000000000000
07:30:23,15753,6862,5374941,8580599,15499380,0.0,7.5,100.0,96,59.89,68,2457,0x0000000000000000
07:30:24,15750,6862,5374941,8580599,15499401,1.2,8.0,100.0,96,59.25,67,2457,0x0000000000000000
07:30:25,15756,6862,5374941,8580599,15506244,26.7,7.5,78.2,96,56.04,68,2450,0x0000000000000000
07:30:26,15755,6862,5374941,8580599,15506244,0.0,8.2,100.0,96,60.44,67,2457,0x0000000000000000
07:30:27,15755,6862,5374941,8580599,15506246,0.0,8.1,100.0,96,60.57,67,2457,0x0000000000000000
07:30:28,15705,6862,5374941,8580599,15543502,145.5,7.2,71.1,78,54.98,67,2463,0x0000000000000000
07:30:29,15703,6862,5374942,8580599,15543503,0.0,8.3,100.0,96,50.86,68,2457,0x0000000000000000
07:30:30,15702,6862,5374942,8580599,15543503,0.0,8.0,100.0,96,60.48,68,2457,0x0000000000000000
07:30:31,15702,6862,5374942,8580599,15543503,0.0,7.8,100.0,96,60.37,69,2457,0x0000000000000000
07:30:32,15720,6862,5374942,8580599,15572301,112.5,8.9,51.5,0,48.17,63,2437,0x0000000000000000
07:30:33,15722,6862,5374943,8580599,15572302,0.0,7.7,100.0,96,60.80,69,2463,0x0000000000000000
07:30:34,15731,6862,5374943,8580599,15576506,16.5,8.9,97.0,96,59.42,70,2457,0x0000000000000000
07:30:35,15737,6862,5374943,8580599,15584957,32.9,7.5,94.1,96,54.98,69,2476,0x0000000000000000
07:30:36,15737,6862,5374943,8580599,15585154,0.8,6.2,94.1,82,40.97,65,2483,0x0000000000000000
07:30:37,15733,6862,5374945,8580599,15585628,4.1,6.7,89.9,81,34.39,65,2476,0x0000000000000000
07:30:38,15735,6862,5374946,8580599,15585798,0.7,6.4,93.9,94,35.66,65,2483,0x0000000000000000
07:30:39,15728,6862,5374949,8580599,15586211,1.7,6.9,79.0,82,34.56,65,2476,0x0000000000000000
07:30:40,15731,6862,5374949,8580599,15586662,1.8,6.1,89.8,82,33.95,65,2476,0x0000000000000000
07:30:41,15732,6862,5374949,8580599,15587185,2.0,6.0,87.9,83,33.99,64,2476,0x0000000000000000
07:30:42,15733,6862,5374949,8580599,15587432,1.0,6.5,91.0,77,33.98,64,2483,0x0000000000000000
07:30:43,15736,6862,5374949,8580599,15587804,1.5,6.0,84.0,87,34.96,64,2476,0x0000000000000000
07:30:44,15733,6862,5374949,8580599,15588237,1.9,7.0,89.9,84,34.16,64,2483,0x0000000000000000
07:30:45,15733,6862,5374960,8580599,15588532,1.2,7.0,60.6,96,42.78,68,2470,0x0000000000000000
07:30:46,15734,6862,5374960,8580599,15588701,0.7,7.7,93.0,79,47.87,65,2476,0x0000000000000000
07:30:47,15734,6862,5374960,8580599,15588838,0.5,7.6,94.9,79,35.31,63,2483,0x0000000000000000
07:30:48,15734,6862,5374960,8580599,15589030,0.8,7.5,92.0,88,35.40,65,2476,0x0000000000000000
07:30:49,15730,6862,5374960,8580599,15589226,0.8,8.0,92.0,75,34.91,64,2476,0x0000000000000000
07:30:50,15732,6862,5374960,8580599,15589365,0.5,7.5,93.0,90,35.09,64,2476,0x0000000000000000
07:30:51,15732,6862,5374979,8580599,15589582,0.9,7.7,93.0,91,35.04,64,2476,0x0000000000000000
07:30:52,15734,6862,5374979,8580599,15589785,0.8,7.7,92.0,94,34.94,64,2476,0x0000000000000000
07:30:53,15680,6862,5375716,8580599,15590461,3.1,6.8,73.1,92,34.43,64,2476,0x0000000000000000
07:30:54,15667,6862,5376575,8580599,15591236,3.5,7.5,65.0,96,30.28,67,2444,0x0000000000000000
07:30:55,15667,6862,5376575,8580599,15591236,0.0,8.0,100.0,96,60.04,73,2450,0x0000000000000000
07:30:56,15667,6862,5376575,8580599,15591236,0.0,8.0,100.0,96,60.22,69,2457,0x0000000000000000
07:30:57,15667,6862,5376575,8580599,15591236,0.0,7.7,87.0,96,59.89,69,2457,0x0000000000000000
07:30:58,15667,6862,5376575,8580599,15591236,0.0,7.9,100.0,96,59.32,70,2457,0x0000000000000000
07:30:59,15663,6862,5376575,8580599,15591236,0.0,8.5,100.0,96,60.98,69,2457,0x0000000000000000
07:31:00,15664,6862,5376575,8580599,15591236,0.0,8.1,100.0,96,60.35,72,2463,0x0000000000000000
07:31:01,15697,6862,5376575,8580599,15628820,146.8,6.7,37.8,94,44.64,68,2405,0x0000000000000000
07:31:02,15697,6862,5376575,8580599,15628820,0.0,7.6,100.0,96,61.12,74,2457,0x0000000000000000
07:31:03,15697,6862,5376575,8580599,15628820,0.0,7.8,100.0,96,60.91,69,2457,0x0000000000000000
07:31:04,15688,6862,5376589,8580599,15628823,0.1,8.1,100.0,96,60.68,72,2457,0x0000000000000000
07:31:05,15687,6862,5376589,8580599,15635219,25.0,8.8,75.2,96,57.64,70,2457,0x0000000000000000
07:31:06,15687,6862,5376589,8580599,15635219,0.0,7.7,100.0,96,61.41,70,2450,0x0000000000000000
07:31:07,15684,6862,5376589,8580599,15635220,0.0,8.0,100.0,96,61.59,70,2457,0x0000000000000000
07:31:08,15684,6862,5376589,8580599,15635220,0.0,7.6,99.0,96,60.75,69,2463,0x0000000000000000
07:31:09,15680,6862,5376589,8580599,15635221,0.1,8.1,100.0,96,60.44,70,2450,0x0000000000000000
07:31:10,15680,6862,5376589,8580599,15635221,0.0,7.7,100.0,96,61.90,69,2450,0x0000000000000000
07:31:11,15679,6862,5376589,8580599,15635221,0.0,7.8,100.0,96,61.16,70,2457,0x0000000000000000
07:31:12,15645,6862,5376589,8580599,15690649,216.5,8.0,47.9,0,44.26,63,2411,0x0000000000000000
07:31:13,15645,6862,5376589,8580599,15690649,0.0,6.8,100.0,96,57.98,70,2457,0x0000000000000000
07:31:14,15649,6862,5376590,8580599,15690650,0.0,7.8,100.0,96,61.78,71,2450,0x0000000000000000
07:31:15,15649,6862,5376593,8580599,15690653,0.0,6.8,100.0,96,61.12,71,2444,0x0000000000000000
07:31:16,15646,6862,5376593,8580601,15745635,214.8,11.2,56.2,0,47.62,64,2437,0x0000000000000000
07:31:17,15646,6862,5376593,8580601,15745635,0.0,7.2,100.0,96,55.37,71,2450,0x0000000000000000
07:31:18,15646,6862,5376593,8580601,15745635,0.0,7.6,100.0,96,61.50,73,2450,0x0000000000000000
07:31:19,15641,6862,5376593,8580601,15745637,0.1,8.3,100.0,96,61.85,74,2450,0x0000000000000000
07:31:20,15655,6862,5376593,8580601,15787726,164.4,6.6,61.6,0,52.03,65,2450,0x0000000000000000
07:31:21,15661,6862,5376611,8580601,15787744,0.1,7.0,100.0,96,54.06,72,2450,0x0000000000000000
07:31:22,15661,6862,5376611,8580601,15787744,0.0,6.8,100.0,96,61.66,71,2444,0x0000000000000000
07:31:23,15661,6862,5376611,8580601,15787744,0.0,6.7,100.0,96,61.82,71,2450,0x0000000000000000
07:31:24,15684,6862,5376611,8580604,15807600,77.6,8.1,67.7,0,56.08,66,2463,0x0000000000000000
07:31:25,15683,6862,5376611,8580604,15807600,0.0,7.6,100.0,96,58.36,72,2450,0x0000000000000000
07:31:26,15683,6862,5376611,8580604,15807600,0.0,7.8,100.0,96,62.19,73,2450,0x0000000000000000
07:31:27,15683,6862,5376611,8580604,15807600,0.0,7.5,100.0,96,62.28,71,2450,0x0000000000000000
07:31:28,15614,6862,5376611,8580604,15845187,146.8,7.5,61.6,0,52.78,65,2457,0x0000000000000000
07:31:29,15614,6862,5376612,8580604,15845188,0.0,8.3,100.0,96,54.49,72,2450,0x0000000000000000
07:31:30,15613,6862,5376612,8580604,15845188,0.0,7.5,100.0,96,61.38,72,2457,0x0000000000000000
07:31:31,15677,6862,5376612,8580606,15865024,77.5,7.3,53.1,96,51.60,71,2418,0x0000000000000000
07:31:32,15677,6862,5376612,8580606,15865031,0.6,7.8,100.0,96,61.05,72,2463,0x0000000000000000
07:31:33,15678,6862,5376612,8580606,15865077,0.2,8.4,97.0,82,41.43,67,2483,0x0000000000000000
07:31:34,15679,6862,5376612,8580606,15865258,0.7,8.7,89.0,94,36.27,67,2476,0x0000000000000000
07:31:35,15681,6862,5376612,8580606,15865484,0.9,7.6,92.9,82,35.24,66,2476,0x0000000000000000
07:31:36,15683,6862,5376612,8580606,15865829,1.3,7.6,91.0,87,35.11,67,2476,0x0000000000000000
07:31:37,15683,6862,5376612,8580606,15866249,1.8,7.6,89.9,84,34.88,67,2476,0x0000000000000000
07:31:38,15683,6862,5376612,8580606,15866666,1.6,7.7,90.1,84,34.95,67,2476,0x0000000000000000
07:31:39,15675,6862,5376612,8580606,15867117,1.8,8.5,78.8,81,34.76,66,2476,0x0000000000000000
07:31:40,15674,6862,5376613,8580606,15867411,1.1,7.9,90.9,94,34.77,66,2476,0x0000000000000000
07:31:41,15665,6862,5376613,8580606,15867646,0.9,7.9,79.2,94,35.25,67,2483,0x0000000000000000
07:31:42,15668,6862,5376613,8580606,15867666,1.7,8.6,100.0,96,54.39,71,2463,0x0000000000000000
07:31:43,15670,6862,5376613,8580606,15867685,0.1,8.5,98.0,95,52.11,67,2476,0x0000000000000000
07:31:44,15670,6862,5376613,8580606,15867701,0.1,9.4,99.0,94,37.96,67,2489,0x0000000000000000
07:31:45,15670,6862,5376613,8580606,15867748,0.2,8.2,97.0,79,37.65,66,2489,0x0000000000000000
07:31:46,15671,6862,5376613,8580606,15867785,0.1,8.3,97.0,94,36.53,67,2483,0x0000000000000000
07:31:47,15671,6862,5376613,8580606,15867856,0.3,8.0,94.9,81,36.56,66,2483,0x0000000000000000
07:31:48,15671,6862,5376615,8580606,15867911,0.2,8.2,96.0,83,36.38,66,2476,0x0000000000000000
07:31:49,15671,6862,5376639,8580606,15868081,1.8,8.8,94.0,76,36.65,66,2483,0x0000000000000000
07:31:50,15652,6862,5377121,8580606,15868625,2.4,6.9,46.5,0,31.62,63,2476,0x0000000000000000
07:31:51,15653,6862,5377132,8580606,15868693,0.3,7.6,45.5,96,24.51,68,2411,0x0000000000000000
07:31:52,15651,6862,5377146,8580606,15868705,0.1,8.4,100.0,96,60.63,71,2444,0x0000000000000000
07:31:53,15651,6862,5377146,8580606,15868705,0.0,8.1,100.0,96,60.80,72,2457,0x0000000000000000
07:31:54,15648,6862,5377146,8580606,15868705,0.0,9.0,100.0,96,60.16,71,2457,0x0000000000000000
07:31:55,15650,6862,5377146,8580606,15868705,0.0,8.0,99.0,96,60.01,71,2450,0x0000000000000000
07:31:56,15650,6862,5377146,8580606,15868705,0.0,8.0,100.0,96,61.43,73,2450,0x0000000000000000
07:31:57,15651,6862,5377146,8580606,15868705,0.0,7.8,100.0,96,61.00,72,2457,0x0000000000000000
07:31:58,15651,6862,5377146,8580606,15868705,0.0,7.8,50.0,96,60.12,72,2450,0x0000000000000000
07:31:59,15650,6862,5377146,8580606,15868705,0.0,8.9,100.0,96,61.82,72,2457,0x0000000000000000
07:32:00,15651,6862,5377146,8580606,15868705,0.0,8.6,100.0,96,61.59,71,2450,0x0000000000000000
07:32:01,15650,6862,5377146,8580606,15868705,0.0,8.2,100.0,96,60.97,71,2457,0x0000000000000000
07:32:02,15652,6862,5377146,8580606,15868705,0.0,8.0,96.0,96,60.57,72,2444,0x0000000000000000
07:32:03,15651,6862,5377146,8580606,15868705,0.0,7.7,100.0,96,62.18,71,2450,0x0000000000000000
07:32:04,15648,6862,5377146,8580606,15868705,0.0,8.6,100.0,96,61.73,72,2444,0x0000000000000000
07:32:05,15649,6862,5377146,8580606,15868705,0.0,7.6,99.0,96,60.13,70,2463,0x0000000000000000
07:32:06,15649,6862,5377146,8580606,15868705,0.0,7.7,100.0,96,62.22,71,2444,0x0000000000000000
07:32:07,15649,6862,5377146,8580606,15868705,0.0,7.8,100.0,96,62.20,73,2450,0x0000000000000000
07:32:08,15650,6862,5377147,8580606,15868706,0.0,7.6,100.0,96,61.62,72,2444,0x0000000000000000
07:32:09,15649,6862,5377147,8580606,15868706,0.0,8.4,99.0,96,60.61,72,2444,0x0000000000000000
07:32:10,15649,6862,5377147,8580606,15868706,0.0,7.7,100.0,96,62.34,72,2437,0x0000000000000000
07:32:11,15649,6862,5377148,8580606,15868707,0.0,7.7,100.0,96,62.52,72,2450,0x0000000000000000
07:32:12,15649,6862,5377148,8580606,15868708,0.1,7.5,99.0,96,61.59,72,2450,0x0000000000000000
07:32:13,15649,6862,5377148,8580606,15868708,0.0,7.6,100.0,96,60.97,73,2437,0x0000000000000000
07:32:14,15644,6862,5377148,8580606,15868708,0.1,8.9,100.0,96,62.48,71,2444,0x0000000000000000
07:32:15,15639,6862,5377826,8580606,15869222,8.8,8.0,100.0,96,62.51,73,2444,0x0000000000000000
07:32:16,15639,6862,5377826,8580606,15869222,0.0,7.5,99.0,96,60.33,73,2450,0x0000000000000000
07:32:17,15640,6862,5377826,8580606,15869222,0.0,7.8,100.0,96,62.80,73,2444,0x0000000000000000
07:32:18,15640,6862,5377826,8580606,15869222,0.0,7.8,100.0,96,62.47,73,2444,0x0000000000000000
07:32:19,15639,6862,5377826,8580606,15869222,0.0,8.3,100.0,96,62.28,72,2444,0x0000000000000000
07:32:20,15657,6862,5377826,8580606,15894661,99.4,8.4,47.5,96,51.97,75,2411,0x0000000000000000
07:32:21,15656,6862,5377826,8580606,15894661,0.0,7.6,100.0,96,62.38,73,2444,0x0000000000000000
07:32:22,15656,6862,5377841,8580606,15894676,0.1,7.9,100.0,96,62.96,73,2444,0x0000000000000000
07:32:23,15656,6862,5377841,8580606,15894676,0.0,7.4,100.0,96,62.47,73,2444,0x0000000000000000
07:32:24,15615,6862,5377841,8580613,15970370,295.7,18.6,44.1,0,40.85,65,2398,0x0000000000000000
07:32:25,15608,6862,5377841,8580613,15970374,0.4,8.2,100.0,96,58.91,74,2437,0x0000000000000000
07:32:26,15607,6862,5377841,8580613,15970374,0.0,7.7,100.0,96,62.71,72,2437,0x0000000000000000
07:32:27,15607,6862,5377841,8580613,15970374,0.0,7.6,100.0,96,63.14,73,2444,0x0000000000000000
07:32:28,15618,6862,5377841,8580613,16020672,196.5,7.7,67.3,0,55.56,67,2450,0x0000000000000000
07:32:29,15623,6862,5377842,8580613,16023844,12.4,8.6,96.0,96,48.84,73,2437,0x0000000000000000
07:32:30,15623,6862,5377842,8580613,16023844,0.0,8.0,100.0,96,62.68,73,2444,0x0000000000000000
07:32:31,15622,6862,5377842,8580613,16023844,0.0,8.0,100.0,96,62.54,72,2444,0x0000000000000000
07:32:32,15612,6862,5377842,8580613,16034538,41.8,8.3,92.0,96,62.06,73,2444,0x0000000000000000
07:32:33,15604,6862,5377844,8580613,16093007,228.3,12.6,62.4,96,38.47,72,2424,0x0000000000000000
07:32:34,15593,6862,5377844,8580613,16093007,0.0,8.0,100.0,96,62.61,74,2437,0x0000000000000000
07:32:35,15593,6862,5377844,8580613,16093007,0.0,7.1,100.0,96,62.91,73,2444,0x0000000000000000
07:32:36,15594,6862,5377844,8580613,16093009,0.1,6.9,100.0,96,61.76,74,2444,0x0000000000000000
07:32:37,15605,6862,5377844,8580613,16153427,236.0,6.9,35.4,0,41.59,66,2405,0x0000000000000000
07:32:38,15604,6862,5377844,8580613,16153427,0.0,7.5,100.0,96,59.96,74,2437,0x0000000000000000
07:32:39,15596,6862,5377844,8580613,16153428,0.0,8.2,100.0,96,63.12,74,2437,0x0000000000000000
07:32:40,15598,6862,5377844,8580613,16153428,0.0,7.7,100.0,96,63.03,73,2437,0x0000000000000000
07:32:41,15611,6862,5377845,8580613,16171259,69.7,10.5,76.5,95,61.64,72,2444,0x0000000000000000
07:32:42,15611,6862,5377845,8580613,16171259,0.0,7.1,100.0,96,57.65,74,2444,0x0000000000000000
07:32:43,15619,6862,5377845,8580613,16171259,0.0,7.0,100.0,96,63.52,75,2444,0x0000000000000000
07:32:44,15625,6862,5377845,8580613,16171259,0.0,7.9,100.0,96,63.13,74,2437,0x0000000000000000
07:32:45,15624,6862,5377845,8580613,16171281,0.1,6.6,99.0,96,62.62,73,2437,0x0000000000000000
07:32:46,15633,6862,5377845,8580613,16175769,17.5,7.4,83.0,96,60.04,73,2450,0x0000000000000000
07:32:47,15633,6862,5377845,8580613,16175792,1.8,8.0,97.0,96,53.10,74,2457,0x0000000000000000
07:32:48,15632,6862,5377845,8580613,16175829,0.1,8.2,98.0,95,48.34,70,2489,0x0000000000000000
07:32:49,15635,6862,5377845,8580613,16175937,0.4,8.6,94.0,94,36.87,69,2483,0x0000000000000000
07:32:50,15636,6862,5377845,8580613,16176204,1.0,7.5,91.9,82,36.28,68,2476,0x0000000000000000
07:32:51,15636,6862,5377845,8580613,16176513,1.2,7.6,91.9,91,36.02,69,2476,0x0000000000000000
07:32:52,15635,6862,5377859,8580613,16176748,0.9,7.8,93.1,94,36.75,69,2476,0x0000000000000000
07:32:53,15634,6862,5377859,8580613,16176968,0.9,7.6,92.9,90,36.27,68,2476,0x0000000000000000
07:32:54,15632,6862,5377859,8580613,16177347,1.5,8.2,90.0,78,35.71,67,2476,0x0000000000000000
07:32:55,15632,6862,5377859,8580613,16177786,1.7,7.5,90.0,85,35.52,68,2476,0x0000000000000000
07:32:56,15631,6862,5377859,8580613,16178058,1.1,7.9,93.0,94,36.22,68,2476,0x0000000000000000
07:32:57,15631,6862,5377859,8580613,16178507,1.8,7.8,89.9,85,34.81,68,2476,0x0000000000000000
07:32:58,15627,6862,5377864,8580613,16178641,0.5,7.9,61.6,96,40.88,74,2431,0x0000000000000000
07:32:59,15624,6862,5377864,8580613,16178648,0.1,8.8,98.0,94,58.98,70,2457,0x0000000000000000
07:33:00,15625,6862,5377864,8580613,16179006,1.4,7.9,91.9,84,36.01,68,2470,0x0000000000000000
07:33:01,15626,6862,5377864,8580613,16179166,0.6,8.2,94.0,78,36.33,68,2476,0x0000000000000000
07:33:02,15627,6862,5377864,8580613,16179402,0.9,7.8,92.0,76,36.22,66,2476,0x0000000000000000
07:33:03,15627,6862,5377865,8580613,16179558,0.6,7.8,93.9,81,35.98,68,2476,0x0000000000000000
07:33:04,15630,6862,5377865,8580613,16179793,0.9,8.5,81.8,86,36.25,68,2483,0x0000000000000000
07:33:05,15630,6862,5377865,8580613,16179975,0.7,8.0,94.0,76,35.88,68,2483,0x0000000000000000
07:33:06,15630,6862,5377866,8580613,16180185,0.8,7.8,91.9,87,36.46,67,2483,0x0000000000000000
07:33:07,15635,6862,5377866,8580613,16181078,3.5,8.0,42.6,79,36.78,69,2444,0x0000000000000000
07:33:08,15635,6862,5377866,8580613,16181078,0.0,8.5,100.0,96,61.37,75,2444,0x0000000000000000
07:33:09,15633,6862,5377866,8580613,16181080,0.1,8.8,100.0,96,61.39,72,2444,0x0000000000000000
07:33:10,15633,6862,5377866,8580613,16181080,0.0,7.6,100.0,96,60.65,75,2444,0x0000000000000000
07:33:11,15632,6862,5377866,8580613,16181080,0.0,7.8,90.1,96,60.41,72,2444,0x0000000000000000
07:33:12,15630,6862,5377866,8580613,16181080,0.0,7.7,100.0,96,61.89,75,2444,0x0000000000000000
07:33:13,15630,6862,5377866,8580613,16181081,0.0,7.8,100.0,96,61.63,71,2450,0x0000000000000000
07:33:14,15627,6862,5377866,8580613,16181081,0.0,8.9,99.0,96,59.86,72,2450,0x0000000000000000
07:33:15,15627,6862,5377872,8580613,16181087,0.0,8.0,100.0,96,62.45,72,2444,0x0000000000000000
07:33:16,15627,6862,5377872,8580613,16181087,0.0,8.2,100.0,96,62.40,73,2444,0x0000000000000000
07:33:17,15627,6862,5377872,8580613,16181088,0.1,7.9,100.0,96,61.63,71,2444,0x0000000000000000
07:33:18,15628,6862,5377872,8580613,16181088,0.0,8.0,88.0,96,60.83,74,2450,0x0000000000000000
07:33:19,15631,6862,5377872,8580613,16181735,2.5,8.8,99.0,91,59.80,73,2457,0x0000000000000000
07:33:20,15631,6862,5377872,8580613,16181735,0.0,8.0,100.0,96,61.39,73,2457,0x0000000000000000
07:33:21,15632,6862,5377872,8580613,16181993,1.0,7.9,92.1,74,46.02,68,2476,0x0000000000000000
07:33:22,15634,6862,5377886,8580613,16182360,1.4,8.0,89.0,81,35.77,69,2476,0x0000000000000000
07:33:23,15634,6862,5377886,8580613,16182513,0.6,8.2,95.0,75,36.86,68,2489,0x0000000000000000
07:33:24,15638,6862,5377890,8580613,16182588,0.3,9.2,91.0,96,50.32,73,2457,0x0000000000000000
07:33:25,15638,6862,5377890,8580613,16182735,0.6,7.7,96.0,76,59.32,69,2450,0x0000000000000000
07:33:26,15638,6862,5377890,8580613,16183022,1.1,8.0,92.9,84,35.53,68,2476,0x0000000000000000
07:33:27,15638,6862,5377951,8580613,16183107,0.8,8.3,89.0,74,39.85,71,2489,0x0000000000000000
07:33:28,15638,6862,5377952,8580613,16183108,0.0,8.4,100.0,96,61.80,73,2450,0x0000000000000000
07:33:29,15638,6862,5377953,8580613,16183299,0.7,8.8,95.0,95,46.17,69,2476,0x0000000000000000
07:33:30,15638,6862,5377954,8580613,16183338,0.2,8.4,88.1,77,40.55,71,2483,0x0000000000000000
07:33:31,15640,6862,5377966,8580613,16183408,5.1,8.3,100.0,96,61.50,73,2450,0x0000000000000000
07:33:32,15640,6862,5377966,8580613,16183538,0.5,8.3,94.0,89,45.71,69,2483,0x0000000000000000
07:33:33,15641,6862,5377966,8580613,16183868,1.3,7.7,88.9,84,35.43,68,2476,0x0000000000000000
07:33:34,15636,6862,5377966,8580613,16183991,0.5,9.2,94.9,86,36.71,69,2476,0x0000000000000000
07:33:35,15627,6862,5378028,8580613,16184093,0.5,8.0,54.5,72,33.64,66,2424,0x0000000000000000
07:33:36,15627,6862,5378028,8580613,16184093,0.0,8.2,100.0,96,61.31,72,2444,0x0000000000000000
07:33:37,15629,6862,5378028,8580613,16184093,0.0,8.2,100.0,96,61.52,73,2444,0x0000000000000000
07:33:38,15628,6862,5378028,8580613,16184093,0.0,7.9,100.0,96,60.85,71,2444,0x0000000000000000
07:33:39,15624,6862,5378028,8580613,16184093,0.0,8.9,99.0,96,60.97,72,2444,0x0000000000000000
07:33:40,15624,6862,5378028,8580613,16184093,0.0,8.4,100.0,96,62.29,73,2444,0x0000000000000000
07:33:41,15623,6862,5378028,8580613,16184093,0.0,8.2,100.0,96,61.96,72,2444,0x0000000000000000
07:33:42,15623,6862,5378028,8580613,16184093,0.0,8.0,65.0,76,60.54,71,2444,0x0000000000000000
07:33:43,15622,6862,5378028,8580613,16184093,0.0,8.2,100.0,96,62.47,74,2437,0x0000000000000000
07:33:44,15620,6862,5378028,8580613,16184094,0.1,8.9,100.0,96,62.42,75,2444,0x0000000000000000
07:33:45,15620,6862,5378028,8580613,16184094,0.0,7.7,100.0,96,61.86,75,2444,0x0000000000000000
07:33:46,15620,6862,5378028,8580613,16184094,0.0,7.9,79.2,96,61.12,74,2444,0x0000000000000000
07:33:47,15620,6862,5378028,8580613,16184094,0.0,8.1,100.0,96,62.66,73,2437,0x0000000000000000
07:33:48,15620,6862,5378028,8580613,16184094,0.0,8.0,100.0,96,62.67,72,2444,0x0000000000000000
07:33:49,15616,6862,5378028,8580613,16184095,0.0,8.7,76.0,95,61.12,73,2444,0x0000000000000000
07:33:50,15616,6862,5378028,8580613,16184095,0.0,7.9,100.0,96,62.54,73,2444,0x0000000000000000
07:33:51,15616,6862,5378028,8580613,16184095,0.0,7.9,100.0,96,62.91,73,2437,0x0000000000000000
07:33:52,15617,6862,5378037,8580613,16184104,0.0,9.0,100.0,96,62.42,77,2444,0x0000000000000000
07:33:53,15617,6862,5378037,8580613,16184104,0.0,7.7,99.0,96,61.30,75,2444,0x0000000000000000
07:33:54,15617,6862,5378037,8580613,16184105,0.0,8.9,100.0,96,63.27,74,2444,0x0000000000000000
07:33:55,15617,6862,5378037,8580613,16184105,0.0,8.5,100.0,96,62.86,75,2444,0x0000000000000000
07:33:56,15617,6862,5378037,8580613,16184105,0.0,7.8,100.0,96,62.49,74,2444,0x0000000000000000
07:33:57,15617,6862,5378038,8580613,16184106,0.0,7.9,99.0,96,61.77,74,2444,0x0000000000000000
07:33:58,15617,6862,5378038,8580613,16184106,0.0,7.9,100.0,96,63.24,74,2437,0x0000000000000000
07:33:59,15616,6862,5378038,8580613,16184106,0.0,8.7,100.0,96,62.55,73,2444,0x0000000000000000
07:34:00,15616,6862,5378038,8580613,16184106,0.0,8.0,99.0,96,62.26,73,2444,0x0000000000000000
07:34:01,15615,6862,5378038,8580613,16184106,0.0,7.9,100.0,96,62.21,73,2444,0x0000000000000000
07:34:02,15615,6862,5378044,8580613,16184109,0.0,7.9,100.0,96,63.38,77,2444,0x0000000000000000
07:34:03,15615,6862,5378044,8580613,16184109,0.0,7.9,100.0,96,63.05,75,2444,0x0000000000000000
07:34:04,15614,6862,5378044,8580613,16184109,0.0,8.7,54.2,96,62.10,74,2437,0x0000000000000000
07:34:05,15614,6862,5378044,8580613,16184109,0.0,7.8,100.0,96,63.29,75,2444,0x0000000000000000
07:34:06,15614,6862,5378044,8580613,16184109,0.0,7.9,100.0,96,63.21,74,2437,0x0000000000000000
07:34:07,15614,6862,5378044,8580613,16184109,0.0,7.7,100.0,96,62.62,74,2444,0x0000000000000000
07:34:08,15634,6862,5378044,8580613,16192389,32.3,8.2,63.0,96,58.33,75,2444,0x0000000000000000
07:34:09,15632,6862,5378044,8580613,16192389,0.0,8.8,100.0,96,62.79,74,2444,0x0000000000000000
07:34:10,15635,6862,5378044,8580622,16216648,94.8,7.6,82.8,96,61.39,75,2450,0x0000000000000000
07:34:11,15606,6862,5378044,8580622,16225578,34.8,7.7,91.9,96,49.23,74,2450,0x0000000000000000
07:34:12,15606,6862,5378044,8580622,16225685,0.4,8.2,96.0,79,59.33,72,2450,0x0000000000000000
07:34:13,15607,6862,5378044,8580622,16225984,1.2,7.8,90.9,82,36.62,70,2470,0x0000000000000000
07:34:14,15607,6862,5378044,8580622,16226377,1.6,8.8,91.0,79,36.27,70,2476,0x0000000000000000
07:34:15,15612,6862,5378044,8580622,16226835,1.8,8.0,89.0,78,35.80,69,2476,0x0000000000000000
07:34:16,15613,6862,5378044,8580622,16227229,1.5,8.0,90.0,81,35.74,69,2470,0x0000000000000000
07:34:17,15615,6862,5378044,8580622,16227319,0.4,8.9,95.1,94,36.98,70,2489,0x0000000000000000
07:34:18,15603,6862,5378106,8580622,16227371,0.2,8.1,81.6,96,41.43,75,2450,0x0000000000000000
07:34:19,15612,6862,5378106,8580622,16227372,0.0,8.8,100.0,96,62.52,74,2450,0x0000000000000000
07:34:20,15615,6862,5378106,8580622,16227603,0.9,8.1,93.9,87,45.69,70,2483,0x0000000000000000
07:34:21,15615,6862,5378106,8580622,16227603,0.0,8.6,83.0,95,38.90,70,2483,0x0000000000000000
07:34:22,15615,6862,5378120,8580622,16227618,0.1,8.3,100.0,96,54.94,74,2450,0x0000000000000000
07:34:23,15616,6862,5378120,8580622,16227746,0.5,8.3,96.0,78,56.61,71,2470,0x0000000000000000
07:34:24,15616,6862,5378120,8580622,16227881,0.5,9.1,96.0,94,37.28,70,2489,0x0000000000000000
07:34:25,15618,6862,5378120,8580622,16227881,0.0,8.4,84.0,96,43.07,73,2457,0x0000000000000000
07:34:26,15618,6862,5378120,8580622,16227881,0.0,8.6,100.0,96,62.34,74,2450,0x0000000000000000
07:34:27,15618,6862,5378121,8580622,16227889,0.0,8.8,99.0,94,46.65,70,2483,0x0000000000000000
07:34:28,15617,6862,5378121,8580622,16228003,0.4,8.5,96.0,94,37.70,70,2489,0x0000000000000000
07:34:29,15620,6862,5378124,8580622,16229473,5.8,9.3,90.1,94,38.46,70,2489,0x0000000000000000
07:34:30,15622,6862,5378124,8580622,16229635,0.6,7.9,93.9,70,46.24,70,2470,0x0000000000000000
07:34:31,15622,6862,5378124,8580622,16229904,1.1,7.7,86.9,85,36.54,69,2476,0x0000000000000000
07:34:32,15604,6862,5378124,8580622,16230061,0.6,8.0,80.0,94,42.58,70,2470,0x0000000000000000
07:34:33,15605,6862,5378124,8580622,16230251,0.7,8.0,94.1,83,36.15,69,2476,0x0000000000000000
07:34:34,15607,6862,5378124,8580622,16230394,0.7,9.2,92.9,95,44.73,73,2463,0x0000000000000000
07:34:35,15608,6862,5378124,8580622,16230527,0.5,7.9,94.1,94,39.36,69,2489,0x0000000000000000
07:34:36,15608,6862,5378125,8580622,16230753,0.9,8.2,91.9,84,40.24,71,2476,0x0000000000000000
07:34:37,15612,6862,5378125,8580622,16230884,0.5,8.0,94.0,81,43.44,69,2483,0x0000000000000000
07:34:38,15613,6862,5378127,8580622,16231142,1.1,8.3,91.0,93,37.43,69,2483,0x0000000000000000
07:34:39,15615,6862,5378127,8580622,16231425,1.1,8.5,92.9,85,45.60,69,2476,0x0000000000000000
07:34:40,15615,6862,5378127,8580622,16231848,1.7,8.0,63.0,88,36.34,69,2476,0x0000000000000000
07:34:41,15616,6862,5378127,8580622,16232032,0.7,8.0,65.7,80,45.73,68,2483,0x0000000000000000
07:34:42,15617,6862,5378127,8580622,16232399,1.4,7.8,91.0,72,35.23,68,2476,0x0000000000000000
07:34:43,15618,6862,5378129,8580622,16233116,2.8,8.3,55.4,85,46.08,69,2463,0x0000000000000000
07:34:44,15611,6862,5378130,8580622,16233386,1.1,8.4,90.0,85,36.53,69,2476,0x0000000000000000
07:34:45,15611,6862,5378130,8580622,16233593,0.8,7.9,91.9,85,36.12,69,2483,0x0000000000000000
07:34:46,15611,6862,5378130,8580622,16234087,1.9,7.8,88.1,95,45.78,72,2470,0x0000000000000000
07:34:47,15612,6862,5378130,8580622,16234535,1.8,7.8,87.9,79,34.86,68,2470,0x0000000000000000
07:34:48,15612,6862,5378131,8580622,16234761,0.9,7.7,89.9,95,45.47,70,2470,0x0000000000000000
07:34:49,15611,6862,5378131,8580622,16234983,0.9,8.6,92.0,82,35.99,68,2476,0x0000000000000000
07:34:50,15611,6862,5378131,8580622,16235303,1.2,7.9,60.0,95,44.39,72,2470,0x0000000000000000
07:34:51,15613,6862,5378131,8580622,16235635,1.3,7.8,89.2,77,37.78,68,2476,0x0000000000000000
07:34:52,15615,6862,5378141,8580622,16236131,1.9,8.1,89.0,83,34.91,68,2476,0x0000000000000000
07:34:53,15616,6862,5378141,8580622,16236500,1.4,7.8,90.0,80,35.21,68,2476,0x0000000000000000
07:34:54,15616,6862,5378141,8580622,16236866,1.4,8.4,85.0,84,35.55,68,2476,0x0000000000000000
07:34:55,15617,6862,5378141,8580622,16236967,0.4,8.3,96.0,94,36.52,69,2483,0x0000000000000000
07:34:56,15618,6862,5378141,8580622,16237109,0.6,7.7,85.7,84,46.92,69,2470,0x0000000000000000
07:34:57,15616,6862,5378141,8580622,16237231,0.6,8.5,78.8,94,36.89,69,2489,0x0000000000000000
07:34:58,15614,6862,5378141,8580622,16237253,0.1,8.1,93.0,95,46.73,72,2476,0x0000000000000000
07:34:59,15618,6862,5378141,8580622,16237535,1.1,8.6,91.8,79,37.28,68,2476,0x0000000000000000
07:35:00,15619,6862,5378141,8580622,16237879,1.3,7.8,92.0,87,35.55,68,2476,0x0000000000000000
07:35:01,15618,6862,5378141,8580622,16238036,0.6,8.3,89.1,93,36.84,68,2483,0x0000000000000000
07:35:02,15619,6862,5378141,8580622,16238166,0.5,8.1,96.0,81,45.71,69,2476,0x0000000000000000
07:35:03,15618,6862,5378142,8580622,16238234,0.3,8.2,98.0,72,37.38,68,2476,0x0000000000000000
07:35:04,15619,6862,5378144,8580622,16238556,1.3,8.7,89.0,82,46.07,68,2470,0x0000000000000000
07:35:05,15619,6862,5378144,8580622,16238851,1.1,8.0,60.4,94,34.75,68,2476,0x0000000000000000
07:35:06,15619,6862,5378144,8580622,16238851,0.0,8.2,100.0,96,59.21,73,2444,0x0000000000000000
07:35:07,15619,6862,5378144,8580622,16238851,0.0,8.1,100.0,96,61.27,75,2444,0x0000000000000000
07:35:08,15620,6862,5378144,8580622,16238851,0.0,8.1,100.0,96,61.18,72,2444,0x0000000000000000
07:35:09,15617,6862,5378144,8580622,16239214,1.4,9.2,71.0,96,60.25,72,2444,0x0000000000000000
07:35:10,15617,6862,5378144,8580622,16239214,0.0,8.1,100.0,96,61.87,74,2437,0x0000000000000000
07:35:11,15617,6862,5378144,8580622,16239214,0.0,8.1,100.0,96,62.29,73,2444,0x0000000000000000
07:35:12,15617,6862,5378144,8580622,16239214,0.0,8.4,73.3,96,60.74,74,2457,0x0000000000000000
07:35:13,15615,6862,5378144,8580622,16239459,1.0,9.5,66.0,76,58.88,69,2457,0x0000000000000000
07:35:14,15616,6862,5378144,8580622,16239459,0.0,9.0,100.0,96,62.04,73,2450,0x0000000000000000
07:35:15,15616,6862,5378144,8580622,16239718,1.0,7.8,91.9,84,44.97,69,2476,0x0000000000000000
07:35:16,15618,6862,5378272,8580622,16240065,1.4,8.3,93.9,82,36.44,69,2476,0x0000000000000000
07:35:17,15617,6862,5378272,8580622,16240339,1.1,8.0,92.0,92,35.97,69,2483,0x0000000000000000
07:35:18,15638,6862,5378275,8580622,16241066,2.9,7.9,66.0,94,37.03,69,2476,0x0000000000000000
07:35:19,15637,6862,5378275,8580622,16241548,2.0,8.7,89.0,85,34.69,68,2476,0x0000000000000000
07:35:20,15636,6862,5378277,8580622,16242002,1.8,8.0,90.1,78,34.71,68,2476,0x0000000000000000
07:35:21,15636,6862,5378278,8580622,16242521,2.0,7.7,88.9,79,34.67,68,2476,0x0000000000000000
07:35:22,15638,6862,5378285,8580622,16243001,1.9,8.0,62.0,67,33.85,68,2470,0x0000000000000000
07:35:23,15634,6862,5378459,8580622,16243635,3.2,7.9,87.8,76,34.65,68,2476,0x0000000000000000
07:35:24,15631,6862,5378526,8580622,16244012,1.6,8.9,62.7,84,34.58,68,2470,0x0000000000000000
07:35:25,15632,6862,5378526,8580622,16244508,1.9,7.9,88.8,83,34.65,68,2476,0x0000000000000000
07:35:26,15632,6862,5378547,8580622,16244981,1.8,7.8,90.1,76,34.44,67,2476,0x0000000000000000
07:35:27,15632,6862,5378547,8580622,16245442,1.8,8.0,88.9,83,34.53,66,2476,0x0000000000000000
07:35:28,15632,6862,5378547,8580622,16245948,2.0,8.0,87.1,85,34.69,68,2476,0x0000000000000000
07:35:29,15629,6862,5378549,8580622,16246340,1.5,8.7,91.0,89,34.92,68,2476,0x0000000000000000
07:35:30,15629,6862,5378550,8580622,16246846,2.0,7.8,89.0,73,34.53,66,2476,0x0000000000000000
07:35:31,15629,6862,5378550,8580622,16247347,2.0,7.6,88.9,81,34.42,67,2476,0x0000000000000000
07:35:32,15629,6862,5378550,8580622,16247834,1.9,7.7,88.7,82,34.33,67,2476,0x0000000000000000
07:35:33,15629,6862,5378551,8580622,16248217,1.5,7.7,89.1,72,34.56,67,2476,0x0000000000000000
07:35:34,15628,6862,5378551,8580622,16248662,1.7,8.4,87.0,86,34.73,67,2476,0x0000000000000000
07:35:35,15628,6862,5378551,8580622,16248662,0.0,8.3,96.0,94,38.71,68,2483,0x0000000000000000
07:35:36,15628,6862,5378551,8580622,16248662,0.0,8.7,100.0,92,37.70,67,2483,0x0000000000000000
07:35:37,15629,6862,5378551,8580622,16248705,6.9,8.8,100.0,92,37.73,68,2489,0x0000000000000000
07:35:38,15629,6862,5378559,8580622,16248708,0.0,8.6,100.0,94,37.77,68,2489,0x0000000000000000
07:35:39,15628,6862,5378559,8580622,16248708,0.0,9.4,100.0,94,37.79,68,2489,0x0000000000000000
07:35:40,15629,6862,5378559,8580622,16248708,0.0,8.9,100.0,94,37.62,68,2489,0x0000000000000000
07:35:41,15630,6862,5378559,8580622,16248708,0.0,8.8,100.0,92,37.54,67,2483,0x0000000000000000
07:35:42,15630,6862,5378559,8580622,16248708,0.0,8.7,100.0,92,37.69,68,2489,0x0000000000000000
07:35:43,15629,6862,5378559,8580622,16248708,0.0,8.4,100.0,92,37.65,67,2489,0x0000000000000000
07:35:44,15627,6862,5378559,8580622,16248709,0.0,9.3,100.0,93,37.85,68,2483,0x0000000000000000
07:35:45,15627,6862,5378559,8580622,16248709,0.0,9.1,100.0,94,37.62,68,2489,0x0000000000000000
07:35:46,15627,6862,5378559,8580622,16248709,0.0,8.8,99.0,94,37.72,68,2483,0x0000000000000000
07:35:47,15627,6862,5378559,8580622,16248709,0.0,8.8,100.0,94,37.69,68,2483,0x0000000000000000
07:35:48,15627,6862,5378559,8580622,16248709,0.0,8.8,100.0,92,37.66,67,2489,0x0000000000000000
07:35:49,15625,6862,5378559,8580622,16248710,0.1,9.2,94.0,94,39.61,68,2483,0x0000000000000000
07:35:50,15625,6862,5378559,8580622,16248710,0.0,8.7,100.0,94,37.61,67,2483,0x0000000000000000
07:35:51,15625,6862,5378559,8580622,16248710,0.0,8.6,100.0,94,37.65,67,2483,0x0000000000000000
07:35:52,15626,6862,5378574,8580622,16248725,0.1,9.0,100.0,92,37.57,67,2483,0x0000000000000000
07:35:53,15627,6862,5378581,8580622,16248731,0.0,8.8,100.0,92,37.69,67,2489,0x0000000000000000
07:35:54,15624,6862,5378581,8580622,16248731,0.0,9.6,100.0,94,37.66,67,2489,0x0000000000000000
07:35:55,15624,6862,5378581,8580622,16248731,0.0,8.6,100.0,94,37.50,67,2483,0x0000000000000000
07:35:56,15624,6862,5378581,8580622,16248731,0.0,8.4,99.0,92,37.53,67,2483,0x0000000000000000
07:35:57,15625,6862,5378581,8580622,16248731,0.0,8.5,100.0,92,37.66,67,2483,0x0000000000000000
07:35:58,15625,6862,5378581,8580622,16248731,0.0,8.5,100.0,92,37.61,67,2489,0x0000000000000000
07:35:59,15625,6862,5378581,8580622,16248731,0.0,9.2,100.0,94,37.67,67,2489,0x0000000000000000
07:36:00,15625,6862,5378581,8580622,16248731,0.0,8.6,100.0,94,37.71,67,2489,0x0000000000000000
07:36:01,15625,6862,5378581,8580622,16248731,0.0,8.8,100.0,94,37.62,67,2483,0x0000000000000000
07:36:02,15622,6862,5378581,8580622,16248731,0.0,9.2,100.0,94,37.64,67,2483,0x0000000000000000
07:36:03,15622,6862,5378581,8580622,16248896,0.6,8.3,83.8,92,37.48,67,2483,0x0000000000000000
07:36:04,15624,6862,5378582,8580622,16249335,1.7,8.6,52.5,77,36.96,66,2476,0x0000000000000000
07:36:05,15626,6862,5378597,8580622,16249766,1.7,7.8,89.9,76,34.03,65,2476,0x0000000000000000
07:36:06,15627,6862,5378597,8580622,16250161,1.5,7.8,88.9,87,35.04,67,2476,0x0000000000000000
07:36:07,15626,6862,5378597,8580622,16250557,1.5,7.7,89.8,89,34.59,67,2476,0x0000000000000000
07:36:08,15626,6862,5378597,8580622,16250896,1.3,7.8,89.1,94,34.79,67,2483,0x0000000000000000
07:36:09,15626,6862,5378597,8580622,16251306,1.6,8.9,90.1,84,34.20,67,2476,0x0000000000000000
07:36:10,15626,6862,5378597,8580622,16251784,1.9,7.6,87.9,81,34.60,66,2476,0x0000000000000000
07:36:11,15626,6862,5378597,8580622,16252206,1.6,7.9,88.0,79,34.04,66,2476,0x0000000000000000
07:36:12,15626,6862,5378597,8580622,16252628,1.6,8.1,88.9,84,34.69,66,2476,0x0000000000000000
07:36:13,15626,6862,5378599,8580622,16253028,1.6,7.8,62.4,88,34.62,67,2476,0x0000000000000000
07:36:14,15628,6862,5378599,8580622,16253491,1.8,8.7,80.0,76,34.50,66,2476,0x0000000000000000
07:36:15,15630,6862,5378601,8580622,16253910,1.6,8.2,90.0,79,34.07,66,2470,0x0000000000000000
07:36:16,15630,6862,5378601,8580622,16254209,1.2,8.3,90.9,84,34.98,66,2476,0x0000000000000000
07:36:17,15630,6862,5378601,8580622,16254561,1.4,8.2,91.9,90,35.08,66,2476,0x0000000000000000
07:36:18,15630,6862,5378601,8580622,16255023,1.8,8.3,89.1,85,34.77,66,2476,0x0000000000000000
07:36:19,15627,6862,5378603,8580622,16255458,1.7,8.8,88.1,83,34.03,66,2476,0x0000000000000000
