t,memavail_mib,swap_used_mib,pswpin,pswpout,pgmajfault,nvme_read_mib,cpu_pct,cpu_max_core_pct,gpu_util,gpu_w,gpu_c,sm_mhz,throttle
08:07:10,121084,4234,5914696,9337999,17796517,0.0,0.0,0.0,2,5.22,56,390,0x0000000000000000
08:07:11,120973,4234,5914697,9337999,17797975,186.1,2.1,25.4,2,5.20,56,383,0x0000000000000000
08:07:12,120891,4234,5914704,9337999,17798364,63.6,9.7,46.5,2,5.16,55,383,0x0000000000000000
08:07:13,120815,4234,5914704,9337999,17798411,22.6,4.4,41.0,2,5.23,55,390,0x0000000000000000
08:07:14,120794,4234,5914704,9337999,17798949,76.9,4.3,71.4,2,5.20,55,383,0x0000000000000000
08:07:15,120743,4234,5914704,9337999,17799025,17.8,5.7,55.9,2,5.17,55,383,0x0000000000000000
08:07:16,120716,4234,5914704,9337999,17799034,11.6,4.9,87.9,2,5.17,55,383,0x0000000000000000
08:07:17,120706,4234,5914704,9337999,17799070,12.6,5.0,61.0,2,5.17,55,383,0x0000000000000000
08:07:18,120689,4234,5914704,9337999,17799092,13.7,4.2,73.5,2,5.14,54,383,0x0000000000000000
08:07:19,120687,4234,5914704,9337999,17799092,11.1,3.5,42.0,2,5.16,54,383,0x0000000000000000
08:07:20,120652,4234,5914705,9337999,17799158,48.5,3.7,46.1,2,5.15,54,383,0x0000000000000000
08:07:21,120616,4234,5914705,9337999,17799288,25.0,4.6,83.8,2,5.12,54,383,0x0000000000000000
08:07:22,120600,4234,5914705,9337999,17799351,18.3,4.7,66.7,2,5.13,54,383,0x0000000000000000
08:07:23,120545,4234,5914723,9337999,17799526,31.2,10.7,77.5,2,5.16,54,383,0x0000000000000000
08:07:24,120308,4234,5914723,9337999,17799659,23.2,6.1,34.3,2,5.14,54,383,0x0000000000000000
08:07:25,120138,4234,5914723,9337999,17799660,0.1,10.2,60.0,2,5.12,54,383,0x0000000000000000
08:07:26,120061,4234,5914723,9337999,17799660,0.0,5.5,100.0,2,5.08,53,383,0x0000000000000000
08:07:27,119975,4234,5914723,9337999,17799660,0.4,5.4,97.0,2,5.09,53,383,0x0000000000000000
08:07:28,119938,4234,5914723,9337999,17800154,296.2,10.4,49.0,2,5.11,53,383,0x0000000000000000
08:07:29,119905,4234,5914725,9337999,17800716,69.1,4.4,55.0,2,5.21,53,416,0x0000000000000000
08:07:30,119842,4234,5914725,9337999,17800825,29.7,5.2,86.5,2,5.10,53,396,0x0000000000000000
08:07:31,119821,4234,5914725,9337999,17801181,61.1,4.2,76.0,2,5.08,53,390,0x0000000000000000
08:07:32,119210,4234,5914725,9337999,17801385,30.2,20.1,70.7,2,5.09,53,390,0x0000000000000000
08:07:33,119442,4234,5914725,9337999,17803080,122.9,8.7,90.9,2,5.15,53,390,0x0000000000000000
08:07:34,120329,4234,5914725,9337999,17803466,32.4,4.8,48.5,2,5.10,53,390,0x0000000000000000
08:07:35,120257,4234,5914725,9337999,17803467,0.0,6.1,83.0,2,5.13,53,390,0x0000000000000000
08:07:36,119402,4234,5914725,9337999,17803488,14.8,18.4,91.1,2,5.06,52,390,0x0000000000000000
08:07:37,119601,4234,5914726,9337999,17803495,4.3,14.1,77.5,2,5.11,52,390,0x0000000000000000
08:07:38,119494,4234,5914726,9337999,17803495,1.2,5.5,99.0,2,5.06,52,390,0x0000000000000000
08:07:39,119443,4234,5914727,9337999,17803500,0.2,5.5,100.0,2,5.02,52,390,0x0000000000000000
08:07:40,119377,4234,5914727,9337999,17803500,0.0,12.0,87.0,2,5.06,52,390,0x0000000000000000
08:07:41,118944,4234,5914727,9337999,17803500,0.0,7.2,56.6,2,5.05,52,390,0x0000000000000000
08:07:42,119230,4234,5914763,9337999,17803579,7.1,19.7,100.0,2,5.11,52,390,0x0000000000000000
08:07:43,119838,4234,5914763,9337999,17803586,1.8,5.2,59.6,2,5.07,52,390,0x0000000000000000
08:07:44,119631,4234,5914763,9337999,17803607,2.1,5.5,100.0,2,5.06,52,390,0x0000000000000000
08:07:45,119463,4234,5914763,9337999,17803607,0.0,6.0,99.0,2,5.07,52,390,0x0000000000000000
08:07:46,119363,4234,5914763,9337999,17803607,0.1,5.4,99.0,2,5.06,52,390,0x0000000000000000
08:07:47,119313,4234,5914763,9337999,17803607,0.0,5.4,100.0,2,5.02,51,390,0x0000000000000000
08:07:48,119219,4234,5914763,9337999,17803607,0.0,5.5,100.0,2,5.02,51,390,0x0000000000000000
08:07:49,119167,4234,5914763,9337999,17803607,0.0,5.5,100.0,3,5.00,51,390,0x0000000000000000
08:07:50,118828,4234,5914763,9337999,17803613,0.5,12.4,60.0,2,5.02,51,390,0x0000000000000000
08:07:51,118740,4234,5914763,9337999,17803613,0.2,5.5,98.0,2,4.99,51,390,0x0000000000000000
08:07:52,118687,4234,5914763,9337999,17803613,0.0,5.6,100.0,2,5.00,51,390,0x0000000000000000
08:07:53,118631,4234,5914780,9337999,17803630,0.1,11.7,99.0,2,4.97,51,390,0x0000000000000000
08:07:54,118111,4234,5914789,9337999,17803637,1.6,15.8,99.0,3,5.02,51,390,0x0000000000000000
08:07:55,117637,4234,5914789,9337999,17803769,15.5,12.0,86.0,2,5.31,51,390,0x0000000000000000
08:07:56,97602,4234,5914789,9337999,17803870,14.4,6.1,79.2,2,12.19,52,2418,0x0000000000000000
08:07:57,67757,4234,5914789,9337999,17803870,0.2,5.7,100.0,4,11.92,52,2411,0x0000000000000000
08:07:58,39785,4234,5914789,9337999,17803870,0.5,5.6,99.0,4,11.90,52,2418,0x0000000000000000
08:07:59,39238,4234,5914789,9337999,17803882,129.7,6.2,95.2,0,11.85,52,2418,0x0000000000000000
08:08:00,39053,4234,5914789,9337999,17803882,146.8,7.1,100.0,3,12.13,52,2418,0x0000000000000000
08:08:01,38964,4234,5914790,9337999,17803889,146.0,6.7,100.0,3,12.11,52,2418,0x0000000000000000
08:08:02,38828,4234,5914790,9337999,17803892,133.6,6.8,100.0,3,12.08,52,2418,0x0000000000000000
08:08:03,38676,4234,5914790,9337999,17803893,136.8,6.7,100.0,3,12.07,51,2418,0x0000000000000000
08:08:04,38862,4234,5914790,9337999,17803897,135.0,6.9,100.0,3,12.06,51,2418,0x0000000000000000
08:08:05,38705,4234,5914790,9337999,17803898,138.0,7.3,100.0,3,12.10,51,2418,0x0000000000000000
08:08:06,38900,4234,5914790,9337999,17803902,128.7,6.8,99.0,3,12.10,51,2418,0x0000000000000000
08:08:07,38755,4234,5914790,9337999,17803902,134.0,6.7,100.0,3,12.08,51,2418,0x0000000000000000
08:08:08,38604,4234,5914790,9337999,17803902,134.5,6.9,100.0,3,12.04,51,2418,0x0000000000000000
08:08:09,38796,4234,5914790,9337999,17803906,132.0,6.8,100.0,3,12.03,51,2418,0x0000000000000000
08:08:10,38633,4234,5914797,9337999,17803910,148.8,7.3,100.0,3,12.06,51,2418,0x0000000000000000
08:08:11,38807,4234,5914797,9337999,17803914,142.7,6.6,100.0,3,12.04,51,2418,0x0000000000000000
08:08:12,38688,4234,5914801,9337999,17803915,144.8,6.5,99.0,3,12.06,51,2418,0x0000000000000000
08:08:13,38945,4234,5914801,9337999,17803919,139.0,6.4,100.0,3,12.07,51,2418,0x0000000000000000
08:08:14,38892,4234,5914801,9337999,17803919,147.0,6.6,100.0,3,12.08,51,2418,0x0000000000000000
08:08:15,38716,4234,5914801,9337999,17803919,149.2,6.9,100.0,3,12.08,51,2418,0x0000000000000000
08:08:16,38892,4234,5914801,9337999,17803923,139.0,6.6,100.0,3,12.02,51,2418,0x0000000000000000
08:08:17,38727,4234,5914801,9337999,17803923,144.5,6.5,100.0,3,12.04,51,2418,0x0000000000000000
08:08:18,38906,4234,5914801,9337999,17803927,140.0,6.5,100.0,3,12.02,51,2418,0x0000000000000000
08:08:19,38755,4234,5914807,9337999,17803931,145.8,6.6,99.0,3,12.01,51,2418,0x0000000000000000
08:08:20,38935,4234,5914807,9337999,17803935,146.1,7.2,100.0,3,12.00,51,2418,0x0000000000000000
08:08:21,38777,4234,5914807,9337999,17803935,150.6,6.8,100.0,3,12.01,51,2418,0x0000000000000000
08:08:22,38605,4234,5914807,9337999,17803935,144.5,6.4,100.0,3,12.03,51,2418,0x0000000000000000
08:08:23,38782,4234,5914810,9337999,17803942,143.5,6.6,100.0,3,12.03,51,2418,0x0000000000000000
08:08:24,38614,4234,5915521,9337999,17804646,158.6,7.4,100.0,3,12.04,51,2418,0x0000000000000000
08:08:25,38786,4234,5915521,9337999,17804650,141.7,7.2,100.0,3,12.04,50,2418,0x0000000000000000
08:08:26,38624,4234,5915522,9337999,17804651,143.3,6.6,99.0,3,12.01,50,2418,0x0000000000000000
08:08:27,38796,4234,5915522,9337999,17804654,139.2,6.9,100.0,3,12.01,50,2418,0x0000000000000000
08:08:28,38636,4234,5915527,9337999,17804658,146.5,6.5,100.0,3,12.00,50,2418,0x0000000000000000
08:08:29,38475,4234,5915528,9337999,17804659,142.5,6.6,100.0,3,12.00,50,2418,0x0000000000000000
08:08:30,38641,4234,5915528,9337999,17804663,143.2,7.1,100.0,3,11.98,50,2418,0x0000000000000000
08:08:31,38472,4234,5915528,9337999,17804663,146.8,6.6,100.0,3,11.99,50,2418,0x0000000000000000
08:08:32,38639,4234,5915528,9337999,17804667,138.9,6.5,99.0,3,11.95,50,2418,0x0000000000000000
08:08:33,38475,4234,5915528,9337999,17804667,143.8,6.6,100.0,3,11.98,50,2418,0x0000000000000000
08:08:34,38299,4234,5915528,9337999,17804667,144.8,6.6,100.0,3,11.98,50,2418,0x0000000000000000
08:08:35,38462,4234,5915528,9337999,17804672,146.2,7.1,100.0,3,11.98,50,2418,0x0000000000000000
08:08:36,38294,4234,5915528,9337999,17804672,142.8,6.6,100.0,3,11.95,50,2418,0x0000000000000000
08:08:37,38464,4234,5915528,9337999,17804676,140.0,6.6,100.0,3,11.94,50,2418,0x0000000000000000
08:08:38,38306,4234,5915528,9337999,17804676,145.2,6.7,100.0,3,11.92,50,2418,0x0000000000000000
08:08:39,38482,4234,5915528,9337999,17804680,143.9,6.5,99.0,3,11.91,50,2418,0x0000000000000000
08:08:40,38319,4234,5915528,9337999,17804681,145.5,7.3,100.0,3,11.95,50,2418,0x0000000000000000
08:08:41,38161,4234,5915528,9337999,17804681,144.0,6.8,100.0,3,11.92,50,2418,0x0000000000000000
08:08:42,38343,4234,5915528,9337999,17804685,140.7,6.8,100.0,3,11.88,50,2418,0x0000000000000000
08:08:43,38201,4234,5915528,9337999,17804685,144.5,6.8,100.0,3,11.91,50,2418,0x0000000000000000
08:08:44,38383,4234,5915528,9337999,17804689,141.7,6.9,100.0,3,11.90,50,2418,0x0000000000000000
08:08:45,38221,4234,5915528,9337999,17804690,144.1,7.2,100.0,3,11.90,50,2418,0x0000000000000000
08:08:46,38397,4234,5915528,9337999,17804694,139.5,6.6,100.0,3,11.87,50,2418,0x0000000000000000
08:08:47,38242,4234,5915528,9337999,17804694,146.5,6.7,100.0,3,11.87,50,2418,0x0000000000000000
08:08:48,38078,4234,5915528,9337999,17804694,147.2,6.6,99.0,3,11.89,50,2418,0x0000000000000000
08:08:49,38254,4234,5915528,9337999,17804698,141.9,6.4,100.0,3,11.87,49,2418,0x0000000000000000
08:08:50,38088,4234,5915528,9337999,17804698,142.8,7.1,100.0,3,11.88,49,2418,0x0000000000000000
08:08:51,38267,4234,5915528,9337999,17804702,137.7,6.6,100.0,3,11.86,49,2418,0x0000000000000000
08:08:52,38122,4234,5915528,9337999,17804702,141.0,6.7,100.0,3,11.84,49,2418,0x0000000000000000
08:08:53,38299,4234,5915543,9337999,17804721,141.5,6.8,100.0,3,11.88,49,2418,0x0000000000000000
08:08:54,38145,4234,5915543,9337999,17804721,146.2,6.7,100.0,3,11.87,49,2418,0x0000000000000000
08:08:55,37978,4234,5915543,9337999,17804721,145.0,7.2,100.0,3,11.87,49,2418,0x0000000000000000
08:08:56,38159,4234,5915544,9337999,17804726,141.0,6.6,99.0,3,11.85,49,2418,0x0000000000000000
08:08:57,37996,4234,5915544,9337999,17804726,144.4,6.9,100.0,3,11.85,49,2418,0x0000000000000000
08:08:58,38171,4234,5915544,9337999,17804730,139.7,6.6,100.0,3,11.83,49,2418,0x0000000000000000
08:08:59,38016,4234,5915544,9337999,17804732,145.8,6.7,100.0,3,11.86,49,2418,0x0000000000000000
08:09:00,38195,4234,5915544,9337999,17804734,139.4,7.3,100.0,3,11.85,49,2418,0x0000000000000000
08:09:01,38057,4234,5915544,9337999,17804736,143.3,6.7,100.0,3,11.83,49,2418,0x0000000000000000
08:09:02,37921,4234,5915544,9337999,17804736,142.0,6.7,100.0,3,11.83,49,2418,0x0000000000000000
08:09:03,38136,4234,5915544,9337999,17804740,139.5,6.6,99.0,3,11.83,49,2418,0x0000000000000000
08:09:04,38007,4234,5915544,9337999,17804740,142.5,6.6,100.0,3,11.84,49,2418,0x0000000000000000
08:09:05,38189,4234,5915550,9337999,17804747,142.3,7.2,100.0,3,11.83,49,2418,0x0000000000000000
08:09:06,38058,4234,5915550,9337999,17804747,146.0,6.7,100.0,3,11.80,49,2418,0x0000000000000000
08:09:07,37912,4234,5915550,9337999,17804748,146.3,6.7,100.0,3,11.83,49,2418,0x0000000000000000
08:09:08,38110,4234,5915550,9337999,17804752,143.7,6.7,100.0,3,11.82,49,2418,0x0000000000000000
08:09:09,37980,4234,5915550,9337999,17804752,144.8,6.6,100.0,3,11.84,49,2418,0x0000000000000000
08:09:10,38161,4234,5915550,9337999,17804756,145.7,7.4,99.0,3,11.84,49,2418,0x0000000000000000
08:09:11,37999,4233,5915554,9337999,17804762,147.3,6.7,100.0,3,11.83,49,2418,0x0000000000000000
08:09:12,38179,4233,5915554,9337999,17804766,140.2,6.6,100.0,3,11.82,49,2418,0x0000000000000000
08:09:13,38018,4233,5915554,9337999,17804766,146.2,6.8,100.0,3,11.80,49,2418,0x0000000000000000
08:09:14,37855,4233,5915566,9337999,17804769,146.5,6.8,100.0,3,11.80,49,2418,0x0000000000000000
08:09:15,38031,4233,5915566,9337999,17804774,144.3,7.2,100.0,3,11.79,49,2418,0x0000000000000000
08:09:16,37863,4233,5915566,9337999,17804774,147.2,6.6,100.0,3,11.77,48,2418,0x0000000000000000
08:09:17,38031,4233,5915566,9337999,17804778,141.9,6.6,99.0,3,11.76,48,2418,0x0000000000000000
08:09:18,37863,4233,5915566,9337999,17804778,144.0,6.8,100.0,3,11.79,48,2418,0x0000000000000000
08:09:19,38045,4233,5915566,9337999,17804782,140.4,6.6,100.0,3,11.76,48,2418,0x0000000000000000
08:09:20,37875,4233,5915566,9337999,17804782,149.5,7.2,100.0,3,11.77,48,2418,0x0000000000000000
08:09:21,37710,4233,5915566,9337999,17804782,144.2,6.8,100.0,3,11.77,48,2418,0x0000000000000000
08:09:22,37894,4233,5915566,9337999,17804786,141.2,6.6,100.0,3,11.74,48,2418,0x0000000000000000
08:09:23,37750,4233,5915578,9337999,17804798,145.0,6.7,100.0,3,11.74,48,2418,0x0000000000000000
08:09:24,37927,4233,5915578,9337999,17804802,141.5,6.7,100.0,3,11.73,48,2418,0x0000000000000000
08:09:25,37770,4233,5915578,9337999,17804802,150.2,7.3,99.0,3,11.74,48,2418,0x0000000000000000
08:09:26,37964,4233,5915578,9337999,17804806,141.2,6.6,100.0,3,11.73,48,2418,0x0000000000000000
08:09:27,37831,4233,5915578,9337999,17804806,144.2,6.8,100.0,3,11.73,48,2418,0x0000000000000000
08:09:28,37708,4233,5915578,9337999,17804806,143.2,6.6,100.0,3,11.73,48,2418,0x0000000000000000
08:09:29,37907,4233,5915579,9337999,17804811,140.2,6.7,100.0,3,11.73,48,2418,0x0000000000000000
08:09:30,37774,4233,5915579,9337999,17804811,146.5,7.2,100.0,3,11.75,48,2418,0x0000000000000000
08:09:31,37976,4233,5915579,9337999,17804816,139.5,6.7,100.0,3,11.74,48,2418,0x0000000000000000
08:09:32,37833,4233,5915579,9337999,17804816,147.5,6.9,100.0,3,11.74,48,2418,0x0000000000000000
08:09:33,38013,4233,5915579,9337999,17804820,142.2,6.3,99.0,3,11.75,48,2418,0x0000000000000000
08:09:34,37879,4233,5915579,9337999,17804820,144.2,6.6,100.0,3,11.73,48,2418,0x0000000000000000
08:09:35,37727,4233,5915579,9337999,17804821,147.8,7.3,100.0,3,11.71,48,2418,0x0000000000000000
08:09:36,37915,4233,5915579,9337999,17804825,139.2,6.5,100.0,2,11.73,48,2418,0x0000000000000000
08:09:37,37752,4233,5915579,9337999,17804825,143.5,6.5,100.0,3,11.71,48,2418,0x0000000000000000
08:09:38,37928,4233,5915579,9337999,17804829,141.9,6.8,100.0,3,11.71,48,2418,0x0000000000000000
08:09:39,37793,4233,5915579,9337999,17804829,143.8,6.8,100.0,3,11.74,48,2418,0x0000000000000000
08:09:40,37967,4233,5915579,9337999,17804833,141.9,7.2,100.0,3,11.75,48,2418,0x0000000000000000
08:09:41,37827,4233,5915579,9337999,17804833,143.8,6.6,99.0,3,11.67,48,2418,0x0000000000000000
08:09:42,37696,4233,5915579,9337999,17804833,141.5,6.6,100.0,3,11.69,48,2418,0x0000000000000000
08:09:43,37905,4233,5915579,9337999,17804837,141.2,6.9,100.0,3,11.67,48,2418,0x0000000000000000
08:09:44,37779,4233,5915579,9337999,17804837,145.5,6.9,100.0,3,11.70,48,2418,0x0000000000000000
08:09:45,37974,4233,5915579,9337999,17804841,143.9,7.3,100.0,3,11.73,48,2418,0x0000000000000000
08:09:46,37850,4233,5915579,9337999,17804841,145.8,6.7,100.0,3,11.69,48,2418,0x0000000000000000
08:09:47,38049,4233,5915579,9337999,17804843,139.4,6.6,100.0,3,11.71,48,2418,0x0000000000000000
08:09:48,37931,4233,5915579,9337999,17804845,142.1,6.6,100.0,3,11.70,47,2418,0x0000000000000000
08:09:49,37804,4233,5915579,9337999,17804845,146.0,6.7,100.0,3,11.71,47,2418,0x0000000000000000
08:09:50,37986,4233,5915579,9337999,17804849,143.7,7.4,99.0,3,11.73,47,2418,0x0000000000000000
08:09:51,37866,4233,5915579,9337999,17804849,144.0,6.7,100.0,3,11.71,47,2418,0x0000000000000000
08:09:52,38081,4233,5915579,9337999,17804853,139.4,6.6,100.0,3,11.69,47,2418,0x0000000000000000
08:09:53,37966,4233,5915587,9337999,17804861,143.5,6.8,100.0,3,11.70,47,2418,0x0000000000000000
08:09:54,37847,4233,5915587,9337999,17804861,144.2,6.8,100.0,3,11.69,47,2418,0x0000000000000000
08:09:55,38004,4233,5915587,9337999,17804865,143.7,7.3,100.0,3,11.67,47,2418,0x0000000000000000
08:09:56,37854,4233,5915587,9337999,17804865,146.5,6.6,100.0,3,11.65,47,2418,0x0000000000000000
08:09:57,38047,4233,5915587,9337999,17804869,140.0,6.6,100.0,3,11.62,47,2418,0x0000000000000000
08:09:58,37918,4233,5915587,9337999,17804869,144.8,6.6,99.0,3,11.65,47,2418,0x0000000000000000
08:09:59,38122,4233,5915587,9337999,17804873,140.7,6.6,100.0,3,11.66,47,2418,0x0000000000000000
08:10:00,37982,4233,5915587,9337999,17804876,147.1,7.4,100.0,3,11.64,47,2418,0x0000000000000000
08:10:01,37844,4233,5915587,9337999,17804876,143.2,6.7,100.0,3,11.65,47,2418,0x0000000000000000
08:10:02,38049,4233,5915587,9337999,17804880,139.4,6.7,100.0,3,11.62,47,2418,0x0000000000000000
08:10:03,37924,4233,5915587,9337999,17804880,144.5,6.8,100.0,3,11.62,47,2418,0x0000000000000000
08:10:04,38135,4233,5915587,9337999,17804884,141.4,6.8,100.0,3,11.61,47,2418,0x0000000000000000
08:10:05,37960,4233,5915587,9337999,17804884,147.0,7.1,100.0,3,11.61,47,2418,0x0000000000000000
08:10:06,38134,4233,5915587,9337999,17804888,137.4,6.5,99.0,3,11.59,47,2418,0x0000000000000000
08:10:07,38002,4233,5915587,9337999,17804888,143.0,6.6,100.0,3,11.56,47,2418,0x0000000000000000
08:10:08,37870,4233,5915587,9337999,17804888,142.5,6.7,100.0,3,11.57,47,2418,0x0000000000000000
08:10:09,38060,4233,5915587,9337999,17804892,139.7,6.7,100.0,3,11.60,47,2418,0x0000000000000000
08:10:10,37909,4233,5915587,9337999,17804892,144.2,7.3,100.0,3,11.61,47,2418,0x0000000000000000
08:10:11,38116,4233,5915587,9337999,17804896,138.7,6.7,100.0,3,11.58,47,2418,0x0000000000000000
08:10:12,37953,4233,5915587,9337999,17804897,146.3,6.6,100.0,4,11.61,47,2418,0x0000000000000000
08:10:13,38119,4233,5915587,9337999,17804899,141.1,6.5,99.0,3,11.63,47,2418,0x0000000000000000
08:10:14,37951,4233,5915587,9337999,17804901,144.8,6.7,100.0,3,11.58,47,2418,0x0000000000000000
08:10:15,37786,4233,5915587,9337999,17804901,144.0,7.1,100.0,4,11.63,47,2418,0x0000000000000000
08:10:16,37991,4233,5915587,9337999,17804905,137.2,6.5,100.0,3,11.60,47,2418,0x0000000000000000
08:10:17,37854,4233,5915587,9337999,17804905,140.8,6.6,100.0,4,11.63,47,2418,0x0000000000000000
08:10:18,38059,4233,5915587,9337999,17804909,136.7,6.6,100.0,4,11.58,47,2418,0x0000000000000000
08:10:19,37928,4233,5915589,9337999,17804911,140.3,7.2,100.0,4,11.58,47,2418,0x0000000000000000
08:10:20,37790,4233,5915589,9337999,17804911,142.0,7.3,100.0,4,11.61,47,2418,0x0000000000000000
08:10:21,37978,4233,5915590,9337999,17804916,137.2,6.8,99.0,3,11.57,47,2418,0x0000000000000000
08:10:22,37844,4233,5915590,9337999,17804916,139.8,6.7,100.0,4,11.56,47,2418,0x0000000000000000
08:10:23,38037,4233,5915604,9337999,17804934,136.8,6.7,100.0,4,11.59,47,2418,0x0000000000000000
08:10:24,37872,4233,5915604,9337999,17804934,146.5,6.8,100.0,4,11.60,46,2418,0x0000000000000000
08:10:25,37720,4233,5915604,9337999,17804934,141.1,7.4,100.0,4,11.60,46,2418,0x0000000000000000
08:10:26,37927,4233,5915606,9337999,17804940,144.9,6.8,100.0,4,11.58,46,2418,0x0000000000000000
08:10:27,37780,4233,5915606,9337999,17804940,146.0,6.5,100.0,4,11.55,46,2418,0x0000000000000000
08:10:28,37957,4233,5915606,9337999,17804944,140.2,6.5,99.0,4,11.54,46,2418,0x0000000000000000
08:10:29,37786,4233,5915606,9337999,17804944,144.0,6.6,100.0,4,11.57,46,2418,0x0000000000000000
08:10:30,37959,4233,5915606,9337999,17804949,141.0,7.2,100.0,4,11.58,46,2418,0x0000000000000000
08:10:31,37818,4233,5915606,9337999,17804949,141.5,6.7,100.0,3,11.58,46,2418,0x0000000000000000
08:10:32,37669,4233,5915606,9337999,17804949,140.0,6.5,100.0,4,11.56,46,2418,0x0000000000000000
08:10:33,37868,4233,5915606,9337999,17804953,136.7,6.8,100.0,3,11.53,46,2418,0x0000000000000000
08:10:34,37743,4233,5915606,9337999,17804953,141.0,6.7,100.0,4,11.52,46,2418,0x0000000000000000
08:10:35,37946,4233,5915606,9337999,17804957,138.5,7.3,100.0,4,11.53,46,2418,0x0000000000000000
08:10:36,37773,4233,5915606,9337999,17804957,148.2,6.4,100.0,4,11.55,46,2418,0x0000000000000000
08:10:37,37966,4233,5915606,9337999,17804963,138.7,6.8,99.0,4,11.54,46,2418,0x0000000000000000
08:10:38,37820,4233,5915606,9337999,17804963,148.0,6.6,100.0,4,11.55,46,2418,0x0000000000000000
08:10:39,37684,4233,5915606,9337999,17804963,141.0,6.7,100.0,4,11.55,46,2418,0x0000000000000000
08:10:40,37897,4233,5915606,9337999,17804967,138.7,7.3,100.0,4,11.54,46,2418,0x0000000000000000
08:10:41,37759,4233,5915607,9337999,17804968,140.8,6.8,100.0,4,11.56,46,2418,0x0000000000000000
08:10:42,37963,4233,5915607,9337999,17804972,138.0,6.8,100.0,4,11.55,46,2418,0x0000000000000000
08:10:43,37829,4233,5915607,9337999,17804972,141.5,6.7,100.0,4,11.53,46,2418,0x0000000000000000
08:10:44,37686,4233,5915607,9337999,17804972,143.0,6.8,100.0,4,11.54,46,2418,0x0000000000000000
08:10:45,37889,4233,5915607,9337999,17804976,144.2,7.2,100.0,4,11.56,46,2418,0x0000000000000000
08:10:46,37750,4233,5915607,9337999,17804976,146.0,6.6,99.0,4,11.57,46,2418,0x0000000000000000
08:10:47,37962,4233,5915607,9337999,17804980,141.4,6.7,100.0,4,11.53,46,2418,0x0000000000000000
08:10:48,37829,4233,5915607,9337999,17804980,143.0,6.8,100.0,4,11.54,46,2418,0x0000000000000000
08:10:49,38020,4233,5915607,9337999,17804984,138.0,6.6,100.0,4,11.51,46,2418,0x0000000000000000
08:10:50,37891,4233,5915607,9337999,17804986,144.1,7.3,100.0,4,11.50,46,2418,0x0000000000000000
08:10:51,37757,4233,5915607,9337999,17804986,143.8,6.8,100.0,4,11.52,46,2418,0x0000000000000000
08:10:52,37966,4233,5915607,9337999,17804990,137.7,6.5,100.0,3,11.51,46,2418,0x0000000000000000
08:10:53,37828,4233,5915609,9337999,17804992,143.3,6.7,100.0,4,11.52,46,2418,0x0000000000000000
08:10:54,38035,4233,5915620,9337999,17805007,138.2,6.8,99.0,4,11.50,46,2418,0x0000000000000000
08:10:55,37912,4233,5915620,9337999,17805007,141.8,7.4,100.0,4,11.59,46,2418,0x0000000000000000
08:10:56,38122,4233,5915620,9337999,17805009,140.2,6.7,100.0,4,11.53,46,2418,0x0000000000000000
08:10:57,38005,4233,5915620,9337999,17805011,143.5,6.7,100.0,4,11.49,46,2418,0x0000000000000000
08:10:58,37884,4233,5915620,9337999,17805011,142.2,6.6,100.0,4,11.52,46,2418,0x0000000000000000
08:10:59,38081,4233,5915620,9337999,17805015,140.5,6.8,100.0,4,11.52,46,2418,0x0000000000000000
08:11:00,37948,4233,5915620,9337999,17805015,141.8,7.2,100.0,4,11.50,46,2418,0x0000000000000000
08:11:01,38134,4233,5915620,9337999,17805019,140.7,6.8,100.0,3,11.48,46,2418,0x0000000000000000
08:11:02,37977,4233,5915623,9337999,17805021,144.0,6.8,100.0,4,11.53,46,2418,0x0000000000000000
08:11:03,37809,4233,5915623,9337999,17805021,145.0,6.7,99.0,4,11.54,46,2418,0x0000000000000000
08:11:04,37999,4233,5915623,9337999,17805025,139.0,6.8,100.0,3,11.49,46,2418,0x0000000000000000
08:11:05,37847,4233,5915624,9337999,17805026,143.8,7.2,100.0,4,11.54,46,2418,0x0000000000000000
08:11:06,38058,4233,5915624,9337999,17805030,135.7,6.6,100.0,4,11.44,46,2418,0x0000000000000000
08:11:07,37927,4233,5915625,9337999,17805033,142.3,6.6,100.0,4,11.47,46,2418,0x0000000000000000
08:11:08,38116,4233,5915625,9337999,17805037,139.5,6.7,100.0,4,11.50,46,2418,0x0000000000000000
08:11:09,37991,4233,5915625,9337999,17805037,141.8,6.8,100.0,4,11.46,45,2418,0x0000000000000000
08:11:10,37825,4233,5915625,9337999,17805037,146.0,7.5,99.0,4,11.49,45,2418,0x0000000000000000
08:11:11,38016,4233,5915625,9337999,17805042,138.9,6.9,100.0,3,11.43,45,2418,0x0000000000000000
08:11:12,37890,4233,5915625,9337999,17805042,139.2,6.7,100.0,3,11.48,45,2418,0x0000000000000000
08:11:13,38092,4233,5915625,9337999,17805046,137.2,6.7,100.0,4,11.45,45,2418,0x0000000000000000
08:11:14,37943,4233,5915625,9337999,17805046,141.8,6.7,100.0,4,11.44,45,2418,0x0000000000000000
08:11:15,37804,4233,5915625,9337999,17805046,145.0,7.4,100.0,4,11.45,45,2418,0x0000000000000000
08:11:16,37999,4233,5915625,9337999,17805050,139.5,6.7,100.0,4,11.44,45,2418,0x0000000000000000
08:11:17,37874,4233,5915625,9337999,17805050,143.2,6.7,100.0,4,11.46,45,2418,0x0000000000000000
08:11:18,38083,4233,5915633,9337999,17805064,137.7,6.8,100.0,4,11.48,45,2418,0x0000000000000000
08:11:19,37957,4233,5915633,9337999,17805064,145.0,6.8,99.0,4,11.47,45,2418,0x0000000000000000
08:11:20,38151,4233,5915633,9337999,17805068,140.2,7.3,100.0,4,11.45,45,2418,0x0000000000000000
08:11:21,38019,4233,5915633,9337999,17805069,145.8,7.0,100.0,4,11.44,45,2418,0x0000000000000000
08:11:22,37863,4233,5915633,9337999,17805069,141.8,6.7,100.0,4,11.41,45,2418,0x0000000000000000
08:11:23,38037,4233,5915634,9337999,17805074,139.7,6.8,100.0,4,11.43,45,2418,0x0000000000000000
08:11:24,37873,4233,5915644,9337999,17805084,145.3,7.0,100.0,4,11.46,45,2418,0x0000000000000000
08:11:25,38036,4233,5915644,9337999,17805088,139.4,7.4,100.0,4,11.42,45,2418,0x0000000000000000
08:11:26,37883,4233,5915644,9337999,17805088,141.0,6.6,99.0,4,11.42,45,2418,0x0000000000000000
08:11:27,37756,4233,5915644,9337999,17805088,140.3,6.6,100.0,4,11.43,45,2418,0x0000000000000000
08:11:28,37959,4233,5915644,9337999,17805092,136.4,6.6,100.0,4,11.42,45,2418,0x0000000000000000
08:11:29,37821,4233,5915644,9337999,17805092,142.0,6.7,100.0,4,11.45,45,2418,0x0000000000000000
08:11:30,38018,4233,5915644,9337999,17805098,140.8,7.3,100.0,4,11.42,45,2418,0x0000000000000000
08:11:31,37861,4233,5915644,9337999,17805098,145.0,6.7,100.0,4,11.45,45,2418,0x0000000000000000
08:11:32,38039,4233,5915644,9337999,17805102,139.4,6.7,100.0,4,11.42,45,2418,0x0000000000000000
08:11:33,37911,4233,5915644,9337999,17805102,142.2,6.8,100.0,4,11.41,45,2418,0x0000000000000000
08:11:34,37785,4233,5915644,9337999,17805102,140.5,6.8,100.0,4,11.42,45,2418,0x0000000000000000
08:11:35,37974,4233,5915644,9337999,17805106,140.7,7.2,99.0,3,11.42,45,2418,0x0000000000000000
08:11:36,37837,4233,5915644,9337999,17805106,143.5,6.7,100.0,4,11.42,45,2418,0x0000000000000000
08:11:37,38050,4233,5915644,9337999,17805110,137.0,6.6,100.0,4,11.39,45,2418,0x0000000000000000
08:11:38,37899,4233,5915644,9337999,17805110,141.8,6.6,100.0,4,11.43,45,2418,0x0000000000000000
08:11:39,37762,4233,5915644,9337999,17805111,141.9,6.7,100.0,4,11.44,45,2418,0x0000000000000000
08:11:40,37967,4233,5915644,9337999,17805115,141.6,7.4,100.0,4,11.42,45,2418,0x0000000000000000
08:11:41,37851,4233,5915646,9337999,17805117,143.3,7.0,100.0,4,11.45,45,2418,0x0000000000000000
08:11:42,38035,4233,5915646,9337999,17805121,140.2,7.1,99.0,4,11.41,45,2418,0x0000000000000000
08:11:43,37894,4233,5915647,9337999,17805122,143.9,6.9,100.0,4,11.42,45,2418,0x0000000000000000
08:11:44,38101,4233,5915647,9337999,17805126,141.2,6.7,100.0,4,11.38,45,2418,0x0000000000000000
08:11:45,37971,4233,5915647,9337999,17805126,143.2,7.3,100.0,4,11.44,45,2418,0x0000000000000000
08:11:46,37831,4233,5915647,9337999,17805126,141.5,6.6,100.0,4,11.43,45,2418,0x0000000000000000
08:11:47,38033,4233,5915647,9337999,17805130,141.9,6.7,100.0,3,11.40,45,2418,0x0000000000000000
08:11:48,37884,4233,5915647,9337999,17805130,135.2,6.8,100.0,4,11.38,45,2418,0x0000000000000000
08:11:49,38071,4233,5915647,9337999,17805134,133.7,6.9,100.0,4,11.36,45,2418,0x0000000000000000
08:11:50,37929,4233,5915647,9337999,17805135,134.6,7.5,100.0,4,11.38,45,2418,0x0000000000000000
08:11:51,37783,4233,5915647,9337999,17805135,130.8,6.8,100.0,4,11.35,45,2418,0x0000000000000000
08:11:52,37978,4233,5915647,9337999,17805139,122.7,6.8,100.0,3,11.32,45,2418,0x0000000000000000
08:11:53,37836,4233,5915647,9337999,17805139,129.2,6.9,99.0,4,11.37,45,2418,0x0000000000000000
08:11:54,38021,4233,5915654,9337999,17805150,133.2,7.0,100.0,4,11.37,45,2418,0x0000000000000000
08:11:55,37869,4233,5915654,9337999,17805151,133.3,7.6,100.0,4,11.35,45,2418,0x0000000000000000
08:11:56,37719,4233,5915654,9337999,17805151,124.0,6.8,100.0,3,11.32,45,2418,0x0000000000000000
08:11:57,37930,4233,5915654,9337999,17805155,119.7,6.9,100.0,3,11.34,45,2418,0x0000000000000000
08:11:58,37792,4233,5915654,9337999,17805155,127.8,7.0,100.0,4,11.34,45,2418,0x0000000000000000
08:11:59,37651,4233,5915654,9337999,17805155,126.5,6.8,100.0,4,11.35,45,2418,0x0000000000000000
08:12:00,37842,4233,5915654,9337999,17805159,128.2,7.4,100.0,4,11.33,44,2418,0x0000000000000000
08:12:01,37690,4233,5915654,9337999,17805159,127.2,6.8,100.0,3,11.33,44,2418,0x0000000000000000
08:12:02,37885,4233,5915654,9337999,17805163,124.7,6.8,99.0,3,11.31,44,2418,0x0000000000000000
08:12:03,37737,4233,5915654,9337999,17805163,132.5,6.8,100.0,4,11.34,44,2418,0x0000000000000000
08:12:04,37593,4233,5915654,9337999,17805163,129.8,6.9,100.0,4,11.37,44,2418,0x0000000000000000
08:12:05,37787,4233,5915654,9337999,17805168,132.2,7.5,100.0,4,11.35,44,2418,0x0000000000000000
08:12:06,37638,4233,5915654,9337999,17805168,131.0,6.8,100.0,4,11.33,44,2418,0x0000000000000000
08:12:07,37824,4233,5915654,9337999,17805171,127.2,6.8,100.0,3,11.35,44,2418,0x0000000000000000
08:12:08,37694,4233,5915654,9337999,17805172,135.0,7.2,100.0,4,11.34,44,2418,0x0000000000000000
08:12:09,37553,4233,5915655,9337999,17805173,130.8,6.9,100.0,4,11.35,44,2418,0x0000000000000000
08:12:10,39816,4233,5915655,9337999,17805177,132.7,7.9,99.0,4,11.35,44,2418,0x0000000000000000
08:12:11,39621,4233,5915655,9337999,17805177,140.5,7.0,100.0,4,11.37,44,2418,0x0000000000000000
08:12:12,39749,4233,5915655,9337999,17805231,141.6,6.6,100.0,4,11.40,44,2418,0x0000000000000000
08:12:13,39577,4233,5915655,9337999,17805232,141.8,6.5,100.0,4,11.39,44,2418,0x0000000000000000
08:12:14,39401,4233,5915655,9337999,17805232,144.0,6.7,100.0,4,11.38,44,2418,0x0000000000000000
08:12:15,39551,4233,5915655,9337999,17805236,140.7,7.2,100.0,4,11.38,44,2418,0x0000000000000000
08:12:16,39374,4233,5915655,9337999,17805236,145.2,6.4,100.0,4,11.41,44,2418,0x0000000000000000
08:12:17,39533,4233,5915655,9337999,17805240,140.9,6.6,100.0,4,11.35,44,2418,0x0000000000000000
08:12:18,39364,4233,5915655,9337999,17805240,145.2,6.5,99.0,4,11.39,44,2418,0x0000000000000000
08:12:19,39181,4233,5915655,9337999,17805240,146.1,6.5,100.0,4,11.37,44,2418,0x0000000000000000
08:12:20,39732,4232,5915655,9337999,17805244,146.6,7.5,100.0,4,11.36,44,2418,0x0000000000000000
08:12:21,39579,4232,5915655,9338087,17805244,145.0,7.7,100.0,4,11.43,44,2418,0x0000000000000000
08:12:22,39704,4232,5915655,9338087,17805248,138.7,7.2,100.0,4,11.36,44,2418,0x0000000000000000
08:12:23,39528,4232,5915655,9338087,17805248,143.5,6.8,100.0,4,11.35,44,2418,0x0000000000000000
08:12:24,39701,4232,5915665,9338089,17805262,139.2,7.0,100.0,4,11.36,44,2418,0x0000000000000000
08:12:25,39509,4232,5915665,9338089,17805263,144.8,7.7,100.0,4,11.39,44,2418,0x0000000000000000
08:12:26,39336,4232,5915665,9338110,17805263,143.3,7.0,99.0,4,11.38,44,2418,0x0000000000000000
08:12:27,39500,4232,5915665,9338110,17805267,138.7,6.7,100.0,3,11.35,44,2418,0x0000000000000000
08:12:28,39326,4232,5915665,9338110,17805267,142.0,6.7,100.0,4,11.40,44,2418,0x0000000000000000
08:12:29,39533,4232,5915666,9338133,17805277,137.7,6.7,100.0,4,11.37,44,2418,0x0000000000000000
08:12:30,39409,4232,5915666,9338171,17805277,144.2,7.3,100.0,4,11.34,44,2418,0x0000000000000000
08:12:31,39561,4232,5915666,9338171,17805282,138.7,6.8,100.0,4,11.36,44,2418,0x0000000000000000
08:12:32,39616,4232,5915666,9338171,17805283,142.2,6.8,100.0,4,11.36,44,2418,0x0000000000000000
08:12:33,39439,4232,5915666,9338171,17805283,141.2,6.9,100.0,4,11.39,44,2418,0x0000000000000000
08:12:34,39675,4232,5915666,9338185,17805287,139.0,6.8,99.0,4,11.37,44,2418,0x0000000000000000
08:12:35,39478,4232,5915666,9338185,17805287,147.5,7.5,100.0,4,11.38,44,2418,0x0000000000000000
08:12:36,39720,4232,5915666,9338189,17805291,136.5,6.7,100.0,4,11.35,44,2418,0x0000000000000000
08:12:37,39544,4232,5915666,9338189,17805292,144.0,6.6,100.0,4,11.37,44,2418,0x0000000000000000
08:12:38,39441,4232,5915667,9338192,17805293,146.0,6.9,100.0,4,11.37,44,2418,0x0000000000000000
08:12:39,39604,4232,5915667,9338192,17805297,138.0,6.8,100.0,3,11.35,44,2418,0x0000000000000000
08:12:40,39490,4232,5915667,9338195,17805298,143.5,7.3,100.0,4,11.36,44,2418,0x0000000000000000
08:12:41,39631,4232,5915667,9338195,17805308,140.1,6.8,99.0,4,11.34,44,2418,0x0000000000000000
08:12:42,39551,4232,5915667,9338199,17805308,140.8,6.7,100.0,3,11.35,44,2418,0x0000000000000000
08:12:43,39766,4232,5915667,9338199,17805312,136.5,6.7,100.0,4,11.35,44,2418,0x0000000000000000
08:12:44,39594,4232,5915670,9338199,17805315,142.8,6.7,100.0,4,11.35,44,2418,0x0000000000000000
08:12:45,39500,4232,5915670,9338199,17805317,141.4,7.4,100.0,4,11.31,44,2418,0x0000000000000000
08:12:46,39666,4232,5915670,9338205,17805322,136.7,6.7,100.0,4,11.31,44,2418,0x0000000000000000
08:12:47,39526,4232,5915670,9338205,17805331,145.6,7.2,100.0,4,11.35,44,2418,0x0000000000000000
08:12:48,39685,4232,5915670,9338205,17805335,137.2,6.6,100.0,3,11.32,44,2418,0x0000000000000000
08:12:49,39508,4232,5915670,9338205,17805335,144.5,6.7,100.0,4,11.33,44,2418,0x0000000000000000
08:12:50,39404,4232,5915670,9338214,17805339,142.5,7.2,99.0,4,11.35,44,2418,0x0000000000000000
08:12:51,39569,4232,5915671,9338214,17805354,137.5,6.7,100.0,4,11.32,44,2418,0x0000000000000000
08:12:52,39417,4232,5915671,9338214,17805354,139.5,6.5,100.0,4,11.32,44,2418,0x0000000000000000
08:12:53,39584,4232,5915671,9338214,17805358,134.5,6.4,51.0,4,11.33,44,2418,0x0000000000000000
08:12:54,39423,4232,5915679,9338214,17805366,142.3,6.6,100.0,4,11.33,44,2418,0x0000000000000000
08:12:55,39577,4232,5915679,9338214,17805371,135.6,7.1,99.0,4,11.31,44,2418,0x0000000000000000
08:12:56,39552,4232,5915679,9338235,17805372,137.2,6.6,100.0,4,11.28,44,2418,0x0000000000000000
08:12:57,39383,4232,5915679,9338235,17805372,137.0,6.5,100.0,3,11.30,44,2418,0x0000000000000000
08:12:58,39588,4232,5915679,9338240,17805376,135.5,6.7,100.0,4,11.32,44,2418,0x0000000000000000
08:12:59,39433,4232,5915679,9338240,17805376,135.5,6.9,100.0,4,11.32,44,2418,0x0000000000000000
08:13:00,39595,4232,5915679,9338240,17805381,128.7,7.5,99.0,4,11.31,44,2418,0x0000000000000000
08:13:01,39761,4232,5915679,9338240,17805412,133.4,7.3,100.0,3,11.26,44,2418,0x0000000000000000
08:13:02,39579,4232,5915679,9338240,17805412,140.0,6.9,100.0,4,11.33,44,2418,0x0000000000000000
08:13:03,39724,4232,5915679,9338240,17805427,136.3,6.8,100.0,4,11.31,44,2418,0x0000000000000000
08:13:04,39661,4232,5915679,9338240,17805427,139.8,6.9,100.0,3,11.33,44,2418,0x0000000000000000
08:13:05,39766,4232,5915681,9338240,17805466,138.2,7.5,100.0,4,11.29,44,2418,0x0000000000000000
08:13:06,39602,4232,5915681,9338246,17805466,139.8,6.9,100.0,4,11.30,44,2418,0x0000000000000000
08:13:07,39435,4232,5915681,9338246,17805466,137.5,6.7,100.0,4,11.34,44,2418,0x0000000000000000
08:13:08,39704,4232,5915681,9338247,17805470,134.5,6.7,99.0,3,11.31,44,2418,0x0000000000000000
08:13:09,39531,4232,5915681,9338247,17805473,141.2,6.9,100.0,3,11.31,44,2418,0x0000000000000000
08:13:10,39802,4232,5915681,9338247,17805481,133.6,7.2,100.0,4,11.31,44,2418,0x0000000000000000
08:13:11,39627,4232,5915683,9338247,17805516,144.1,7.0,100.0,3,11.29,44,2418,0x0000000000000000
08:13:12,39523,4232,5915683,9338248,17805517,138.3,6.7,100.0,3,11.33,44,2418,0x0000000000000000
08:13:13,39690,4232,5915683,9338248,17805521,135.5,6.9,100.0,4,11.31,44,2418,0x0000000000000000
08:13:14,39519,4232,5915683,9338248,17805521,136.0,6.7,100.0,3,11.33,44,2418,0x0000000000000000
08:13:15,39754,4232,5915683,9338248,17805526,133.0,7.1,99.0,3,11.28,44,2418,0x0000000000000000
08:13:16,39588,4232,5915683,9338248,17805526,136.5,6.6,100.0,4,11.31,44,2418,0x0000000000000000
08:13:17,39495,4232,5915683,9338255,17805526,136.2,6.6,100.0,3,11.26,44,2418,0x0000000000000000
08:13:18,39671,4232,5915683,9338255,17805530,133.5,6.6,100.0,3,11.28,44,2418,0x0000000000000000
08:13:19,39574,4232,5915683,9338259,17805530,137.0,6.5,100.0,4,11.31,44,2418,0x0000000000000000
08:13:20,39721,4232,5915683,9338259,17805544,139.7,7.4,100.0,3,11.30,44,2418,0x0000000000000000
08:13:21,39624,4232,5915683,9338263,17805546,138.4,7.0,100.0,4,11.35,44,2418,0x0000000000000000
08:13:22,39464,4232,5915683,9338263,17805546,134.5,6.8,72.0,3,11.32,44,2418,0x0000000000000000
08:13:23,39723,4232,5915683,9338270,17805551,121.2,6.8,77.0,2,11.24,44,2418,0x0000000000000000
08:13:24,39554,4232,5915690,9338270,17805563,131.0,7.1,100.0,3,11.27,44,2418,0x0000000000000000
08:13:25,39732,4232,5915690,9338270,17805570,125.9,7.1,100.0,3,11.25,44,2418,0x0000000000000000
08:13:26,39641,4232,5915690,9338271,17805571,122.3,6.6,100.0,3,11.21,44,2418,0x0000000000000000
08:13:27,39490,4232,5915690,9338271,17805572,123.8,6.6,100.0,3,11.24,44,2418,0x0000000000000000
08:13:28,39746,4232,5915690,9338283,17805576,117.0,6.6,100.0,3,11.21,44,2418,0x0000000000000000
08:13:29,39596,4232,5915691,9338283,17805580,124.5,6.8,100.0,3,11.23,44,2418,0x0000000000000000
08:13:30,39439,4232,5915693,9338284,17805588,131.6,7.4,99.0,3,11.25,44,2418,0x0000000000000000
08:13:31,39601,4232,5915711,9338284,17805632,126.6,6.9,100.0,3,11.23,44,2418,0x0000000000000000
08:13:32,39444,4232,5915712,9338284,17805633,130.8,6.7,100.0,4,11.27,44,2418,0x0000000000000000
08:13:33,39578,4232,5915712,9338286,17805634,127.4,6.9,100.0,3,11.28,44,2418,0x0000000000000000
08:13:34,39610,4232,5915712,9338286,17805637,117.8,6.6,100.0,3,11.20,44,2418,0x0000000000000000
08:13:35,39526,4232,5915712,9338286,17805642,123.4,7.0,100.0,3,11.21,44,2418,0x0000000000000000
08:13:36,39714,4232,5915712,9338286,17805646,112.0,6.6,100.0,3,11.21,44,2418,0x0000000000000000
08:13:37,39574,4232,5915712,9338286,17805646,115.8,6.7,100.0,3,11.18,44,2418,0x0000000000000000
08:13:38,39473,4232,5915721,9338286,17805649,124.5,6.7,99.0,3,11.23,44,2418,0x0000000000000000
08:13:39,39658,4232,5915721,9338286,17805653,116.0,6.5,100.0,3,11.23,44,2418,0x0000000000000000
08:13:40,39498,4232,5915721,9338291,17805657,124.5,7.1,100.0,3,11.24,44,2418,0x0000000000000000
08:13:41,39340,4232,5915721,9338291,17805657,120.0,6.5,100.0,3,11.23,44,2418,0x0000000000000000
08:13:42,39532,4232,5915721,9338292,17805662,119.8,6.6,100.0,4,11.24,44,2418,0x0000000000000000
08:13:43,39377,4232,5915721,9338292,17805662,128.7,6.8,100.0,3,11.25,44,2418,0x0000000000000000
08:13:44,39222,4232,5915721,9338292,17805662,125.0,6.6,100.0,4,11.23,44,2418,0x0000000000000000
08:13:45,39402,4232,5915721,9338292,17805666,122.7,7.2,100.0,3,11.22,44,2418,0x0000000000000000
08:13:46,39252,4232,5915721,9338292,17805666,124.0,6.7,100.0,3,11.21,44,2418,0x0000000000000000
08:13:47,39432,4232,5915721,9338292,17805669,121.5,6.6,99.0,3,11.24,44,2418,0x0000000000000000
08:13:48,39270,4232,5915721,9338292,17805670,133.5,6.7,100.0,3,11.24,44,2418,0x0000000000000000
08:13:49,39114,4232,5915721,9338299,17805670,125.5,6.8,100.0,4,11.24,44,2418,0x0000000000000000
08:13:50,39272,4232,5915721,9338299,17805675,130.5,7.2,100.0,4,11.26,44,2418,0x0000000000000000
08:13:51,39106,4232,5915721,9338299,17805675,129.5,6.8,100.0,4,11.23,44,2418,0x0000000000000000
08:13:52,38978,4232,5915721,9338299,17805680,128.8,7.0,100.0,4,11.23,44,2418,0x0000000000000000
08:13:53,39165,4232,5915721,9338299,17805684,117.7,6.6,100.0,2,11.18,44,2418,0x0000000000000000
08:13:54,39662,4232,5915735,9338299,17805698,125.1,7.0,100.0,3,11.23,44,2418,0x0000000000000000
08:13:55,39795,4232,5915736,9338299,17805704,126.4,7.2,99.0,3,11.23,44,2418,0x0000000000000000
08:13:56,39641,4232,5915736,9338300,17805704,125.6,6.9,100.0,3,11.22,44,2418,0x0000000000000000
08:13:57,39490,4232,5915736,9338300,17805704,123.2,7.0,100.0,3,11.24,44,2418,0x0000000000000000
08:13:58,39679,4232,5915736,9338300,17805708,118.0,6.5,100.0,4,11.20,44,2418,0x0000000000000000
08:13:59,39537,4232,5915736,9338300,17805708,124.0,6.8,100.0,3,11.18,44,2418,0x0000000000000000
08:14:00,39380,4232,5915736,9338300,17805710,128.1,7.1,100.0,3,11.20,44,2418,0x0000000000000000
08:14:01,39576,4232,5915736,9338300,17805714,123.0,6.7,100.0,3,11.18,44,2418,0x0000000000000000
08:14:02,39421,4232,5915736,9338300,17805714,122.8,6.5,100.0,3,11.19,44,2418,0x0000000000000000
08:14:03,39261,4232,5915739,9338300,17805718,127.9,6.7,100.0,3,11.19,44,2418,0x0000000000000000
08:14:04,39494,4232,5915739,9338300,17805722,122.0,6.7,99.0,3,11.18,44,2418,0x0000000000000000
08:14:05,39326,4232,5915739,9338300,17805723,131.3,7.5,100.0,3,11.22,44,2418,0x0000000000000000
08:14:06,39559,4232,5915739,9338300,17805727,130.2,6.6,100.0,3,11.20,44,2418,0x0000000000000000
08:14:07,39414,4232,5915739,9338300,17805727,119.0,6.5,100.0,3,11.24,44,2418,0x0000000000000000
08:14:08,39283,4232,5915739,9338300,17805727,123.0,6.7,100.0,3,11.18,44,2418,0x0000000000000000
08:14:09,39470,4232,5915739,9338300,17805731,117.0,6.7,100.0,3,11.10,44,2405,0x0000000000000000
08:14:10,39293,4232,5915739,9338300,17805731,136.0,7.3,100.0,3,10.93,44,2405,0x0000000000000000
08:14:11,39332,4232,5915739,9338300,17805731,132.8,6.6,100.0,3,10.93,44,2405,0x0000000000000000
08:14:12,39515,4232,5915739,9338300,17805735,123.0,6.6,100.0,3,10.92,44,2405,0x0000000000000000
08:14:13,39433,4232,5915739,9338300,17805735,130.2,6.6,100.0,3,10.88,43,2405,0x0000000000000000
08:14:14,39599,4232,5915739,9338300,17805739,130.2,6.7,99.0,3,10.90,44,2405,0x0000000000000000
08:14:15,39499,4232,5915739,9338300,17805739,128.5,7.0,100.0,3,10.92,43,2405,0x0000000000000000
08:14:16,39345,4232,5915739,9338300,17805739,123.5,6.6,100.0,3,10.91,43,2405,0x0000000000000000
08:14:17,39531,4232,5915739,9338300,17805743,117.2,6.5,100.0,3,10.86,44,2405,0x0000000000000000
08:14:18,39454,4232,5915739,9338300,17805743,125.5,6.8,100.0,3,10.91,44,2405,0x0000000000000000
08:14:19,39297,4232,5915739,9338300,17805743,128.0,6.7,100.0,3,10.91,43,2405,0x0000000000000000
08:14:20,39556,4232,5915739,9338300,17805749,123.7,7.4,100.0,3,10.90,43,2405,0x0000000000000000
08:14:21,39414,4232,5915739,9338300,17805749,124.2,6.9,100.0,3,10.88,43,2405,0x0000000000000000
08:14:22,39641,4232,5915739,9338300,17805753,124.0,6.7,99.0,4,10.93,43,2405,0x0000000000000000
08:14:23,39495,4232,5915739,9338300,17805753,123.0,6.6,100.0,3,10.87,43,2405,0x0000000000000000
08:14:24,39343,4232,5915756,9338300,17805770,123.6,6.9,100.0,3,10.87,43,2405,0x0000000000000000
08:14:25,39641,4232,5915756,9338300,17805775,124.8,7.4,100.0,3,10.85,43,2405,0x0000000000000000
08:14:26,39495,4232,5915756,9338300,17805775,120.5,6.6,100.0,3,10.85,43,2405,0x0000000000000000
08:14:27,39415,4232,5915756,9338300,17805775,122.8,6.7,100.0,3,10.85,43,2405,0x0000000000000000
08:14:28,39605,4232,5915756,9338300,17805779,117.5,6.6,100.0,3,10.84,43,2405,0x0000000000000000
08:14:29,39458,4232,5915757,9338300,17805780,122.5,6.6,100.0,3,10.83,43,2405,0x0000000000000000
08:14:30,39291,4232,5915757,9338307,17805780,129.5,7.4,100.0,3,10.88,43,2405,0x0000000000000000
08:14:31,39473,4232,5915759,9338307,17805788,121.9,6.7,99.0,3,10.87,43,2405,0x0000000000000000
08:14:32,39327,4232,5915759,9338307,17805788,124.0,6.6,100.0,3,10.82,43,2405,0x0000000000000000
08:14:33,39525,4232,5915759,9338307,17805792,115.6,6.6,100.0,3,10.87,43,2405,0x0000000000000000
08:14:34,39369,4232,5915759,9338307,17805792,124.1,6.8,100.0,3,10.84,43,2405,0x0000000000000000
08:14:35,39204,4232,5915759,9338307,17805793,129.8,7.1,100.0,3,10.86,43,2405,0x0000000000000000
08:14:36,39389,4232,5915759,9338307,17805798,121.0,6.7,100.0,3,10.81,43,2405,0x0000000000000000
08:14:37,39246,4232,5915759,9338307,17805798,121.5,6.7,100.0,3,10.81,43,2405,0x0000000000000000
08:14:38,39092,4232,5915759,9338307,17805798,124.8,6.7,100.0,3,10.85,43,2405,0x0000000000000000
08:14:39,39282,4232,5915759,9338307,17805802,119.0,6.5,100.0,3,10.82,43,2405,0x0000000000000000
08:14:40,39117,4232,5915759,9338307,17805802,126.5,7.2,99.0,3,10.84,43,2405,0x0000000000000000
08:14:41,39563,4232,5915760,9338307,17805804,125.4,6.8,100.0,3,10.86,43,2405,0x0000000000000000
08:14:42,39715,4232,5915760,9338307,17805808,120.5,6.7,100.0,3,10.82,43,2405,0x0000000000000000
08:14:43,39554,4232,5915760,9338307,17805808,127.5,6.7,100.0,3,10.85,43,2405,0x0000000000000000
08:14:44,39736,4232,5915760,9338307,17805812,122.5,6.8,100.0,3,10.88,43,2405,0x0000000000000000
08:14:45,39567,4232,5915760,9338307,17805812,129.2,7.5,100.0,3,10.87,43,2405,0x0000000000000000
08:14:46,39421,4232,5915760,9338307,17805812,121.8,6.8,100.0,3,10.88,43,2405,0x0000000000000000
08:14:47,39605,4232,5915760,9338307,17805817,125.8,6.9,100.0,3,10.88,43,2405,0x0000000000000000
08:14:48,39447,4232,5915760,9338307,17805817,128.8,6.7,100.0,3,10.88,43,2405,0x0000000000000000
08:14:49,39296,4232,5915760,9338307,17805817,123.5,6.8,99.0,3,10.87,43,2405,0x0000000000000000
08:14:50,39469,4232,5915760,9338307,17805823,124.3,7.2,100.0,2,10.86,43,2405,0x0000000000000000
08:14:51,39315,4232,5915760,9338307,17805823,119.0,6.6,100.0,3,10.80,43,2405,0x0000000000000000
08:14:52,39174,4232,5915760,9338307,17805823,115.0,6.5,100.0,3,10.80,43,2405,0x0000000000000000
08:14:53,39372,4232,5915760,9338307,17805827,111.7,6.4,100.0,3,10.78,43,2405,0x0000000000000000
08:14:54,39221,4232,5915767,9338307,17805834,120.8,6.7,100.0,3,10.80,43,2405,0x0000000000000000
08:14:55,39398,4232,5915767,9338307,17805839,121.3,7.4,100.0,3,10.83,43,2405,0x0000000000000000
08:14:56,39258,4232,5915767,9338307,17805839,117.6,6.8,100.0,3,10.80,43,2405,0x0000000000000000
08:14:57,39092,4232,5915787,9338307,17805863,134.0,7.1,100.0,3,10.84,43,2405,0x0000000000000000
08:14:58,39290,4232,5915787,9338312,17805867,110.7,6.5,99.0,3,10.79,43,2405,0x0000000000000000
08:14:59,39144,4232,5915787,9338312,17805867,118.5,6.5,100.0,3,10.79,43,2405,0x0000000000000000
08:15:00,38981,4232,5915787,9338312,17805868,124.1,7.2,100.0,3,10.83,43,2405,0x0000000000000000
08:15:01,39771,4232,5915802,9338312,17805888,120.2,6.8,100.0,3,10.81,43,2405,0x0000000000000000
08:15:02,39624,4232,5915802,9338312,17805888,118.2,6.7,100.0,3,10.86,43,2405,0x0000000000000000
08:15:03,39474,4232,5915802,9338312,17805888,121.5,6.7,100.0,3,10.85,43,2405,0x0000000000000000
08:15:04,39671,4232,5915802,9338312,17805892,113.2,6.7,100.0,3,10.79,43,2405,0x0000000000000000
08:15:05,39515,4232,5915802,9338312,17805892,124.5,7.2,100.0,3,10.83,43,2405,0x0000000000000000
08:15:06,39371,4232,5915802,9338312,17805892,117.0,6.5,100.0,3,10.82,43,2405,0x0000000000000000
08:15:07,39571,4232,5915802,9338312,17805896,112.7,6.5,99.0,2,10.80,43,2405,0x0000000000000000
08:15:08,39415,4232,5915802,9338312,17805896,122.8,6.7,100.0,3,10.79,43,2405,0x0000000000000000
08:15:09,39264,4232,5915802,9338312,17805896,120.2,6.7,100.0,3,10.82,43,2405,0x0000000000000000
08:15:10,39433,4232,5915802,9338312,17805901,123.5,7.2,100.0,3,10.80,43,2405,0x0000000000000000
08:15:11,39273,4232,5915802,9338312,17805904,126.9,6.9,100.0,3,10.81,43,2405,0x0000000000000000
08:15:12,39467,4232,5915802,9338312,17805908,116.7,6.8,100.0,3,10.85,43,2405,0x0000000000000000
08:15:13,39334,4232,5915802,9338312,17805908,125.5,6.9,100.0,3,10.86,43,2405,0x0000000000000000
08:15:14,39178,4232,5915802,9338312,17805908,122.0,6.5,100.0,3,10.81,43,2405,0x0000000000000000
08:15:15,39356,4232,5915802,9338312,17805912,121.7,7.3,100.0,3,10.81,43,2405,0x0000000000000000
08:15:16,39207,4232,5915802,9338312,17805912,121.0,6.6,99.0,3,10.83,43,2405,0x0000000000000000
08:15:17,39058,4232,5915802,9338312,17805912,121.0,6.5,100.0,3,10.82,43,2405,0x0000000000000000
08:15:18,39252,4232,5915802,9338312,17805916,115.0,6.5,100.0,3,10.78,43,2405,0x0000000000000000
08:15:19,39097,4232,5915816,9338312,17805954,127.0,7.2,100.0,3,10.81,43,2405,0x0000000000000000
08:15:20,39559,4232,5915816,9338317,17805954,125.0,7.3,100.0,3,10.82,43,2405,0x0000000000000000
08:15:21,39704,4232,5915816,9338317,17805958,120.7,6.8,100.0,2,10.79,43,2405,0x0000000000000000
08:15:22,39556,4232,5915827,9338317,17805962,123.8,6.5,100.0,3,10.83,43,2405,0x0000000000000000
08:15:23,39746,4232,5915827,9338317,17805966,118.1,6.6,100.0,3,10.84,43,2405,0x0000000000000000
08:15:24,39594,4232,5915844,9338317,17805983,124.9,7.0,100.0,3,10.84,43,2405,0x0000000000000000
08:15:25,39422,4232,5915892,9338317,17806021,130.1,7.4,100.0,3,10.86,43,2405,0x0000000000000000
08:15:26,39610,4232,5915892,9338317,17806025,119.0,6.8,99.0,3,10.84,43,2405,0x0000000000000000
08:15:27,39450,4232,5915892,9338318,17806026,124.3,6.7,100.0,3,10.88,43,2405,0x0000000000000000
08:15:28,39292,4232,5915892,9338318,17806026,121.8,6.6,100.0,3,10.84,43,2405,0x0000000000000000
08:15:29,39480,4232,5915893,9338318,17806031,119.5,6.8,100.0,3,10.83,43,2405,0x0000000000000000
08:15:30,39310,4232,5915893,9338318,17806032,131.3,7.4,100.0,3,10.86,43,2405,0x0000000000000000
08:15:31,39151,4232,5915893,9338318,17806032,122.2,6.8,100.0,3,10.82,43,2405,0x0000000000000000
08:15:32,39344,4232,5915893,9338318,17806036,115.5,6.7,100.0,3,10.81,43,2405,0x0000000000000000
08:15:33,39196,4232,5915893,9338318,17806036,121.0,7.0,100.0,3,10.82,43,2405,0x0000000000000000
08:15:34,39380,4232,5915893,9338318,17806038,114.6,6.8,99.0,3,10.80,43,2405,0x0000000000000000
08:15:35,39224,4232,5915893,9338320,17806040,131.1,7.4,100.0,3,10.81,43,2405,0x0000000000000000
08:15:36,39070,4232,5915893,9338320,17806040,126.5,6.8,100.0,3,10.86,43,2405,0x0000000000000000
08:15:37,39257,4232,5915893,9338323,17806044,118.7,6.8,100.0,3,10.80,43,2405,0x0000000000000000
08:15:38,39105,4232,5915893,9338323,17806044,123.8,6.8,100.0,3,10.85,43,2405,0x0000000000000000
08:15:39,39587,4232,5915893,9338323,17806044,125.8,6.7,100.0,3,10.85,43,2405,0x0000000000000000
08:15:40,39730,4232,5915898,9338323,17806052,123.1,7.4,100.0,3,10.84,43,2405,0x0000000000000000
08:15:41,39552,4232,5915898,9338323,17806053,131.8,6.9,100.0,3,10.82,43,2405,0x0000000000000000
08:15:42,39409,4232,5915898,9338328,17806053,125.5,6.9,100.0,3,10.86,43,2405,0x0000000000000000
08:15:43,39597,4232,5915898,9338328,17806057,122.0,6.8,99.0,3,10.84,43,2405,0x0000000000000000
08:15:44,39430,4232,5917002,9338328,17806874,139.6,7.1,100.0,3,10.85,43,2405,0x0000000000000000
08:15:45,39614,4232,5917004,9338328,17806883,122.6,7.2,100.0,3,10.82,43,2405,0x0000000000000000
08:15:46,39474,4232,5917004,9338328,17806883,115.5,6.6,100.0,3,10.77,43,2405,0x0000000000000000
08:15:47,39328,4232,5917004,9338328,17806883,117.0,6.4,100.0,3,10.77,43,2405,0x0000000000000000
08:15:48,39517,4232,5917004,9338328,17806887,112.7,6.6,100.0,3,10.77,43,2405,0x0000000000000000
08:15:49,39377,4232,5917004,9338328,17806887,117.0,6.5,100.0,3,10.81,43,2405,0x0000000000000000
08:15:50,39216,4232,5917004,9338328,17806890,126.7,7.1,100.0,3,10.84,43,2405,0x0000000000000000
08:15:51,39407,4232,5917005,9338330,17806895,113.5,6.5,99.0,3,10.77,43,2405,0x0000000000000000
08:15:52,39252,4232,5917005,9338330,17806895,122.2,6.8,100.0,2,10.82,43,2405,0x0000000000000000
08:15:53,39100,4232,5917005,9338330,17806895,120.9,6.5,100.0,3,10.80,43,2405,0x0000000000000000
08:15:54,39277,4232,5917020,9338330,17806914,122.1,6.9,100.0,4,10.81,43,2405,0x0000000000000000
08:15:55,39125,4232,5917045,9338330,17806928,121.1,7.0,100.0,3,10.82,43,2405,0x0000000000000000
08:15:56,38983,4232,5917088,9338330,17806964,118.3,6.8,100.0,3,10.79,43,2405,0x0000000000000000
08:15:57,39172,4232,5917090,9338330,17806970,117.7,6.7,100.0,3,10.82,43,2405,0x0000000000000000
08:15:58,39025,4232,5917090,9338330,17806970,120.8,6.7,100.0,3,10.78,43,2405,0x0000000000000000
08:15:59,39821,4232,5917348,9338330,17807186,128.2,6.8,99.0,3,10.81,43,2405,0x0000000000000000
08:16:00,39568,4232,5923260,9338330,17811104,192.8,8.4,100.0,2,10.77,43,2398,0x0000000000000000
08:16:01,39277,4231,5936523,9338332,17818892,239.3,9.2,100.0,2,10.82,43,2405,0x0000000000000000
08:16:02,39075,4227,5936793,9338334,17819008,154.8,7.0,96.0,2,10.75,43,2405,0x0000000000000000
08:16:03,38916,4227,5936817,9338334,17819023,130.6,7.0,100.0,2,10.74,43,2405,0x0000000000000000
08:16:04,38797,4227,5936827,9338334,17819030,141.0,7.0,99.0,2,10.71,43,2405,0x0000000000000000
08:16:05,38689,4227,5936833,9338334,17819038,135.1,7.6,100.0,2,10.76,43,2405,0x0000000000000000
08:16:06,38777,4227,5936837,9338334,17819042,127.8,7.1,100.0,2,10.75,43,2405,0x0000000000000000
08:16:07,38572,4227,5936842,9338335,17819048,145.9,7.3,100.0,3,10.73,43,2405,0x0000000000000000
08:16:08,39564,4227,5936843,9338335,17819050,124.1,6.9,100.0,3,10.71,43,2405,0x0000000000000000
08:16:09,39414,4227,5936850,9338335,17819054,130.5,7.1,100.0,2,10.70,43,2405,0x0000000000000000
08:16:10,39241,4227,5936883,9338335,17819089,138.1,7.9,100.0,2,10.78,43,2405,0x0000000000000000
08:16:11,39369,4227,5936896,9338335,17819105,137.0,7.5,100.0,3,10.79,43,2405,0x0000000000000000
08:16:12,39189,4227,5937031,9338335,17819286,154.3,8.8,100.0,3,10.84,43,2405,0x0000000000000000
08:16:13,38972,4227,5937131,9338335,17819415,143.7,8.2,100.0,3,10.85,43,2405,0x0000000000000000
08:16:14,38795,4227,5937147,9338335,17819421,135.3,7.3,100.0,3,10.79,43,2405,0x0000000000000000
08:16:15,38629,4227,5937157,9338335,17819426,138.2,7.8,100.0,3,10.77,43,2405,0x0000000000000000
08:16:16,38469,4227,5937181,9338335,17819444,136.1,7.2,100.0,3,10.72,43,2405,0x0000000000000000
08:16:17,38285,4227,5937228,9338335,17819488,145.4,8.1,100.0,3,10.81,43,2405,0x0000000000000000
08:16:18,38108,4227,5937228,9338340,17819488,147.5,7.0,99.0,3,10.75,43,2405,0x0000000000000000
08:16:19,37830,4227,5937228,9338340,17819488,237.0,6.4,97.0,2,10.72,43,2405,0x0000000000000000
08:16:20,37658,4227,5937228,9338340,17819490,135.1,7.4,100.0,2,10.73,43,2405,0x0000000000000000
08:16:21,38018,4227,5937353,9338340,17819574,175.1,7.6,100.0,3,10.73,43,2405,0x0000000000000000
08:16:22,37835,4227,5937360,9338340,17819583,139.9,6.9,100.0,2,10.67,43,2405,0x0000000000000000
08:16:23,37658,4227,5937361,9338344,17819584,140.5,6.8,100.0,2,10.67,43,2405,0x0000000000000000
08:16:24,37492,4227,5937369,9338344,17819592,133.0,6.9,100.0,2,10.64,43,2398,0x0000000000000000
08:16:25,37319,4227,5937369,9338344,17819594,129.8,7.4,100.0,2,10.65,43,2405,0x0000000000000000
08:16:26,37152,4227,5937369,9338344,17819594,130.5,6.6,100.0,2,10.64,43,2405,0x0000000000000000
08:16:27,36989,4227,5937369,9338344,17819594,130.0,6.6,99.0,2,10.62,43,2405,0x0000000000000000
08:16:28,36745,4226,5937377,9338345,17819597,231.8,7.1,98.0,2,10.62,43,2405,0x0000000000000000
08:16:29,36586,4226,5937379,9338345,17819599,125.5,7.0,100.0,2,10.61,43,2405,0x0000000000000000
08:16:30,36411,4226,5937387,9338345,17819603,133.7,7.6,100.0,2,10.64,43,2398,0x0000000000000000
08:16:31,36647,4226,5937395,9338345,17819605,135.8,6.8,100.0,2,10.62,43,2405,0x0000000000000000
08:16:32,36473,4226,5937437,9338345,17819647,134.2,6.9,100.0,2,10.64,43,2405,0x0000000000000000
08:16:33,36340,4226,5937437,9338345,17819647,133.2,6.9,100.0,2,10.62,43,2405,0x0000000000000000
08:16:34,36264,4226,5937437,9338351,17819647,134.0,6.9,100.0,2,10.64,43,2398,0x0000000000000000
08:16:35,36105,4226,5937437,9338644,17819647,142.0,7.5,100.0,2,10.67,43,2405,0x0000000000000000
08:16:36,35984,4226,5937437,9338791,17819647,133.5,6.9,100.0,2,10.65,43,2405,0x0000000000000000
08:16:37,35855,4226,5937440,9338955,17819649,135.5,6.9,100.0,2,10.66,43,2398,0x0000000000000000
08:16:38,35603,4226,5937442,9339015,17819653,129.9,6.7,100.0,2,10.63,43,2405,0x0000000000000000
08:16:39,35601,4226,5937442,9339019,17819653,125.2,6.8,100.0,2,10.67,43,2405,0x0000000000000000
08:16:40,35420,4226,5937442,9339032,17819654,139.6,7.5,100.0,2,10.69,43,2405,0x0000000000000000
08:16:41,35260,4226,5937442,9339204,17819654,135.2,7.1,100.0,2,10.71,43,2398,0x0000000000000000
08:16:42,35089,4226,5937442,9339221,17819654,137.8,6.6,99.0,2,10.65,43,2405,0x0000000000000000
08:16:43,34891,4228,5937763,9339807,17819961,135.2,7.1,100.0,2,10.71,43,2405,0x0000000000000000
08:16:44,34754,4228,5937776,9339807,17819972,134.6,6.7,100.0,2,10.67,43,2405,0x0000000000000000
08:16:45,34586,4228,5937776,9339807,17819973,132.1,7.3,100.0,2,10.66,43,2405,0x0000000000000000
08:16:46,34464,4228,5937776,9339809,17819973,128.5,6.7,100.0,1,10.65,43,2405,0x0000000000000000
08:16:47,34348,4231,5937776,9340470,17819973,127.0,6.7,100.0,2,10.64,43,2405,0x0000000000000000
08:16:48,39533,4236,5937776,9341060,17819990,101.3,6.5,100.0,2,10.55,43,2405,0x0000000000000000
08:16:49,39367,4236,5937776,9341060,17819990,132.0,6.8,100.0,2,10.61,43,2405,0x0000000000000000
08:16:50,39193,4236,5937776,9341060,17819990,137.0,7.2,100.0,2,10.65,43,2405,0x0000000000000000
08:16:51,39024,4236,5937791,9341060,17820001,129.1,6.6,100.0,2,10.61,43,2405,0x0000000000000000
08:16:52,38862,4236,5937791,9341060,17820001,130.0,6.6,100.0,2,10.62,43,2405,0x0000000000000000
08:16:53,38701,4236,5937791,9341060,17820001,128.0,6.5,100.0,2,10.60,43,2405,0x0000000000000000
08:16:54,38542,4236,5937798,9341060,17820009,130.4,6.7,100.0,2,10.63,43,2405,0x0000000000000000
08:16:55,38369,4236,5937798,9341060,17820011,135.8,7.2,100.0,2,10.65,43,2405,0x0000000000000000
08:16:56,38216,4236,5937798,9341060,17820011,122.5,6.6,100.0,2,10.65,43,2405,0x0000000000000000
08:16:57,38047,4236,5937799,9341060,17820012,131.5,6.7,100.0,2,10.65,43,2405,0x0000000000000000
08:16:58,37885,4236,5937799,9341060,17820016,128.9,6.4,100.0,2,10.62,43,2405,0x0000000000000000
08:16:59,37723,4236,5937799,9341060,17820016,127.8,6.5,100.0,2,10.65,43,2405,0x0000000000000000
08:17:00,37561,4236,5937799,9341060,17820017,130.1,6.8,100.0,2,10.65,43,2405,0x0000000000000000
08:17:01,37391,4236,5937846,9341060,17820061,138.1,6.9,100.0,2,10.67,43,2405,0x0000000000000000
08:17:02,37237,4236,5937846,9341060,17820062,131.0,6.8,100.0,2,10.66,43,2405,0x0000000000000000
08:17:03,37080,4236,5937846,9341060,17820062,129.0,6.5,100.0,2,10.64,43,2405,0x0000000000000000
08:17:04,36925,4236,5937846,9341060,17820062,126.8,6.6,100.0,2,10.64,42,2405,0x0000000000000000
08:17:05,36754,4236,5937846,9341060,17820062,137.6,7.2,100.0,2,10.66,42,2405,0x0000000000000000
08:17:06,36603,4236,5937847,9341060,17820063,128.0,6.6,100.0,2,10.62,43,2405,0x0000000000000000
08:17:07,36416,4236,5937847,9341060,17820069,166.2,7.2,99.0,2,10.68,42,2405,0x0000000000000000
08:17:08,36291,4236,5937849,9341060,17820071,131.0,6.9,100.0,2,10.67,42,2405,0x0000000000000000
08:17:09,36965,4236,5937849,9341226,17820071,133.0,6.9,100.0,2,10.67,42,2398,0x0000000000000000
08:17:10,36817,4242,5937849,9341355,17820071,131.0,7.5,100.0,2,10.65,42,2405,0x0000000000000000
08:17:11,36656,4242,5937850,9341355,17820071,124.5,6.9,100.0,2,10.68,42,2405,0x0000000000000000
08:17:12,36563,4242,5937854,9341556,17820075,132.3,6.9,100.0,2,10.65,42,2405,0x0000000000000000
08:17:13,36417,4246,5937854,9341804,17820075,128.2,7.1,100.0,2,10.70,42,2405,0x0000000000000000
08:17:14,36244,4246,5937854,9341970,17820075,139.0,7.4,90.9,2,10.67,42,2405,0x0000000000000000
08:17:15,39155,4246,5937854,9341970,17820296,64.2,7.4,92.9,0,21.06,47,2444,0x0000000000000000
08:17:16,33795,4247,5937855,9342525,17820305,5.4,10.8,93.0,95,30.82,44,2411,0x0000000000000000
08:17:17,31574,4247,5937855,9342608,17821560,324.3,4.9,57.6,2,10.65,43,2405,0x0000000000000000
08:17:18,31574,4248,5937855,9342752,17824063,580.9,1.9,17.6,0,10.31,43,2405,0x0000000000000000
08:17:19,31646,4334,5937858,9364965,17826585,580.1,2.2,16.9,0,10.32,43,2405,0x0000000000000000
08:17:20,31727,4430,5937858,9389300,17829242,615.7,3.2,25.7,0,10.28,43,2405,0x0000000000000000
08:17:21,31840,4539,5937868,9414149,17831952,624.8,2.8,26.2,0,10.27,43,2405,0x0000000000000000
08:17:22,31821,4539,5937868,9414168,17834687,631.5,1.6,15.3,0,10.27,43,2405,0x0000000000000000
08:17:23,31881,4597,5937868,9428677,17837250,595.3,1.8,14.8,0,10.26,42,2405,0x0000000000000000
08:17:24,31943,4661,5937883,9445149,17839991,633.1,2.8,19.6,0,10.25,42,2405,0x0000000000000000
08:17:25,32023,4769,5937883,9472858,17842717,632.5,3.2,22.5,0,10.24,42,2405,0x0000000000000000
08:17:26,32095,4836,5937885,9489918,17845286,596.2,1.6,15.3,0,10.25,42,2405,0x0000000000000000
08:17:27,32219,4953,5937885,9519479,17847801,583.5,2.1,15.9,0,10.24,42,2405,0x0000000000000000
08:17:28,32454,5204,5937885,9582027,17850514,629.5,3.0,26.7,0,10.23,42,2405,0x0000000000000000
08:17:29,32541,5295,5937886,9604472,17853247,632.9,2.6,23.0,0,10.26,42,2405,0x0000000000000000
08:17:30,32663,5386,5937886,9627206,17855807,594.2,2.3,15.2,0,10.26,42,2405,0x0000000000000000
08:17:31,32754,5481,5937889,9650634,17858647,658.7,1.9,15.3,0,10.21,42,2405,0x0000000000000000
08:17:32,32843,5579,5937889,9675898,17861429,645.7,2.9,17.5,0,10.22,42,2405,0x0000000000000000
08:17:33,33050,5788,5937890,9728906,17864140,621.7,2.8,18.8,0,10.21,42,2405,0x0000000000000000
08:17:34,33266,5988,5937890,9780245,17866578,566.4,2.7,22.0,0,10.23,42,2405,0x0000000000000000
08:17:35,33287,6005,5937890,9784502,17869266,623.2,2.5,17.0,0,10.39,42,2405,0x0000000000000000
08:17:36,33459,6203,5937906,9831769,17871844,594.9,3.7,29.0,0,10.39,42,2405,0x0000000000000000
08:17:37,33582,6306,5937906,9857888,17874215,550.0,3.1,19.1,0,10.52,42,2405,0x0000000000000000
08:17:38,33678,6422,5937907,9886833,17876137,446.0,3.0,25.5,0,10.39,42,2405,0x0000000000000000
08:17:39,33782,6512,5937907,9909168,17878047,443.7,3.2,35.6,0,10.38,42,2405,0x0000000000000000
08:17:40,33909,6635,5937907,9936396,17880026,459.3,4.2,36.3,0,10.41,42,2405,0x0000000000000000
08:17:41,33917,6635,5937907,9936486,17882028,464.9,2.4,34.7,0,10.21,42,2405,0x0000000000000000
08:17:42,33889,6635,5937907,9936513,17884040,466.3,2.4,32.6,0,10.20,42,2405,0x0000000000000000
08:17:43,33886,6635,5937907,9936564,17886005,455.8,2.9,29.3,0,10.20,42,2405,0x0000000000000000
08:17:44,33883,6635,5937911,9936603,17887969,455.8,2.6,33.0,0,10.21,42,2405,0x0000000000000000
08:17:45,33882,6635,5937911,9936633,17890012,473.7,2.9,28.1,0,10.19,42,2405,0x0000000000000000
08:17:46,33882,6635,5937911,9936673,17892016,464.3,2.4,27.8,0,10.16,42,2405,0x0000000000000000
08:17:47,33882,6635,5937911,9936686,17893892,429.8,2.7,36.4,0,10.16,42,2405,0x0000000000000000
08:17:48,33884,6635,5937911,9936696,17895854,452.8,2.6,37.6,0,10.16,42,2405,0x0000000000000000
08:17:49,33883,6635,5937912,9936696,17897999,495.6,2.5,27.1,0,10.17,42,2405,0x0000000000000000
08:17:50,33878,6635,5937912,9936696,17899851,428.6,2.9,34.3,0,10.17,42,2405,0x0000000000000000
08:17:51,33874,6635,5937926,9936696,17901933,477.9,2.8,27.3,0,10.18,42,2405,0x0000000000000000
08:17:52,33862,6635,5937926,9936696,17904013,481.4,2.9,29.3,0,10.17,42,2405,0x0000000000000000
08:17:53,33870,6635,5937926,9936696,17906014,463.2,2.5,18.0,0,10.17,42,2405,0x0000000000000000
08:17:54,33868,6635,5937934,9936696,17908079,475.5,2.9,18.8,0,10.19,42,2405,0x0000000000000000
08:17:55,33857,6635,5937934,9936696,17910220,495.5,3.4,28.3,0,10.18,42,2405,0x0000000000000000
08:17:56,33850,6635,5939167,9936696,17912882,431.4,2.9,33.0,0,10.19,42,2405,0x0000000000000000
08:17:57,33849,6635,5939182,9936697,17914964,478.5,2.4,26.6,0,10.16,42,2405,0x0000000000000000
08:17:58,33906,6635,5939182,9936697,17917025,476.8,2.7,27.4,0,10.18,42,2405,0x0000000000000000
08:17:59,33903,6635,5939183,9936697,17918876,427.3,2.6,35.4,0,10.20,42,2405,0x0000000000000000
08:18:00,33883,6635,5939183,9936697,17920817,448.4,3.2,38.2,0,10.19,42,2405,0x0000000000000000
08:18:01,33901,6635,5939183,9936702,17922651,424.3,2.5,30.9,0,10.19,42,2405,0x0000000000000000
08:18:02,33898,6635,5939185,9936702,17924704,473.8,2.9,24.5,0,10.20,42,2405,0x0000000000000000
08:18:03,33895,6635,5939185,9936702,17926820,489.4,3.0,36.9,0,10.21,42,2405,0x0000000000000000
08:18:04,33898,6635,5939185,9936702,17928903,482.8,3.0,39.4,0,10.20,42,2405,0x0000000000000000
08:18:05,33719,6635,5939185,9936702,17928958,157.7,7.3,98.0,2,10.53,42,2405,0x0000000000000000
08:18:06,33578,6635,5939185,9936702,17928959,148.2,6.7,100.0,2,10.64,42,2405,0x0000000000000000
08:18:07,33432,6635,5939185,9936702,17928959,148.0,6.7,100.0,2,10.63,42,2398,0x0000000000000000
08:18:08,33278,6635,5939185,9936702,17928959,150.5,6.8,100.0,2,10.65,42,2405,0x0000000000000000
08:18:09,33155,6635,5939188,9936702,17928962,149.5,6.9,100.0,2,10.63,42,2405,0x0000000000000000
08:18:10,32983,6635,5939188,9936702,17928964,149.1,7.2,100.0,2,10.64,42,2405,0x0000000000000000
08:18:11,32703,6882,5939256,9995897,17929004,140.0,8.9,99.0,2,11.00,42,2405,0x0000000000000000
08:18:12,32906,6883,5939259,9995928,17929021,152.8,7.7,100.0,2,10.67,42,2398,0x0000000000000000
08:18:13,32795,6883,5939296,9995968,17929058,150.0,7.1,100.0,2,10.65,42,2405,0x0000000000000000
08:18:14,32661,6885,5939302,9997882,17929059,146.8,7.1,100.0,2,10.65,42,2398,0x0000000000000000
08:18:15,32489,6886,5939516,10000410,17929180,149.2,7.4,98.0,2,10.66,42,2405,0x0000000000000000
08:18:16,31667,6900,5939555,10013310,17929442,942.5,4.2,55.7,2,10.45,42,2405,0x0000000000000000
08:18:17,30910,6902,5939555,10014716,17929693,924.3,4.5,45.4,2,10.44,42,2405,0x0000000000000000
08:18:18,30642,6902,5948481,10014716,17936941,232.4,7.2,97.0,2,10.57,42,2405,0x0000000000000000
08:18:19,30439,6900,5956075,10014716,17942037,175.1,7.8,100.0,2,10.69,42,2398,0x0000000000000000
08:18:20,30239,6891,5956420,10014716,17942293,148.4,8.0,100.0,2,10.68,42,2405,0x0000000000000000
08:18:21,30090,6891,5956420,10014716,17942293,131.1,6.9,100.0,2,10.60,42,2405,0x0000000000000000
08:18:22,29924,6891,5956446,10014716,17942381,140.2,7.2,100.0,2,10.63,42,2405,0x0000000000000000
08:18:23,29831,6891,5956447,10014716,17942388,153.2,7.0,100.0,2,10.69,42,2405,0x0000000000000000
08:18:24,29605,7184,5956513,10088301,17942531,151.2,11.0,100.0,2,11.26,42,2405,0x0000000000000000
08:18:25,29766,7184,5956513,10089121,17942537,153.5,8.4,100.0,2,10.90,42,2405,0x0000000000000000
08:18:26,29562,7184,5956683,10089121,17942639,145.0,6.5,98.0,2,10.67,42,2405,0x0000000000000000
08:18:27,34236,7184,5956943,10089121,17942786,117.4,6.4,98.0,2,10.65,42,2398,0x0000000000000000
08:18:28,34047,7184,5956944,10089121,17942787,151.0,8.4,100.0,2,10.66,42,2405,0x0000000000000000
08:18:29,33858,7184,5956950,10089121,17942804,155.1,6.8,100.0,2,10.69,42,2398,0x0000000000000000
08:18:30,33657,7184,5956950,10089121,17942810,153.7,7.3,100.0,2,10.72,42,2405,0x0000000000000000
08:18:31,33469,7184,5956950,10089121,17942810,153.5,6.7,100.0,2,10.71,42,2405,0x0000000000000000
08:18:32,33276,7184,5956951,10089121,17942811,159.3,6.6,100.0,2,10.70,42,2405,0x0000000000000000
08:18:33,33092,7184,5956951,10089121,17942813,150.4,6.7,100.0,2,10.69,42,2405,0x0000000000000000
08:18:34,32901,7184,5956951,10089121,17942820,155.8,6.8,100.0,2,10.70,42,2405,0x0000000000000000
08:18:35,32860,7184,5956966,10089121,17942832,159.7,7.3,99.0,2,10.72,42,2405,0x0000000000000000
08:18:36,32665,7184,5956974,10089121,17942841,154.0,6.6,100.0,2,10.69,42,2405,0x0000000000000000
08:18:37,32473,7184,5956974,10089121,17942841,152.2,6.6,100.0,2,10.70,42,2405,0x0000000000000000
08:18:38,32282,7184,5956984,10089121,17942846,152.0,6.7,100.0,2,10.69,42,2405,0x0000000000000000
08:18:39,32092,7184,5956987,10089121,17942849,153.0,6.6,100.0,2,10.70,43,2405,0x0000000000000000
08:18:40,31902,7184,5956987,10089121,17942850,151.4,7.3,100.0,2,10.71,43,2398,0x0000000000000000
08:18:41,31709,7184,5956990,10089121,17942853,153.8,6.6,100.0,2,10.70,43,2398,0x0000000000000000
08:18:42,31663,7184,5956992,10089122,17942860,156.6,6.7,100.0,2,10.71,43,2405,0x0000000000000000
08:18:43,32357,7184,5957059,10089122,17943114,185.7,6.6,94.1,2,10.67,43,2405,0x0000000000000000
08:18:44,31186,7184,5962495,10090881,17946225,23.9,4.2,36.4,0,11.20,43,2405,0x0000000000000000
08:18:45,31108,7184,5973509,10090881,17950339,43.5,1.9,13.1,0,10.26,42,2405,0x0000000000000000
08:18:46,31063,7184,5982834,10090881,17953571,36.5,1.2,17.2,0,10.25,42,2405,0x0000000000000000
08:18:47,31032,7184,5991256,10090881,17956672,32.9,1.4,16.2,0,10.24,42,2405,0x0000000000000000
08:18:48,31007,7184,5998606,10090881,17959568,28.7,1.6,16.3,0,10.26,42,2405,0x0000000000000000
08:18:49,30960,7184,6009818,10090881,17963024,44.4,1.2,17.0,0,10.24,42,2405,0x0000000000000000
08:18:50,30900,7184,6023294,10090881,17967623,52.9,1.8,11.1,0,10.24,42,2405,0x0000000000000000
08:18:51,30852,7184,6034957,10090881,17972275,45.6,1.6,17.3,0,10.25,42,2405,0x0000000000000000
08:18:52,30792,7184,6045239,10090881,17976260,40.9,2.1,17.0,0,10.22,42,2405,0x0000000000000000
08:18:53,30761,7184,6055118,10090881,17980057,39.4,1.3,16.3,0,10.20,42,2405,0x0000000000000000
08:18:54,30721,7184,6064816,10090881,17984071,39.6,1.4,17.3,0,10.23,42,2405,0x0000000000000000
08:18:55,37408,7184,6078180,10090881,17986764,52.8,4.2,39.0,0,10.30,42,2405,0x0000000000000000
08:18:56,37083,7184,6086263,10090881,17989183,51.5,3.8,52.9,0,10.30,42,2405,0x0000000000000000
08:18:57,37037,7184,6097280,10090881,17994156,44.1,3.3,33.0,0,10.26,42,2398,0x0000000000000000
08:18:58,36935,7184,6101752,10090881,17998236,17.5,1.9,17.3,0,10.21,42,2405,0x0000000000000000
08:18:59,36816,7184,6101756,10090881,17998238,0.0,6.0,99.0,0,10.23,42,2405,0x0000000000000000
08:19:00,36653,7184,6101756,10090881,17998242,0.4,6.7,100.0,0,10.23,42,2405,0x0000000000000000
08:19:01,36637,7184,6101756,10090881,17998243,0.0,6.1,99.0,0,10.23,42,2405,0x0000000000000000
08:19:02,35029,7184,6103255,10090881,17999461,144.3,6.9,53.7,0,10.26,42,2405,0x0000000000000000
08:19:03,33682,7184,6103966,10090881,18000152,369.2,4.2,55.5,0,11.31,43,2405,0x0000000000000000
08:19:04,33627,7184,6103966,10090881,18000242,9.7,5.8,95.0,0,10.36,42,2405,0x0000000000000000
08:19:05,33617,7184,6103966,10090881,18000244,0.1,6.8,100.0,0,10.24,42,2405,0x0000000000000000
08:19:06,33594,7184,6104350,10090881,18000632,1.8,6.0,99.0,0,10.24,42,2405,0x0000000000000000
08:19:07,33582,7184,6104353,10090881,18000636,0.1,6.0,100.0,0,10.24,42,2405,0x0000000000000000
08:19:08,32333,7184,6104387,10090881,18000693,4.3,5.9,98.0,0,10.21,42,2405,0x0000000000000000
08:19:09,32333,7184,6104426,10090881,18000734,2.4,6.2,99.0,96,91.85,60,2411,0x0000000000000000
08:19:10,32332,7184,6104426,10090881,18000734,0.0,6.8,100.0,96,96.71,61,2398,0x0000000000000000
08:19:11,32332,7184,6104428,10090881,18000736,0.0,6.2,100.0,96,97.36,61,2398,0x0000000000000000
08:19:12,32337,7184,6104431,10090881,18000821,7.4,6.3,100.0,96,97.12,63,2398,0x0000000000000000
08:19:13,32337,7184,6104431,10090881,18000821,0.0,6.1,100.0,96,97.47,59,2366,0x0000000000000000
08:19:14,32339,7184,6104431,10090881,18000821,0.0,6.3,100.0,96,97.26,62,2353,0x0000000000000000
08:19:15,32333,7184,6104431,10090881,18000823,0.1,6.5,100.0,96,96.19,64,2359,0x0000000000000000
08:19:16,32339,7184,6104431,10090881,18000824,0.0,6.2,100.0,96,97.99,65,2366,0x0000000000000000
08:19:17,32334,7184,6104432,10090881,18000853,3.2,6.5,100.0,96,97.21,65,2379,0x0000000000000000
08:19:18,32362,7184,6104641,10090881,18001016,53.1,3.4,40.7,88,47.08,49,2411,0x0000000000000000
08:19:19,32361,7184,6105867,10090881,18001733,20.7,4.6,65.3,0,11.22,47,2411,0x0000000000000000
08:19:20,32365,7184,6105868,10090881,18001736,0.0,6.3,100.0,0,11.32,47,2411,0x0000000000000000
08:19:21,32337,7184,6106371,10090881,18002275,20.3,7.1,100.0,0,11.17,47,2411,0x0000000000000000
08:19:22,32340,7184,6106398,10090881,18002299,0.2,6.6,100.0,0,11.24,46,2411,0x0000000000000000
08:19:23,32343,7183,6106778,10090881,18002595,11.4,5.7,83.0,0,11.18,46,2411,0x0000000000000000
08:19:24,32337,7183,6107413,10090881,18002928,6.9,6.0,60.0,0,11.18,46,2411,0x0000000000000000
08:19:25,32313,7182,6107873,10090881,18003381,12.3,7.4,69.0,41,20.99,47,2431,0x0000000000000000
08:19:26,32308,7182,6107952,10090881,18003420,0.8,5.6,91.0,0,16.38,48,2522,0x0000000000000000
08:19:27,32283,7182,6107966,10090881,18003432,0.3,6.2,87.1,34,18.45,48,2444,0x0000000000000000
08:19:28,32313,7182,6107972,10090881,18003438,0.1,5.8,91.9,3,14.76,46,2418,0x0000000000000000
08:19:29,34359,7182,6107994,10090881,18003467,1.0,6.0,93.0,43,20.88,47,2509,0x0000000000000000
08:19:30,34358,7182,6107994,10090881,18003469,0.1,6.3,100.0,0,12.42,46,2418,0x0000000000000000
08:19:31,34353,7182,6108000,10090881,18003473,0.3,5.6,99.0,0,12.40,46,2418,0x0000000000000000
08:19:32,34180,7182,6108039,10090881,18003508,1.4,6.1,96.0,10,13.94,47,2431,0x0000000000000000
08:19:33,34143,7182,6108049,10090881,18003513,0.1,5.5,99.0,0,11.13,46,2411,0x0000000000000000
08:19:34,34138,7182,6108049,10090881,18003513,0.0,5.6,97.0,0,10.96,45,2411,0x0000000000000000
08:19:35,33586,7182,6108165,10090881,18003611,4.5,6.4,66.0,10,17.00,47,2502,0x0000000000000000
08:19:36,33599,7182,6108193,10090881,18003627,0.2,6.7,80.2,38,17.03,47,2463,0x0000000000000000
08:19:37,33624,7182,6108202,10090881,18003636,0.0,6.1,82.7,96,17.78,46,2463,0x0000000000000000
08:19:38,33654,7182,6108218,10090881,18003674,1.8,6.4,81.2,5,17.61,47,2457,0x0000000000000000
08:19:39,33637,7182,6108225,10090881,18003680,0.0,6.0,81.0,0,16.47,46,2463,0x0000000000000000
08:19:40,33632,7182,6108225,10090881,18003683,0.2,6.5,62.0,7,17.38,46,2463,0x0000000000000000
08:19:41,33595,7182,6108227,10090881,18003685,0.0,6.0,84.8,0,14.31,46,2463,0x0000000000000000
08:19:42,33620,7182,6108263,10090881,18003700,0.2,6.1,76.0,20,15.89,47,2437,0x0000000000000000
08:19:43,33645,7182,6108263,10090881,18003700,0.0,6.2,87.1,0,16.13,46,2463,0x0000000000000000
08:19:44,33608,7182,6108263,10090881,18003702,0.1,5.9,54.0,0,14.25,46,2418,0x0000000000000000
08:19:45,33574,7182,6108263,10090881,18003703,0.1,6.5,88.0,0,14.28,46,2463,0x0000000000000000
08:19:46,33598,7182,6108263,10090881,18003705,0.1,6.0,80.0,81,14.19,46,2463,0x0000000000000000
08:19:47,33614,7182,6108264,10090881,18003707,0.1,5.9,88.0,0,14.20,46,2431,0x0000000000000000
08:19:48,33645,7182,6108264,10090881,18003707,0.0,6.0,87.1,48,15.92,46,2463,0x0000000000000000
08:19:49,33656,7182,6108265,10090881,18003709,0.0,6.0,80.6,0,15.82,47,2457,0x0000000000000000
08:19:50,33627,7182,6108265,10090881,18003711,0.2,6.7,81.2,0,15.57,46,2444,0x0000000000000000
08:19:51,33614,7182,6108277,10090881,18003722,0.2,6.2,85.0,3,16.47,46,2463,0x0000000000000000
08:19:52,33591,7182,6108311,10090881,18003752,0.3,5.8,65.0,77,15.39,45,2411,0x0000000000000000
08:19:53,33562,7182,6108311,10090881,18003752,0.0,5.8,85.0,0,13.35,46,2463,0x0000000000000000
08:19:54,33560,7182,6108331,10090881,18003773,0.1,6.0,82.0,21,12.44,45,2411,0x0000000000000000
08:19:55,33558,7182,6108331,10090881,18003775,0.1,6.4,81.2,93,12.53,45,2411,0x0000000000000000
08:19:56,33536,7182,6108331,10090881,18003775,0.0,5.7,78.8,0,10.80,45,2411,0x0000000000000000
08:19:57,33544,7182,6108331,10090881,18003775,0.0,6.0,74.3,34,14.12,46,2437,0x0000000000000000
08:19:58,33567,7182,6108331,10090881,18003775,0.0,6.1,75.8,29,14.23,46,2463,0x0000000000000000
08:19:59,33552,7182,6108332,10090881,18003776,0.0,5.9,76.0,0,14.22,45,2411,0x0000000000000000
08:20:00,33536,7182,6108332,10090881,18003776,0.0,6.5,68.0,13,14.06,46,2424,0x0000000000000000
08:20:01,33513,7182,6108332,10090881,18003776,0.0,5.8,74.0,0,12.80,45,2457,0x0000000000000000
08:20:02,33505,7182,6108363,10090881,18003787,0.1,5.9,49.0,0,14.15,45,2444,0x0000000000000000
08:20:03,33499,7182,6108363,10090881,18003787,0.0,5.8,81.6,0,14.06,46,2463,0x0000000000000000
08:20:04,33498,7182,6108363,10090881,18003787,0.0,5.8,75.5,84,14.00,46,2424,0x0000000000000000
08:20:05,33489,7182,6108367,10090881,18003796,0.2,6.4,84.0,33,14.18,46,2424,0x0000000000000000
08:20:06,33448,7182,6108367,10090881,18003796,0.0,5.9,68.7,30,12.88,45,2411,0x0000000000000000
08:20:07,33438,7182,6108367,10090881,18003796,0.0,5.8,77.0,0,12.68,45,2411,0x0000000000000000
08:20:08,33414,7182,6108367,10090881,18003796,0.0,5.9,76.2,0,14.17,46,2463,0x0000000000000000
08:20:09,33408,7182,6108370,10090881,18003800,0.0,5.8,80.8,95,14.12,46,2444,0x0000000000000000
08:20:10,34071,7182,6108425,10090881,18003833,1.8,6.4,67.3,21,12.90,45,2411,0x0000000000000000
08:20:11,32782,7182,6110774,10090881,18005664,34.8,4.2,61.0,0,16.78,46,2437,0x0000000000000000
08:20:12,32739,7182,6110781,10090881,18005670,0.0,6.4,100.0,47,39.67,51,2476,0x0000000000000000
08:20:13,32698,7182,6110792,10090881,18005679,0.0,6.4,100.0,35,39.35,50,2476,0x0000000000000000
08:20:14,31461,7178,6110829,10090881,18005696,0.8,5.8,95.0,0,18.70,46,2411,0x0000000000000000
08:20:15,31484,7178,6110829,10090881,18005698,0.2,6.3,85.0,0,17.65,48,2522,0x0000000000000000
08:20:16,31507,7178,6110829,10090881,18005698,0.0,5.8,81.0,23,14.44,45,2411,0x0000000000000000
08:20:17,33204,7178,6110829,10090881,18005698,0.0,5.8,85.0,95,16.58,46,2411,0x0000000000000000
08:20:18,32362,7178,6110884,10090881,18005759,4.4,6.0,97.0,95,22.97,48,2457,0x0000000000000000
08:20:19,28628,7178,6112888,10090986,18007037,11.1,7.8,91.9,6,15.51,45,2411,0x0000000000000000
08:20:20,20883,7178,6113221,10091022,18007232,3.4,12.1,97.0,0,11.47,45,2411,0x0000000000000000
08:20:21,21900,7178,6113420,10091022,18007539,25.1,6.1,83.0,1,12.12,45,2411,0x0000000000000000
08:20:22,21817,7178,6113520,10091022,18007623,4.6,5.9,87.1,8,11.42,45,2411,0x0000000000000000
08:20:23,21844,7178,6113827,10091022,18007706,2.2,6.0,84.0,0,15.52,46,2444,0x0000000000000000
08:20:24,21839,7178,6113861,10091022,18007722,0.1,5.9,81.8,0,12.36,45,2411,0x0000000000000000
08:20:25,21929,7178,6113961,10091022,18007742,0.6,6.8,96.0,80,16.54,46,2431,0x0000000000000000
08:20:26,21898,7178,6113968,10091022,18007746,0.1,5.9,99.0,16,21.46,47,2476,0x0000000000000000
08:20:27,21908,7178,6113968,10091022,18007746,0.0,6.1,100.0,29,17.39,46,2431,0x0000000000000000
08:20:28,21907,7178,6113968,10091022,18007746,0.0,6.1,99.0,17,20.40,47,2476,0x0000000000000000
08:20:29,21832,7178,6113969,10091022,18007747,0.0,6.2,98.0,88,17.50,46,2431,0x0000000000000000
08:20:30,21819,7178,6114014,10091022,18007786,0.4,6.4,91.0,18,15.31,45,2418,0x0000000000000000
08:20:31,21782,7178,6114024,10091022,18007790,0.0,5.7,86.0,13,14.41,46,2418,0x0000000000000000
08:20:32,21717,7178,6114036,10091022,18007800,0.5,6.0,84.0,1,11.97,46,2431,0x0000000000000000
08:20:33,21576,7178,6114050,10091022,18007808,0.3,5.6,85.0,10,14.81,45,2418,0x0000000000000000
08:20:34,21518,7178,6114055,10091022,18007813,0.1,5.7,69.7,37,11.66,45,2411,0x0000000000000000
08:20:35,21463,7178,6114074,10091022,18007837,0.4,6.3,77.0,0,12.85,45,2418,0x0000000000000000
08:20:36,21413,7178,6114086,10091022,18007851,0.5,5.8,80.0,24,13.56,45,2411,0x0000000000000000
08:20:37,21365,7178,6114177,10091022,18007998,9.0,5.9,69.0,22,15.74,45,2411,0x0000000000000000
08:20:38,21289,7178,6114215,10091022,18008070,1.2,5.8,80.0,7,13.10,45,2418,0x0000000000000000
08:20:39,21226,7178,6114216,10091022,18008071,0.0,5.8,96.0,0,13.12,45,2411,0x0000000000000000
08:20:40,21116,7178,6114216,10091022,18008074,0.4,6.4,45.5,0,10.88,45,2411,0x0000000000000000
08:20:41,21112,7178,6114332,10091022,18008288,4.8,5.5,79.8,0,13.61,47,2444,0x0000000000000000
08:20:42,21102,7178,6114364,10091022,18008720,54.5,4.9,72.7,0,15.07,45,2431,0x0000000000000000
08:20:43,21098,7178,6114381,10091022,18008823,16.9,5.2,81.8,0,10.85,45,2411,0x0000000000000000
08:20:44,21093,7178,6124234,10091022,18011982,44.5,2.6,25.5,0,10.84,45,2411,0x0000000000000000
08:20:45,21187,7178,6138917,10091022,18016277,57.6,1.3,8.1,0,10.78,45,2411,0x0000000000000000
08:20:46,21163,7178,6143617,10091022,18020825,18.4,0.7,8.0,0,10.75,45,2411,0x0000000000000000
08:20:47,21123,7178,6154263,10091022,18025597,41.6,0.8,7.1,0,10.73,44,2411,0x0000000000000000
08:20:48,21090,7100,6168423,10091022,18030590,55.3,1.3,12.9,0,10.72,44,2411,0x0000000000000000
08:20:49,21082,7094,6175192,10091022,18034788,27.2,0.9,10.0,0,10.70,44,2411,0x0000000000000000
08:20:50,21102,7094,6181728,10091022,18038825,26.1,1.7,9.0,0,10.69,44,2411,0x0000000000000000
08:20:51,21052,7094,6188977,10091022,18043165,28.9,1.3,12.4,0,10.67,44,2411,0x0000000000000000
08:20:52,20976,7094,6198702,10091022,18047323,38.4,2.6,29.6,0,10.70,44,2411,0x0000000000000000
08:20:53,20848,7094,6222030,10091022,18051084,91.1,1.7,11.3,0,10.70,44,2411,0x0000000000000000
08:20:54,20776,7094,6229552,10091022,18055389,29.5,1.2,6.1,0,10.69,44,2411,0x0000000000000000
08:20:55,20734,7094,6236930,10091022,18058154,29.0,3.3,31.6,0,10.69,44,2411,0x0000000000000000
08:20:56,20708,7094,6243389,10091022,18062197,25.2,1.6,18.4,0,10.67,44,2411,0x0000000000000000
08:20:57,20652,7094,6258026,10091022,18066175,57.5,3.4,43.8,0,10.67,44,2411,0x0000000000000000
08:20:58,20606,7094,6259891,10091022,18066431,7.3,5.3,92.0,0,10.69,44,2411,0x0000000000000000
08:20:59,20518,7094,6259897,10091022,18066436,0.0,5.6,97.0,0,10.56,44,2405,0x0000000000000000
08:21:00,20397,7094,6259901,10091022,18066440,0.1,6.4,98.0,0,10.41,44,2405,0x0000000000000000
08:21:01,20325,7094,6259912,10091022,18066447,0.0,5.7,99.0,0,10.40,44,2405,0x0000000000000000
08:21:02,20260,7094,6259912,10091022,18066451,0.4,6.0,100.0,0,10.38,44,2405,0x0000000000000000
08:21:03,20158,7094,6259912,10091022,18066451,0.0,5.7,100.0,0,10.36,44,2405,0x0000000000000000
08:21:04,19973,7094,6259912,10091022,18066451,0.0,5.9,100.0,0,10.34,44,2405,0x0000000000000000
08:21:05,19953,7094,6259912,10091022,18066452,0.1,6.5,100.0,0,10.36,44,2405,0x0000000000000000
08:21:06,20136,7094,6259921,10091022,18066462,0.2,5.6,100.0,0,10.36,44,2405,0x0000000000000000
08:21:07,20113,7094,6259921,10091022,18066462,0.0,5.7,100.0,0,10.35,44,2405,0x0000000000000000
08:21:08,20084,7094,6259921,10091022,18066462,0.0,5.8,100.0,0,10.36,44,2405,0x0000000000000000
08:21:09,19697,7094,6261908,10091022,18067771,7.9,4.6,72.0,0,10.38,44,2405,0x0000000000000000
08:21:10,18995,7094,6262584,10091022,18068266,3.0,5.9,86.7,0,10.47,44,2405,0x0000000000000000
08:21:11,18958,7094,6262763,10091022,18068380,0.7,5.6,96.0,0,10.53,44,2405,0x0000000000000000
08:21:12,19275,7094,6266287,10091022,18071058,15.4,2.9,41.4,0,10.44,44,2405,0x0000000000000000
08:21:13,19241,7094,6278046,10091022,18075661,46.1,1.0,10.1,0,10.32,43,2405,0x0000000000000000
08:21:14,19200,7094,6287918,10091022,18080443,38.6,1.6,13.4,0,10.32,43,2405,0x0000000000000000
08:21:15,19149,7094,6296773,10091022,18084711,34.6,1.4,11.0,0,10.35,43,2405,0x0000000000000000
08:21:16,19105,7094,6306986,10091022,18089136,39.9,0.8,9.0,0,10.31,43,2405,0x0000000000000000
08:21:17,19065,7094,6317234,10091022,18093394,40.0,0.8,8.0,0,10.31,43,2405,0x0000000000000000
08:21:18,19024,7094,6328359,10091022,18097582,43.5,1.4,12.3,0,10.31,43,2405,0x0000000000000000
08:21:19,18978,7094,6338081,10091022,18101732,38.0,1.0,8.9,0,10.31,43,2405,0x0000000000000000
08:21:20,18941,7094,6347267,10091022,18106100,36.0,1.5,9.9,0,10.31,43,2405,0x0000000000000000
08:21:21,18897,7094,6357069,10091022,18110498,38.3,1.1,8.9,0,10.28,43,2405,0x0000000000000000
08:21:22,18832,7094,6371303,10091022,18115260,55.6,2.2,26.4,0,10.30,43,2405,0x0000000000000000
08:21:23,18834,7094,6379064,10091022,18116333,30.4,2.0,19.8,0,10.32,43,2405,0x0000000000000000
08:21:24,18836,7094,6379110,10091022,18116401,1.5,1.0,11.9,0,10.30,43,2405,0x0000000000000000
08:21:25,18834,7094,6379110,10091022,18116403,0.2,1.4,11.0,0,10.29,43,2405,0x0000000000000000
08:21:26,18835,7094,6379126,10091022,18116414,1.1,1.5,10.1,0,10.30,43,2405,0x0000000000000000
08:21:27,18853,7094,6379128,10091022,18116416,1.1,1.1,9.0,0,10.32,43,2405,0x0000000000000000
08:21:28,18852,7094,6379128,10091022,18116416,0.0,0.7,11.0,0,10.30,43,2405,0x0000000000000000
08:21:29,18852,7094,6379129,10091022,18116417,0.0,1.0,8.0,0,10.30,43,2405,0x0000000000000000
08:21:30,18850,7094,6379134,10091022,18116419,0.1,1.4,9.0,0,10.28,43,2405,0x0000000000000000
08:21:31,18850,7094,6379134,10091022,18116419,0.0,0.7,6.1,0,10.28,43,2405,0x0000000000000000
08:21:32,18823,7094,6380773,10091022,18117986,12.1,1.4,9.1,0,10.27,43,2405,0x0000000000000000
08:21:33,16740,7094,6383886,10091022,18120817,12.4,3.1,37.4,0,12.36,43,2418,0x0000000000000000
08:21:34,16457,7094,6383887,10091042,18179939,231.4,7.7,45.9,0,20.75,45,2437,0x0000000000000000
08:21:35,16449,7094,6383887,10091042,18179949,0.6,6.5,63.6,1,10.75,43,2405,0x0000000000000000
08:21:36,16432,7094,6383887,10091042,18179949,0.0,7.8,99.0,96,44.05,51,2496,0x0000000000000000
08:21:37,16431,7094,6383887,10091042,18179955,0.2,8.3,100.0,96,56.39,51,2483,0x0000000000000000
08:21:38,16411,7094,6383887,10091042,18179956,0.0,7.6,94.1,96,55.88,57,2483,0x0000000000000000
08:21:39,16467,7094,6383893,10091042,18184674,19.2,7.2,71.3,64,52.98,53,2489,0x0000000000000000
08:21:40,16452,7094,6383893,10091042,18184674,0.0,8.1,100.0,96,57.17,54,2483,0x0000000000000000
08:21:41,16452,7094,6383899,10091042,18184677,0.0,7.6,100.0,96,57.20,53,2483,0x0000000000000000
08:21:42,16451,7094,6383899,10091042,18184677,0.0,7.4,99.0,96,54.88,53,2489,0x0000000000000000
08:21:43,16442,7094,6383920,10091042,18184888,1.6,7.0,64.0,96,51.71,50,2489,0x0000000000000000
08:21:44,16433,7094,6383920,10091042,18184888,0.0,7.1,92.0,91,38.13,54,2496,0x0000000000000000
08:21:45,16394,7094,6383921,10091042,18185073,0.7,7.0,86.0,96,38.11,47,2418,0x0000000000000000
08:21:46,16382,7094,6383924,10091042,18185228,0.6,7.1,86.1,82,37.10,55,2476,0x0000000000000000
08:21:47,16382,7094,6383924,10091042,18185228,0.0,7.6,100.0,96,56.74,55,2476,0x0000000000000000
08:21:48,16380,7094,6383928,10091042,18185231,0.0,7.5,100.0,96,57.10,55,2476,0x0000000000000000
08:21:49,16380,7094,6383928,10091042,18185231,0.0,7.5,99.0,96,56.22,56,2483,0x0000000000000000
08:21:50,16376,7094,6383928,10091042,18185232,0.1,7.9,100.0,96,56.22,58,2476,0x0000000000000000
08:21:51,16376,7094,6383928,10091042,18185232,0.0,7.4,100.0,96,58.07,56,2470,0x0000000000000000
08:21:52,16378,7094,6383928,10091042,18185232,0.0,7.5,100.0,96,57.01,54,2476,0x0000000000000000
08:21:53,16379,7094,6383964,10091042,18185253,1.1,7.3,69.7,96,56.16,56,2496,0x0000000000000000
08:21:54,16429,7094,6383991,10091042,18185289,0.2,7.0,70.3,69,46.74,55,2470,0x0000000000000000
08:21:55,16420,7094,6383991,10091042,18185407,0.6,6.5,96.0,96,53.94,54,2489,0x0000000000000000
08:21:56,16448,7094,6383998,10091042,18185609,0.8,6.0,54.5,83,39.67,56,2463,0x0000000000000000
08:21:57,16442,7094,6383998,10091042,18185609,0.0,5.9,100.0,96,57.88,56,2476,0x0000000000000000
08:21:58,16431,7094,6383998,10091042,18185610,0.0,5.9,100.0,96,57.66,57,2476,0x0000000000000000
08:21:59,16428,7094,6384000,10091042,18185612,0.0,6.0,99.0,96,56.80,57,2476,0x0000000000000000
08:22:00,16413,7094,6384000,10091042,18185613,0.1,6.5,100.0,96,56.63,57,2476,0x0000000000000000
08:22:01,16411,7094,6384000,10091042,18185613,0.0,5.9,100.0,96,58.19,62,2470,0x0000000000000000
08:22:02,16410,7094,6384001,10091042,18185621,0.7,5.8,100.0,96,57.76,59,2476,0x0000000000000000
08:22:03,16410,7094,6384001,10091042,18185621,0.0,6.0,99.0,85,56.71,58,2496,0x0000000000000000
08:22:04,16409,7094,6384001,10091042,18185664,0.2,7.2,82.2,85,55.30,58,2489,0x0000000000000000
08:22:05,16402,7094,6384003,10091042,18185867,0.9,7.3,87.9,96,48.20,54,2496,0x0000000000000000
08:22:06,16400,7094,6384003,10091042,18185891,0.1,7.5,89.0,96,48.70,59,2470,0x0000000000000000
08:22:07,16399,7094,6384003,10091042,18185891,0.0,7.4,100.0,96,58.18,61,2476,0x0000000000000000
08:22:08,16399,7094,6384005,10091042,18185892,0.0,7.6,100.0,96,57.41,58,2470,0x0000000000000000
08:22:09,16397,7094,6384009,10091042,18185893,0.0,7.6,99.0,96,56.58,59,2457,0x0000000000000000
08:22:10,16392,7094,6384011,10091042,18185895,0.0,8.0,100.0,96,58.22,59,2476,0x0000000000000000
08:22:11,16392,7094,6384011,10091042,18185895,0.0,7.8,100.0,96,58.44,59,2470,0x0000000000000000
08:22:12,16392,7094,6384011,10091042,18185895,0.0,7.3,99.0,96,57.47,59,2476,0x0000000000000000
08:22:13,16390,7093,6384266,10091042,18186137,6.6,7.3,85.0,96,56.45,60,2496,0x0000000000000000
08:22:14,16390,7092,6384266,10091042,18186140,0.0,7.5,100.0,96,55.84,60,2496,0x0000000000000000
08:22:15,16377,7092,6384268,10091042,18186185,0.2,7.3,62.7,93,41.85,58,2483,0x0000000000000000
08:22:16,16377,7092,6384268,10091042,18186185,0.0,5.7,100.0,96,58.35,61,2476,0x0000000000000000
08:22:17,16377,7092,6384268,10091042,18186185,0.0,5.8,100.0,96,58.29,62,2476,0x0000000000000000
08:22:18,16377,7092,6384268,10091042,18186185,0.0,5.8,100.0,96,57.48,61,2470,0x0000000000000000
08:22:19,16378,7092,6384269,10091042,18186186,0.0,6.0,99.0,96,57.68,60,2476,0x0000000000000000
08:22:20,16377,7092,6384269,10091042,18186188,0.2,6.5,100.0,96,58.90,60,2476,0x0000000000000000
08:22:21,16377,7092,6384269,10091042,18186189,0.0,5.8,100.0,96,59.18,61,2476,0x0000000000000000
08:22:22,16377,7092,6384269,10091042,18186189,0.0,5.8,99.0,96,57.37,62,2483,0x0000000000000000
08:22:23,16377,7092,6384269,10091042,18186230,0.2,5.9,53.0,96,56.07,61,2483,0x0000000000000000
08:22:24,16377,7092,6384291,10091042,18186252,0.1,6.1,100.0,96,55.83,59,2489,0x0000000000000000
08:22:25,16366,7092,6384298,10091042,18186351,0.4,6.6,84.0,89,44.46,60,2476,0x0000000000000000
08:22:26,16366,7092,6384298,10091042,18186351,0.0,5.9,100.0,96,58.76,63,2470,0x0000000000000000
08:22:27,16368,7092,6384303,10091042,18186356,0.0,6.4,100.0,96,58.12,61,2476,0x0000000000000000
08:22:28,16368,7092,6384303,10091042,18186356,0.0,6.2,74.3,96,57.18,58,2483,0x0000000000000000
08:22:29,16369,7092,6384303,10091042,18186356,0.0,5.8,100.0,96,59.17,62,2463,0x0000000000000000
08:22:30,16360,7092,6384303,10091042,18186356,0.0,6.5,100.0,96,59.06,61,2463,0x0000000000000000
08:22:31,16359,7092,6384303,10091042,18186375,3.1,5.9,100.0,96,58.80,62,2463,0x0000000000000000
08:22:32,16356,7092,6384303,10091042,18186376,0.6,6.1,85.0,95,57.70,62,2483,0x0000000000000000
08:22:33,16356,7092,6384303,10091042,18186415,0.2,5.9,98.0,96,56.39,62,2483,0x0000000000000000
08:22:34,16357,7092,6384313,10091042,18186600,0.7,5.6,84.7,96,46.65,59,2502,0x0000000000000000
08:22:35,16358,7092,6384313,10091042,18186601,0.1,6.6,100.0,96,53.61,61,2470,0x0000000000000000
08:22:36,16360,7092,6384313,10091042,18186601,0.0,6.0,100.0,96,58.99,62,2463,0x0000000000000000
08:22:37,16360,7092,6384313,10091042,18186601,0.0,5.8,100.0,96,58.35,63,2463,0x0000000000000000
08:22:38,16362,7092,6384313,10091042,18186601,0.0,5.9,99.0,96,57.71,61,2463,0x0000000000000000
08:22:39,16362,7092,6384313,10091042,18186602,0.1,5.9,100.0,96,59.24,64,2463,0x0000000000000000
08:22:40,16363,7092,6384313,10091042,18186603,0.1,6.6,100.0,96,59.27,63,2457,0x0000000000000000
08:22:41,16363,7092,6384314,10091042,18186604,0.0,5.9,99.0,96,58.29,63,2463,0x0000000000000000
08:22:42,16363,7092,6384314,10091042,18186650,0.3,6.1,71.0,96,55.93,64,2476,0x0000000000000000
08:22:43,16363,7092,6384314,10091042,18186650,0.0,6.1,100.0,96,57.72,63,2470,0x0000000000000000
08:22:44,16442,7092,6384318,10091042,18186694,0.2,6.1,88.9,94,43.05,62,2470,0x0000000000000000
08:22:45,16427,7092,6384318,10091042,18186694,0.0,6.5,100.0,96,59.00,63,2457,0x0000000000000000
08:22:46,16427,7092,6384318,10091042,18186694,0.0,5.8,100.0,96,59.14,63,2457,0x0000000000000000
08:22:47,16426,7092,6384318,10091042,18186694,0.0,5.8,100.0,96,58.40,64,2463,0x0000000000000000
08:22:48,16425,7092,6384318,10091042,18186694,0.0,5.9,100.0,96,58.62,64,2457,0x0000000000000000
08:22:49,16425,7092,6384321,10091042,18186696,0.0,5.9,100.0,96,59.59,63,2463,0x0000000000000000
08:22:50,16413,7092,6384321,10091042,18186698,0.2,6.5,100.0,96,59.31,63,2457,0x0000000000000000
08:22:51,16413,7092,6384321,10091042,18186698,0.0,5.9,99.0,96,58.12,64,2476,0x0000000000000000
08:22:52,16411,7092,6384321,10091042,18186759,0.2,5.9,98.0,96,56.68,64,2476,0x0000000000000000
08:22:53,16411,7092,6384321,10091042,18187006,1.0,6.0,94.0,96,53.37,61,2476,0x0000000000000000
08:22:54,16437,7092,6384366,10091044,18187196,1.0,6.0,88.9,46,44.42,64,2457,0x0000000000000000
08:22:55,16421,7092,6384366,10091044,18187197,0.0,6.5,100.0,96,59.31,67,2457,0x0000000000000000
08:22:56,16417,7092,6384366,10091044,18187198,0.1,5.9,100.0,96,58.85,65,2457,0x0000000000000000
08:22:57,16416,7092,6384366,10091044,18187199,0.0,6.3,70.0,96,57.69,64,2470,0x0000000000000000
08:22:58,16416,7092,6384366,10091044,18187199,0.0,7.5,100.0,96,59.53,65,2457,0x0000000000000000
08:22:59,16413,7092,6384366,10091044,18187199,0.0,7.7,100.0,96,59.08,63,2457,0x0000000000000000
08:23:00,16401,7092,6384366,10091044,18187199,0.0,7.9,100.0,96,59.43,65,2463,0x0000000000000000
08:23:01,16401,7092,6384366,10091044,18187199,0.0,6.3,87.1,95,58.14,65,2476,0x0000000000000000
08:23:02,16400,7092,6384367,10091044,18187244,0.2,6.0,91.9,96,57.05,65,2470,0x0000000000000000
08:23:03,16433,7092,6384371,10091044,18187314,0.3,6.2,79.2,96,48.20,62,2489,0x0000000000000000
08:23:04,16429,7092,6384371,10091044,18187314,0.0,7.5,100.0,96,57.37,66,2457,0x0000000000000000
08:23:05,16423,7092,6384371,10091044,18187314,0.0,8.1,100.0,96,59.57,64,2457,0x0000000000000000
08:23:06,16422,7092,6384377,10091044,18187323,0.0,7.5,100.0,96,58.71,65,2463,0x0000000000000000
08:23:07,16422,7092,6384377,10091044,18187323,0.0,7.6,100.0,95,58.30,67,2457,0x0000000000000000
08:23:08,16418,7092,6384377,10091044,18187323,0.0,7.6,100.0,96,59.66,66,2457,0x0000000000000000
08:23:09,16417,7092,6384377,10091044,18187323,0.0,7.7,99.0,96,59.79,66,2457,0x0000000000000000
08:23:10,16406,7092,6384377,10091044,18187324,0.1,7.9,69.0,96,58.69,65,2470,0x0000000000000000
08:23:11,16406,7092,6384377,10091044,18187366,0.2,6.9,62.0,96,57.16,66,2470,0x0000000000000000
08:23:12,16405,7092,6384377,10091044,18187413,0.2,5.8,98.0,96,58.66,68,2470,0x0000000000000000
08:23:13,16437,7092,6384384,10091044,18187637,0.9,6.1,52.0,82,40.50,65,2476,0x0000000000000000
08:23:14,16433,7092,6384384,10091044,18187637,0.0,6.0,100.0,96,59.37,66,2457,0x0000000000000000
08:23:15,16419,7092,6384384,10091044,18187640,0.3,6.7,100.0,96,59.55,67,2457,0x0000000000000000
08:23:16,16418,7092,6384384,10091044,18187640,0.0,5.7,100.0,96,58.90,66,2463,0x0000000000000000
08:23:17,16418,7092,6384384,10091044,18187640,0.0,5.9,99.0,96,58.99,67,2457,0x0000000000000000
08:23:18,16417,7092,6384384,10091044,18187640,0.0,6.3,100.0,96,60.32,68,2457,0x0000000000000000
08:23:19,16417,7092,6384384,10091044,18187640,0.0,5.8,100.0,96,59.93,65,2457,0x0000000000000000
08:23:20,16404,7092,6384384,10091044,18187642,0.1,6.7,99.0,96,58.74,66,2470,0x0000000000000000
08:23:21,16402,7092,6384384,10091044,18187683,0.2,5.9,99.0,96,57.54,68,2470,0x0000000000000000
08:23:22,16400,7092,6384384,10091044,18187776,0.4,5.9,97.0,96,55.86,64,2476,0x0000000000000000
08:23:23,16399,7092,6384399,10091044,18187951,0.8,6.1,90.0,84,44.67,66,2457,0x0000000000000000
08:23:24,16398,7092,6384422,10091044,18187971,0.1,6.1,100.0,96,59.97,66,2450,0x0000000000000000
08:23:25,16388,7092,6384429,10091044,18187977,0.0,6.8,100.0,96,59.68,67,2450,0x0000000000000000
08:23:26,16386,7092,6384429,10091044,18187978,0.0,6.2,76.0,96,58.47,67,2470,0x0000000000000000
08:23:27,16386,7092,6384429,10091044,18187978,0.0,5.9,100.0,96,59.76,69,2457,0x0000000000000000
08:23:28,16386,7092,6384465,10091044,18188010,0.1,5.9,100.0,96,60.36,71,2457,0x0000000000000000
08:23:29,16385,7092,6384465,10091044,18188010,0.0,5.9,99.0,96,59.78,69,2463,0x0000000000000000
08:23:30,16382,7092,6384466,10091044,18188021,0.9,6.7,80.8,85,58.84,67,2476,0x0000000000000000
08:23:31,16379,7092,6384466,10091044,18188095,0.3,7.2,85.0,73,57.37,67,2476,0x0000000000000000
08:23:32,16377,7092,6384473,10091044,18188200,0.4,7.2,84.8,96,49.33,64,2483,0x0000000000000000
08:23:33,16377,7092,6384473,10091044,18188200,0.0,7.7,100.0,96,54.66,67,2463,0x0000000000000000
08:23:34,16377,7092,6384473,10091044,18188200,0.0,8.1,100.0,96,59.97,68,2457,0x0000000000000000
08:23:35,16367,7092,6384473,10091044,18188201,0.0,8.1,100.0,96,59.59,66,2457,0x0000000000000000
08:23:36,16364,7092,6384473,10091044,18188201,2.0,8.0,99.0,96,58.83,67,2457,0x0000000000000000
08:23:37,16366,7092,6384473,10091044,18188201,0.0,7.6,100.0,96,60.82,67,2457,0x0000000000000000
08:23:38,16367,7092,6384473,10091044,18188201,0.0,7.7,100.0,96,60.61,71,2457,0x0000000000000000
08:23:39,16368,7092,6384473,10091044,18188201,0.0,7.5,99.0,96,59.90,68,2463,0x0000000000000000
08:23:40,16369,7092,6384474,10091044,18188260,0.3,7.9,99.0,96,57.18,66,2476,0x0000000000000000
08:23:41,16369,7092,6384475,10091044,18188261,0.0,7.6,100.0,96,59.47,68,2470,0x0000000000000000
08:23:42,16367,7092,6384481,10091044,18188390,0.5,7.1,85.0,88,43.24,66,2457,0x0000000000000000
08:23:43,16364,7092,6384481,10091044,18188390,0.0,8.1,100.0,96,60.24,68,2450,0x0000000000000000
08:23:44,16369,7092,6384481,10091044,18188390,0.0,7.7,100.0,96,60.13,69,2457,0x0000000000000000
08:23:45,16367,7092,6384481,10091044,18188393,0.2,8.0,100.0,96,59.52,68,2457,0x0000000000000000
08:23:46,16368,7092,6384481,10091044,18188393,0.0,7.7,99.0,96,59.28,67,2463,0x0000000000000000
08:23:47,16368,7092,6384481,10091044,18188393,0.0,7.6,100.0,96,60.56,70,2457,0x0000000000000000
08:23:48,16367,7092,6384481,10091044,18188393,0.0,7.5,100.0,96,60.62,68,2463,0x0000000000000000
08:23:49,16367,7092,6384481,10091044,18188393,0.0,7.4,100.0,96,59.37,68,2470,0x0000000000000000
08:23:50,16358,7092,6384481,10091044,18188435,0.2,7.8,98.0,96,57.61,68,2470,0x0000000000000000
08:23:51,16436,7092,6384533,10091044,18188619,3.3,7.9,97.0,96,56.95,66,2470,0x0000000000000000
08:23:52,16427,7092,6384545,10091044,18188827,0.8,7.5,90.0,84,40.26,68,2463,0x0000000000000000
08:23:53,16426,7092,6384573,10091044,18188877,1.9,7.6,100.0,96,60.28,68,2457,0x0000000000000000
08:23:54,16424,7092,6384589,10091044,18188893,0.1,7.9,100.0,96,60.52,69,2457,0x0000000000000000
08:23:55,16413,7092,6384607,10091044,18188904,0.1,8.0,98.0,96,59.33,68,2457,0x0000000000000000
08:23:56,16412,7092,6384607,10091044,18188904,0.0,7.7,100.0,96,59.50,68,2457,0x0000000000000000
08:23:57,16410,7092,6384608,10091044,18188920,1.4,8.3,100.0,96,60.83,68,2463,0x0000000000000000
08:23:58,16408,7092,6384608,10091044,18188921,0.0,7.6,100.0,96,60.58,68,2463,0x0000000000000000
08:23:59,16407,7092,6384608,10091044,18188921,0.0,7.5,100.0,96,59.01,68,2470,0x0000000000000000
08:24:00,16401,7092,6384608,10091044,18188946,0.2,8.0,98.0,96,57.86,68,2470,0x0000000000000000
08:24:01,16400,7092,6384608,10091044,18189023,0.3,7.6,98.0,96,55.64,66,2476,0x0000000000000000
08:24:02,16400,7092,6384613,10091044,18189079,0.2,7.7,70.7,84,47.45,68,2457,0x0000000000000000
08:24:03,16399,7092,6384613,10091044,18189079,0.0,7.8,100.0,96,60.37,69,2457,0x0000000000000000
08:24:04,16399,7092,6384614,10091044,18189080,0.0,7.8,100.0,96,60.43,69,2450,0x0000000000000000
08:24:05,16390,7092,6384614,10091044,18189080,0.0,8.1,99.0,96,58.69,65,2470,0x0000000000000000
08:24:06,16390,7092,6384614,10091044,18189080,0.0,7.6,100.0,96,60.95,69,2463,0x0000000000000000
08:24:07,16389,7092,6384614,10091044,18189080,0.0,7.8,100.0,96,60.87,68,2457,0x0000000000000000
08:24:08,16387,7092,6384614,10091044,18189080,0.0,7.7,100.0,96,60.85,68,2450,0x0000000000000000
08:24:09,16386,7092,6384614,10091044,18189082,0.0,7.4,100.0,86,59.38,69,2476,0x0000000000000000
08:24:10,16385,7092,6384656,10091044,18189172,1.7,8.2,92.0,96,58.40,69,2470,0x0000000000000000
08:24:11,16383,7092,6384662,10091044,18189280,0.4,7.6,90.2,96,48.42,65,2483,0x0000000000000000
08:24:12,16382,7092,6384662,10091044,18189280,0.0,7.8,100.0,96,56.90,69,2457,0x0000000000000000
08:24:13,16381,7092,6384662,10091044,18189280,0.0,7.7,100.0,96,60.67,69,2450,0x0000000000000000
08:24:14,16381,7092,6384665,10091044,18189283,0.0,8.1,100.0,96,60.28,69,2457,0x0000000000000000
08:24:15,16376,7092,6384665,10091044,18189283,0.0,8.1,99.0,96,59.46,70,2463,0x0000000000000000
08:24:16,16375,7092,6384666,10091044,18189284,0.0,7.9,100.0,96,61.28,69,2450,0x0000000000000000
08:24:17,16375,7092,6384666,10091044,18189284,0.0,7.9,100.0,96,61.31,69,2457,0x0000000000000000
08:24:18,16375,7092,6384666,10091044,18189284,0.0,7.6,99.0,96,60.30,70,2457,0x0000000000000000
08:24:19,16375,7092,6384666,10091044,18189324,0.2,7.5,99.0,96,57.15,68,2476,0x0000000000000000
08:24:20,16372,7092,6384666,10091044,18189325,0.0,8.3,100.0,96,59.91,69,2470,0x0000000000000000
08:24:21,16372,7092,6384667,10091044,18189378,0.2,7.7,91.9,94,46.91,69,2457,0x0000000000000000
08:24:22,16372,7092,6384667,10091044,18189378,0.0,7.9,100.0,96,60.67,70,2450,0x0000000000000000
08:24:23,16372,7092,6384667,10091044,18189378,0.0,7.8,100.0,96,60.84,70,2457,0x0000000000000000
08:24:24,16372,7092,6384684,10091044,18189395,0.1,8.0,99.0,96,60.23,70,2463,0x0000000000000000
08:24:25,16369,7092,6384684,10091044,18189395,0.0,8.4,100.0,96,59.93,70,2457,0x0000000000000000
08:24:26,16368,7092,6384684,10091044,18189395,0.0,7.7,100.0,96,61.13,69,2457,0x0000000000000000
08:24:27,16369,7092,6384684,10091044,18189395,0.0,7.7,100.0,96,60.64,70,2457,0x0000000000000000
08:24:28,16369,7092,6384684,10091044,18189395,0.0,6.6,62.4,96,59.77,70,2470,0x0000000000000000
08:24:29,16369,7092,6384685,10091044,18189454,0.2,6.2,99.0,96,58.26,70,2470,0x0000000000000000
08:24:30,16368,7092,6384685,10091044,18189454,0.0,6.9,100.0,96,55.64,67,2470,0x0000000000000000
08:24:31,16433,7092,6384692,10091044,18189566,0.4,6.3,90.9,72,46.40,70,2450,0x0000000000000000
08:24:32,16429,7092,6384692,10091044,18189566,0.0,6.7,100.0,96,60.97,71,2450,0x0000000000000000
08:24:33,16428,7092,6384692,10091044,18189566,0.0,6.1,100.0,96,60.53,70,2457,0x0000000000000000
08:24:34,16427,7092,6384692,10091044,18189566,0.0,6.0,99.0,96,59.85,69,2463,0x0000000000000000
08:24:35,16415,7092,6384692,10091044,18189567,0.0,6.5,100.0,96,60.33,71,2457,0x0000000000000000
08:24:36,16414,7092,6384692,10091044,18189567,0.0,5.9,100.0,96,61.19,71,2457,0x0000000000000000
08:24:37,16414,7092,6384692,10091044,18189567,0.0,5.8,100.0,96,61.02,70,2457,0x0000000000000000
08:24:38,16413,7092,6384692,10091044,18189567,0.0,6.0,99.0,86,59.67,70,2476,0x0000000000000000
08:24:39,16411,7092,6384692,10091044,18189607,0.2,6.0,99.0,73,58.32,71,2470,0x0000000000000000
08:24:40,16408,7092,6384695,10091044,18189762,0.7,6.9,47.5,96,50.70,67,2476,0x0000000000000000
08:24:41,16394,7092,6384695,10091044,18189796,0.1,6.4,92.1,96,52.88,70,2457,0x0000000000000000
08:24:42,16393,7092,6384695,10091044,18189796,0.0,6.0,100.0,96,60.96,71,2450,0x0000000000000000
08:24:43,16391,7092,6384695,10091044,18189796,0.0,6.1,100.0,96,60.72,70,2457,0x0000000000000000
08:24:44,16391,7092,6384695,10091044,18189796,0.0,6.0,99.0,96,59.18,70,2444,0x0000000000000000
08:24:45,16382,7092,6384695,10091044,18189797,0.1,6.8,100.0,96,61.40,70,2450,0x0000000000000000
08:24:46,16384,7092,6384695,10091044,18189797,0.0,5.8,100.0,96,61.49,71,2457,0x0000000000000000
08:24:47,16384,7092,6384695,10091044,18189797,0.0,6.0,99.0,96,60.57,71,2463,0x0000000000000000
08:24:48,16385,7092,6384695,10091044,18189838,0.2,6.2,86.1,96,59.54,72,2476,0x0000000000000000
08:24:49,16385,7092,6384695,10091044,18189838,0.0,7.5,100.0,96,58.60,70,2470,0x0000000000000000
08:24:50,16433,7092,6384697,10091044,18189890,0.3,7.8,55.4,92,45.81,65,2470,0x0000000000000000
08:24:51,16431,7092,6384697,10091044,18189890,0.0,7.7,100.0,96,60.82,70,2450,0x0000000000000000
08:24:52,16427,7092,6384697,10091044,18189890,0.0,7.7,100.0,96,60.99,72,2450,0x0000000000000000
08:24:53,16426,7092,6384697,10091044,18189890,0.0,7.6,100.0,96,60.27,70,2450,0x0000000000000000
08:24:54,16426,7092,6384704,10091044,18189897,0.0,7.9,99.0,81,60.23,70,2457,0x0000000000000000
08:24:55,16416,7092,6384704,10091044,18189898,0.1,8.1,100.0,96,61.72,72,2450,0x0000000000000000
08:24:56,16416,7092,6384704,10091044,18189898,0.0,8.0,100.0,96,61.69,71,2457,0x0000000000000000
08:24:57,16415,7092,6384704,10091044,18189898,0.0,7.7,51.5,96,60.30,70,2463,0x0000000000000000
08:24:58,16413,7092,6384704,10091044,18189939,0.2,7.6,52.5,96,58.69,71,2470,0x0000000000000000
08:24:59,16411,7092,6384704,10091044,18189939,0.0,7.9,100.0,96,59.79,71,2470,0x0000000000000000
08:25:00,16398,7092,6384707,10091044,18189983,0.2,8.3,94.0,89,50.37,71,2457,0x0000000000000000
08:25:01,16396,7092,6384707,10091044,18189984,0.0,7.9,100.0,96,61.62,71,2450,0x0000000000000000
08:25:02,16397,7092,6384707,10091044,18189984,0.0,7.9,100.0,96,61.14,71,2450,0x0000000000000000
08:25:03,16398,7092,6384707,10091044,18189984,0.0,7.7,67.0,96,59.68,67,2463,0x0000000000000000
08:25:04,16395,7092,6384707,10091044,18189984,0.0,8.1,100.0,96,61.76,71,2457,0x0000000000000000
08:25:05,16390,7092,6384707,10091044,18189984,0.0,8.2,100.0,96,61.78,71,2450,0x0000000000000000
08:25:06,16390,7092,6384746,10091044,18190008,0.2,7.5,100.0,96,60.96,72,2450,0x0000000000000000
08:25:07,16389,7092,6384746,10091044,18190008,0.0,7.4,99.0,83,60.10,71,2476,0x0000000000000000
08:25:08,16388,7092,6384746,10091044,18190065,0.2,7.7,99.0,96,58.84,71,2463,0x0000000000000000
08:25:09,16386,7092,6384747,10091044,18190092,0.1,7.3,79.0,96,50.13,68,2489,0x0000000000000000
08:25:10,16383,7092,6384747,10091044,18190094,0.1,8.2,100.0,96,57.76,71,2444,0x0000000000000000
08:25:11,16384,7092,6384750,10091044,18190095,0.0,7.7,100.0,96,61.23,71,2444,0x0000000000000000
08:25:12,16383,7092,6384750,10091044,18190095,0.0,7.9,100.0,96,61.03,71,2450,0x0000000000000000
08:25:13,16384,7092,6384750,10091044,18190095,0.0,7.7,100.0,96,60.45,71,2457,0x0000000000000000
08:25:14,16385,7092,6384751,10091044,18190097,0.0,7.8,100.0,96,61.90,72,2444,0x0000000000000000
08:25:15,16385,7092,6384751,10091044,18190097,0.0,7.9,100.0,96,61.96,72,2450,0x0000000000000000
08:25:16,16385,7092,6384751,10091044,18190097,0.0,7.0,73.0,96,60.25,72,2457,0x0000000000000000
08:25:17,16384,7092,6384751,10091044,18190126,0.1,6.0,98.0,96,58.75,71,2463,0x0000000000000000
08:25:18,16384,7092,6384751,10091044,18190126,0.0,6.0,100.0,96,60.63,72,2463,0x0000000000000000
08:25:19,16382,7092,6384754,10091044,18190171,0.2,6.2,93.9,94,45.03,73,2476,0x0000000000000000
08:25:20,16372,7092,6384754,10091044,18190171,0.0,9.0,100.0,96,61.44,71,2457,0x0000000000000000
08:25:21,16371,7092,6384754,10091044,18190171,0.0,5.9,100.0,96,61.46,72,2450,0x0000000000000000
08:25:22,16368,7092,6384754,10091044,18190171,0.0,5.9,100.0,96,60.83,71,2457,0x0000000000000000
08:25:23,16368,7092,6384754,10091044,18190171,0.0,7.9,97.0,96,60.71,70,2450,0x0000000000000000
08:25:24,16367,7092,6384766,10091044,18190183,0.0,7.8,100.0,96,62.11,71,2450,0x0000000000000000
08:25:25,16359,7092,6384788,10091044,18190225,1.8,8.5,100.0,96,61.58,72,2450,0x0000000000000000
08:25:26,16358,7092,6384793,10091044,18190230,0.0,7.8,100.0,96,60.24,72,2457,0x0000000000000000
08:25:27,16357,7092,6384793,10091044,18190273,0.2,7.5,98.0,96,58.69,71,2463,0x0000000000000000
08:25:28,16357,7092,6384793,10091044,18190273,0.0,7.8,100.0,96,57.76,69,2457,0x0000000000000000
08:25:29,16357,7092,6384797,10091044,18190315,0.2,7.4,79.0,55,50.02,71,2457,0x0000000000000000
08:25:30,16424,7092,6384797,10091044,18190317,0.1,8.3,100.0,96,61.25,71,2450,0x0000000000000000
08:25:31,16423,7092,6384797,10091044,18190317,0.0,7.7,100.0,96,61.26,76,2444,0x0000000000000000
08:25:32,16422,7092,6384797,10091044,18190317,0.0,7.8,63.6,96,60.07,71,2457,0x0000000000000000
08:25:33,16422,7092,6384797,10091044,18190317,0.0,7.7,100.0,96,61.96,72,2450,0x0000000000000000
08:25:34,16421,7092,6384797,10091044,18190317,0.0,7.7,100.0,96,62.26,73,2444,0x0000000000000000
08:25:35,16410,7092,6384797,10091044,18190319,0.2,8.1,100.0,96,61.11,70,2444,0x0000000000000000
08:25:36,16407,7092,6384797,10091044,18190319,0.0,7.6,93.1,96,60.54,71,2457,0x0000000000000000
08:25:37,16405,7092,6384797,10091044,18190344,0.1,6.0,98.0,96,59.60,72,2450,0x0000000000000000
08:25:38,16398,7092,6384797,10091044,18190393,0.2,6.4,73.7,96,49.21,68,2483,0x0000000000000000
08:25:39,16396,7092,6384797,10091044,18190393,0.0,7.8,100.0,96,58.91,73,2444,0x0000000000000000
08:25:40,16390,7092,6384802,10091044,18190398,0.1,8.3,100.0,96,61.90,75,2450,0x0000000000000000
08:25:41,16388,7092,6384805,10091044,18190401,0.0,7.9,100.0,96,61.04,74,2444,0x0000000000000000
08:25:42,16388,7092,6384805,10091044,18190401,0.0,7.8,67.7,96,60.28,73,2450,0x0000000000000000
08:25:43,16387,7092,6384805,10091044,18190401,0.0,8.0,100.0,96,62.32,72,2444,0x0000000000000000
08:25:44,16387,7092,6384805,10091044,18190401,0.0,7.9,100.0,96,62.42,72,2444,0x0000000000000000
08:25:45,16381,7092,6384805,10091044,18190402,0.1,8.0,99.0,96,61.04,72,2450,0x0000000000000000
08:25:46,16368,7092,6384805,10091044,18190427,0.1,8.0,99.0,96,58.98,70,2457,0x0000000000000000
08:25:47,16368,7092,6384805,10091044,18190427,0.0,7.7,100.0,96,60.73,73,2457,0x0000000000000000
08:25:48,16428,7092,6384813,10091044,18190488,0.2,7.1,87.0,93,44.95,71,2463,0x0000000000000000
08:25:49,16423,7092,6384813,10091044,18190488,0.0,7.7,100.0,96,62.06,72,2444,0x0000000000000000
08:25:50,16412,7092,6384813,10091044,18190490,0.2,8.1,100.0,96,61.80,72,2444,0x0000000000000000
08:25:51,16412,7092,6384813,10091044,18190490,0.0,7.5,100.0,96,60.84,72,2444,0x0000000000000000
08:25:52,16411,7092,6384813,10091044,18190490,0.0,8.0,99.0,96,60.90,73,2450,0x0000000000000000
08:25:53,16410,7092,6384813,10091044,18190490,0.0,7.7,100.0,96,62.11,75,2444,0x0000000000000000
08:25:54,16409,7092,6384823,10091044,18190500,0.0,7.8,100.0,96,61.94,73,2450,0x0000000000000000
08:25:55,16404,7092,6384825,10091044,18190504,0.2,7.9,54.0,96,60.45,73,2457,0x0000000000000000
08:25:56,16402,7092,6384826,10091044,18190598,0.4,7.7,98.0,96,59.21,72,2457,0x0000000000000000
08:25:57,16401,7092,6384826,10091044,18190639,0.2,7.1,99.0,96,58.28,70,2457,0x0000000000000000
08:25:58,16397,7092,6384831,10091044,18190711,0.3,7.6,91.9,89,49.03,72,2450,0x0000000000000000
08:25:59,16395,7092,6384831,10091044,18190711,0.0,7.8,100.0,96,61.89,73,2444,0x0000000000000000
08:26:00,16393,7092,6384831,10091044,18190711,0.0,8.4,100.0,96,61.67,71,2444,0x0000000000000000
08:26:01,16393,7092,6384831,10091044,18190711,0.0,7.2,71.0,96,60.31,70,2450,0x0000000000000000
08:26:02,16392,7092,6384835,10091044,18190712,0.0,5.9,100.0,96,62.21,72,2444,0x0000000000000000
08:26:03,16392,7092,6384835,10091044,18190712,0.0,5.8,100.0,96,62.48,76,2444,0x0000000000000000
08:26:04,16391,7092,6384835,10091044,18190713,0.0,6.2,100.0,96,61.76,72,2444,0x0000000000000000
08:26:05,16390,7092,6384835,10091044,18190714,0.1,6.8,100.0,96,60.74,73,2457,0x0000000000000000
08:26:06,16390,7092,6384835,10091044,18190756,0.2,6.0,91.9,96,59.51,74,2457,0x0000000000000000
08:26:07,16428,7092,6384837,10091044,18190822,0.3,6.6,76.8,96,49.92,69,2483,0x0000000000000000
08:26:08,16418,7092,6384837,10091044,18190822,0.0,6.2,100.0,96,58.47,74,2444,0x0000000000000000
08:26:09,16417,7092,6384837,10091044,18190822,0.0,5.9,100.0,96,61.97,72,2444,0x0000000000000000
08:26:10,16404,7092,6384837,10091044,18190822,0.0,6.7,100.0,96,61.56,75,2444,0x0000000000000000
08:26:11,16403,7092,6384837,10091044,18190822,0.0,6.0,99.0,96,60.57,73,2444,0x0000000000000000
08:26:12,16403,7092,6384837,10091044,18190822,0.0,5.9,100.0,96,62.43,72,2444,0x0000000000000000
08:26:13,16402,7092,6384837,10091044,18190822,0.0,5.9,100.0,96,62.87,72,2444,0x0000000000000000
08:26:14,16402,7092,6384837,10091044,18190822,0.0,6.3,76.0,96,61.38,73,2444,0x0000000000000000
08:26:15,16391,7092,6384837,10091044,18190846,0.1,8.1,99.0,96,59.13,73,2457,0x0000000000000000
08:26:16,16390,7092,6384837,10091044,18190846,0.0,7.8,100.0,96,61.35,73,2457,0x0000000000000000
08:26:17,16388,7092,6384837,10091044,18190922,0.3,7.4,91.0,78,45.62,71,2476,0x0000000000000000
08:26:18,16387,7092,6384837,10091044,18190922,0.0,7.5,100.0,96,61.97,73,2444,0x0000000000000000
08:26:19,16387,7092,6384837,10091044,18190922,0.0,7.8,100.0,96,62.00,74,2444,0x0000000000000000
08:26:20,16377,7092,6384837,10091044,18190924,0.1,7.9,100.0,96,61.31,73,2450,0x0000000000000000
08:26:21,16377,7092,6384837,10091044,18190924,0.0,7.7,91.0,96,61.18,72,2444,0x0000000000000000
08:26:22,16376,7092,6384837,10091044,18190924,0.0,7.6,100.0,96,62.65,72,2444,0x0000000000000000
08:26:23,16376,7092,6384837,10091044,18190924,0.0,7.7,100.0,96,62.36,74,2444,0x0000000000000000
08:26:24,16376,7092,6384855,10091044,18190942,0.1,7.9,99.0,96,60.88,74,2450,0x0000000000000000
08:26:25,16370,7092,6384855,10091044,18190942,0.0,8.1,99.0,96,59.34,73,2457,0x0000000000000000
08:26:26,16371,7092,6384855,10091044,18190942,0.0,7.7,100.0,96,59.71,71,2457,0x0000000000000000
08:26:27,16429,7092,6384857,10091044,18191001,0.2,7.4,61.0,79,46.43,72,2431,0x0000000000000000
08:26:28,16425,7092,6384857,10091044,18191001,0.0,7.9,100.0,96,61.97,74,2444,0x0000000000000000
08:26:29,16424,7092,6384857,10091044,18191001,0.0,7.9,100.0,96,61.85,74,2444,0x0000000000000000
08:26:30,16408,7092,6384857,10091044,18191001,0.0,8.0,82.0,96,61.32,73,2444,0x0000000000000000
08:26:31,16407,7092,6384857,10091044,18191001,0.0,6.3,100.0,96,61.29,73,2444,0x0000000000000000
08:26:32,16406,7092,6384857,10091044,18191001,0.0,6.0,100.0,96,62.91,76,2444,0x0000000000000000
08:26:33,16406,7092,6384857,10091044,18191001,0.0,5.9,100.0,96,62.06,73,2444,0x0000000000000000
08:26:34,16405,7092,6384857,10091044,18191001,0.0,6.1,99.0,82,60.62,73,2457,0x0000000000000000
08:26:35,16394,7092,6384857,10091044,18191041,0.2,6.7,99.0,82,59.26,74,2457,0x0000000000000000
08:26:36,16384,7092,6384857,10091044,18191086,1.2,6.1,94.1,96,53.76,70,2463,0x0000000000000000
08:26:37,16391,7092,6384898,10091044,18191417,5.5,6.3,61.2,1,20.41,65,2398,0x0000000000000000
08:26:38,16388,7092,6384898,10091044,18191651,0.9,6.0,91.1,90,39.05,68,2483,0x0000000000000000
08:26:39,16387,7092,6384898,10091044,18192173,2.0,5.7,88.9,83,35.32,68,2470,0x0000000000000000
08:26:40,16366,7092,6384898,10091044,18192742,2.3,6.7,77.0,80,34.19,68,2476,0x0000000000000000
08:26:41,16364,7092,6384898,10091044,18193184,1.7,5.8,46.5,84,35.21,68,2476,0x0000000000000000
08:26:42,16365,7092,6384898,10091044,18193576,1.5,5.8,87.1,85,35.28,68,2476,0x0000000000000000
08:26:43,16336,7092,6386145,10091044,18198272,19.0,3.5,25.5,0,21.79,65,2398,0x0000000000000000
08:26:44,16406,7092,6386148,10091044,18201602,13.0,8.0,61.6,96,57.07,71,2457,0x0000000000000000
08:26:45,16392,7092,6386148,10091044,18201621,0.1,6.8,99.0,96,60.99,72,2457,0x0000000000000000
08:26:46,16384,7092,6386148,10091044,18201959,1.3,6.1,91.0,93,35.92,68,2470,0x0000000000000000
08:26:47,16382,7092,6386148,10091044,18202461,2.0,6.0,88.0,81,34.93,67,2476,0x0000000000000000
08:26:48,16382,7092,6386148,10091044,18202942,1.9,5.9,88.0,78,34.49,68,2476,0x0000000000000000
08:26:49,16374,7092,6386148,10091044,18203504,2.2,6.5,56.4,81,34.43,68,2470,0x0000000000000000
08:26:50,16357,7092,6386148,10091044,18203998,2.0,7.5,79.2,84,34.87,68,2476,0x0000000000000000
08:26:51,16337,7092,6386148,10091044,18204486,1.9,7.3,49.5,86,34.89,67,2476,0x0000000000000000
08:26:52,16333,7092,6386148,10091044,18204871,1.5,7.3,90.0,89,35.11,66,2476,0x0000000000000000
08:26:53,16422,7092,6386148,10091044,18205371,2.0,7.0,87.9,77,34.73,66,2483,0x0000000000000000
08:26:54,16421,7092,6386168,10091044,18205695,1.3,6.9,81.2,72,35.17,67,2476,0x0000000000000000
08:26:55,16353,7092,6388507,10091044,18207789,9.1,2.3,21.0,0,18.51,63,2398,0x0000000000000000
08:26:56,16324,7092,6390872,10091048,18277893,275.5,4.3,17.0,0,16.59,63,2411,0x0000000000000000
08:26:57,16273,7092,6390872,10091048,18297227,75.4,6.0,82.0,59,41.22,71,2457,0x0000000000000000
08:26:58,16297,7092,6390872,10091057,18297227,0.0,6.4,100.0,96,61.55,72,2450,0x0000000000000000
08:26:59,16296,7092,6390872,10091057,18297227,0.0,5.9,100.0,96,61.29,73,2457,0x0000000000000000
08:27:00,16274,7092,6390872,10091057,18339897,166.8,6.9,60.8,96,51.05,65,2457,0x0000000000000000
08:27:01,16263,7092,6390872,10091057,18339897,0.0,6.0,100.0,96,53.66,72,2457,0x0000000000000000
08:27:02,16262,7092,6390873,10091057,18339903,0.2,6.0,100.0,96,61.05,74,2450,0x0000000000000000
08:27:03,16252,7092,6390873,10091057,18368485,111.6,6.1,69.7,0,50.19,73,2463,0x0000000000000000
08:27:04,16235,7092,6390873,10091057,18368510,0.2,6.4,99.0,96,57.97,69,2463,0x0000000000000000
08:27:05,16229,7092,6390873,10091086,18368836,1.3,6.9,81.8,90,36.14,67,2476,0x0000000000000000
08:27:06,16228,7092,6390877,10091086,18369340,2.0,5.9,87.9,87,34.55,67,2476,0x0000000000000000
08:27:07,16222,7092,6390877,10091086,18369744,1.6,5.9,90.0,86,34.92,67,2476,0x0000000000000000
08:27:08,16224,7092,6390877,10091086,18370125,1.5,6.0,90.9,85,35.26,67,2476,0x0000000000000000
08:27:09,16225,7092,6390877,10091086,18370551,1.7,5.7,89.9,83,35.24,67,2476,0x0000000000000000
08:27:10,16219,7092,6390877,10091086,18371042,2.0,6.6,54.5,89,34.81,67,2476,0x0000000000000000
08:27:11,16222,7092,6390877,10091086,18371397,1.4,6.1,90.9,94,35.19,67,2476,0x0000000000000000
08:27:12,16226,7092,6390877,10091086,18371740,1.3,6.2,91.0,87,35.41,66,2476,0x0000000000000000
08:27:13,16251,7092,6391901,10091086,18386867,59.6,5.8,42.4,75,29.59,63,2457,0x0000000000000000
08:27:14,16258,7092,6391901,10091086,18400961,55.2,7.4,89.9,96,49.18,70,2476,0x0000000000000000
08:27:15,16254,7092,6391901,10091086,18412089,43.3,8.0,90.2,96,49.89,71,2470,0x0000000000000000
08:27:16,16245,7092,6391901,10091086,18412275,0.7,6.9,69.0,96,51.12,67,2470,0x0000000000000000
08:27:17,16246,7092,6391901,10091086,18412629,1.4,6.8,90.0,75,34.81,67,2476,0x0000000000000000
08:27:18,16247,7092,6391901,10091086,18413070,1.7,6.9,90.8,75,34.86,66,2476,0x0000000000000000
08:27:19,16259,7092,6391901,10091086,18413505,1.7,6.4,89.0,72,34.41,65,2476,0x0000000000000000
08:27:20,16253,7092,6391901,10091086,18413933,1.7,7.1,90.0,77,34.71,66,2476,0x0000000000000000
08:27:21,16253,7092,6391901,10091086,18414104,0.7,3.3,36.0,87,28.53,63,2450,0x0000000000000000
08:27:22,16248,7092,6392271,10091086,18414401,1.4,2.2,15.0,0,13.63,62,2398,0x0000000000000000
08:27:23,16246,7092,6392271,10091086,18414401,0.0,7.2,100.0,96,54.28,70,2470,0x0000000000000000
08:27:24,16246,7092,6392286,10091086,18414628,0.9,7.4,94.0,96,46.97,65,2476,0x0000000000000000
08:27:25,16239,7092,6392286,10091086,18414903,1.2,8.0,91.9,87,34.67,66,2476,0x0000000000000000
08:27:26,16239,7092,6392288,10091086,18415310,1.6,6.9,89.0,90,34.78,66,2476,0x0000000000000000
08:27:27,16240,7092,6392288,10091086,18415795,1.9,7.3,89.8,83,34.23,66,2470,0x0000000000000000
08:27:28,16239,7092,6392290,10091086,18416195,1.6,7.2,90.0,86,34.71,65,2476,0x0000000000000000
08:27:29,16238,7092,6392291,10091086,18416261,0.3,2.5,27.6,71,23.58,62,2398,0x0000000000000000
08:27:30,16240,7092,6392291,10091086,18416261,0.0,1.9,23.8,0,13.45,62,2411,0x0000000000000000
08:27:31,16239,7092,6392404,10091086,18416379,0.5,1.9,24.2,0,13.37,61,2411,0x0000000000000000
08:27:32,16238,7092,6392404,10091086,18416379,0.0,6.6,100.0,96,50.29,68,2463,0x0000000000000000
08:27:33,16238,7092,6392404,10091086,18416536,0.6,6.3,93.9,96,49.22,66,2476,0x0000000000000000
08:27:34,16239,7092,6392404,10091086,18417022,1.9,7.2,88.0,83,34.22,65,2476,0x0000000000000000
08:27:35,16233,7092,6392404,10091086,18417495,1.9,8.3,88.2,85,34.15,65,2476,0x0000000000000000
08:27:36,16233,7092,6392404,10091086,18417972,1.9,6.9,57.4,81,34.36,65,2476,0x0000000000000000
08:27:37,16218,7092,6392404,10091086,18418437,1.8,7.2,45.9,84,34.14,65,2476,0x0000000000000000
08:27:38,16231,7092,6392404,10091086,18418926,1.9,7.2,88.8,83,34.19,65,2470,0x0000000000000000
08:27:39,16232,7092,6392405,10091086,18419361,1.7,7.5,90.1,85,34.42,65,2476,0x0000000000000000
08:27:40,16225,7092,6392405,10091086,18419813,1.8,8.0,80.0,80,34.26,65,2476,0x0000000000000000
08:27:41,16241,7092,6392405,10091086,18420127,1.2,4.5,54.5,83,32.82,63,2476,0x0000000000000000
08:27:42,16241,7092,6392405,10091086,18420127,0.0,0.9,13.0,0,13.36,61,2411,0x0000000000000000
08:27:43,16242,7092,6392405,10091086,18420127,0.0,1.0,12.1,0,13.20,61,2411,0x0000000000000000
08:27:44,16244,7092,6392537,10091086,18420236,0.5,6.8,90.9,96,43.37,68,2463,0x0000000000000000
08:27:45,16232,7092,6392539,10091086,18434330,55.1,6.8,68.7,96,50.17,65,2470,0x0000000000000000
08:27:46,16177,7092,6392539,10091110,18434334,0.1,6.9,65.7,1,14.86,63,2411,0x0000000000000000
08:27:47,16171,7092,6392539,10091110,18434384,0.2,7.7,95.0,95,49.55,65,2463,0x0000000000000000
08:27:48,16174,7092,6392539,10091110,18434676,1.1,7.4,92.9,90,36.70,65,2476,0x0000000000000000
08:27:49,16184,7092,6392539,10091110,18435226,2.1,7.1,87.8,83,36.22,64,2470,0x0000000000000000
08:27:50,16184,7092,6392539,10091110,18435762,2.1,8.4,87.9,79,35.57,64,2476,0x0000000000000000
08:27:51,16190,7092,6392539,10091110,18436445,2.7,7.6,64.0,83,35.15,65,2476,0x0000000000000000
08:27:52,16191,7092,6392539,10091110,18436964,2.0,7.7,73.7,83,35.95,65,2476,0x0000000000000000
08:27:53,16203,7092,6392542,10091110,18437377,1.6,7.8,90.8,84,35.82,63,2476,0x0000000000000000
08:27:54,16205,7092,6392551,10091110,18438015,2.5,7.4,86.0,80,35.06,64,2470,0x0000000000000000
08:27:55,16203,7092,6392551,10091110,18438651,2.6,7.4,85.7,76,35.37,65,2476,0x0000000000000000
08:27:56,16211,7092,6392806,10091110,18439438,7.2,7.4,68.3,79,35.25,65,2463,0x0000000000000000
08:27:57,16210,7092,6392808,10091110,18439440,0.0,1.5,24.2,0,19.82,61,2411,0x0000000000000000
08:27:58,16210,7092,6392808,10091110,18439440,0.0,1.4,24.2,0,13.02,60,2411,0x0000000000000000
08:27:59,16209,7092,6393105,10091110,18439690,1.3,5.3,66.0,0,33.14,68,2470,0x0000000000000000
08:28:00,16043,7092,6393105,10091110,18466357,104.2,6.6,42.3,64,38.87,62,2437,0x0000000000000000
08:28:01,16047,7092,6393105,10091110,18466357,0.0,6.2,100.0,96,48.84,67,2457,0x0000000000000000
08:28:02,16040,7092,6393107,10091110,18466358,0.0,6.3,100.0,96,58.83,68,2457,0x0000000000000000
08:28:03,16040,7092,6393109,10091110,18466443,0.3,6.0,97.0,96,51.94,65,2470,0x0000000000000000
08:28:04,16041,7092,6393109,10091110,18466671,0.9,6.0,91.0,94,39.54,66,2489,0x0000000000000000
08:28:05,16025,7092,6393116,10091110,18467355,2.7,6.2,56.6,85,36.32,63,2470,0x0000000000000000
08:28:06,16027,7092,6393116,10091110,18467865,2.0,5.4,83.8,76,36.04,65,2470,0x0000000000000000
08:28:07,16028,7092,6393116,10091110,18468384,2.1,5.7,79.0,73,36.14,65,2470,0x0000000000000000
08:28:08,16023,7092,6393116,10091110,18468857,1.8,5.7,43.0,88,36.05,65,2476,0x0000000000000000
08:28:09,16024,7092,6393116,10091110,18469421,2.2,6.8,58.0,70,35.87,65,2463,0x0000000000000000
08:28:10,16023,7092,6393116,10091110,18470016,2.3,6.3,55.6,63,36.07,65,2457,0x0000000000000000
08:28:11,16021,7092,6393116,10091110,18470573,2.2,5.6,82.2,65,36.05,63,2470,0x0000000000000000
08:28:12,16023,7092,6393116,10091110,18471195,2.4,5.3,80.0,90,36.25,65,2470,0x0000000000000000
08:28:13,16024,7092,6393116,10091110,18471832,2.5,5.3,53.5,68,34.87,65,2463,0x0000000000000000
08:28:14,16020,7092,6393116,10091110,18472420,2.3,5.6,80.8,64,35.71,63,2470,0x0000000000000000
08:28:15,16019,7092,6393118,10091110,18472877,1.8,6.7,87.8,55,36.67,64,2476,0x0000000000000000
08:28:16,16020,7092,6393118,10091110,18472877,0.0,1.1,16.0,0,20.47,60,2411,0x0000000000000000
08:28:17,16034,7092,6393189,10091110,18477259,17.2,3.1,31.0,0,18.77,65,2411,0x0000000000000000
08:28:18,16036,7092,6393189,10091110,18477619,1.5,7.6,90.9,71,39.06,63,2483,0x0000000000000000
08:28:19,16037,7092,6393191,10091110,18477832,0.8,7.8,89.0,94,35.66,64,2483,0x0000000000000000
08:28:20,16028,7092,6393191,10091110,18477956,0.6,8.2,94.1,94,42.28,64,2476,0x0000000000000000
08:28:21,16029,7092,6393191,10091110,18478039,0.3,7.9,91.0,93,36.61,64,2476,0x0000000000000000
08:28:22,16028,7092,6393191,10091110,18478337,1.2,7.6,92.9,95,41.91,64,2470,0x0000000000000000
08:28:23,16028,7092,6393286,10091110,18478466,0.6,8.2,94.9,93,36.33,64,2483,0x0000000000000000
08:28:24,16027,7092,6393317,10091110,18478628,0.6,8.1,95.0,95,43.52,65,2483,0x0000000000000000
08:28:25,16028,7092,6393317,10091110,18478804,0.7,8.2,83.0,73,35.92,65,2483,0x0000000000000000
08:28:26,16029,7092,6393323,10091110,18478873,0.3,7.9,92.9,94,43.13,67,2483,0x0000000000000000
08:28:27,16028,7092,6393323,10091110,18478913,0.2,7.6,97.0,89,36.81,65,2483,0x0000000000000000
08:28:28,16030,7092,6393324,10091110,18479119,0.8,6.9,55.0,94,42.81,67,2483,0x0000000000000000
08:28:29,16027,7092,6393324,10091110,18479285,0.7,7.1,71.3,75,34.79,64,2476,0x0000000000000000
08:28:30,16028,7092,6393324,10091110,18479384,0.8,8.0,91.9,87,40.39,67,2489,0x0000000000000000
08:28:31,16029,7092,6393324,10091110,18479427,0.2,7.0,98.0,94,39.52,64,2483,0x0000000000000000
08:28:32,16027,7092,6393324,10091110,18479517,0.4,7.3,55.0,81,38.63,67,2483,0x0000000000000000
08:28:33,16029,7092,6393324,10091110,18479581,0.2,7.1,98.0,94,41.12,65,2483,0x0000000000000000
08:28:34,16028,7092,6393325,10091110,18479661,0.3,7.2,91.9,94,39.08,67,2483,0x0000000000000000
08:28:35,16027,7092,6393325,10091110,18479686,0.1,7.8,98.0,94,41.51,65,2476,0x0000000000000000
08:28:36,16026,7092,6393331,10091110,18479781,0.4,7.1,93.0,92,38.13,66,2483,0x0000000000000000
08:28:37,16025,7092,6393331,10091110,18479806,0.1,7.3,98.0,94,42.38,65,2483,0x0000000000000000
08:28:38,16014,7092,6393334,10091110,18479922,0.5,7.4,91.9,92,36.90,65,2476,0x0000000000000000
08:28:39,16014,7092,6393334,10091110,18480012,0.4,6.9,95.1,79,42.57,65,2476,0x0000000000000000
08:28:40,16015,7092,6393335,10091110,18480133,0.5,7.9,92.9,87,40.28,68,2489,0x0000000000000000
08:28:41,16015,7092,6393335,10091110,18480202,0.3,6.8,94.0,94,39.41,64,2476,0x0000000000000000
08:28:42,16012,7092,6393336,10091110,18480220,0.1,7.2,94.9,94,36.39,64,2489,0x0000000000000000
08:28:43,16012,7092,6393336,10091110,18480307,0.3,7.1,95.0,95,43.13,65,2483,0x0000000000000000
08:28:44,16013,7092,6393336,10091110,18480398,0.4,7.3,95.0,92,36.34,65,2476,0x0000000000000000
08:28:45,16016,7092,6393337,10091110,18480482,0.3,7.7,92.0,92,43.19,68,2483,0x0000000000000000
08:28:46,16018,7092,6393337,10091110,18480747,1.0,6.7,91.9,85,34.74,65,2476,0x0000000000000000
08:28:47,16011,7092,6393337,10091110,18480925,0.7,7.1,93.9,83,35.26,65,2476,0x0000000000000000
08:28:48,16012,7092,6393337,10091110,18480990,0.3,7.0,92.1,94,41.98,67,2483,0x0000000000000000
08:28:49,16014,7092,6393337,10091110,18481041,0.2,7.1,97.0,78,37.94,64,2489,0x0000000000000000
08:28:50,16015,7092,6393338,10091110,18481161,0.5,7.8,93.0,92,38.49,66,2483,0x0000000000000000
08:28:51,16018,7092,6393338,10091110,18481218,0.3,7.1,97.0,94,41.79,65,2483,0x0000000000000000
08:28:52,16023,7092,6393339,10091110,18481315,0.4,7.4,82.2,92,36.50,65,2476,0x0000000000000000
08:28:53,16025,7092,6393339,10091110,18481323,0.0,7.6,99.0,95,43.33,65,2489,0x0000000000000000
08:28:54,16025,7092,6393352,10091110,18481365,0.2,7.3,93.0,94,37.02,65,2489,0x0000000000000000
08:28:55,16021,7092,6393352,10091110,18481583,0.9,7.6,91.1,95,42.77,65,2476,0x0000000000000000
08:28:56,16021,7092,6393352,10091110,18481645,0.2,7.1,96.0,94,35.76,65,2483,0x0000000000000000
08:28:57,16030,7092,6393353,10091110,18481714,0.4,8.4,55.4,94,42.11,68,2483,0x0000000000000000
08:28:58,16032,7092,6393353,10091110,18481779,0.3,7.9,95.0,78,37.64,65,2483,0x0000000000000000
08:28:59,16032,7092,6393354,10091110,18481892,0.4,7.6,59.4,85,38.18,67,2483,0x0000000000000000
08:29:00,16032,7092,6393354,10091110,18481916,0.1,8.7,98.0,94,42.38,65,2483,0x0000000000000000
08:29:01,16030,7092,6393354,10091110,18482005,0.4,7.9,70.0,95,37.08,65,2476,0x0000000000000000
08:29:02,16028,7092,6393354,10091110,18482029,0.1,8.5,97.0,94,43.30,65,2483,0x0000000000000000
08:29:03,16028,7092,6393358,10091110,18482130,0.4,7.7,76.5,94,37.22,65,2483,0x0000000000000000
08:29:04,16028,7092,6393358,10091110,18482236,0.4,7.2,95.0,96,42.43,64,2476,0x0000000000000000
08:29:05,16028,7092,6393358,10091110,18482356,0.5,8.0,71.0,94,36.94,65,2476,0x0000000000000000
08:29:06,16028,7092,6393358,10091110,18482485,0.5,7.1,95.0,94,42.61,65,2483,0x0000000000000000
08:29:07,16035,7092,6393358,10091110,18482586,0.4,7.2,82.0,92,36.29,65,2483,0x0000000000000000
08:29:08,16035,7092,6393358,10091110,18482594,0.0,7.3,98.0,95,43.28,65,2483,0x0000000000000000
08:29:09,16035,7092,6393359,10091110,18482629,0.1,7.4,95.0,92,36.85,65,2483,0x0000000000000000
08:29:10,16035,7092,6393359,10091110,18482738,0.4,7.7,95.0,95,43.25,65,2483,0x0000000000000000
08:29:11,16035,7092,6393359,10091110,18482793,0.2,7.2,97.0,92,36.51,65,2476,0x0000000000000000
08:29:12,16020,7092,6393362,10091110,18482916,0.5,7.4,92.9,88,42.50,68,2483,0x0000000000000000
08:29:13,16028,7092,6393362,10091110,18482940,0.1,7.4,99.0,79,37.92,65,2489,0x0000000000000000
08:29:14,16028,7092,6393363,10091110,18483052,0.4,7.0,50.5,91,41.76,68,2483,0x0000000000000000
08:29:15,16029,7092,6393363,10091110,18483128,0.3,7.6,97.0,88,37.83,65,2483,0x0000000000000000
08:29:16,16029,7092,6393366,10091110,18483202,0.3,6.9,78.8,94,36.87,65,2489,0x0000000000000000
08:29:17,16029,7092,6393366,10091110,18483255,0.2,7.9,95.0,95,42.59,65,2476,0x0000000000000000
08:29:18,16021,7092,6393367,10091110,18483343,0.3,7.7,80.2,94,37.07,65,2489,0x0000000000000000
08:29:19,16021,7092,6393367,10091110,18483368,0.1,8.0,98.0,95,43.43,65,2476,0x0000000000000000
08:29:20,16023,7092,6393368,10091110,18483480,0.4,7.1,91.0,94,37.30,65,2483,0x0000000000000000
08:29:21,16025,7092,6393368,10091110,18483503,0.1,6.1,97.0,95,43.62,65,2483,0x0000000000000000
08:29:22,16025,7092,6393368,10091110,18483536,0.1,6.2,99.0,94,36.58,65,2476,0x0000000000000000
08:29:23,16032,7092,6393368,10091110,18483536,0.0,1.5,13.0,18,22.37,61,2411,0x0000000000000000
08:29:24,16032,7092,6393374,10091110,18483542,0.0,1.0,13.1,0,13.17,60,2411,0x0000000000000000
08:29:25,16031,7092,6393374,10091110,18483542,0.0,1.4,12.9,0,12.98,60,2411,0x0000000000000000
08:29:26,16031,7092,6393389,10091110,18483556,0.1,1.5,7.1,0,12.93,60,2411,0x0000000000000000
08:29:27,16036,7090,6393473,10091110,18483620,0.5,1.1,12.1,0,12.90,59,2411,0x0000000000000000
08:29:28,16056,7090,6393528,10091110,18484273,2.7,5.5,76.8,2,28.54,63,2476,0x0000000000000000
08:29:29,16056,7090,6393529,10091110,18484400,0.5,6.1,96.0,93,36.21,63,2476,0x0000000000000000
08:29:30,16055,7090,6393530,10091110,18484810,1.9,6.6,89.9,73,33.52,62,2476,0x0000000000000000
08:29:31,16055,7090,6393530,10091110,18485328,2.0,5.6,86.9,71,33.67,63,2470,0x0000000000000000
08:29:32,16055,7090,6393530,10091110,18485854,2.1,6.1,87.9,74,33.34,63,2476,0x0000000000000000
08:29:33,16056,7090,6393530,10091110,18486410,2.2,6.2,88.0,70,33.47,62,2476,0x0000000000000000
08:29:34,16056,7090,6393530,10091110,18486899,2.0,7.8,73.0,68,33.63,63,2476,0x0000000000000000
08:29:35,16047,7090,6393530,10091110,18487293,1.5,8.1,90.0,84,33.99,63,2476,0x0000000000000000
08:29:36,16048,7090,6393530,10091110,18487738,1.8,7.8,58.6,85,34.01,63,2476,0x0000000000000000
08:29:37,16048,7090,6393531,10091110,18488144,1.6,7.9,89.8,70,34.09,63,2483,0x0000000000000000
08:29:38,16047,7090,6393531,10091110,18488639,1.9,7.6,88.0,85,33.50,63,2476,0x0000000000000000
08:29:39,16049,7090,6393531,10091110,18489232,2.3,7.6,88.0,83,32.99,63,2476,0x0000000000000000
08:29:40,16047,7090,6393531,10091110,18489684,1.8,8.2,89.1,79,33.62,63,2483,0x0000000000000000
08:29:41,16046,7090,6393531,10091110,18490202,2.0,7.7,87.9,88,33.77,63,2476,0x0000000000000000
08:29:42,16047,7090,6393531,10091110,18490653,1.8,8.0,90.3,91,34.04,63,2476,0x0000000000000000
08:29:43,16048,7090,6393531,10091110,18491127,1.9,7.7,88.9,85,33.73,63,2476,0x0000000000000000
08:29:44,16047,7090,6393531,10091110,18491508,1.5,8.1,90.9,87,33.82,63,2476,0x0000000000000000
08:29:45,16048,7090,6393531,10091110,18491992,1.9,8.1,89.0,81,33.68,62,2476,0x0000000000000000
08:29:46,16047,7090,6393531,10091110,18492501,2.0,7.7,89.0,82,33.63,63,2476,0x0000000000000000
08:29:47,16046,7090,6393531,10091110,18492774,1.1,7.7,84.8,80,34.30,63,2483,0x0000000000000000
08:29:48,16046,7090,6393531,10091110,18492855,0.3,8.1,94.9,95,38.39,64,2483,0x0000000000000000
08:29:49,16046,7090,6393531,10091110,18492966,0.4,8.8,97.0,94,37.20,64,2489,0x0000000000000000
08:29:50,16044,7090,6393532,10091110,18493300,1.3,6.6,72.3,73,33.72,64,2483,0x0000000000000000
08:29:51,16045,7090,6393532,10091110,18493515,0.8,6.2,95.0,84,34.50,64,2489,0x0000000000000000
08:29:52,16045,7090,6393532,10091110,18493701,0.7,6.0,92.1,94,34.96,63,2483,0x0000000000000000
08:29:53,16046,7090,6393532,10091110,18493869,0.7,6.0,92.9,78,34.67,63,2483,0x0000000000000000
08:29:54,16045,7090,6393550,10091110,18494119,1.0,7.5,93.0,87,34.97,63,2483,0x0000000000000000
08:29:55,16044,7090,6393550,10091110,18494482,1.5,7.9,88.9,87,34.55,63,2476,0x0000000000000000
08:29:56,16043,7090,6393550,10091110,18494999,2.0,7.6,69.0,84,32.97,63,2476,0x0000000000000000
08:29:57,16045,7090,6393550,10091110,18495534,2.1,7.4,60.0,76,33.29,62,2476,0x0000000000000000
08:29:58,16046,7090,6393550,10091110,18496046,2.0,7.3,88.9,77,33.28,62,2483,0x0000000000000000
08:29:59,16048,7090,6393550,10091110,18496489,1.7,7.5,89.1,71,33.56,63,2476,0x0000000000000000
08:30:00,16044,7090,6393550,10091110,18496995,2.1,7.8,87.8,76,33.15,63,2476,0x0000000000000000
08:30:01,16042,7090,6393550,10091110,18497455,2.1,7.3,88.9,83,33.16,63,2476,0x0000000000000000
08:30:02,16042,7090,6393550,10091110,18497966,2.0,7.3,87.9,90,33.37,63,2476,0x0000000000000000
08:30:03,16043,7090,6393550,10091110,18498429,1.8,7.4,89.2,84,33.77,63,2476,0x0000000000000000
08:30:04,16043,7090,6393550,10091110,18498919,1.9,7.3,71.4,72,33.21,62,2476,0x0000000000000000
08:30:05,16036,7090,6393550,10091110,18499455,2.1,7.8,65.3,76,33.21,62,2476,0x0000000000000000
08:30:06,16030,7090,6393550,10091110,18499930,1.9,7.5,74.0,73,33.22,62,2476,0x0000000000000000
08:30:07,16031,7090,6393566,10091110,18500201,1.1,7.4,64.4,73,37.62,64,2483,0x0000000000000000
08:30:08,16031,7090,6393566,10091110,18500201,0.0,8.1,100.0,94,36.38,64,2483,0x0000000000000000
08:30:09,16032,7090,6393566,10091110,18500326,0.5,7.5,93.9,91,35.88,63,2483,0x0000000000000000
08:30:10,16029,7090,6393566,10091110,18500663,1.4,8.2,83.0,85,33.87,63,2476,0x0000000000000000
08:30:11,16030,7090,6393566,10091110,18501070,1.6,7.4,55.4,77,33.54,63,2476,0x0000000000000000
08:30:12,16031,7090,6393566,10091110,18501528,1.8,7.3,89.8,81,33.31,63,2476,0x0000000000000000
08:30:13,16031,7090,6393566,10091110,18501885,1.4,7.6,90.0,92,34.08,63,2476,0x0000000000000000
08:30:14,16032,7090,6393566,10091110,18502241,1.4,7.7,78.8,84,33.83,63,2476,0x0000000000000000
08:30:15,16032,7090,6393566,10091110,18502531,1.2,8.2,48.0,83,33.94,63,2476,0x0000000000000000
08:30:16,16032,7090,6393566,10091110,18502964,1.7,7.2,89.8,77,34.25,63,2476,0x0000000000000000
08:30:17,16035,7090,6393566,10091110,18503208,0.9,7.4,92.9,91,34.57,63,2483,0x0000000000000000
08:30:18,16035,7090,6393567,10091110,18503486,1.1,7.3,92.0,82,34.43,63,2483,0x0000000000000000
08:30:19,16035,7090,6393567,10091110,18503796,1.2,7.4,91.8,84,34.13,63,2483,0x0000000000000000
08:30:20,16036,7090,6393567,10091110,18504153,1.4,9.2,84.0,82,33.55,63,2483,0x0000000000000000
08:30:21,16037,7090,6393567,10091110,18504582,1.7,7.4,90.0,89,33.70,63,2476,0x0000000000000000
08:30:22,16040,7090,6393567,10091110,18505134,2.2,7.1,88.0,81,33.60,62,2476,0x0000000000000000
08:30:23,16042,7090,6393567,10091110,18505566,1.7,7.5,91.1,82,33.44,63,2476,0x0000000000000000
08:30:24,16043,7090,6393578,10091110,18506022,1.8,7.5,50.5,90,33.34,63,2476,0x0000000000000000
08:30:25,16043,7090,6393582,10091110,18506333,1.2,8.2,91.0,79,33.77,63,2476,0x0000000000000000
08:30:26,16044,7090,6393582,10091110,18506738,1.6,7.4,70.3,82,33.89,63,2476,0x0000000000000000
08:30:27,16010,7090,6395635,10091110,18533128,104.9,4.6,23.4,0,22.35,64,2424,0x0000000000000000
08:30:28,16009,7090,6395635,10091110,18533130,0.1,7.8,100.0,96,52.02,69,2457,0x0000000000000000
08:30:29,16010,7090,6395635,10091110,18533130,0.0,7.6,100.0,96,60.06,67,2457,0x0000000000000000
08:30:30,16003,7090,6395635,10091110,18533132,0.0,8.2,100.0,96,59.60,68,2457,0x0000000000000000
08:30:31,16015,7090,6395635,10091110,18539968,26.7,6.8,61.0,96,56.02,68,2457,0x0000000000000000
08:30:32,16017,7090,6395635,10091110,18539968,0.0,7.0,100.0,96,60.95,68,2457,0x0000000000000000
08:30:33,16019,7090,6395635,10091110,18539968,0.0,6.7,100.0,96,60.85,68,2457,0x0000000000000000
08:30:34,16038,7090,6395635,10091113,18560293,79.4,6.6,86.6,96,60.27,68,2470,0x0000000000000000
08:30:35,16033,7090,6395635,10091113,18577263,66.7,7.3,94.0,30,45.75,68,2457,0x0000000000000000
08:30:36,16033,7090,6395635,10091113,18577267,0.0,7.0,100.0,96,61.08,69,2457,0x0000000000000000
08:30:37,16033,7090,6395635,10091113,18577267,0.0,6.7,100.0,96,60.68,72,2463,0x0000000000000000
08:30:38,16038,7090,6395635,10091113,18606110,112.7,6.0,65.7,96,54.52,64,2437,0x0000000000000000
08:30:39,16038,7090,6395635,10091113,18606115,0.2,7.0,100.0,96,54.44,69,2457,0x0000000000000000
08:30:40,16022,7090,6395636,10091113,18606116,0.0,7.6,99.0,96,60.43,70,2457,0x0000000000000000
08:30:41,16032,7090,6395636,10091113,18618758,49.4,7.2,78.8,26,53.77,69,2476,0x0000000000000000
08:30:42,16032,7090,6395637,10091113,18618877,0.5,8.0,96.0,94,45.53,65,2489,0x0000000000000000
08:30:43,16032,7090,6395637,10091113,18619261,1.6,7.5,91.0,84,34.63,64,2476,0x0000000000000000
08:30:44,16032,7090,6395637,10091113,18619461,0.8,8.2,93.1,94,35.50,64,2476,0x0000000000000000
08:30:45,16024,7090,6395637,10091113,18619850,1.6,8.4,88.9,89,34.53,64,2476,0x0000000000000000
08:30:46,16033,7090,6395637,10091113,18620296,1.7,8.1,89.9,88,34.32,63,2476,0x0000000000000000
08:30:47,16034,7090,6395637,10091113,18620701,1.6,7.5,90.1,78,33.96,63,2476,0x0000000000000000
08:30:48,16038,7090,6395637,10091113,18621109,1.9,7.7,71.7,79,34.47,64,2476,0x0000000000000000
08:30:49,16041,7090,6395637,10091113,18621465,1.4,6.6,91.0,90,34.34,64,2476,0x0000000000000000
08:30:50,16035,7090,6395640,10091113,18621855,1.8,7.4,81.8,86,34.00,64,2476,0x0000000000000000
08:30:51,16035,7090,6395640,10091113,18622083,0.9,7.0,98.0,96,52.06,68,2476,0x0000000000000000
08:30:52,16035,7090,6395640,10091113,18622233,0.6,7.1,93.9,87,39.93,65,2476,0x0000000000000000
08:30:53,16035,7090,6395642,10091113,18622454,0.9,7.2,93.1,84,34.94,64,2476,0x0000000000000000
08:30:54,16037,7089,6395661,10091113,18622928,1.9,6.9,89.0,81,34.27,63,2476,0x0000000000000000
08:30:55,16037,7089,6395661,10091113,18623085,0.6,7.9,95.9,89,35.07,64,2483,0x0000000000000000
08:30:56,16038,7089,6395661,10091113,18623413,1.3,6.9,92.0,79,34.90,64,2476,0x0000000000000000
08:30:57,16038,7089,6395661,10091113,18623831,1.6,6.7,79.8,83,34.39,64,2476,0x0000000000000000
08:30:58,16037,7089,6395661,10091113,18624105,1.1,6.8,93.0,84,34.50,64,2476,0x0000000000000000
08:30:59,16037,7089,6395661,10091113,18624340,0.9,6.9,90.2,88,35.26,64,2476,0x0000000000000000
08:31:00,15984,7089,6396415,10091113,18625040,3.4,6.4,40.0,94,33.44,63,2463,0x0000000000000000
08:31:01,15961,7089,6397216,10091113,18625745,3.3,6.4,65.7,0,30.19,68,2457,0x0000000000000000
08:31:02,15965,7089,6397216,10091113,18625745,0.0,8.0,100.0,96,59.78,68,2450,0x0000000000000000
08:31:03,15966,7089,6397216,10091113,18625745,0.0,8.1,100.0,96,60.33,69,2450,0x0000000000000000
08:31:04,15970,7089,6397216,10091113,18625745,0.0,7.7,99.0,96,59.64,68,2463,0x0000000000000000
08:31:05,15967,7089,6397216,10091113,18625745,0.0,8.3,100.0,96,59.43,71,2457,0x0000000000000000
08:31:06,15967,7089,6397217,10091113,18625746,0.0,8.0,100.0,96,60.87,72,2457,0x0000000000000000
08:31:07,15969,7089,6397217,10091113,18625746,0.0,8.1,100.0,96,60.38,69,2457,0x0000000000000000
08:31:08,15993,7089,6397218,10091113,18663315,146.8,6.7,39.2,96,46.67,68,2418,0x0000000000000000
08:31:09,15994,7089,6397218,10091113,18663317,0.1,6.3,100.0,96,61.51,69,2457,0x0000000000000000
08:31:10,15986,7089,6397218,10091113,18663317,0.0,7.0,100.0,96,61.72,69,2450,0x0000000000000000
08:31:11,15976,7089,6397221,10091113,18663322,2.1,6.5,100.0,96,60.28,69,2457,0x0000000000000000
08:31:12,15987,7089,6397221,10091113,18669707,24.9,7.2,81.6,63,57.81,70,2457,0x0000000000000000
08:31:13,15987,7089,6397221,10091113,18669707,0.0,7.8,100.0,96,61.58,71,2457,0x0000000000000000
08:31:14,15988,7089,6397221,10091113,18669707,0.0,7.8,100.0,96,61.76,70,2457,0x0000000000000000
08:31:15,15980,7089,6397221,10091113,18669707,0.0,8.2,72.7,96,59.80,69,2457,0x0000000000000000
08:31:16,15981,7089,6397221,10091113,18669707,0.0,7.8,100.0,96,61.76,70,2450,0x0000000000000000
08:31:17,15983,7089,6397221,10091113,18669707,0.0,7.8,100.0,96,61.94,70,2450,0x0000000000000000
08:31:18,15983,7089,6397221,10091113,18669707,0.0,7.8,100.0,96,61.32,70,2457,0x0000000000000000
08:31:19,15936,7089,6397221,10091116,18725128,216.5,14.4,41.1,96,42.32,66,2398,0x0000000000000000
08:31:20,15927,7089,6397221,10091116,18725129,0.0,6.8,100.0,96,61.74,70,2457,0x0000000000000000
08:31:21,15927,7089,6397221,10091116,18725129,0.0,6.1,100.0,96,61.99,72,2457,0x0000000000000000
08:31:22,15926,7089,6397221,10091116,18725129,0.0,6.0,100.0,96,61.22,71,2450,0x0000000000000000
08:31:23,15955,7089,6397221,10091117,18780150,214.9,5.9,37.5,96,41.62,63,2398,0x0000000000000000
08:31:24,15955,7089,6397236,10091117,18780165,0.1,8.3,100.0,96,59.86,71,2450,0x0000000000000000
08:31:25,15955,7089,6397236,10091117,18780182,1.0,8.9,100.0,96,62.44,71,2444,0x0000000000000000
08:31:26,15955,7089,6397236,10091117,18780182,0.0,8.0,100.0,96,61.69,69,2457,0x0000000000000000
08:31:27,15975,7089,6397256,10091117,18822287,164.5,7.8,48.5,96,46.75,64,2398,0x0000000000000000
08:31:28,15974,7089,6397256,10091117,18822287,0.0,7.8,100.0,96,60.96,74,2450,0x0000000000000000
08:31:29,15974,7089,6397257,10091117,18822288,0.0,7.6,100.0,96,62.32,73,2444,0x0000000000000000
08:31:30,15961,7089,6397257,10091117,18822288,0.0,7.9,100.0,96,61.67,70,2450,0x0000000000000000
08:31:31,15969,7089,6397257,10091117,18842134,77.5,7.6,55.6,96,53.43,70,2411,0x0000000000000000
08:31:32,15969,7089,6397257,10091117,18842134,0.0,6.9,100.0,96,62.49,71,2450,0x0000000000000000
08:31:33,15961,7089,6397257,10091117,18842140,0.2,6.9,100.0,96,62.74,70,2450,0x0000000000000000
08:31:34,15960,7089,6397257,10091117,18842140,0.0,6.8,100.0,96,62.08,74,2450,0x0000000000000000
08:31:35,15946,7089,6397257,10091117,18879744,146.9,6.9,41.2,96,46.58,69,2398,0x0000000000000000
08:31:36,15946,7089,6397257,10091117,18879744,0.0,6.7,100.0,96,61.80,71,2444,0x0000000000000000
08:31:37,15946,7089,6397257,10091117,18879744,0.0,6.6,100.0,96,61.73,70,2444,0x0000000000000000
08:31:38,15960,7089,6397257,10091117,18899604,78.6,7.1,69.4,0,52.72,72,2463,0x0000000000000000
08:31:39,15960,7089,6397257,10091117,18899604,0.0,8.0,100.0,96,60.01,69,2457,0x0000000000000000
08:31:40,15958,7089,6397257,10091117,18899842,1.1,8.2,73.0,95,37.25,67,2483,0x0000000000000000
08:31:41,15958,7089,6397257,10091117,18900082,0.9,7.4,93.9,90,35.03,67,2476,0x0000000000000000
08:31:42,15959,7089,6397257,10091117,18900336,1.0,6.8,92.1,84,36.00,66,2483,0x0000000000000000
08:31:43,15962,7089,6397257,10091117,18900723,1.6,6.7,89.0,75,34.61,67,2476,0x0000000000000000
08:31:44,15963,7089,6397257,10091117,18901090,1.4,7.2,91.1,79,34.86,67,2476,0x0000000000000000
08:31:45,15963,7089,6397257,10091117,18901430,1.3,7.6,91.0,72,34.52,65,2476,0x0000000000000000
08:31:46,15965,7089,6397257,10091117,18901700,1.1,6.9,91.9,88,35.61,67,2476,0x0000000000000000
08:31:47,15965,7089,6397257,10091117,18902111,1.6,6.7,91.1,86,35.10,66,2483,0x0000000000000000
08:31:48,15962,7089,6397257,10091117,18902453,1.3,6.5,84.7,74,34.85,66,2476,0x0000000000000000
08:31:49,15958,7089,6397257,10091117,18902453,0.0,7.0,100.0,96,50.01,71,2463,0x0000000000000000
08:31:50,15957,7089,6397257,10091117,18902518,0.3,7.8,96.0,96,55.15,67,2476,0x0000000000000000
08:31:51,15958,7089,6397257,10091117,18902680,0.6,7.0,93.1,77,35.71,66,2483,0x0000000000000000
08:31:52,15958,7089,6397257,10091117,18902766,0.3,7.2,94.9,93,36.35,66,2483,0x0000000000000000
08:31:53,15958,7089,6397257,10091117,18902882,0.5,7.1,94.9,94,36.30,66,2476,0x0000000000000000
08:31:54,15958,7089,6397272,10091117,18903033,0.6,7.4,94.0,94,35.88,66,2483,0x0000000000000000
08:31:55,15958,7089,6397272,10091117,18903089,0.3,8.2,96.0,92,36.34,66,2483,0x0000000000000000
08:31:56,15959,7089,6397272,10091117,18903125,0.1,7.5,99.0,94,36.74,66,2489,0x0000000000000000
08:31:57,15959,7089,6397272,10091117,18903215,0.4,7.6,93.0,86,36.33,66,2483,0x0000000000000000
08:31:58,15939,7089,6397750,10091117,18903704,2.2,6.2,77.7,89,27.20,62,2398,0x0000000000000000
08:31:59,15929,7089,6397750,10091117,18903766,0.2,7.0,89.1,1,34.56,73,2457,0x0000000000000000
08:32:00,15922,7089,6397750,10091117,18903767,0.1,7.8,100.0,96,61.12,70,2457,0x0000000000000000
08:32:01,15925,7089,6397750,10091117,18903767,0.0,6.9,100.0,96,61.13,70,2450,0x0000000000000000
08:32:02,15928,7089,6397750,10091117,18903767,0.0,6.8,77.0,96,60.46,71,2470,0x0000000000000000
08:32:03,15932,7089,6397750,10091117,18903767,0.0,7.0,100.0,96,60.74,70,2457,0x0000000000000000
08:32:04,15934,7089,6397750,10091117,18903767,0.0,7.1,100.0,96,61.63,72,2450,0x0000000000000000
08:32:05,15932,7089,6397750,10091117,18903768,0.0,7.7,100.0,96,61.43,72,2450,0x0000000000000000
08:32:06,15933,7089,6397750,10091117,18903768,0.0,7.0,81.8,75,60.24,71,2450,0x0000000000000000
08:32:07,15933,7089,6397750,10091117,18903768,0.0,7.0,100.0,96,61.83,70,2450,0x0000000000000000
08:32:08,15935,7089,6397750,10091117,18903768,0.0,7.0,100.0,96,61.95,72,2457,0x0000000000000000
08:32:09,15941,7089,6397750,10091117,18903768,0.0,6.6,99.0,96,59.97,69,2463,0x0000000000000000
08:32:10,15941,7089,6397750,10091117,18903768,0.0,7.9,100.0,96,61.22,72,2450,0x0000000000000000
08:32:11,15941,7089,6397750,10091117,18903768,0.0,6.9,100.0,96,62.30,71,2444,0x0000000000000000
08:32:12,15936,7089,6397750,10091117,18903768,0.0,6.7,100.0,96,61.60,71,2450,0x0000000000000000
08:32:13,15936,7089,6397750,10091117,18903768,0.0,6.9,98.0,95,60.32,71,2457,0x0000000000000000
08:32:14,15937,7089,6397750,10091117,18903769,0.0,7.2,100.0,96,62.37,71,2450,0x0000000000000000
08:32:15,15928,7089,6397750,10091117,18903769,0.0,7.6,100.0,96,62.32,73,2444,0x0000000000000000
08:32:16,15937,7089,6397750,10091117,18903782,2.4,7.4,99.0,96,61.60,72,2450,0x0000000000000000
08:32:17,15938,7089,6397750,10091117,18903782,0.0,7.8,100.0,96,61.03,73,2437,0x0000000000000000
08:32:18,15938,7089,6397750,10091117,18903782,0.0,7.9,100.0,96,61.91,72,2444,0x0000000000000000
08:32:19,15941,7089,6397750,10091117,18903782,0.0,7.8,100.0,96,61.99,73,2444,0x0000000000000000
08:32:20,15936,7089,6397750,10091117,18903782,0.0,8.1,99.0,96,60.46,72,2444,0x0000000000000000
08:32:21,15937,7089,6397750,10091117,18903782,0.0,7.7,100.0,96,62.71,75,2444,0x0000000000000000
08:32:22,15937,7089,6397750,10091117,18903782,0.0,7.9,100.0,96,62.17,72,2450,0x0000000000000000
08:32:23,15939,7089,6397750,10091117,18903782,0.0,8.0,100.0,96,62.31,72,2450,0x0000000000000000
08:32:24,15939,7089,6397762,10091117,18903794,0.0,6.9,70.7,96,61.25,72,2444,0x0000000000000000
08:32:25,15936,7089,6397762,10091117,18903794,0.0,6.7,100.0,96,62.77,74,2444,0x0000000000000000
08:32:26,15937,7089,6397762,10091117,18903794,0.0,6.1,100.0,96,62.70,71,2444,0x0000000000000000
08:32:27,15937,7089,6397762,10091117,18903794,0.0,6.1,100.0,96,62.29,73,2437,0x0000000000000000
08:32:28,15981,7089,6397762,10091117,18929190,99.2,6.6,77.8,10,51.47,72,2444,0x0000000000000000
08:32:29,15980,7089,6397762,10091117,18929190,0.0,6.7,100.0,96,62.86,73,2444,0x0000000000000000
08:32:30,15976,7089,6397762,10091117,18929190,0.0,7.4,100.0,96,63.04,75,2444,0x0000000000000000
08:32:31,15976,7089,6397762,10091117,18929403,0.9,7.0,99.0,96,61.60,72,2437,0x0000000000000000
08:32:32,15927,7089,6397762,10091117,19004855,294.7,6.0,47.9,0,34.90,74,2424,0x0000000000000000
08:32:33,15927,7089,6397762,10091117,19004855,0.0,7.6,100.0,96,63.15,73,2444,0x0000000000000000
08:32:34,15926,7089,6397762,10091117,19004855,0.0,7.9,100.0,96,63.00,74,2444,0x0000000000000000
08:32:35,15926,7089,6397762,10091117,19004858,0.1,8.4,100.0,96,62.64,73,2437,0x0000000000000000
08:32:36,15935,7089,6397762,10091117,19058328,208.9,6.8,37.8,96,42.16,65,2398,0x0000000000000000
08:32:37,15934,7089,6397762,10091117,19058328,0.0,7.9,100.0,96,62.02,72,2444,0x0000000000000000
08:32:38,15934,7089,6397762,10091117,19058333,0.2,8.1,100.0,96,62.94,74,2444,0x0000000000000000
08:32:39,15934,7089,6397762,10091117,19058333,0.0,8.5,100.0,96,62.34,75,2437,0x0000000000000000
08:32:40,15967,7089,6397762,10091119,19109190,198.7,7.8,68.0,96,55.73,68,2437,0x0000000000000000
08:32:41,15913,7089,6397762,10091119,19127489,71.5,5.7,83.8,66,43.04,74,2444,0x0000000000000000
08:32:42,15913,7089,6397762,10091119,19127489,0.0,6.1,100.0,96,62.90,75,2444,0x0000000000000000
08:32:43,15913,7089,6397762,10091119,19127496,0.6,6.2,100.0,96,62.58,74,2437,0x0000000000000000
08:32:44,15912,7089,6397764,10091119,19127497,0.0,6.1,100.0,96,61.83,73,2450,0x0000000000000000
08:32:45,15926,7089,6397764,10091140,19187916,236.0,6.7,57.3,0,39.03,74,2418,0x0000000000000000
08:32:46,15927,7089,6397764,10091140,19187916,0.0,7.7,100.0,96,63.06,73,2437,0x0000000000000000
08:32:47,15926,7089,6397764,10091140,19187916,0.0,7.9,100.0,96,63.13,72,2444,0x0000000000000000
08:32:48,15926,7089,6397764,10091140,19187916,0.0,7.8,100.0,96,62.44,76,2444,0x0000000000000000
08:32:50,15925,7089,6397764,10091140,19205752,69.9,7.6,49.0,96,55.23,71,2418,0x0000000000000000
08:32:51,15917,7089,6397764,10091140,19205753,0.1,8.5,100.0,96,63.13,73,2444,0x0000000000000000
08:32:52,15917,7089,6397764,10091140,19205753,0.0,7.8,100.0,96,63.25,75,2437,0x0000000000000000
08:32:53,15916,7089,6397764,10091140,19205753,0.0,7.7,100.0,96,62.81,75,2444,0x0000000000000000
08:32:54,15916,7089,6397764,10091140,19205777,0.4,7.6,99.0,96,61.88,73,2450,0x0000000000000000
08:32:55,15926,7089,6397765,10091140,19210265,18.0,7.9,54.5,96,52.81,68,2437,0x0000000000000000
08:32:56,15924,7089,6397779,10091140,19210281,0.2,8.5,100.0,96,60.13,73,2457,0x0000000000000000
08:32:57,15924,7089,6397779,10091140,19210425,0.6,8.0,94.0,94,41.37,68,2476,0x0000000000000000
08:32:58,15925,7089,6397779,10091140,19210568,0.6,7.8,94.9,94,36.83,68,2489,0x0000000000000000
08:32:59,15930,7089,6397779,10091140,19210782,0.8,8.0,71.0,79,35.66,69,2476,0x0000000000000000
08:33:00,15933,7089,6397779,10091140,19210928,0.6,7.8,96.0,90,36.66,68,2476,0x0000000000000000
08:33:01,15931,7089,6397779,10091140,19211136,0.8,8.7,94.0,89,36.53,69,2483,0x0000000000000000
08:33:02,15932,7089,6397779,10091140,19211393,1.0,7.7,92.9,85,36.25,68,2476,0x0000000000000000
08:33:03,15934,7089,6397779,10091140,19211773,1.5,7.7,90.1,91,35.82,68,2476,0x0000000000000000
08:33:04,15936,7089,6397779,10091140,19212176,1.6,7.5,90.9,83,35.43,68,2476,0x0000000000000000
08:33:05,15936,7089,6397779,10091140,19212513,1.3,7.7,88.9,78,35.17,67,2476,0x0000000000000000
08:33:06,15927,7089,6397790,10091140,19212573,0.2,8.0,50.0,83,35.46,71,2424,0x0000000000000000
08:33:07,15926,7089,6397790,10091140,19212573,0.0,8.0,100.0,96,61.08,72,2463,0x0000000000000000
08:33:08,15930,7089,6397790,10091140,19212843,1.1,7.9,92.1,82,38.59,68,2476,0x0000000000000000
08:33:09,15931,7089,6397790,10091140,19213132,1.1,7.8,91.0,85,35.58,68,2476,0x0000000000000000
08:33:10,15932,7089,6397790,10091140,19213341,0.8,7.9,93.1,88,36.04,68,2476,0x0000000000000000
08:33:11,15963,7089,6397790,10091140,19213515,0.7,8.7,93.0,93,36.08,68,2476,0x0000000000000000
08:33:12,15962,7089,6397790,10091140,19213718,0.8,7.9,93.9,83,35.85,68,2476,0x0000000000000000
08:33:13,15963,7089,6397790,10091140,19214013,1.2,7.7,91.0,88,35.23,68,2476,0x0000000000000000
08:33:14,15963,7089,6397790,10091140,19214220,0.8,7.9,64.4,85,36.04,67,2483,0x0000000000000000
08:33:15,15959,7089,6397790,10091140,19214386,0.6,8.0,85.0,84,35.58,68,2476,0x0000000000000000
08:33:16,15967,7089,6397794,10091140,19215247,3.4,8.6,82.2,61,48.51,75,2450,0x0000000000000000
08:33:17,15967,7089,6397794,10091140,19215247,0.0,8.3,100.0,96,61.63,72,2450,0x0000000000000000
08:33:18,15966,7089,6397794,10091140,19215248,0.1,7.9,100.0,96,61.17,74,2444,0x0000000000000000
08:33:19,15968,7089,6397794,10091140,19215248,0.0,7.8,99.0,96,59.58,72,2450,0x0000000000000000
08:33:20,15967,7089,6397794,10091140,19215248,0.0,7.7,100.0,96,62.43,72,2450,0x0000000000000000
08:33:21,15966,7089,6397794,10091140,19215248,0.0,8.9,100.0,96,62.13,72,2444,0x0000000000000000
08:33:22,15963,7089,6397794,10091140,19215270,3.6,8.1,100.0,96,61.00,73,2444,0x0000000000000000
08:33:23,15963,7089,6397794,10091140,19215270,0.0,8.0,99.0,96,60.69,72,2444,0x0000000000000000
08:33:24,15963,7089,6397794,10091140,19215270,0.0,7.9,100.0,96,62.54,73,2437,0x0000000000000000
08:33:25,15968,7089,6397794,10091140,19215270,0.0,7.9,100.0,96,62.24,73,2450,0x0000000000000000
08:33:26,15967,7089,6397804,10091140,19215282,0.2,8.6,100.0,96,60.59,73,2450,0x0000000000000000
08:33:27,15966,7089,6397834,10091140,19215301,0.1,7.9,100.0,96,61.64,73,2450,0x0000000000000000
08:33:28,15969,7089,6397847,10091140,19215973,3.7,7.9,77.8,80,59.60,73,2450,0x0000000000000000
08:33:29,15969,7089,6397847,10091140,19216041,0.3,8.0,97.0,96,58.95,71,2450,0x0000000000000000
08:33:30,15969,7089,6397847,10091140,19216271,0.9,7.7,93.0,85,35.92,69,2476,0x0000000000000000
08:33:31,15968,7089,6397850,10091140,19216430,0.6,8.7,63.0,89,37.49,69,2489,0x0000000000000000
08:33:32,15971,7089,6397904,10091140,19216524,4.2,8.1,100.0,96,60.24,73,2450,0x0000000000000000
08:33:33,15971,7089,6397904,10091140,19216776,1.0,7.8,92.0,96,48.24,68,2476,0x0000000000000000
08:33:34,15971,7089,6397904,10091140,19216822,0.2,8.2,98.0,94,37.26,68,2483,0x0000000000000000
08:33:35,15971,7089,6397904,10091140,19216836,0.1,8.5,83.8,74,51.60,73,2457,0x0000000000000000
08:33:36,15972,7089,6397904,10091140,19216965,0.5,8.6,96.0,96,58.48,70,2457,0x0000000000000000
08:33:37,15972,7089,6397904,10091140,19216996,0.1,8.1,90.9,95,37.58,69,2476,0x0000000000000000
08:33:38,15972,7089,6397904,10091140,19217003,0.0,7.9,94.9,96,53.64,73,2450,0x0000000000000000
08:33:39,15973,7089,6397904,10091140,19217076,0.3,7.9,96.0,96,56.40,70,2457,0x0000000000000000
08:33:40,15974,7089,6397904,10091140,19217315,0.9,7.7,91.0,94,36.37,68,2476,0x0000000000000000
08:33:41,15974,7089,6397904,10091140,19217453,0.5,8.6,96.0,84,36.73,69,2483,0x0000000000000000
08:33:42,15957,7089,6397944,10091140,19217546,0.4,7.6,55.6,83,31.59,65,2431,0x0000000000000000
08:33:43,15957,7089,6397944,10091140,19217546,0.0,8.1,100.0,96,57.89,73,2444,0x0000000000000000
08:33:44,15957,7089,6397944,10091140,19217546,0.0,8.5,100.0,96,62.06,73,2444,0x0000000000000000
08:33:45,15957,7089,6397944,10091140,19217546,0.0,8.1,100.0,96,61.18,72,2444,0x0000000000000000
08:33:46,15952,7089,6397944,10091140,19217546,0.0,8.7,99.0,96,60.51,73,2444,0x0000000000000000
08:33:47,15952,7089,6397944,10091140,19217546,0.0,7.8,100.0,96,62.27,72,2444,0x0000000000000000
08:33:48,15949,7089,6397944,10091140,19217546,0.0,7.9,100.0,96,62.47,73,2437,0x0000000000000000
08:33:49,15950,7089,6397944,10091140,19217546,0.0,7.9,99.0,96,61.34,74,2450,0x0000000000000000
08:33:50,15950,7089,6397944,10091140,19217546,0.0,7.8,100.0,96,61.32,73,2444,0x0000000000000000
08:33:51,15945,7089,6397944,10091140,19217547,0.0,8.6,100.0,96,62.47,74,2437,0x0000000000000000
08:33:52,15945,7089,6397944,10091140,19217547,0.0,7.9,100.0,96,61.92,72,2450,0x0000000000000000
08:33:53,15951,7089,6397944,10091140,19217547,0.0,8.3,99.0,96,60.87,73,2444,0x0000000000000000
08:33:54,15951,7089,6397944,10091140,19217547,0.0,8.0,100.0,96,63.05,73,2437,0x0000000000000000
08:33:55,15950,7089,6397944,10091140,19217547,0.0,8.1,100.0,96,63.05,74,2450,0x0000000000000000
08:33:56,15947,7089,6397952,10091140,19217556,0.1,8.5,90.9,96,62.13,74,2444,0x0000000000000000
08:33:57,15947,7089,6397952,10091140,19217556,0.0,8.0,100.0,96,61.70,74,2437,0x0000000000000000
08:33:58,15947,7089,6397953,10091140,19217557,0.0,9.0,100.0,96,62.63,74,2437,0x0000000000000000
08:33:59,15947,7089,6397953,10091140,19217557,0.0,8.2,100.0,96,63.01,74,2444,0x0000000000000000
08:34:00,15947,7089,6397953,10091140,19217557,0.0,8.0,98.0,96,61.26,74,2437,0x0000000000000000
08:34:01,15942,7089,6397953,10091140,19217557,0.0,8.8,100.0,96,62.80,77,2437,0x0000000000000000
08:34:02,15942,7089,6397953,10091140,19217557,0.0,8.1,100.0,96,62.97,74,2444,0x0000000000000000
08:34:03,15942,7089,6397953,10091140,19217557,0.0,8.3,100.0,96,61.85,74,2444,0x0000000000000000
08:34:04,15943,7089,6397953,10091140,19217557,0.0,8.0,99.0,70,61.94,74,2444,0x0000000000000000
08:34:05,15943,7089,6397953,10091140,19217557,0.0,8.3,100.0,96,63.10,73,2444,0x0000000000000000
08:34:06,15938,7089,6397953,10091140,19217563,0.5,8.9,100.0,96,62.80,74,2444,0x0000000000000000
08:34:07,15938,7089,6397953,10091140,19217563,0.0,8.2,99.0,96,62.21,74,2444,0x0000000000000000
08:34:08,15938,7089,6397953,10091140,19217563,0.0,8.1,100.0,96,62.24,74,2444,0x0000000000000000
08:34:09,15940,7089,6397953,10091140,19217563,0.0,8.3,100.0,96,63.29,76,2444,0x0000000000000000
08:34:10,15940,7089,6397953,10091140,19217563,0.0,8.2,100.0,96,62.90,77,2444,0x0000000000000000
08:34:11,15941,7089,6397953,10091140,19217563,0.0,8.8,99.0,96,61.59,74,2444,0x0000000000000000
08:34:12,15941,7089,6397977,10091140,19217588,0.2,8.5,100.0,96,63.86,77,2444,0x0000000000000000
08:34:13,15941,7089,6397977,10091140,19217589,0.0,8.1,100.0,96,63.54,75,2444,0x0000000000000000
08:34:14,15941,7089,6397983,10091140,19217596,0.1,8.1,100.0,96,62.49,78,2444,0x0000000000000000
08:34:15,15963,7089,6397983,10091140,19225889,32.4,7.8,52.0,96,58.16,74,2431,0x0000000000000000
08:34:16,15964,7089,6397983,10091140,19225891,0.2,8.6,100.0,96,62.78,75,2437,0x0000000000000000
08:34:17,15985,7089,6397983,10091140,19236343,41.0,7.8,92.9,96,61.64,75,2444,0x0000000000000000
08:34:18,15966,7089,6397983,10091140,19259061,88.6,8.0,82.8,20,49.37,74,2450,0x0000000000000000
08:34:19,15966,7089,6397983,10091140,19259122,0.2,7.6,84.0,96,61.87,76,2450,0x0000000000000000
08:34:20,15957,7089,6397983,10091140,19259522,1.6,7.8,46.5,85,36.19,69,2476,0x0000000000000000
08:34:21,15951,7089,6398037,10091140,19259561,0.2,9.2,82.8,94,38.76,70,2489,0x0000000000000000
08:34:22,15944,7089,6398037,10091140,19259561,0.0,8.1,94.0,96,52.50,74,2450,0x0000000000000000
08:34:23,15945,7089,6398037,10091140,19259671,0.4,7.8,65.7,96,58.95,71,2450,0x0000000000000000
08:34:24,15945,7089,6398037,10091140,19259700,0.1,8.3,99.0,92,38.50,70,2489,0x0000000000000000
08:34:25,15944,7089,6398037,10091140,19259700,0.0,8.2,84.0,71,46.76,74,2450,0x0000000000000000
08:34:26,15945,7089,6398049,10091140,19259743,0.2,9.0,99.0,96,61.90,75,2450,0x0000000000000000
08:34:27,15947,7089,6398049,10091140,19259939,0.8,8.5,93.9,76,40.88,70,2483,0x0000000000000000
08:34:28,15945,7089,6398049,10091140,19259939,0.0,8.1,84.2,93,38.98,70,2489,0x0000000000000000
08:34:29,15944,7089,6398050,10091140,19259940,0.0,8.0,100.0,96,53.56,74,2444,0x0000000000000000
08:34:30,15944,7089,6398050,10091140,19259962,0.1,7.8,98.0,96,58.69,71,2450,0x0000000000000000
08:34:31,15943,7089,6398050,10091140,19260048,0.3,9.2,97.0,92,38.94,70,2483,0x0000000000000000
08:34:32,15943,7089,6398050,10091140,19260160,0.4,8.0,94.9,87,36.25,69,2476,0x0000000000000000
08:34:33,15944,7089,6398056,10091140,19260278,0.5,8.0,93.9,84,37.41,70,2489,0x0000000000000000
08:34:34,15948,7089,6398059,10091140,19261782,5.9,7.5,62.6,94,46.12,73,2463,0x0000000000000000
08:34:35,15950,7089,6398071,10091140,19262154,1.5,8.0,90.0,86,36.21,69,2476,0x0000000000000000
08:34:36,15939,7089,6398078,10091140,19262517,1.4,8.5,54.0,83,36.99,70,2489,0x0000000000000000
08:34:37,15947,7089,6398078,10091140,19262757,0.9,7.8,94.0,95,41.47,68,2470,0x0000000000000000
08:34:38,15948,7089,6398078,10091140,19262980,0.9,8.2,93.9,89,36.00,69,2476,0x0000000000000000
08:34:39,15948,7089,6398078,10091140,19263120,0.5,8.6,92.1,92,43.36,72,2476,0x0000000000000000
08:34:40,15949,7089,6398081,10091140,19263227,0.4,8.2,96.0,79,40.36,69,2489,0x0000000000000000
08:34:41,15944,7089,6398081,10091140,19263465,0.9,8.9,91.0,88,37.75,69,2489,0x0000000000000000
08:34:42,15946,7089,6398081,10091140,19263587,0.5,8.1,94.0,95,46.22,69,2476,0x0000000000000000
08:34:43,15947,7089,6398081,10091140,19263678,0.4,8.3,96.0,77,36.83,69,2483,0x0000000000000000
08:34:44,15948,7089,6398081,10091140,19264016,1.3,7.9,84.0,77,46.34,69,2463,0x0000000000000000
08:34:45,15949,7089,6398081,10091140,19264441,1.7,8.0,59.6,77,35.30,69,2470,0x0000000000000000
08:34:46,15950,7089,6398081,10091140,19264756,1.2,8.7,76.2,87,45.28,70,2463,0x0000000000000000
08:34:47,15952,7089,6398081,10091140,19265161,1.6,7.9,89.9,74,35.51,68,2476,0x0000000000000000
08:34:48,15955,7089,6398081,10091140,19265904,2.9,8.3,77.2,76,45.34,69,2463,0x0000000000000000
08:34:49,15955,7089,6398081,10091140,19266128,0.9,8.2,94.9,90,36.54,69,2476,0x0000000000000000
08:34:50,15951,7089,6398081,10091140,19266566,1.7,8.1,54.0,86,42.69,72,2470,0x0000000000000000
08:34:51,15952,7089,6398081,10091140,19267000,1.7,8.3,79.4,77,38.40,68,2476,0x0000000000000000
08:34:52,15952,7089,6398081,10091140,19267201,0.8,8.0,62.6,78,44.72,72,2483,0x0000000000000000
08:34:53,15953,7089,6398081,10091140,19267460,1.0,8.1,92.9,85,36.59,69,2476,0x0000000000000000
08:34:54,15955,7089,6398081,10091140,19267878,1.6,7.8,86.0,87,35.88,68,2476,0x0000000000000000
08:34:55,15956,7089,6398081,10091140,19268024,0.6,8.3,94.0,95,45.96,69,2476,0x0000000000000000
08:34:56,15957,7089,6398092,10091140,19268430,1.6,8.5,90.9,94,35.79,68,2476,0x0000000000000000
08:34:57,15958,7089,6398092,10091140,19268719,1.1,8.5,93.0,85,35.30,68,2476,0x0000000000000000
08:34:58,15958,7089,6398092,10091140,19268741,0.1,8.3,92.9,94,40.36,71,2489,0x0000000000000000
08:34:59,15958,7089,6398092,10091140,19268843,0.4,8.5,95.1,78,44.58,69,2483,0x0000000000000000
08:35:00,15954,7089,6398092,10091140,19268865,0.1,8.4,65.0,94,44.36,72,2476,0x0000000000000000
08:35:01,15956,7089,6398092,10091140,19269095,1.0,9.0,93.0,94,41.50,68,2476,0x0000000000000000
08:35:02,15956,7089,6398092,10091140,19269244,0.6,8.3,93.1,88,36.34,69,2483,0x0000000000000000
08:35:03,15956,7089,6398092,10091140,19269366,0.5,8.3,91.9,95,46.24,71,2470,0x0000000000000000
08:35:04,15957,7089,6398092,10091140,19269433,0.3,8.4,96.1,94,37.71,69,2489,0x0000000000000000
08:35:05,15957,7089,6398092,10091140,19269641,0.8,8.1,90.9,95,46.74,72,2470,0x0000000000000000
08:35:06,15955,7089,6398092,10091140,19269980,1.3,8.9,82.0,82,35.96,68,2476,0x0000000000000000
08:35:07,15956,7089,6398128,10091140,19270024,0.2,8.2,98.0,96,55.20,74,2444,0x0000000000000000
08:35:08,15956,7089,6398128,10091140,19270024,0.0,8.4,100.0,96,61.57,72,2444,0x0000000000000000
08:35:09,15955,7089,6398128,10091140,19270024,0.0,8.6,100.0,96,61.21,72,2437,0x0000000000000000
08:35:10,15956,7089,6398128,10091140,19270387,1.4,8.1,56.1,96,59.94,73,2437,0x0000000000000000
08:35:11,15952,7089,6398128,10091140,19270388,0.0,9.0,100.0,96,62.49,74,2444,0x0000000000000000
08:35:12,15952,7089,6398128,10091140,19270388,0.0,8.1,100.0,96,62.35,72,2444,0x0000000000000000
08:35:13,15952,7089,6398128,10091140,19270388,0.0,7.8,100.0,96,61.54,73,2444,0x0000000000000000
08:35:14,15952,7089,6398128,10091140,19270632,1.0,8.3,79.2,95,60.13,73,2457,0x0000000000000000
08:35:15,15952,7089,6398128,10091140,19270632,0.0,8.5,100.0,96,60.50,73,2450,0x0000000000000000
08:35:16,15949,7089,6398128,10091140,19270879,1.0,8.6,93.9,96,48.04,70,2476,0x0000000000000000
08:35:17,15949,7089,6398131,10091140,19271052,0.7,8.1,94.9,94,36.83,69,2483,0x0000000000000000
08:35:18,15949,7089,6398131,10091140,19271424,1.5,7.8,91.9,86,35.83,69,2476,0x0000000000000000
08:35:19,15949,7089,6398131,10091140,19271786,1.4,7.8,89.1,88,35.59,68,2476,0x0000000000000000
08:35:20,15959,7089,6398131,10091140,19272429,2.8,8.1,77.8,88,36.39,69,2476,0x0000000000000000
08:35:21,15963,7089,6398131,10091140,19272815,1.5,10.0,89.1,83,36.67,68,2476,0x0000000000000000
08:35:22,15962,7089,6398132,10091140,19273245,1.7,8.0,89.9,82,35.16,68,2476,0x0000000000000000
08:35:23,15962,7089,6398133,10091140,19273733,1.9,7.8,88.0,82,34.96,68,2476,0x0000000000000000
08:35:24,15962,7089,6398134,10091140,19274231,1.9,8.0,88.0,85,34.51,68,2470,0x0000000000000000
08:35:25,15962,7089,6398134,10091140,19274735,2.0,7.9,87.8,81,34.53,68,2476,0x0000000000000000
08:35:26,15962,7089,6398157,10091140,19275264,2.7,8.9,87.8,80,34.43,68,2476,0x0000000000000000
08:35:27,15963,7089,6398165,10091140,19275779,3.4,8.0,88.1,74,34.88,67,2476,0x0000000000000000
08:35:28,15964,7089,6398168,10091140,19276209,1.8,8.0,90.0,83,35.13,68,2476,0x0000000000000000
08:35:29,15966,7089,6398168,10091140,19276729,2.0,7.9,63.0,85,34.63,68,2476,0x0000000000000000
08:35:30,15967,7089,6398168,10091140,19277081,1.4,8.0,68.0,94,34.97,67,2483,0x0000000000000000
08:35:31,15962,7089,6398168,10091140,19277586,2.0,8.4,88.0,84,34.24,67,2476,0x0000000000000000
08:35:32,15957,7089,6398169,10091140,19278008,1.6,8.6,90.0,87,34.70,68,2476,0x0000000000000000
08:35:33,15957,7089,6398171,10091140,19278343,1.3,8.0,91.9,87,35.06,68,2476,0x0000000000000000
08:35:34,15957,7089,6398171,10091140,19278802,1.8,7.8,89.1,78,35.25,67,2476,0x0000000000000000
08:35:35,15959,7089,6398173,10091140,19279272,1.9,7.9,89.1,82,34.67,67,2476,0x0000000000000000
08:35:36,15957,7089,6398173,10091140,19279659,1.5,8.5,70.0,86,34.90,67,2476,0x0000000000000000
08:35:37,15958,7089,6398173,10091140,19279659,0.0,7.9,100.0,94,39.36,67,2489,0x0000000000000000
08:35:38,15958,7089,6398173,10091140,19279659,0.0,8.6,100.0,94,38.17,68,2489,0x0000000000000000
08:35:39,15965,7089,6398173,10091140,19279659,0.0,8.5,100.0,94,38.02,68,2489,0x0000000000000000
08:35:40,15965,7089,6398173,10091140,19279659,0.0,8.0,100.0,94,38.05,68,2489,0x0000000000000000
08:35:41,15964,7089,6398173,10091140,19279660,0.0,8.9,100.0,93,38.04,67,2489,0x0000000000000000
08:35:42,15960,7089,6398176,10091140,19279662,0.0,8.0,100.0,94,38.08,68,2489,0x0000000000000000
08:35:43,15958,7089,6398176,10091140,19279662,0.0,8.5,100.0,95,38.04,68,2489,0x0000000000000000
08:35:44,15958,7089,6398176,10091140,19279662,0.0,8.4,100.0,94,38.13,68,2489,0x0000000000000000
08:35:45,15958,7089,6398176,10091140,19279662,0.0,8.4,100.0,94,38.10,67,2489,0x0000000000000000
08:35:46,15955,7089,6398176,10091140,19279663,0.1,9.3,100.0,94,38.08,68,2489,0x0000000000000000
08:35:47,15955,7089,6398176,10091140,19279663,0.0,8.5,99.0,94,38.04,68,2489,0x0000000000000000
08:35:48,15955,7089,6398176,10091140,19279663,0.0,8.5,100.0,94,38.14,68,2489,0x0000000000000000
08:35:49,15955,7089,6398176,10091140,19279663,0.0,8.9,100.0,95,38.06,68,2489,0x0000000000000000
08:35:50,15955,7089,6398177,10091140,19279664,0.0,8.3,94.0,94,39.13,69,2489,0x0000000000000000
08:35:51,15952,7089,6398177,10091140,19279664,0.0,9.3,100.0,94,39.04,67,2489,0x0000000000000000
08:35:52,15953,7089,6398177,10091140,19279664,0.0,8.6,100.0,94,38.17,68,2489,0x0000000000000000
08:35:53,15953,7089,6398177,10091140,19279664,0.0,8.7,100.0,94,38.08,68,2483,0x0000000000000000
08:35:54,15952,7089,6398180,10091140,19279667,0.0,8.8,100.0,95,38.00,67,2489,0x0000000000000000
08:35:55,15952,7089,6398180,10091140,19279667,0.0,8.6,100.0,94,38.03,67,2489,0x0000000000000000
08:35:56,15947,7089,6398197,10091140,19279684,0.1,9.3,100.0,95,38.04,67,2489,0x0000000000000000
08:35:57,15948,7089,6398199,10091140,19279686,0.0,8.8,100.0,95,38.15,68,2489,0x0000000000000000
08:35:58,15948,7089,6398199,10091140,19279686,0.0,8.6,100.0,94,38.05,67,2489,0x0000000000000000
08:35:59,15948,7089,6398199,10091140,19279686,0.0,8.6,100.0,94,37.90,68,2489,0x0000000000000000
08:36:00,15948,7089,6398199,10091140,19279686,0.0,8.5,100.0,94,37.99,67,2489,0x0000000000000000
08:36:01,15946,7089,6398199,10091140,19279686,0.0,9.1,99.0,94,38.01,67,2489,0x0000000000000000
08:36:02,15946,7089,6398199,10091140,19279686,0.0,8.4,100.0,94,38.07,67,2489,0x0000000000000000
08:36:03,15946,7089,6398199,10091140,19279686,0.0,8.4,100.0,95,38.09,67,2489,0x0000000000000000
08:36:04,15947,7089,6398202,10091140,19280067,1.5,8.2,63.0,95,38.93,67,2476,0x0000000000000000
08:36:05,15949,7089,6398202,10091140,19280489,1.6,8.2,65.7,83,34.53,67,2476,0x0000000000000000
08:36:06,15950,7089,6398202,10091140,19280934,1.7,8.8,78.8,82,34.76,67,2476,0x0000000000000000
08:36:07,15950,7089,6398202,10091140,19281420,1.9,7.8,89.9,78,34.42,66,2476,0x0000000000000000
08:36:08,15951,7089,6398202,10091140,19281933,2.0,7.9,59.0,75,34.00,65,2476,0x0000000000000000
08:36:09,15952,7089,6398202,10091140,19282341,1.6,8.0,89.0,79,34.27,66,2470,0x0000000000000000
08:36:10,15954,7089,6398203,10091140,19282762,1.6,7.9,89.9,94,35.05,67,2476,0x0000000000000000
08:36:11,15956,7089,6398203,10091140,19283239,2.0,8.4,88.1,84,33.82,66,2476,0x0000000000000000
08:36:12,15957,7089,6398203,10091140,19283672,1.7,8.1,64.6,87,34.65,66,2476,0x0000000000000000
08:36:13,15959,7089,6398203,10091140,19284074,1.6,8.0,90.0,77,34.94,67,2476,0x0000000000000000
08:36:14,15960,7089,6398203,10091140,19284505,1.7,8.1,90.8,83,34.83,66,2476,0x0000000000000000
08:36:15,15960,7089,6398204,10091140,19284860,1.4,8.0,60.4,76,34.54,66,2476,0x0000000000000000
08:36:16,15960,7089,6398206,10091140,19285317,1.9,8.7,89.9,91,34.79,66,2476,0x0000000000000000
08:36:17,15960,7089,6398206,10091140,19285729,1.6,8.0,89.0,82,34.55,66,2483,0x0000000000000000
08:36:18,15961,7089,6398206,10091140,19286027,1.2,8.0,63.6,76,35.17,66,2476,0x0000000000000000
08:36:19,15963,7089,6398206,10091140,19286490,1.8,8.0,89.0,82,34.10,65,2476,0x0000000000000000
