t,memavail_mib,swap_used_mib,pswpin,pswpout,pgmajfault,nvme_read_mib,cpu_pct,cpu_max_core_pct,gpu_util,gpu_w,gpu_c,sm_mhz,throttle
13:56:13,120906,4229,2249194,4407242,29833073,0.0,0.0,0.0,1,4.68,55,312,0x0000000000000000
13:56:14,120729,4229,2249291,4407242,29835014,235.6,7.6,24.1,1,4.69,55,299,0x0000000000000000
13:56:15,120635,4229,2249317,4407242,29835189,47.0,4.9,34.7,1,4.58,55,260,0x0000000000000000
13:56:16,120590,4229,2249338,4407242,29835249,16.9,4.7,81.8,1,4.57,55,260,0x0000000000000000
13:56:17,120553,4229,2249383,4407242,29835901,85.2,4.7,73.2,0,4.49,54,208,0x0000000000000000
13:56:18,120512,4229,2249386,4407242,29835908,11.2,5.3,90.9,0,4.18,54,208,0x0000000000000000
13:56:19,120479,4229,2249387,4407242,29835919,12.4,4.7,86.9,0,4.14,54,227,0x0000000000000000
13:56:20,120464,4229,2249387,4407242,29836022,23.0,4.4,59.0,0,4.23,54,208,0x0000000000000000
13:56:21,120453,4229,2249401,4407242,29836026,11.6,3.6,65.0,0,4.17,54,208,0x0000000000000000
13:56:22,120427,4229,2249401,4407242,29836056,33.7,3.1,35.9,0,4.09,54,208,0x0000000000000000
13:56:23,120407,4229,2249401,4407242,29836178,33.9,4.2,71.6,0,4.09,53,214,0x0000000000000000
13:56:24,120380,4229,2249401,4407242,29836277,22.4,4.5,83.5,0,4.04,53,208,0x0000000000000000
13:56:25,120349,4229,2249401,4407242,29836425,28.5,10.0,61.9,0,4.04,53,208,0x0000000000000000
13:56:26,120305,4229,2249401,4407242,29836560,24.4,4.2,82.8,1,4.11,53,214,0x0000000000000000
13:56:27,119967,4229,2249401,4407242,29836567,3.5,11.0,56.0,0,4.13,53,208,0x0000000000000000
13:56:28,119853,4229,2249401,4407242,29836568,0.0,5.5,100.0,0,4.13,53,208,0x0000000000000000
13:56:29,119801,4229,2249409,4407242,29836571,0.0,5.8,100.0,0,4.04,53,208,0x0000000000000000
13:56:30,119735,4229,2249409,4407242,29836608,9.0,11.1,71.4,0,4.03,52,208,0x0000000000000000
13:56:31,119714,4229,2249409,4407242,29837104,292.2,3.2,63.4,0,4.03,52,208,0x0000000000000000
13:56:32,119645,4229,2249410,4407242,29837633,72.2,4.3,80.8,0,4.10,52,208,0x0000000000000000
13:56:33,119610,4229,2249410,4407242,29838091,78.9,3.9,69.5,0,4.11,52,208,0x0000000000000000
13:56:34,119103,4229,2249410,4407242,29838107,10.5,17.3,59.0,0,4.09,52,208,0x0000000000000000
13:56:35,118912,4229,2249410,4407242,29839293,100.7,10.5,60.6,0,4.14,52,208,0x0000000000000000
13:56:36,119527,4229,2249436,4407242,29840347,78.0,5.3,83.2,0,4.14,52,208,0x0000000000000000
13:56:37,120234,4229,2249436,4407242,29840371,0.9,4.9,45.5,0,4.03,52,208,0x0000000000000000
13:56:38,119586,4229,2249446,4407242,29840377,12.4,16.2,81.8,0,4.13,52,208,0x0000000000000000
13:56:39,119373,4229,2249447,4407242,29840402,6.7,17.0,74.3,0,4.08,52,208,0x0000000000000000
13:56:40,119210,4229,2249447,4407242,29840402,1.1,6.1,63.4,0,4.00,51,208,0x0000000000000000
13:56:41,119151,4229,2249447,4407242,29840402,0.0,5.1,100.0,0,4.03,51,208,0x0000000000000000
13:56:42,119059,4229,2249447,4407242,29840402,0.0,5.2,100.0,0,4.00,51,208,0x0000000000000000
13:56:43,118986,4229,2249450,4407242,29840404,0.0,11.3,52.0,0,3.94,51,208,0x0000000000000000
13:56:44,118327,4229,2249450,4407242,29840405,0.1,21.4,87.0,0,3.96,51,208,0x0000000000000000
13:56:45,119528,4229,2249450,4407242,29840412,1.7,7.2,69.3,0,3.99,51,214,0x0000000000000000
13:56:46,119315,4229,2249450,4407242,29840412,0.1,5.2,100.0,0,4.01,51,208,0x0000000000000000
13:56:47,119205,4229,2249450,4407242,29840412,0.0,5.1,100.0,0,4.01,51,208,0x0000000000000000
13:56:48,119084,4229,2249450,4407242,29840412,0.0,5.3,98.0,0,3.94,50,208,0x0000000000000000
13:56:49,118949,4229,2249450,4407242,29840412,0.1,5.3,100.0,0,3.98,50,208,0x0000000000000000
13:56:50,118860,4229,2249450,4407242,29840412,0.0,5.1,100.0,0,3.98,50,208,0x0000000000000000
13:56:51,118860,4229,2249450,4407242,29840412,0.0,5.2,100.0,0,3.91,50,208,0x0000000000000000
13:56:52,118497,4229,2249450,4407242,29840418,0.5,11.5,61.6,0,3.89,50,208,0x0000000000000000
13:56:53,118431,4229,2249450,4407242,29840419,0.0,5.5,99.0,0,3.92,50,208,0x0000000000000000
13:56:54,118376,4229,2249450,4407242,29840420,0.2,5.2,97.0,0,3.92,50,208,0x0000000000000000
13:56:55,118297,4229,2249450,4407242,29840420,0.0,11.4,100.0,0,3.92,50,208,0x0000000000000000
13:56:56,118021,4229,2249474,4407242,29840434,0.1,6.2,47.0,0,3.99,50,208,0x0000000000000000
13:56:57,118080,4229,2249474,4407242,29840463,4.7,20.3,90.0,0,3.99,50,208,0x0000000000000000
13:56:58,105773,4229,2249475,4407242,29840671,26.9,5.7,49.0,3,6.63,51,2411,0x0000000000000000
13:56:59,75325,4229,2249475,4407242,29840671,0.0,5.4,100.0,3,11.82,51,2411,0x0000000000000000
13:57:00,44567,4229,2249475,4407242,29840671,0.0,5.3,100.0,3,11.70,51,2411,0x0000000000000000
13:57:01,39311,4229,2249475,4407242,29840683,91.5,5.4,78.0,1,11.62,51,2411,0x0000000000000000
13:57:02,39144,4229,2249475,4407242,29840683,138.2,6.3,99.0,1,11.80,51,2411,0x0000000000000000
13:57:03,38986,4229,2249475,4407242,29840683,130.8,6.6,100.0,1,11.79,51,2411,0x0000000000000000
13:57:04,39164,4229,2249475,4407242,29840687,136.5,6.3,100.0,1,11.79,50,2411,0x0000000000000000
13:57:05,39017,4229,2249475,4407242,29840687,125.8,6.2,100.0,1,11.77,50,2411,0x0000000000000000
13:57:06,39214,4229,2249475,4407242,29840691,120.2,6.1,100.0,1,11.73,50,2411,0x0000000000000000
13:57:07,39059,4229,2249476,4407242,29840692,133.3,6.2,100.0,1,11.74,50,2411,0x0000000000000000
13:57:08,38902,4229,2249476,4407242,29840693,139.3,6.7,100.0,1,11.76,50,2411,0x0000000000000000
13:57:09,39092,4229,2249476,4407242,29840697,125.0,6.2,100.0,1,11.73,50,2411,0x0000000000000000
13:57:10,38938,4229,2249476,4407242,29840697,128.8,6.3,99.0,1,11.75,50,2411,0x0000000000000000
13:57:11,39121,4229,2249476,4407242,29840701,123.8,6.1,100.0,1,11.73,50,2411,0x0000000000000000
13:57:12,38972,4229,2249520,4407242,29840716,129.5,6.3,100.0,1,11.72,50,2411,0x0000000000000000
13:57:13,38806,4229,2249520,4407242,29840716,138.0,6.6,100.0,1,11.76,50,2411,0x0000000000000000
13:57:14,38959,4229,2249520,4407242,29840724,144.7,6.7,100.0,2,11.75,50,2411,0x0000000000000000
13:57:15,38798,4229,2249520,4407242,29840724,133.0,6.1,100.0,1,11.76,50,2411,0x0000000000000000
13:57:16,38807,4229,2249520,4407242,29840725,124.1,6.4,100.0,1,11.69,50,2411,0x0000000000000000
13:57:17,38830,4229,2249520,4407242,29840728,122.8,6.3,100.0,1,11.69,50,2411,0x0000000000000000
13:57:18,38671,4229,2249522,4407242,29840736,130.4,6.6,99.0,1,11.69,50,2411,0x0000000000000000
13:57:19,38866,4229,2249522,4407242,29840740,119.5,6.3,100.0,1,11.66,50,2411,0x0000000000000000
13:57:20,38724,4229,2249522,4407242,29840740,124.5,6.3,100.0,1,11.66,50,2411,0x0000000000000000
13:57:21,38565,4229,2249522,4407242,29840740,129.5,6.3,100.0,1,11.65,50,2411,0x0000000000000000
13:57:22,38750,4229,2249522,4407242,29840744,124.5,6.4,100.0,1,11.65,50,2411,0x0000000000000000
13:57:23,38594,4229,2249522,4407242,29840744,130.2,6.7,100.0,1,11.65,50,2411,0x0000000000000000
13:57:24,38431,4229,2249522,4407242,29840744,129.4,6.5,100.0,1,11.66,50,2411,0x0000000000000000
13:57:25,38609,4229,2249522,4407242,29840748,124.4,6.4,100.0,2,11.65,50,2411,0x0000000000000000
13:57:26,38463,4229,2249523,4407242,29840749,122.0,6.2,100.0,1,11.65,49,2411,0x0000000000000000
13:57:27,38654,4229,2249523,4407242,29840753,124.5,6.2,99.0,1,11.65,49,2411,0x0000000000000000
13:57:28,38513,4229,2249523,4407242,29840753,126.2,6.7,100.0,1,11.64,49,2411,0x0000000000000000
13:57:29,38375,4229,2249523,4407242,29840753,123.0,6.3,100.0,1,11.62,49,2411,0x0000000000000000
13:57:30,38580,4229,2249523,4407242,29840757,117.7,6.2,100.0,1,11.62,49,2411,0x0000000000000000
13:57:31,38443,4229,2249523,4407242,29840757,121.8,6.2,100.0,1,11.63,49,2411,0x0000000000000000
13:57:32,38283,4229,2249525,4407242,29840758,130.0,6.3,100.0,1,11.64,49,2411,0x0000000000000000
13:57:33,38454,4229,2249525,4407242,29840762,137.7,6.3,100.0,2,11.66,49,2411,0x0000000000000000
13:57:34,38318,4229,2249525,4407242,29840762,124.9,6.2,100.0,1,11.60,49,2411,0x0000000000000000
13:57:35,38511,4229,2249525,4407242,29840768,121.2,6.2,99.0,1,11.60,49,2411,0x0000000000000000
13:57:36,38379,4229,2249525,4407242,29840769,125.8,6.2,100.0,2,11.61,49,2411,0x0000000000000000
13:57:37,38248,4229,2249525,4407242,29840769,124.5,6.1,100.0,1,11.61,49,2411,0x0000000000000000
13:57:38,38422,4229,2249525,4407242,29840773,135.2,6.7,100.0,1,11.62,49,2411,0x0000000000000000
13:57:39,38276,4229,2249525,4407242,29840773,127.0,6.1,100.0,1,11.61,49,2411,0x0000000000000000
13:57:40,38121,4229,2249525,4407242,29840773,126.5,6.3,100.0,1,11.59,49,2411,0x0000000000000000
13:57:41,38305,4229,2249525,4407242,29840777,119.5,6.2,100.0,1,11.56,49,2411,0x0000000000000000
13:57:42,38160,4229,2249525,4407242,29840777,128.2,6.3,100.0,1,11.58,49,2411,0x0000000000000000
13:57:43,38350,4229,2249526,4407242,29840782,126.0,6.7,100.0,1,11.62,49,2411,0x0000000000000000
13:57:44,38193,4229,2249526,4407242,29840782,132.8,6.3,99.0,1,11.60,49,2411,0x0000000000000000
13:57:45,38035,4229,2249529,4407242,29840784,127.8,6.3,100.0,1,11.59,49,2411,0x0000000000000000
13:57:46,38222,4229,2249530,4407242,29840789,120.4,6.1,100.0,1,11.57,49,2411,0x0000000000000000
13:57:47,38079,4229,2249531,4407242,29840790,131.5,6.4,100.0,2,11.57,49,2411,0x0000000000000000
13:57:48,37943,4229,2249531,4407242,29840790,126.8,6.7,100.0,1,11.57,49,2411,0x0000000000000000
13:57:49,38144,4229,2249531,4407242,29840794,116.9,6.2,100.0,1,11.54,49,2411,0x0000000000000000
13:57:50,38007,4229,2249531,4407242,29840794,123.0,6.3,100.0,1,11.55,48,2411,0x0000000000000000
13:57:51,38207,4229,2249531,4407242,29840797,118.2,6.2,100.0,1,11.53,48,2411,0x0000000000000000
13:57:52,38073,4229,2249531,4407242,29840798,124.0,6.3,100.0,1,11.52,48,2411,0x0000000000000000
13:57:53,37935,4229,2249531,4407242,29840798,131.2,6.5,99.0,1,11.54,48,2411,0x0000000000000000
13:57:54,38140,4229,2249531,4407242,29840802,123.0,6.4,100.0,1,11.53,48,2411,0x0000000000000000
13:57:55,38015,4229,2249531,4407242,29840802,129.0,6.1,100.0,1,11.52,48,2411,0x0000000000000000
13:57:56,37867,4229,2249532,4407242,29840803,130.0,6.3,100.0,1,11.53,48,2411,0x0000000000000000
13:57:57,38074,4229,2249532,4407242,29840807,123.2,6.3,100.0,1,11.50,48,2411,0x0000000000000000
13:57:58,37927,4229,2249532,4407242,29840807,142.8,6.8,100.0,2,11.55,48,2411,0x0000000000000000
13:57:59,38136,4229,2249532,4407242,29840811,124.5,6.2,100.0,1,11.51,48,2411,0x0000000000000000
13:58:00,37999,4229,2249532,4407242,29840811,130.5,6.3,100.0,1,11.52,48,2411,0x0000000000000000
13:58:01,37858,4229,2249532,4407242,29840811,128.5,6.2,100.0,1,11.52,48,2411,0x0000000000000000
13:58:02,38062,4229,2249532,4407242,29840815,125.4,6.3,99.0,1,11.52,48,2411,0x0000000000000000
13:58:03,37926,4229,2249532,4407242,29840815,132.5,6.7,100.0,1,11.53,48,2411,0x0000000000000000
13:58:04,37792,4229,2249532,4407242,29840815,130.8,6.4,100.0,1,11.53,48,2411,0x0000000000000000
13:58:05,38001,4229,2249532,4407242,29840819,125.7,6.3,100.0,1,11.48,48,2411,0x0000000000000000
13:58:06,37862,4229,2249532,4407242,29840819,131.2,6.3,100.0,1,11.48,48,2411,0x0000000000000000
13:58:07,38057,4229,2249532,4407242,29840823,126.7,6.2,100.0,1,11.46,48,2411,0x0000000000000000
13:58:08,37905,4229,2249532,4407242,29840823,131.8,6.7,100.0,1,11.47,48,2411,0x0000000000000000
13:58:09,37781,4229,2249532,4407242,29840823,123.5,6.1,100.0,2,11.44,48,2411,0x0000000000000000
13:58:10,37982,4229,2249534,4407242,29840828,123.7,6.3,100.0,1,11.42,48,2411,0x0000000000000000
13:58:11,37854,4229,2249534,4407242,29840828,124.0,6.2,100.0,1,11.42,48,2411,0x0000000000000000
13:58:12,37740,4229,2249534,4407242,29840828,119.5,6.1,99.0,1,11.41,48,2411,0x0000000000000000
13:58:13,37952,4229,2249534,4407242,29840832,127.0,6.6,100.0,1,11.43,48,2411,0x0000000000000000
13:58:14,37831,4229,2249534,4407242,29840832,128.2,6.5,100.0,1,11.43,48,2411,0x0000000000000000
13:58:15,38044,4229,2249534,4407242,29840836,115.2,6.0,100.0,1,11.41,48,2411,0x0000000000000000
13:58:16,37928,4229,2249534,4407242,29840836,125.8,6.1,100.0,1,11.43,48,2411,0x0000000000000000
13:58:17,37792,4229,2249534,4407242,29840836,129.2,6.2,100.0,1,11.44,48,2411,0x0000000000000000
13:58:18,38005,4228,2249534,4407242,29840840,124.2,6.6,100.0,1,11.44,48,2411,0x0000000000000000
13:58:19,37885,4228,2249557,4407242,29840847,137.6,7.4,100.0,2,11.45,48,2411,0x0000000000000000
13:58:20,37772,4228,2249557,4407242,29840847,119.5,6.4,100.0,1,11.43,47,2411,0x0000000000000000
13:58:21,37990,4228,2249557,4407242,29840851,123.0,6.3,99.0,1,11.42,47,2411,0x0000000000000000
13:58:22,37866,4228,2249557,4407242,29840851,121.2,6.2,100.0,1,11.42,47,2411,0x0000000000000000
13:58:23,38062,4228,2249557,4407242,29840855,124.8,6.9,100.0,1,11.44,47,2411,0x0000000000000000
13:58:24,37937,4228,2249557,4407242,29840857,126.2,6.3,100.0,1,11.40,47,2411,0x0000000000000000
13:58:25,37825,4228,2249557,4407242,29840857,122.8,6.3,100.0,1,11.40,47,2411,0x0000000000000000
13:58:26,38052,4228,2249558,4407242,29840862,118.5,6.2,100.0,1,11.39,47,2411,0x0000000000000000
13:58:27,37945,4228,2249558,4407242,29840862,127.5,6.3,100.0,1,11.40,47,2411,0x0000000000000000
13:58:28,37823,4228,2249558,4407242,29840863,128.5,6.6,100.0,1,11.41,47,2411,0x0000000000000000
13:58:29,38029,4228,2249567,4407242,29840872,126.0,6.3,100.0,1,11.40,47,2411,0x0000000000000000
13:58:30,37913,4228,2249567,4407242,29840872,125.0,6.4,100.0,1,11.39,47,2411,0x0000000000000000
13:58:31,37802,4228,2249579,4407242,29840877,128.4,6.1,100.0,1,11.37,47,2411,0x0000000000000000
13:58:32,38023,4228,2249579,4407242,29840881,120.6,6.5,99.0,1,11.36,47,2411,0x0000000000000000
13:58:33,37889,4228,2249579,4407242,29840881,139.5,6.7,100.0,1,11.40,47,2411,0x0000000000000000
13:58:34,38109,4228,2249579,4407242,29840885,127.0,6.3,100.0,1,11.36,47,2411,0x0000000000000000
13:58:35,37970,4228,2249579,4407242,29840885,128.5,6.3,100.0,1,11.38,47,2411,0x0000000000000000
13:58:36,37849,4228,2249579,4407242,29840885,124.2,6.2,100.0,1,11.35,47,2411,0x0000000000000000
13:58:37,38065,4228,2249579,4407242,29840889,119.5,6.2,100.0,1,11.35,47,2411,0x0000000000000000
13:58:38,37954,4228,2249579,4407242,29840889,123.6,6.4,100.0,1,11.35,47,2411,0x0000000000000000
13:58:39,37806,4228,2249579,4407242,29840889,122.5,6.2,100.0,1,11.34,47,2411,0x0000000000000000
13:58:40,38022,4228,2249579,4407242,29840893,122.2,6.1,100.0,1,11.33,47,2411,0x0000000000000000
13:58:41,37894,4228,2249579,4407242,29840893,123.8,6.2,99.0,2,11.33,47,2411,0x0000000000000000
13:58:42,38115,4228,2249579,4407242,29840897,114.9,6.1,100.0,1,11.31,47,2411,0x0000000000000000
13:58:43,37985,4228,2249579,4407242,29840897,129.8,6.5,100.0,1,11.33,47,2411,0x0000000000000000
13:58:44,37864,4228,2249579,4407242,29840897,127.0,6.4,100.0,1,11.34,47,2411,0x0000000000000000
13:58:45,38104,4228,2249579,4407242,29840901,116.9,6.2,100.0,1,11.31,47,2411,0x0000000000000000
13:58:46,37943,4228,2249597,4407242,29840908,124.9,6.3,100.0,1,11.34,47,2411,0x0000000000000000
13:58:47,37819,4228,2249597,4407242,29840908,127.0,6.1,100.0,1,11.32,47,2411,0x0000000000000000
13:58:48,38025,4228,2249597,4407242,29840912,124.7,6.6,74.0,1,11.33,47,2411,0x0000000000000000
13:58:49,37902,4228,2249597,4407242,29840912,119.2,6.2,100.0,1,11.32,47,2411,0x0000000000000000
13:58:50,37766,4228,2249597,4407242,29840912,128.1,6.4,100.0,1,11.36,47,2411,0x0000000000000000
13:58:51,37969,4228,2249597,4407242,29840916,116.9,6.2,100.0,1,11.31,47,2411,0x0000000000000000
13:58:52,37835,4228,2249597,4407242,29840916,122.5,6.2,100.0,1,11.33,46,2411,0x0000000000000000
13:58:53,38042,4228,2249597,4407242,29840920,118.7,6.4,100.0,1,11.30,46,2411,0x0000000000000000
13:58:54,37908,4228,2249598,4407242,29840922,125.0,6.1,100.0,1,11.29,46,2411,0x0000000000000000
13:58:55,37782,4228,2249598,4407242,29840922,122.8,6.2,100.0,1,11.30,46,2411,0x0000000000000000
13:58:56,37996,4228,2249602,4407242,29840927,117.7,6.2,99.0,1,11.30,46,2411,0x0000000000000000
13:58:57,37892,4228,2249602,4407242,29840927,123.2,6.5,100.0,1,11.32,46,2411,0x0000000000000000
13:58:58,37762,4228,2249602,4407242,29840927,125.8,6.7,100.0,1,11.30,46,2411,0x0000000000000000
13:58:59,37970,4228,2249602,4407242,29840931,120.7,6.2,100.0,1,11.31,46,2411,0x0000000000000000
13:59:00,37847,4228,2249602,4407242,29840931,124.8,6.3,100.0,1,11.34,46,2411,0x0000000000000000
13:59:01,37744,4228,2249606,4407242,29840937,121.0,6.3,100.0,1,11.32,46,2411,0x0000000000000000
13:59:02,37973,4228,2249606,4407242,29840941,117.2,6.5,100.0,1,11.28,46,2411,0x0000000000000000
13:59:03,37831,4228,2249606,4407242,29840941,128.5,6.6,100.0,1,11.31,46,2411,0x0000000000000000
13:59:04,38064,4228,2249606,4407242,29840945,123.0,6.5,99.0,1,11.31,46,2411,0x0000000000000000
13:59:05,37963,4228,2249606,4407242,29840945,120.0,6.3,100.0,1,11.29,46,2411,0x0000000000000000
13:59:06,37831,4228,2249606,4407242,29840945,125.5,6.3,100.0,1,11.30,46,2411,0x0000000000000000
13:59:07,38036,4228,2249606,4407242,29840949,118.2,6.2,100.0,1,11.31,46,2411,0x0000000000000000
13:59:08,37895,4228,2249606,4407242,29840949,131.5,6.5,100.0,1,11.33,46,2411,0x0000000000000000
13:59:09,37763,4228,2249606,4407242,29840949,123.8,6.2,100.0,1,11.30,46,2411,0x0000000000000000
13:59:10,37956,4228,2249606,4407242,29840953,119.7,6.0,100.0,1,11.25,46,2411,0x0000000000000000
13:59:11,37814,4228,2249606,4407242,29840953,124.2,6.1,100.0,1,11.28,46,2411,0x0000000000000000
13:59:12,37696,4228,2249606,4407242,29840956,121.2,6.2,100.0,1,11.24,46,2411,0x0000000000000000
13:59:13,37889,4228,2249606,4407242,29840960,126.2,6.5,100.0,1,11.26,46,2411,0x0000000000000000
13:59:14,37762,4228,2249606,4407242,29840960,128.2,6.6,100.0,1,11.27,46,2411,0x0000000000000000
13:59:15,37969,4228,2249606,4407242,29840964,114.2,6.0,99.0,1,11.23,46,2411,0x0000000000000000
13:59:16,37850,4228,2249606,4407242,29840964,122.5,6.1,100.0,1,11.24,46,2411,0x0000000000000000
13:59:17,37732,4228,2249606,4407242,29840964,121.0,6.2,100.0,1,11.21,46,2411,0x0000000000000000
13:59:18,37921,4228,2249609,4407242,29840972,127.1,6.8,100.0,2,11.26,46,2411,0x0000000000000000
13:59:19,37790,4228,2249609,4407242,29840972,124.6,6.5,100.0,1,11.26,46,2411,0x0000000000000000
13:59:20,37640,4228,2252243,4407242,29842406,134.4,6.4,100.0,1,11.24,46,2411,0x0000000000000000
13:59:21,37844,4228,2252243,4407242,29842410,119.4,6.3,100.0,1,11.21,46,2411,0x0000000000000000
13:59:22,37721,4228,2252243,4407242,29842410,125.5,6.2,100.0,1,11.24,46,2411,0x0000000000000000
13:59:23,37610,4228,2252243,4407242,29842410,124.5,6.6,100.0,1,11.23,46,2411,0x0000000000000000
13:59:24,37804,4228,2252243,4407242,29842414,129.7,6.7,99.0,1,11.24,46,2411,0x0000000000000000
13:59:25,37683,4228,2252243,4407242,29842414,119.2,6.2,100.0,1,11.21,46,2411,0x0000000000000000
13:59:26,37886,4228,2252243,4407242,29842418,115.4,6.0,100.0,1,11.19,46,2411,0x0000000000000000
13:59:27,37773,4228,2252243,4407242,29842418,120.8,6.0,100.0,1,11.20,46,2411,0x0000000000000000
13:59:28,37655,4228,2252243,4407242,29842418,131.5,6.9,100.0,1,11.24,46,2411,0x0000000000000000
13:59:29,37849,4228,2252243,4407242,29842422,118.7,6.1,100.0,1,11.22,46,2411,0x0000000000000000
13:59:30,37722,4228,2252243,4407242,29842422,121.8,6.2,100.0,1,11.22,45,2411,0x0000000000000000
13:59:31,37590,4228,2252243,4407242,29842422,118.5,6.2,100.0,1,11.20,45,2411,0x0000000000000000
13:59:32,37816,4228,2252243,4407242,29842426,115.2,6.2,100.0,1,11.18,45,2411,0x0000000000000000
13:59:33,37707,4228,2252243,4407242,29842426,128.0,6.7,100.0,1,11.21,45,2411,0x0000000000000000
13:59:34,37591,4228,2252243,4407242,29842426,124.2,6.4,99.0,1,11.20,45,2411,0x0000000000000000
13:59:35,37812,4228,2252243,4407242,29842430,122.4,6.3,100.0,1,11.21,45,2411,0x0000000000000000
13:59:36,37711,4228,2252243,4407242,29842430,120.2,6.3,100.0,1,11.20,45,2411,0x0000000000000000
13:59:37,37899,4228,2252243,4407242,29842434,122.9,6.2,100.0,1,11.21,45,2411,0x0000000000000000
13:59:38,37778,4228,2252243,4407242,29842435,128.6,6.7,100.0,1,11.21,45,2411,0x0000000000000000
13:59:39,37681,4228,2252243,4407242,29842435,122.2,6.2,100.0,1,11.20,45,2411,0x0000000000000000
13:59:40,37902,4228,2252243,4407242,29842439,120.2,6.4,100.0,1,11.19,45,2411,0x0000000000000000
13:59:41,37758,4228,2252243,4407242,29842439,134.2,6.3,100.0,1,11.21,45,2411,0x0000000000000000
13:59:42,37606,4228,2252243,4407242,29842439,129.5,6.3,100.0,1,11.20,45,2411,0x0000000000000000
13:59:43,37816,4228,2252243,4407242,29842443,122.5,6.8,100.0,1,11.19,45,2411,0x0000000000000000
13:59:44,37700,4228,2252243,4407242,29842443,125.2,6.3,99.0,1,11.18,45,2411,0x0000000000000000
13:59:45,37919,4228,2252243,4407242,29842445,120.1,6.2,100.0,1,11.15,45,2411,0x0000000000000000
13:59:46,37776,4228,2252243,4407242,29842453,130.2,6.7,100.0,1,11.21,45,2411,0x0000000000000000
13:59:47,37669,4228,2252243,4407242,29842453,122.2,6.3,100.0,1,11.17,45,2411,0x0000000000000000
13:59:48,37860,4228,2252243,4407242,29842457,125.0,6.4,100.0,1,11.18,45,2411,0x0000000000000000
13:59:49,37734,4228,2252243,4407242,29842457,124.5,6.2,100.0,1,11.16,45,2411,0x0000000000000000
13:59:50,37583,4228,2252243,4407242,29842457,124.5,6.0,100.0,1,11.15,45,2411,0x0000000000000000
13:59:51,37792,4228,2252243,4407242,29842461,117.7,6.0,100.0,1,11.14,45,2411,0x0000000000000000
13:59:52,37671,4228,2252243,4407242,29842461,118.0,6.1,100.0,1,11.11,45,2411,0x0000000000000000
13:59:53,37514,4228,2252243,4407242,29842461,129.0,6.4,100.0,1,11.15,45,2411,0x0000000000000000
13:59:54,37730,4228,2252243,4407242,29842466,119.7,6.1,100.0,1,11.12,45,2411,0x0000000000000000
13:59:55,37606,4228,2252244,4407242,29842467,125.8,6.2,99.0,1,11.12,45,2411,0x0000000000000000
13:59:56,37790,4228,2252244,4407242,29842471,121.8,6.2,100.0,1,11.11,45,2411,0x0000000000000000
13:59:57,37665,4228,2252244,4407242,29842471,124.1,6.2,100.0,1,11.10,45,2411,0x0000000000000000
13:59:58,37531,4228,2252244,4407242,29842471,131.0,6.5,100.0,1,11.14,45,2411,0x0000000000000000
13:59:59,37740,4228,2252244,4407242,29842475,117.0,6.1,100.0,1,11.11,45,2411,0x0000000000000000
14:00:00,37608,4228,2252244,4407242,29842475,123.5,6.3,100.0,1,11.12,45,2411,0x0000000000000000
14:00:01,37489,4228,2252244,4407242,29842475,120.2,6.2,100.0,1,11.11,45,2411,0x0000000000000000
14:00:02,37720,4228,2252244,4407242,29842479,115.7,6.2,100.0,1,11.11,45,2411,0x0000000000000000
14:00:03,37596,4228,2252244,4407242,29842479,131.0,6.5,100.0,1,11.13,45,2411,0x0000000000000000
14:00:04,37482,4228,2252245,4407242,29842480,123.0,6.4,100.0,1,11.11,45,2411,0x0000000000000000
14:00:05,37721,4228,2252245,4407242,29842484,117.7,6.3,99.0,1,11.10,45,2411,0x0000000000000000
14:00:06,37602,4228,2252245,4407242,29842484,124.5,6.4,100.0,1,11.11,45,2411,0x0000000000000000
14:00:07,37809,4228,2252245,4407242,29842487,120.5,6.1,100.0,1,11.11,45,2411,0x0000000000000000
14:00:08,37703,4228,2252245,4407242,29842488,127.5,6.6,100.0,1,11.13,45,2411,0x0000000000000000
14:00:09,37579,4228,2252245,4407242,29842488,125.5,6.2,100.0,1,11.13,45,2411,0x0000000000000000
14:00:10,37813,4228,2252246,4407242,29842493,119.0,6.2,100.0,1,11.11,45,2411,0x0000000000000000
14:00:11,37709,4227,2252246,4407242,29842493,122.5,6.2,100.0,1,11.11,45,2411,0x0000000000000000
14:00:12,37593,4227,2252246,4407242,29842493,120.5,6.2,100.0,1,11.13,45,2411,0x0000000000000000
14:00:13,37816,4227,2252246,4407242,29842497,120.7,6.6,100.0,1,11.13,45,2411,0x0000000000000000
14:00:14,37698,4227,2252247,4407242,29842498,130.5,6.5,100.0,1,11.16,45,2411,0x0000000000000000
14:00:15,37585,4227,2252247,4407242,29842498,119.0,6.2,100.0,1,11.12,45,2411,0x0000000000000000
14:00:16,37823,4227,2252247,4407242,29842502,116.2,6.2,99.0,1,11.11,45,2411,0x0000000000000000
14:00:17,37717,4227,2252247,4407242,29842502,119.5,6.2,100.0,1,11.10,45,2411,0x0000000000000000
14:00:18,37589,4227,2252247,4407242,29842502,123.8,6.7,100.0,1,11.11,45,2411,0x0000000000000000
14:00:19,37806,4225,2252247,4407242,29842506,124.9,6.5,100.0,1,11.10,45,2411,0x0000000000000000
14:00:20,37683,4225,2252247,4407242,29842506,123.8,6.2,100.0,1,11.14,45,2411,0x0000000000000000
14:00:21,37895,4225,2252247,4407242,29842510,120.0,6.3,100.0,1,11.11,45,2411,0x0000000000000000
14:00:22,37759,4225,2252247,4407242,29842510,126.0,6.2,100.0,1,11.11,45,2411,0x0000000000000000
14:00:23,37608,4225,2252250,4407242,29842513,127.8,6.6,100.0,1,11.13,45,2411,0x0000000000000000
14:00:24,37815,4225,2252251,4407242,29842519,121.0,6.4,100.0,1,11.11,45,2411,0x0000000000000000
14:00:25,37675,4225,2252251,4407242,29842519,123.2,6.3,100.0,1,11.13,45,2411,0x0000000000000000
14:00:26,37531,4225,2252251,4407242,29842519,123.8,6.4,99.0,1,11.15,45,2411,0x0000000000000000
14:00:27,37739,4225,2252251,4407242,29842523,119.7,6.4,100.0,1,11.12,45,2411,0x0000000000000000
14:00:28,37598,4225,2252251,4407242,29842524,126.0,6.5,100.0,1,11.15,45,2411,0x0000000000000000
14:00:29,37828,4225,2252251,4407242,29842527,121.2,6.6,100.0,1,11.13,45,2411,0x0000000000000000
14:00:30,37686,4225,2252251,4407242,29842528,124.5,6.5,100.0,1,11.11,45,2411,0x0000000000000000
14:00:31,37537,4225,2252251,4407242,29842528,127.8,6.3,100.0,1,11.13,45,2411,0x0000000000000000
14:00:32,37737,4225,2252251,4407242,29842532,125.0,6.5,100.0,1,11.12,45,2411,0x0000000000000000
14:00:33,37590,4225,2252252,4407242,29842533,130.8,6.7,100.0,1,11.14,45,2411,0x0000000000000000
14:00:34,37434,4225,2252252,4407242,29842533,129.0,6.4,100.0,1,11.13,45,2411,0x0000000000000000
14:00:35,37639,4225,2252252,4407242,29842537,118.9,6.1,100.0,1,11.11,45,2411,0x0000000000000000
14:00:36,37515,4225,2252252,4407242,29842537,123.0,6.4,99.0,1,11.11,45,2411,0x0000000000000000
14:00:37,37379,4225,2252252,4407242,29842537,127.1,6.5,100.0,1,11.11,45,2411,0x0000000000000000
14:00:38,37581,4225,2252252,4407242,29842541,122.1,6.7,100.0,1,11.12,45,2411,0x0000000000000000
14:00:39,37429,4225,2252252,4407242,29842541,128.2,6.4,100.0,1,11.11,45,2411,0x0000000000000000
14:00:40,37628,4225,2252252,4407242,29842545,123.9,6.5,100.0,1,11.11,45,2411,0x0000000000000000
14:00:41,37499,4225,2252252,4407242,29842545,122.2,6.0,100.0,1,11.12,45,2411,0x0000000000000000
14:00:42,37353,4225,2252252,4407242,29842545,120.8,6.1,100.0,1,11.09,45,2411,0x0000000000000000
14:00:43,37561,4225,2252252,4407242,29842549,127.2,6.6,100.0,1,11.10,44,2411,0x0000000000000000
14:00:44,37419,4225,2252252,4407242,29842549,127.5,6.2,100.0,1,11.09,45,2411,0x0000000000000000
14:00:45,37285,4225,2252252,4407242,29842549,119.2,6.2,100.0,1,11.07,44,2411,0x0000000000000000
14:00:46,37495,4225,2252252,4407242,29842553,119.7,6.2,99.0,1,11.09,45,2411,0x0000000000000000
14:00:47,37340,4225,2252252,4407242,29842553,129.0,6.2,100.0,1,11.09,44,2411,0x0000000000000000
14:00:48,37555,4225,2252252,4407242,29842557,125.7,6.7,100.0,1,11.10,44,2411,0x0000000000000000
14:00:49,37425,4225,2252252,4407242,29842557,127.8,6.4,100.0,1,11.07,44,2411,0x0000000000000000
14:00:50,37276,4225,2252252,4407242,29842557,122.5,6.1,100.0,1,11.09,44,2411,0x0000000000000000
14:00:51,37495,4225,2252252,4407242,29842561,123.0,6.2,100.0,1,11.08,44,2411,0x0000000000000000
14:00:52,37339,4225,2252252,4407242,29842561,122.5,6.1,100.0,1,11.09,44,2411,0x0000000000000000
14:00:53,37208,4225,2252252,4407242,29842561,126.0,6.5,100.0,1,11.09,44,2411,0x0000000000000000
14:00:54,37402,4225,2252252,4407242,29842565,122.2,6.2,100.0,1,11.07,44,2411,0x0000000000000000
14:00:55,37267,4225,2252252,4407242,29842565,117.5,6.1,100.0,1,11.07,44,2411,0x0000000000000000
14:00:56,37145,4225,2252252,4407242,29842565,118.8,6.1,100.0,1,11.09,44,2411,0x0000000000000000
14:00:57,37352,4225,2252252,4407242,29842569,118.2,6.2,99.0,1,11.09,44,2411,0x0000000000000000
14:00:58,37212,4225,2252252,4407242,29842569,123.5,6.6,100.0,1,11.10,44,2411,0x0000000000000000
14:00:59,37242,4225,2252252,4407242,29842570,115.9,6.0,100.0,1,11.07,44,2411,0x0000000000000000
14:01:00,37327,4225,2252252,4407242,29842573,115.8,6.0,100.0,1,11.07,44,2411,0x0000000000000000
14:01:01,37199,4225,2252253,4407242,29842574,120.3,6.1,100.0,1,11.08,44,2411,0x0000000000000000
14:01:02,37398,4225,2252253,4407242,29842578,119.7,6.3,100.0,1,11.07,44,2411,0x0000000000000000
14:01:03,37260,4225,2252253,4407242,29842578,125.5,6.5,100.0,1,11.07,44,2411,0x0000000000000000
14:01:04,37134,4225,2252253,4407242,29842578,125.2,6.4,100.0,1,11.09,44,2411,0x0000000000000000
14:01:05,37343,4225,2252253,4407242,29842582,115.7,6.2,100.0,1,11.04,44,2411,0x0000000000000000
14:01:06,37231,4225,2252253,4407242,29842582,118.5,6.2,99.0,1,11.06,44,2411,0x0000000000000000
14:01:07,37110,4225,2252253,4407242,29842582,122.0,6.3,100.0,1,11.06,44,2411,0x0000000000000000
14:01:08,37336,4225,2252253,4407242,29842586,119.2,6.4,100.0,1,11.09,44,2411,0x0000000000000000
14:01:09,37223,4225,2252253,4407242,29842586,121.5,6.2,100.0,1,11.07,44,2411,0x0000000000000000
14:01:10,37083,4225,2252253,4407242,29842586,129.5,6.5,100.0,1,11.09,44,2411,0x0000000000000000
14:01:11,37288,4225,2252253,4407242,29842590,117.7,6.2,100.0,1,11.06,44,2411,0x0000000000000000
14:01:12,37172,4225,2252255,4407242,29842591,123.0,6.4,100.0,1,11.07,44,2411,0x0000000000000000
14:01:13,37408,4225,2252255,4407242,29842595,128.2,6.6,100.0,1,11.10,44,2411,0x0000000000000000
14:01:14,37271,4225,2252255,4407242,29842595,130.2,6.7,100.0,1,11.07,44,2411,0x0000000000000000
14:01:15,37146,4225,2252255,4407242,29842595,129.5,6.2,99.0,1,11.08,44,2411,0x0000000000000000
14:01:16,37358,4225,2252255,4407242,29842599,123.5,6.2,100.0,1,11.07,44,2411,0x0000000000000000
14:01:17,37230,4225,2252255,4407242,29842599,129.5,6.3,100.0,1,11.08,44,2411,0x0000000000000000
14:01:18,37120,4225,2252255,4407242,29842599,125.5,6.8,100.0,1,11.06,44,2411,0x0000000000000000
14:01:19,37336,4225,2252256,4407242,29842604,119.7,6.4,100.0,1,11.05,44,2411,0x0000000000000000
14:01:20,37230,4225,2252256,4407242,29842604,122.5,6.3,100.0,1,11.06,44,2411,0x0000000000000000
14:01:21,37454,4225,2252256,4407242,29842607,122.7,6.2,100.0,1,11.09,44,2411,0x0000000000000000
14:01:22,37327,4225,2252256,4407242,29842608,122.5,6.6,100.0,1,11.05,44,2411,0x0000000000000000
14:01:23,37217,4225,2252256,4407242,29842608,127.0,6.6,100.0,1,11.08,44,2411,0x0000000000000000
14:01:24,37428,4225,2252256,4407242,29842613,123.8,6.4,100.0,1,11.06,44,2411,0x0000000000000000
14:01:25,37344,4225,2252256,4407242,29842613,123.8,7.1,99.0,1,11.06,44,2411,0x0000000000000000
14:01:26,37258,4225,2252256,4407242,29842613,122.8,6.4,100.0,1,11.05,44,2411,0x0000000000000000
14:01:27,37501,4225,2252256,4407242,29842617,119.4,6.3,100.0,1,11.06,44,2411,0x0000000000000000
14:01:28,37364,4225,2252256,4407242,29842617,130.0,6.5,100.0,1,11.07,44,2411,0x0000000000000000
14:01:29,37233,4225,2252256,4407242,29842617,121.8,6.6,100.0,1,11.05,44,2411,0x0000000000000000
14:01:30,37439,4225,2252256,4407242,29842621,113.7,6.2,100.0,1,11.02,44,2411,0x0000000000000000
14:01:31,37318,4225,2252256,4407242,29842621,120.0,6.2,100.0,1,11.04,44,2411,0x0000000000000000
14:01:32,37193,4225,2252256,4407242,29842621,120.3,6.4,100.0,1,11.03,44,2411,0x0000000000000000
14:01:33,37383,4225,2252256,4407242,29842625,119.6,6.9,100.0,1,11.04,44,2411,0x0000000000000000
14:01:34,37227,4225,2252257,4407242,29842626,127.8,6.8,99.0,1,11.05,44,2411,0x0000000000000000
14:01:35,39663,4225,2252257,4407242,29842630,115.7,7.0,100.0,1,11.03,44,2411,0x0000000000000000
14:01:36,39502,4225,2252257,4407242,29842630,125.5,6.1,100.0,1,11.05,44,2411,0x0000000000000000
14:01:37,39343,4225,2252257,4407242,29842630,122.8,6.2,100.0,1,11.04,44,2411,0x0000000000000000
14:01:38,39497,4225,2252257,4407242,29842634,117.5,6.5,100.0,1,11.02,44,2411,0x0000000000000000
14:01:39,39347,4225,2252257,4407242,29842634,122.2,6.4,100.0,1,11.05,44,2411,0x0000000000000000
14:01:40,39197,4225,2252257,4407242,29842634,121.0,6.2,100.0,1,11.03,44,2411,0x0000000000000000
14:01:41,39393,4225,2252257,4407242,29842638,117.7,6.2,100.0,1,11.02,44,2411,0x0000000000000000
14:01:42,39244,4225,2252257,4407242,29842638,123.0,6.2,100.0,1,11.04,44,2411,0x0000000000000000
14:01:43,39081,4224,2252257,4407242,29842639,130.0,6.7,100.0,1,11.06,44,2411,0x0000000000000000
14:01:44,39256,4224,2252257,4407242,29842643,121.7,6.3,100.0,1,11.04,44,2411,0x0000000000000000
14:01:45,39101,4224,2252257,4407242,29842643,124.0,6.3,99.0,1,11.04,44,2411,0x0000000000000000
14:01:46,39276,4224,2252257,4407242,29842647,120.4,6.3,100.0,1,11.05,44,2411,0x0000000000000000
14:01:47,39540,4224,2252257,4407242,29842647,129.5,6.3,100.0,1,11.04,44,2411,0x0000000000000000
14:01:48,39474,4225,2252265,4418972,29842658,126.4,8.2,100.0,1,11.09,44,2411,0x0000000000000000
14:01:49,39663,4225,2252299,4419674,29842687,119.3,6.3,100.0,1,11.03,44,2411,0x0000000000000000
14:01:50,39515,4225,2252305,4419674,29842693,119.1,7.2,100.0,1,11.01,44,2411,0x0000000000000000
14:01:51,39363,4225,2252305,4419674,29842714,124.6,6.2,100.0,1,11.01,44,2411,0x0000000000000000
14:01:52,39554,4225,2252308,4419674,29842721,116.2,6.1,100.0,1,10.98,44,2411,0x0000000000000000
14:01:53,39385,4225,2252312,4419674,29842723,129.8,6.7,100.0,1,11.02,44,2411,0x0000000000000000
14:01:54,39208,4225,2252318,4419674,29842752,128.9,6.5,100.0,1,11.03,44,2411,0x0000000000000000
14:01:55,39385,4225,2252318,4419674,29842756,121.5,6.4,100.0,1,11.00,44,2411,0x0000000000000000
14:01:56,39234,4225,2252323,4419674,29842793,127.4,6.5,99.0,1,11.02,44,2411,0x0000000000000000
14:01:57,39725,4225,2252329,4419711,29842809,122.9,6.6,100.0,1,11.03,44,2411,0x0000000000000000
14:01:58,39545,4225,2252330,4419711,29842810,129.3,6.9,100.0,1,11.04,44,2411,0x0000000000000000
14:01:59,39386,4225,2252330,4419711,29842810,127.0,6.4,100.0,1,11.05,44,2411,0x0000000000000000
14:02:00,39628,4225,2252331,4420038,29842830,120.7,6.3,100.0,1,11.03,44,2411,0x0000000000000000
14:02:01,39466,4225,2252331,4420038,29842830,129.8,6.4,100.0,1,11.03,44,2411,0x0000000000000000
14:02:02,39429,4225,2252331,4420039,29842830,124.2,6.3,100.0,1,11.04,44,2411,0x0000000000000000
14:02:03,39556,4225,2252331,4420039,29842836,125.8,6.8,100.0,1,11.03,44,2411,0x0000000000000000
14:02:04,39384,4225,2252332,4420039,29842845,127.5,6.6,100.0,1,11.04,44,2411,0x0000000000000000
14:02:05,39681,4225,2252332,4420040,29842849,123.0,6.3,99.0,1,11.04,44,2411,0x0000000000000000
14:02:06,39522,4225,2252332,4420040,29842853,123.5,6.5,100.0,1,11.01,44,2411,0x0000000000000000
14:02:07,39491,4225,2252333,4420040,29842855,125.6,6.4,100.0,1,11.02,44,2411,0x0000000000000000
14:02:08,39635,4225,2252347,4420505,29842865,121.3,6.8,100.0,1,11.01,44,2411,0x0000000000000000
14:02:09,39490,4225,2252347,4420505,29842871,122.1,6.6,100.0,1,11.00,44,2411,0x0000000000000000
14:02:10,39336,4225,2252352,4420506,29842876,124.3,6.4,100.0,1,11.01,44,2411,0x0000000000000000
14:02:11,39521,4225,2252547,4420506,29842991,120.3,6.4,100.0,1,10.98,44,2411,0x0000000000000000
14:02:12,39376,4225,2252547,4420506,29842991,120.2,6.5,100.0,1,10.99,44,2411,0x0000000000000000
14:02:13,39415,4225,2252548,4420946,29842993,126.3,7.0,100.0,1,11.03,44,2411,0x0000000000000000
14:02:14,39568,4225,2252548,4420946,29843006,123.7,6.7,99.0,1,11.01,44,2411,0x0000000000000000
14:02:15,39522,4225,2252548,4420946,29843006,122.2,6.3,100.0,1,11.00,44,2411,0x0000000000000000
14:02:16,39677,4225,2252550,4420946,29843053,121.6,6.4,100.0,1,11.02,44,2411,0x0000000000000000
14:02:17,39519,4225,2252550,4420946,29843053,127.5,6.4,100.0,1,11.00,44,2411,0x0000000000000000
14:02:18,39460,4225,2252553,4420946,29843059,131.6,6.7,100.0,1,11.02,44,2411,0x0000000000000000
14:02:19,39611,4225,2252553,4420946,29843065,120.6,6.6,100.0,1,11.01,44,2411,0x0000000000000000
14:02:20,39585,4225,2252553,4420949,29843065,121.8,6.4,100.0,1,11.01,44,2411,0x0000000000000000
14:02:21,39424,4225,2252553,4420949,29843069,119.2,6.5,100.0,1,10.99,44,2411,0x0000000000000000
14:02:22,39587,4225,2252554,4420949,29843074,117.2,6.3,100.0,1,11.00,44,2411,0x0000000000000000
14:02:23,39534,4225,2252554,4420953,29843075,130.5,6.8,100.0,1,11.01,44,2411,0x0000000000000000
14:02:24,39354,4225,2252557,4420953,29843078,128.3,6.6,100.0,1,11.03,44,2411,0x0000000000000000
14:02:25,39509,4225,2252557,4420953,29843082,119.4,6.1,99.0,1,11.01,44,2411,0x0000000000000000
14:02:26,39360,4225,2252559,4420953,29843084,120.0,6.4,100.0,1,11.01,44,2411,0x0000000000000000
14:02:27,39557,4225,2252559,4420953,29843088,116.7,6.3,100.0,1,11.02,44,2411,0x0000000000000000
14:02:28,39600,4225,2252559,4420962,29843088,127.0,6.7,100.0,1,11.01,44,2411,0x0000000000000000
14:02:29,39428,4225,2252559,4420962,29843090,126.0,6.6,100.0,1,11.03,44,2411,0x0000000000000000
14:02:30,39710,4225,2252559,4420978,29843094,115.5,6.4,100.0,1,11.01,44,2411,0x0000000000000000
14:02:31,39554,4225,2252559,4420978,29843096,120.4,6.5,100.0,1,11.00,44,2411,0x0000000000000000
14:02:32,39395,4225,2252559,4420978,29843096,122.2,6.3,100.0,1,11.00,44,2411,0x0000000000000000
14:02:33,39542,4225,2252559,4420978,29843100,119.5,6.6,100.0,1,10.99,44,2411,0x0000000000000000
14:02:34,39377,4225,2252561,4420978,29843102,125.4,6.6,99.0,1,11.00,44,2411,0x0000000000000000
14:02:35,39427,4225,2252561,4421226,29843103,129.0,6.5,100.0,1,10.99,44,2411,0x0000000000000000
14:02:36,39565,4225,2252562,4421226,29843108,128.2,6.5,100.0,1,11.03,44,2411,0x0000000000000000
14:02:37,39412,4225,2252562,4421226,29843108,130.0,6.4,100.0,1,11.02,44,2411,0x0000000000000000
14:02:38,39599,4225,2252562,4421401,29843112,130.2,6.7,100.0,1,11.01,44,2411,0x0000000000000000
14:02:39,39417,4225,2252562,4421401,29843161,137.9,7.2,100.0,2,11.01,44,2411,0x0000000000000000
14:02:40,39287,4225,2252563,4421495,29843162,125.3,6.5,100.0,1,11.01,44,2411,0x0000000000000000
14:02:41,39469,4225,2252563,4421495,29843166,121.7,6.5,100.0,1,10.99,44,2411,0x0000000000000000
14:02:42,39315,4225,2252563,4421495,29843166,128.5,6.3,100.0,1,10.99,44,2411,0x0000000000000000
14:02:43,39203,4225,2252607,4421535,29843209,131.8,6.9,99.0,1,11.00,44,2411,0x0000000000000000
14:02:44,39326,4225,2252607,4421535,29843212,129.3,6.7,100.0,1,11.00,43,2411,0x0000000000000000
14:02:45,39493,4225,2252607,4421535,29843212,126.2,6.3,100.0,1,10.99,44,2411,0x0000000000000000
14:02:46,39640,4225,2252608,4421535,29843359,135.2,6.8,100.0,1,11.03,43,2411,0x0000000000000000
14:02:47,39587,4225,2252608,4421535,29843359,125.5,6.5,100.0,1,10.99,43,2411,0x0000000000000000
14:02:48,39412,4225,2252608,4421535,29843359,125.0,7.0,100.0,1,11.00,44,2411,0x0000000000000000
14:02:49,39689,4225,2252608,4421535,29843363,120.7,6.3,100.0,1,10.96,43,2411,0x0000000000000000
14:02:50,39530,4225,2252608,4421535,29843363,125.2,6.3,100.0,1,10.96,43,2411,0x0000000000000000
14:02:51,39366,4225,2252608,4421535,29843363,123.8,6.5,100.0,1,10.98,43,2411,0x0000000000000000
14:02:52,39633,4225,2252608,4421535,29843367,122.0,6.3,100.0,1,10.97,43,2411,0x0000000000000000
14:02:53,39456,4225,2252623,4421535,29843372,131.1,6.6,99.0,1,11.00,43,2411,0x0000000000000000
14:02:54,39672,4225,2252623,4421535,29843376,128.5,6.5,100.0,1,10.97,43,2411,0x0000000000000000
14:02:55,39520,4225,2252623,4421535,29843376,124.5,6.5,100.0,1,10.97,43,2411,0x0000000000000000
14:02:56,39371,4225,2252623,4421535,29843376,123.5,6.2,100.0,1,10.96,43,2411,0x0000000000000000
14:02:57,39632,4225,2252623,4421535,29843380,122.7,6.3,100.0,1,10.95,43,2411,0x0000000000000000
14:02:58,39471,4225,2252623,4421535,29843380,125.2,6.8,100.0,1,10.96,43,2411,0x0000000000000000
14:02:59,39441,4225,2252631,4421535,29843386,119.0,6.4,100.0,1,10.97,43,2411,0x0000000000000000
14:03:00,39592,4225,2252631,4421535,29843390,117.2,6.3,100.0,1,10.96,43,2411,0x0000000000000000
14:03:01,39547,4225,2252631,4421535,29843390,127.8,6.4,100.0,1,10.97,43,2411,0x0000000000000000
14:03:02,39396,4225,2252631,4421535,29843390,118.8,6.5,100.0,1,10.98,43,2411,0x0000000000000000
14:03:03,39539,4225,2252632,4421535,29843395,121.6,6.8,99.0,1,10.97,43,2411,0x0000000000000000
14:03:04,39496,4226,2252632,4422098,29843395,126.5,6.4,100.0,1,11.01,43,2411,0x0000000000000000
14:03:05,39644,4226,2252673,4422098,29843444,115.7,6.5,100.0,1,10.98,43,2411,0x0000000000000000
14:03:06,39624,4226,2252674,4422748,29843445,119.5,6.5,100.0,1,10.97,43,2411,0x0000000000000000
14:03:07,39469,4226,2252674,4422748,29843445,122.5,6.2,100.0,1,10.97,43,2411,0x0000000000000000
14:03:08,39598,4226,2252674,4422748,29843449,120.2,6.6,100.0,1,10.97,43,2411,0x0000000000000000
14:03:09,39457,4226,2252689,4422748,29843454,119.1,6.3,100.0,1,10.95,43,2411,0x0000000000000000
14:03:10,39300,4226,2252689,4422748,29843455,125.5,6.4,100.0,1,10.98,43,2411,0x0000000000000000
14:03:11,39647,4226,2252689,4422748,29843459,117.2,6.2,100.0,1,10.96,43,2411,0x0000000000000000
14:03:12,39483,4226,2252695,4422748,29843494,130.9,6.4,99.0,1,10.99,43,2411,0x0000000000000000
14:03:13,39321,4226,2252701,4422748,29843499,129.5,6.8,100.0,1,11.00,43,2411,0x0000000000000000
14:03:14,39514,4226,2252702,4422748,29843504,119.7,6.4,100.0,1,10.97,43,2411,0x0000000000000000
14:03:15,39357,4226,2252734,4422748,29843536,125.9,6.3,100.0,1,10.98,43,2411,0x0000000000000000
14:03:16,39544,4226,2252734,4422748,29843540,116.0,6.3,100.0,1,10.98,43,2411,0x0000000000000000
14:03:17,39393,4226,2252734,4422748,29843540,126.0,6.3,100.0,1,10.98,43,2411,0x0000000000000000
14:03:18,39231,4226,2252734,4422748,29843541,131.8,6.8,100.0,1,11.02,43,2411,0x0000000000000000
14:03:19,39419,4226,2252734,4422748,29843546,116.8,6.3,100.0,1,10.97,43,2411,0x0000000000000000
14:03:20,39276,4226,2252734,4422748,29843546,119.2,6.2,99.0,1,10.97,43,2411,0x0000000000000000
14:03:21,39122,4226,2252734,4422748,29843546,125.2,6.3,100.0,1,11.00,43,2411,0x0000000000000000
14:03:22,39303,4226,2252734,4422748,29843550,120.5,6.4,100.0,1,10.97,43,2411,0x0000000000000000
14:03:23,39152,4226,2252734,4422748,29843550,123.8,6.6,100.0,1,10.97,43,2411,0x0000000000000000
14:03:24,38987,4226,2252734,4422748,29843550,121.5,6.4,100.0,2,10.98,43,2411,0x0000000000000000
14:03:25,39176,4226,2252734,4422748,29843554,117.5,6.3,100.0,1,10.98,43,2411,0x0000000000000000
14:03:26,39027,4226,2252734,4422748,29843554,122.2,6.3,100.0,1,10.98,43,2411,0x0000000000000000
14:03:27,39215,4226,2252734,4422748,29843557,114.2,6.3,99.0,1,10.83,43,2405,0x0000000000000000
14:03:28,39057,4226,2252740,4422748,29843564,130.3,6.7,100.0,1,10.68,43,2398,0x0000000000000000
14:03:29,38906,4226,2252740,4422748,29843564,123.0,6.2,100.0,1,10.69,43,2398,0x0000000000000000
14:03:30,39091,4226,2252740,4422753,29843568,116.0,6.3,100.0,1,10.66,43,2405,0x0000000000000000
14:03:31,38943,4226,2252740,4422753,29843599,124.6,6.2,100.0,1,10.67,43,2405,0x0000000000000000
14:03:32,38800,4226,2252773,4422753,29843632,117.9,6.3,100.0,1,10.68,43,2398,0x0000000000000000
14:03:33,38974,4226,2252818,4422753,29843678,125.1,6.6,100.0,1,10.69,43,2398,0x0000000000000000
14:03:34,38825,4226,2252818,4422753,29843678,121.8,6.4,100.0,1,10.66,43,2398,0x0000000000000000
14:03:35,38678,4226,2252818,4422753,29843678,119.5,6.4,100.0,1,10.65,43,2398,0x0000000000000000
14:03:36,38856,4226,2252819,4422753,29843683,121.8,6.2,100.0,2,10.64,43,2398,0x0000000000000000
14:03:37,38713,4226,2252819,4422753,29843683,119.0,6.2,99.0,1,10.64,43,2398,0x0000000000000000
14:03:38,38579,4226,2252821,4422753,29843685,121.8,6.6,100.0,1,10.65,43,2398,0x0000000000000000
14:03:39,38782,4226,2252821,4422753,29843689,118.0,6.5,100.0,1,10.64,43,2405,0x0000000000000000
14:03:40,38648,4226,2252821,4422753,29843689,124.0,6.3,100.0,1,10.66,43,2398,0x0000000000000000
14:03:41,38836,4226,2252822,4422753,29843694,115.7,6.3,100.0,1,10.65,43,2405,0x0000000000000000
14:03:42,38716,4226,2252822,4422753,29843694,119.0,6.4,100.0,1,10.62,43,2405,0x0000000000000000
14:03:43,38601,4226,2252836,4422753,29843698,125.6,6.6,100.0,1,10.67,43,2405,0x0000000000000000
14:03:44,38800,4226,2252836,4422753,29843747,136.9,6.9,100.0,2,10.68,43,2405,0x0000000000000000
14:03:45,38666,4226,2252836,4422753,29843747,121.0,6.1,100.0,1,10.66,43,2405,0x0000000000000000
14:03:46,38537,4226,2252837,4422753,29843750,121.5,6.3,100.0,1,10.66,43,2405,0x0000000000000000
14:03:47,38762,4226,2252837,4422753,29843754,117.0,6.2,99.0,1,10.64,43,2405,0x0000000000000000
14:03:48,38651,4226,2252850,4422753,29843760,126.1,6.7,100.0,1,10.67,43,2398,0x0000000000000000
14:03:49,39448,4226,2252850,4422753,29843760,120.0,6.6,100.0,1,10.66,43,2405,0x0000000000000000
14:03:50,39622,4226,2252850,4422753,29843764,115.2,6.2,100.0,1,10.65,43,2405,0x0000000000000000
14:03:51,39466,4226,2252850,4422753,29843764,120.5,6.3,100.0,1,10.65,43,2405,0x0000000000000000
14:03:52,39319,4226,2252850,4422753,29843764,122.3,6.2,100.0,1,10.65,43,2405,0x0000000000000000
14:03:53,39485,4226,2252850,4422753,29843768,124.4,6.6,100.0,1,10.65,43,2405,0x0000000000000000
14:03:54,39495,4227,2252850,4423385,29843768,124.8,6.6,100.0,1,10.67,43,2405,0x0000000000000000
14:03:55,39628,4227,2253002,4423385,29843946,142.6,6.4,99.0,1,10.66,43,2398,0x0000000000000000
14:03:56,39514,4227,2253003,4423407,29843947,128.5,6.4,100.0,1,10.68,43,2398,0x0000000000000000
14:03:57,39350,4227,2253003,4423407,29843947,134.8,6.2,100.0,1,10.68,43,2405,0x0000000000000000
14:03:58,39521,4227,2253004,4423407,29843953,126.2,7.0,100.0,1,10.68,43,2405,0x0000000000000000
14:03:59,39537,4227,2253004,4423407,29843953,125.8,6.2,100.0,1,10.67,43,2398,0x0000000000000000
14:04:00,39702,4227,2253004,4423407,29843955,119.0,6.3,100.0,1,10.66,43,2405,0x0000000000000000
14:04:01,39644,4227,2253004,4423413,29843995,127.1,6.5,100.0,1,10.64,43,2405,0x0000000000000000
14:04:02,39493,4227,2253004,4423413,29843995,120.2,6.2,100.0,1,10.63,43,2405,0x0000000000000000
14:04:03,39627,4227,2253004,4423413,29844000,123.8,6.5,100.0,1,10.65,43,2405,0x0000000000000000
14:04:04,39528,4227,2253004,4423413,29844000,126.2,6.4,99.0,1,10.65,43,2405,0x0000000000000000
14:04:05,39378,4227,2253040,4423413,29844037,122.7,6.3,100.0,1,10.64,43,2405,0x0000000000000000
14:04:06,39566,4227,2253040,4423413,29844042,122.5,6.3,100.0,1,10.64,43,2405,0x0000000000000000
14:04:07,39424,4227,2253040,4423413,29844042,117.8,6.1,100.0,1,10.62,43,2405,0x0000000000000000
14:04:08,39278,4227,2253055,4423413,29844047,124.8,6.6,100.0,1,10.62,43,2405,0x0000000000000000
14:04:09,39469,4227,2253055,4423413,29844051,117.5,6.2,100.0,1,10.63,43,2405,0x0000000000000000
14:04:10,39323,4227,2253055,4423413,29844051,119.0,6.2,100.0,1,10.64,43,2405,0x0000000000000000
14:04:11,39181,4227,2253069,4423413,29844063,117.6,6.2,100.0,1,10.62,43,2405,0x0000000000000000
14:04:12,39377,4227,2253069,4423413,29844067,115.2,6.2,100.0,1,10.61,43,2405,0x0000000000000000
14:04:13,39241,4229,2253069,4423842,29844067,124.2,6.8,99.0,1,10.66,43,2398,0x0000000000000000
14:04:14,39407,4229,2253094,4423842,29844096,120.8,6.4,100.0,1,10.64,43,2405,0x0000000000000000
14:04:15,39268,4229,2253094,4423842,29844096,118.0,6.3,100.0,1,10.63,43,2405,0x0000000000000000
14:04:16,39124,4229,2253094,4423842,29844096,119.0,6.1,100.0,1,10.63,43,2405,0x0000000000000000
14:04:17,39319,4229,2253099,4423842,29844106,116.5,6.4,100.0,1,10.63,43,2398,0x0000000000000000
14:04:18,39330,4229,2253099,4423842,29844106,126.7,6.9,100.0,1,10.64,43,2405,0x0000000000000000
14:04:19,39138,4229,2258433,4423842,29846835,159.9,6.4,100.0,2,10.68,43,2398,0x0000000000000000
14:04:20,39333,4229,2259900,4423842,29847539,137.3,6.6,100.0,1,10.68,43,2398,0x0000000000000000
14:04:21,39174,4229,2259997,4423842,29847626,130.0,6.4,99.0,1,10.65,43,2398,0x0000000000000000
14:04:22,39110,4229,2259997,4423842,29847626,118.5,6.2,100.0,1,10.62,43,2405,0x0000000000000000
14:04:23,39295,4229,2259997,4423842,29847630,120.0,6.7,100.0,1,10.62,43,2405,0x0000000000000000
14:04:24,39138,4229,2259997,4423842,29847630,124.2,6.4,100.0,1,10.63,43,2405,0x0000000000000000
14:04:25,39277,4229,2262383,4423842,29849520,166.6,7.2,100.0,1,10.68,43,2398,0x0000000000000000
14:04:26,39108,4229,2262671,4423842,29849737,144.3,6.4,100.0,1,10.70,43,2405,0x0000000000000000
14:04:27,39028,4229,2262687,4423842,29849750,124.6,6.2,100.0,1,10.65,43,2405,0x0000000000000000
14:04:28,39214,4229,2262687,4423842,29849754,127.5,6.8,100.0,1,10.64,43,2398,0x0000000000000000
14:04:29,39144,4229,2262687,4423842,29849754,120.2,6.2,100.0,1,10.62,43,2398,0x0000000000000000
14:04:30,38988,4229,2262687,4423842,29849754,120.6,6.3,99.0,1,10.63,43,2398,0x0000000000000000
14:04:31,39263,4229,2262687,4423842,29849758,117.4,6.3,100.0,1,10.62,43,2405,0x0000000000000000
14:04:32,39105,4229,2262687,4423842,29849758,124.2,6.4,100.0,1,10.65,43,2398,0x0000000000000000
14:04:33,39279,4229,2262687,4423842,29849763,125.7,6.4,100.0,1,10.65,43,2398,0x0000000000000000
14:04:34,39169,4229,2262687,4423842,29849763,122.8,6.4,100.0,1,10.65,43,2405,0x0000000000000000
14:04:35,39020,4229,2262687,4423842,29849764,121.6,6.2,100.0,1,10.65,43,2405,0x0000000000000000
14:04:36,39640,4229,2262689,4423842,29849781,123.0,6.5,100.0,1,10.66,43,2398,0x0000000000000000
14:04:37,39487,4229,2262689,4423842,29849781,122.2,6.5,100.0,1,10.63,43,2405,0x0000000000000000
14:04:38,39415,4229,2262689,4423842,29849782,136.1,6.9,100.0,1,10.70,43,2398,0x0000000000000000
14:04:39,39569,4229,2262689,4423842,29849787,127.7,6.3,99.0,1,10.66,43,2398,0x0000000000000000
14:04:40,39409,4229,2262707,4423842,29849802,122.1,6.5,100.0,1,10.63,43,2398,0x0000000000000000
14:04:41,39599,4229,2262707,4423842,29849805,116.2,6.2,100.0,1,10.62,43,2405,0x0000000000000000
14:04:42,39452,4229,2262707,4423842,29849806,120.2,6.3,100.0,1,10.63,43,2405,0x0000000000000000
14:04:43,39293,4229,2262707,4423842,29849806,124.0,6.7,100.0,1,10.62,43,2405,0x0000000000000000
14:04:44,39467,4229,2262708,4423842,29849811,118.2,6.5,100.0,1,10.60,43,2405,0x0000000000000000
14:04:45,39322,4229,2262708,4423842,29849811,120.0,6.3,100.0,1,10.61,43,2398,0x0000000000000000
14:04:46,39164,4229,2263676,4423842,29850540,129.7,6.4,100.0,1,10.61,43,2405,0x0000000000000000
14:04:47,39335,4229,2264139,4423842,29851057,135.6,7.0,99.0,1,10.63,43,2405,0x0000000000000000
14:04:48,39182,4229,2264139,4423842,29851057,126.0,6.6,100.0,1,10.63,43,2405,0x0000000000000000
14:04:49,39012,4229,2264774,4423842,29851599,149.2,7.1,100.0,2,10.64,43,2398,0x0000000000000000
14:04:50,39201,4229,2264774,4423842,29851604,118.6,6.3,100.0,1,10.63,43,2405,0x0000000000000000
14:04:51,39041,4229,2264774,4423842,29851608,125.9,6.4,100.0,1,10.63,43,2405,0x0000000000000000
14:04:52,39185,4229,2264775,4423842,29851615,137.8,10.4,100.0,2,10.68,43,2398,0x0000000000000000
14:04:53,38993,4229,2264776,4423842,29851621,153.8,7.6,100.0,1,10.70,43,2398,0x0000000000000000
14:04:54,38812,4229,2264776,4423842,29851621,161.9,7.4,100.0,2,10.71,43,2405,0x0000000000000000
14:04:55,38979,4229,2264856,4423842,29851689,143.7,7.2,87.0,1,10.69,43,2398,0x0000000000000000
14:04:56,39405,4229,2264860,4423842,29851694,154.5,8.3,100.0,2,10.71,43,2398,0x0000000000000000
14:04:57,39549,4229,2264860,4423842,29851698,152.8,8.0,100.0,1,10.69,43,2398,0x0000000000000000
14:04:58,39367,4229,2264860,4423842,29851699,149.6,8.1,99.0,1,10.70,43,2398,0x0000000000000000
14:04:59,39340,4229,2264874,4423848,29851714,151.9,8.0,100.0,2,10.69,43,2398,0x0000000000000000
14:05:00,39449,4229,2264885,4423848,29851728,153.2,8.2,100.0,1,10.69,43,2398,0x0000000000000000
14:05:01,39276,4229,2264885,4423848,29851732,162.3,8.3,100.0,1,10.71,43,2398,0x0000000000000000
14:05:02,39545,4229,2264885,4423848,29851736,153.9,8.1,100.0,1,10.67,43,2398,0x0000000000000000
14:05:03,39367,4229,2264885,4423848,29851736,164.4,8.1,99.0,2,10.68,43,2398,0x0000000000000000
14:05:04,39585,4229,2264885,4423848,29851739,154.6,8.1,100.0,1,10.69,43,2398,0x0000000000000000
14:05:05,39404,4229,2264885,4423848,29851740,154.2,8.7,100.0,1,10.68,43,2398,0x0000000000000000
14:05:06,39244,4229,2264892,4423848,29851747,151.3,8.7,100.0,1,10.67,43,2398,0x0000000000000000
14:05:07,39392,4229,2264893,4423848,29851752,152.5,8.8,100.0,1,10.68,43,2398,0x0000000000000000
14:05:08,39399,4229,2264893,4423915,29851752,150.7,9.1,100.0,1,10.69,43,2405,0x0000000000000000
14:05:09,39592,4229,2264894,4423915,29851757,140.3,8.8,99.0,2,10.67,43,2398,0x0000000000000000
14:05:10,39419,4229,2264894,4423915,29851762,158.2,8.6,100.0,2,10.67,43,2405,0x0000000000000000
14:05:11,39343,4229,2264894,4423915,29851762,146.4,8.4,100.0,1,10.66,43,2405,0x0000000000000000
14:05:12,39469,4229,2264894,4423915,29851767,155.7,8.6,100.0,1,10.65,43,2405,0x0000000000000000
14:05:13,39409,4229,2264894,4423915,29851767,174.9,8.9,100.0,2,10.70,43,2398,0x0000000000000000
14:05:14,39497,4229,2264898,4423915,29851774,163.9,8.6,100.0,1,10.67,43,2398,0x0000000000000000
14:05:15,39369,4229,2264902,4423915,29851779,162.9,8.0,99.0,1,10.66,43,2405,0x0000000000000000
14:05:16,39325,4229,2264902,4423915,29851779,155.4,7.8,100.0,1,10.65,43,2405,0x0000000000000000
14:05:17,39478,4229,2264902,4423915,29851783,132.3,9.6,100.0,1,10.64,43,2398,0x0000000000000000
14:05:18,39299,4229,2264902,4423915,29851783,133.9,11.6,100.0,1,10.67,43,2398,0x0000000000000000
14:05:19,39575,4229,2264902,4423915,29851787,126.9,11.3,100.0,1,10.67,43,2398,0x0000000000000000
14:05:20,39362,4229,2264902,4423915,29851788,130.3,8.0,100.0,1,10.66,43,2398,0x0000000000000000
14:05:21,39401,4229,2264902,4423915,29851788,131.5,6.7,65.0,1,10.67,43,2398,0x0000000000000000
14:05:22,39558,4229,2264902,4423915,29851792,121.7,6.6,100.0,1,10.63,43,2398,0x0000000000000000
14:05:23,39406,4229,2264902,4423915,29851792,128.8,6.9,100.0,1,10.66,43,2398,0x0000000000000000
14:05:24,39248,4229,2264904,4423915,29851793,124.3,6.4,100.0,1,10.64,43,2405,0x0000000000000000
14:05:25,39460,4229,2264904,4423915,29851797,115.7,6.2,99.0,1,10.63,43,2405,0x0000000000000000
14:05:26,39307,4229,2264904,4423915,29851797,123.0,5.9,100.0,1,10.63,43,2398,0x0000000000000000
14:05:27,39159,4229,2264904,4423915,29851797,121.3,6.0,100.0,1,10.63,43,2398,0x0000000000000000
14:05:28,39343,4229,2264904,4423915,29851801,121.6,6.6,100.0,1,10.64,43,2405,0x0000000000000000
14:05:29,39236,4229,2264904,4423915,29851801,124.8,6.3,100.0,1,10.64,43,2398,0x0000000000000000
14:05:30,39417,4229,2264904,4423915,29851805,115.0,6.3,100.0,1,10.62,43,2405,0x0000000000000000
14:05:31,39263,4229,2264908,4423915,29851808,126.3,6.3,100.0,1,10.63,43,2398,0x0000000000000000
14:05:32,39161,4229,2264908,4423915,29851808,129.0,6.3,100.0,1,10.64,43,2398,0x0000000000000000
14:05:33,39340,4229,2264908,4423915,29851812,122.7,6.8,100.0,1,10.64,43,2398,0x0000000000000000
14:05:34,39306,4229,2264908,4423915,29851812,127.0,6.5,100.0,1,10.64,43,2405,0x0000000000000000
14:05:35,39148,4229,2264912,4423915,29851815,125.3,6.4,99.0,1,10.63,43,2405,0x0000000000000000
14:05:36,39392,4229,2264917,4423915,29851824,122.0,6.2,100.0,1,10.61,43,2405,0x0000000000000000
14:05:37,39239,4229,2264917,4423915,29851824,123.8,6.3,100.0,1,10.63,43,2398,0x0000000000000000
14:05:38,39420,4229,2264917,4423915,29851827,122.0,6.7,100.0,1,10.64,43,2398,0x0000000000000000
14:05:39,39421,4229,2264917,4423915,29851828,122.2,6.5,100.0,1,10.64,43,2398,0x0000000000000000
14:05:40,39264,4229,2264917,4423915,29851828,125.0,6.3,100.0,1,10.65,42,2398,0x0000000000000000
14:05:41,39511,4229,2264917,4423915,29851832,120.0,6.3,99.0,1,10.63,42,2398,0x0000000000000000
14:05:42,39352,4229,2264917,4423915,29851832,130.0,6.4,100.0,1,10.65,42,2398,0x0000000000000000
14:05:43,39240,4229,2264917,4423915,29851832,141.0,6.7,100.0,1,10.67,42,2398,0x0000000000000000
14:05:44,39029,4229,2264917,4423915,29851833,143.0,6.0,95.9,1,10.58,42,2405,0x0000000000000000
14:05:45,38923,4229,2264917,4423915,29851833,131.0,6.4,100.0,1,10.64,42,2398,0x0000000000000000
14:05:46,38759,4229,2264917,4423915,29851833,142.5,6.5,99.0,1,10.63,42,2405,0x0000000000000000
14:05:47,38607,4229,2264917,4423915,29851833,130.5,6.5,100.0,1,10.63,42,2405,0x0000000000000000
14:05:48,38448,4229,2264917,4423915,29851833,138.8,6.7,100.0,1,10.65,42,2398,0x0000000000000000
14:05:49,38566,4229,2264917,4423915,29851833,145.0,6.6,100.0,1,10.64,42,2398,0x0000000000000000
14:05:50,39584,4229,2264917,4423915,29851834,123.6,6.4,100.0,1,10.65,42,2398,0x0000000000000000
14:05:51,39420,4229,2264917,4423915,29851834,130.8,6.6,100.0,1,10.64,42,2398,0x0000000000000000
14:05:52,39263,4229,2264917,4423915,29851834,128.0,6.2,100.0,1,10.63,42,2405,0x0000000000000000
14:05:53,39397,4229,2264917,4423915,29851836,134.1,6.8,100.0,1,10.65,42,2398,0x0000000000000000
14:05:54,39208,4229,2264923,4423915,29851844,138.8,6.7,100.0,1,10.65,42,2405,0x0000000000000000
14:05:55,39042,4229,2264923,4423915,29851844,129.8,6.4,100.0,1,10.66,42,2405,0x0000000000000000
14:05:56,38881,4229,2264923,4423915,29851844,130.0,6.4,100.0,1,10.62,42,2405,0x0000000000000000
14:05:57,38722,4229,2264923,4423915,29851844,130.2,6.2,100.0,1,10.62,42,2398,0x0000000000000000
14:05:58,38558,4229,2264923,4423915,29851844,138.8,6.6,100.0,1,10.61,42,2405,0x0000000000000000
14:05:59,38393,4229,2264923,4423915,29851844,135.5,6.4,100.0,2,10.61,42,2405,0x0000000000000000
14:06:00,38210,4229,2264923,4423915,29851844,147.5,6.4,99.0,1,10.62,42,2405,0x0000000000000000
14:06:01,38389,4229,2264923,4423915,29851844,232.2,6.3,98.0,1,10.62,42,2405,0x0000000000000000
14:06:02,38258,4229,2264923,4423915,29851844,129.4,6.6,100.0,1,10.61,42,2405,0x0000000000000000
14:06:03,38067,4229,2264923,4423915,29851844,136.4,7.0,100.0,1,10.63,42,2405,0x0000000000000000
14:06:04,37879,4229,2264923,4423915,29851844,142.0,6.8,100.0,1,10.62,42,2398,0x0000000000000000
14:06:05,37856,4229,2264924,4423915,29851845,131.8,6.4,100.0,1,10.60,42,2405,0x0000000000000000
14:06:06,37688,4229,2264925,4423915,29851846,131.3,6.3,100.0,1,10.57,42,2405,0x0000000000000000
14:06:07,37522,4229,2264927,4423915,29851848,133.0,6.3,100.0,1,10.59,42,2405,0x0000000000000000
14:06:08,37345,4229,2264927,4423915,29851848,134.5,6.7,100.0,1,10.60,42,2405,0x0000000000000000
14:06:09,37172,4229,2264927,4423915,29851848,136.0,6.3,99.0,1,10.60,42,2398,0x0000000000000000
14:06:10,36971,4229,2264927,4423915,29851848,235.5,6.7,98.0,1,10.61,42,2405,0x0000000000000000
14:06:11,36858,4229,2264927,4423933,29851848,130.2,6.4,100.0,1,10.61,42,2405,0x0000000000000000
14:06:12,36687,4229,2264927,4423933,29851848,129.2,6.8,100.0,1,10.69,42,2405,0x0000000000000000
14:06:13,36681,4229,2264927,4424006,29851849,137.5,7.2,100.0,1,10.65,42,2398,0x0000000000000000
14:06:14,36507,4229,2264927,4424172,29851855,135.1,6.6,100.0,1,10.62,42,2405,0x0000000000000000
14:06:15,36418,4229,2264927,4424303,29851855,134.0,6.4,100.0,1,10.64,42,2405,0x0000000000000000
14:06:16,36334,4273,2264955,4436230,29851909,134.6,7.9,100.0,1,10.65,42,2398,0x0000000000000000
14:06:17,37774,5811,2264955,4821412,29851909,98.2,12.4,99.0,1,10.92,42,2405,0x0000000000000000
14:06:18,38280,6403,2264955,4969168,29851909,81.8,13.2,100.0,1,11.53,42,2405,0x0000000000000000
14:06:19,38229,6593,2273819,5013690,29857630,169.1,9.5,100.0,1,11.27,42,2398,0x0000000000000000
14:06:20,38058,6592,2273819,5013690,29857633,134.0,7.6,100.0,1,10.73,42,2398,0x0000000000000000
14:06:21,37894,6592,2273819,5013690,29857633,129.5,6.4,100.0,1,10.65,42,2398,0x0000000000000000
14:06:22,37731,6592,2273833,5013690,29857647,130.3,6.4,100.0,1,10.61,42,2398,0x0000000000000000
14:06:23,37545,6592,2273834,5013690,29857648,135.8,6.7,100.0,1,10.62,42,2398,0x0000000000000000
14:06:24,37370,6592,2273842,5013690,29857658,134.5,6.6,100.0,1,10.62,42,2398,0x0000000000000000
14:06:25,37189,6592,2273847,5013690,29857659,144.0,6.6,100.0,1,10.61,42,2405,0x0000000000000000
14:06:26,37020,6592,2273847,5013690,29857659,135.5,6.3,100.0,1,10.61,42,2405,0x0000000000000000
14:06:27,36857,6592,2273854,5013690,29857661,133.1,6.5,100.0,1,10.62,42,2398,0x0000000000000000
14:06:28,36740,6593,2273854,5013731,29857661,144.0,7.0,100.0,1,10.63,42,2405,0x0000000000000000
14:06:29,36846,6593,2273868,5013751,29857675,132.8,6.6,100.0,1,10.62,42,2398,0x0000000000000000
14:06:30,36677,6593,2273868,5013751,29857675,133.2,6.4,100.0,1,10.62,42,2405,0x0000000000000000
14:06:31,41887,6593,2273882,5013761,29857695,104.3,6.0,99.0,0,10.58,42,2398,0x0000000000000000
14:06:32,41728,6593,2273882,5013761,29857695,126.0,6.5,100.0,1,10.53,42,2405,0x0000000000000000
14:06:33,41557,6593,2273882,5013761,29857696,134.6,6.8,100.0,1,10.61,42,2405,0x0000000000000000
14:06:34,41386,6593,2273882,5013761,29857699,132.1,6.6,100.0,1,10.60,42,2398,0x0000000000000000
14:06:35,41225,6593,2273883,5013761,29857700,135.8,6.2,100.0,1,10.61,42,2405,0x0000000000000000
14:06:36,41054,6593,2273883,5013761,29857700,134.8,6.3,100.0,1,10.62,42,2405,0x0000000000000000
14:06:37,40883,6593,2273883,5013761,29857700,135.3,6.6,100.0,1,10.61,42,2398,0x0000000000000000
14:06:38,40711,6593,2273883,5013761,29857700,136.5,6.6,100.0,1,10.62,42,2398,0x0000000000000000
14:06:39,40543,6593,2273883,5013761,29857700,132.5,6.3,100.0,1,10.60,42,2398,0x0000000000000000
14:06:40,40375,6593,2273883,5013761,29857700,132.5,6.4,100.0,1,10.60,42,2405,0x0000000000000000
14:06:41,40211,6593,2273888,5013761,29857707,130.0,6.2,100.0,1,10.58,42,2405,0x0000000000000000
14:06:42,40047,6593,2273888,5013761,29857707,131.2,6.5,100.0,1,10.58,42,2405,0x0000000000000000
14:06:43,39871,6593,2273888,5013761,29857708,137.8,6.6,100.0,1,10.60,42,2405,0x0000000000000000
14:06:44,39705,6593,2273888,5013761,29857708,129.0,6.4,100.0,1,10.59,42,2405,0x0000000000000000
14:06:45,39537,6593,2273888,5013761,29857708,130.2,6.3,100.0,1,10.58,42,2405,0x0000000000000000
14:06:46,39416,6593,2273888,5013763,29857708,135.0,6.2,100.0,1,10.59,42,2405,0x0000000000000000
14:06:47,39252,6593,2273888,5013763,29857708,131.0,6.3,100.0,1,10.61,42,2405,0x0000000000000000
14:06:48,39131,6593,2273888,5013771,29857709,134.0,6.7,100.0,1,10.61,42,2398,0x0000000000000000
14:06:49,38994,6593,2273888,5013781,29857709,127.5,6.3,100.0,1,10.57,42,2405,0x0000000000000000
14:06:50,38805,6593,2273888,5013781,29857709,154.5,6.2,100.0,1,10.57,42,2398,0x0000000000000000
14:06:51,38720,6593,2273890,5013832,29857710,129.0,6.3,100.0,1,10.58,42,2405,0x0000000000000000
14:06:52,38553,6593,2273890,5013832,29857710,131.0,6.4,100.0,1,10.56,42,2405,0x0000000000000000
14:06:53,38412,6593,2273893,5013852,29857712,137.3,6.6,100.0,1,10.58,42,2398,0x0000000000000000
14:06:54,38262,6593,2273893,5013852,29857752,135.2,6.2,100.0,1,10.58,42,2398,0x0000000000000000
14:06:55,38177,6593,2273900,5014027,29857759,132.1,6.5,100.0,1,10.60,42,2398,0x0000000000000000
14:06:56,38038,6593,2273900,5014027,29857759,122.5,6.2,100.0,1,10.56,42,2398,0x0000000000000000
14:06:57,38163,6593,2273900,5014311,29857759,137.5,6.7,99.0,1,10.57,42,2405,0x0000000000000000
14:06:58,41060,6593,2277128,5014311,29860269,91.6,4.6,38.6,0,10.40,42,2405,0x0000000000000000
14:06:59,40376,6593,2277748,5014311,29860827,3.8,5.2,86.9,96,36.72,48,2431,0x0000000000000000
14:07:00,40073,6605,2281924,5017117,29864663,21.0,2.1,18.0,0,13.56,43,2405,0x0000000000000000
14:07:01,40048,6605,2286064,5017117,29868345,34.2,0.6,9.2,0,10.25,42,2405,0x0000000000000000
14:07:02,40025,6605,2291816,5017117,29872821,22.5,1.2,9.3,0,10.24,42,2405,0x0000000000000000
14:07:03,40004,6605,2296782,5017117,29876583,19.4,0.6,4.0,0,10.23,42,2405,0x0000000000000000
14:07:04,39816,6605,2300373,5017117,29879538,22.6,1.1,13.5,0,10.22,42,2405,0x0000000000000000
14:07:05,33650,6615,2300905,5020701,29880465,152.6,5.6,61.3,0,10.39,42,2398,0x0000000000000000
14:07:06,33718,6615,2300905,5020701,29883220,639.5,0.8,9.0,0,10.24,42,2405,0x0000000000000000
14:07:07,33716,6615,2300905,5020701,29885846,609.9,1.7,26.0,0,10.24,42,2398,0x0000000000000000
14:07:08,33714,6615,2300908,5020701,29888641,644.2,2.3,24.0,0,10.23,42,2398,0x0000000000000000
14:07:09,33714,6615,2300908,5020982,29891410,642.8,0.8,6.5,0,10.24,42,2405,0x0000000000000000
14:07:10,33690,6619,2300925,5022177,29894105,614.0,1.1,14.3,0,10.24,42,2405,0x0000000000000000
14:07:11,33721,6628,2300925,5023403,29897024,677.8,1.4,20.8,0,10.22,42,2405,0x0000000000000000
14:07:12,33726,6633,2300925,5023580,29900103,714.4,1.8,28.7,0,10.23,42,2405,0x0000000000000000
14:07:13,33718,6636,2300926,5023957,29902919,636.6,1.1,6.5,0,10.23,42,2405,0x0000000000000000
14:07:14,33716,6636,2300928,5023957,29905708,647.2,0.6,8.2,0,10.23,42,2405,0x0000000000000000
14:07:15,33707,6636,2300937,5024062,29907863,490.7,2.3,25.3,0,10.21,42,2405,0x0000000000000000
14:07:16,33707,6636,2300937,5024081,29909652,415.7,2.1,33.7,0,10.23,42,2405,0x0000000000000000
14:07:17,33706,6636,2300937,5024081,29911492,427.2,1.9,23.7,0,10.21,42,2405,0x0000000000000000
14:07:18,33702,6636,2300937,5024081,29913243,408.0,2.1,30.9,0,10.22,42,2405,0x0000000000000000
14:07:19,33702,6636,2300937,5024081,29914974,402.0,2.0,32.0,0,10.21,42,2405,0x0000000000000000
14:07:20,33700,6636,2300937,5024241,29916758,414.3,2.0,32.4,0,10.22,42,2405,0x0000000000000000
14:07:21,33698,6636,2300937,5024291,29918713,453.0,1.9,20.4,0,10.22,42,2405,0x0000000000000000
14:07:22,33698,6636,2300937,5024291,29920570,431.4,1.8,19.4,0,10.20,42,2405,0x0000000000000000
14:07:23,33692,6636,2300937,5024291,29922376,420.8,2.3,33.0,0,10.20,42,2405,0x0000000000000000
14:07:24,33691,6636,2300946,5024291,29924240,430.8,2.2,29.1,0,10.19,42,2405,0x0000000000000000
14:07:25,33681,6636,2300948,5024365,29926331,485.1,2.2,34.0,0,10.18,42,2405,0x0000000000000000
14:07:26,33682,6636,2300948,5024365,29928441,489.8,2.0,29.2,0,10.19,42,2405,0x0000000000000000
14:07:27,33680,6636,2300948,5024365,29930610,503.5,2.4,40.2,0,10.21,42,2405,0x0000000000000000
14:07:28,33683,6636,2300948,5024365,29932504,441.1,2.7,26.0,0,10.20,42,2405,0x0000000000000000
14:07:29,33682,6636,2300948,5024365,29934385,437.0,1.7,20.4,0,10.20,42,2405,0x0000000000000000
14:07:30,33679,6636,2300948,5024365,29936240,430.7,1.9,22.2,0,10.21,42,2405,0x0000000000000000
14:07:31,33679,6636,2300948,5024370,29938380,497.1,2.3,40.6,0,10.19,42,2405,0x0000000000000000
14:07:32,33677,6637,2300948,5024378,29940580,510.2,2.4,42.0,0,10.17,42,2405,0x0000000000000000
14:07:33,33677,6637,2300948,5024487,29942499,441.2,2.5,40.2,0,10.15,42,2405,0x0000000000000000
14:07:34,33677,6637,2300948,5024655,29944670,504.1,2.0,32.3,0,10.16,42,2405,0x0000000000000000
14:07:35,33669,6637,2300948,5024710,29946857,507.5,2.3,32.7,0,10.17,42,2405,0x0000000000000000
14:07:36,33670,6637,2300948,5024841,29949040,506.9,2.3,41.6,0,10.19,42,2405,0x0000000000000000
14:07:37,33714,6637,2300948,5024933,29951144,485.5,1.8,31.5,0,10.16,42,2405,0x0000000000000000
14:07:38,33703,6637,2300948,5025126,29953235,482.9,2.5,19.4,0,10.17,42,2405,0x0000000000000000
14:07:39,33703,6637,2300948,5025289,29955358,488.2,2.3,28.3,0,10.17,42,2405,0x0000000000000000
14:07:40,33704,6637,2300951,5025453,29957469,486.0,2.3,21.0,0,10.17,42,2405,0x0000000000000000
14:07:41,33707,6637,2300951,5025640,29959558,483.5,1.8,17.2,0,10.17,42,2405,0x0000000000000000
14:07:42,33707,6638,2300951,5025849,29961672,489.2,2.1,35.1,0,10.17,42,2405,0x0000000000000000
14:07:44,33695,6638,2300951,5025896,29963528,427.2,2.6,27.8,0,10.16,42,2405,0x0000000000000000
14:07:45,33694,6638,2300951,5025966,29965293,406.6,2.2,35.0,0,10.16,42,2405,0x0000000000000000
14:07:46,33695,6638,2300951,5026035,29967394,486.8,2.0,29.3,0,10.15,42,2405,0x0000000000000000
14:07:47,33696,6638,2300954,5026230,29969271,431.5,1.9,20.4,0,10.18,42,2405,0x0000000000000000
14:07:48,33696,6638,2300954,5026271,29971163,439.4,1.9,25.0,0,10.15,42,2405,0x0000000000000000
14:07:49,33719,6638,2300954,5026289,29973271,489.5,2.7,41.6,0,10.17,41,2405,0x0000000000000000
14:07:50,33720,6639,2300954,5026315,29975379,489.1,1.8,33.7,0,10.19,41,2405,0x0000000000000000
14:07:51,33718,6639,2300954,5026353,29977333,452.7,1.9,16.8,0,10.19,41,2405,0x0000000000000000
14:07:52,33719,6639,2300954,5026353,29979163,423.2,2.0,33.0,0,10.19,41,2405,0x0000000000000000
14:07:53,33717,6639,2300954,5026353,29981273,489.1,2.4,39.6,0,10.19,41,2405,0x0000000000000000
14:07:54,33718,6639,2300954,5026367,29983292,467.4,2.4,36.3,0,10.20,41,2405,0x0000000000000000
14:07:55,33703,6639,2300954,5026367,29985030,396.2,1.9,29.2,0,10.18,41,2405,0x0000000000000000
14:07:56,33710,6639,2301010,5026367,29987167,484.7,2.5,24.2,0,10.19,41,2405,0x0000000000000000
14:07:57,33662,6639,2301012,5026367,29988505,358.7,4.0,33.0,1,10.25,41,2405,0x0000000000000000
14:07:58,33517,6639,2301012,5026367,29988505,142.8,6.7,100.0,1,10.61,41,2398,0x0000000000000000
14:07:59,33374,6639,2301012,5026367,29988505,141.8,7.2,100.0,1,10.65,42,2398,0x0000000000000000
14:08:00,33239,6639,2301014,5026397,29988508,134.6,6.6,100.0,1,10.60,42,2398,0x0000000000000000
14:08:01,33108,6639,2301015,5026425,29988509,128.8,6.5,100.0,1,10.57,42,2405,0x0000000000000000
14:08:02,33220,6876,2301027,5084950,29988511,121.0,8.2,100.0,1,10.61,42,2398,0x0000000000000000
14:08:03,33324,6996,2301065,5126024,29988538,115.4,8.5,99.0,1,11.03,42,2405,0x0000000000000000
14:08:04,33152,6996,2301073,5126029,29988546,134.0,6.6,71.0,1,10.63,42,2398,0x0000000000000000
14:08:05,33070,6996,2301081,5126164,29988580,136.0,6.6,100.0,1,10.59,42,2398,0x0000000000000000
14:08:06,32943,6996,2301085,5126358,29988587,134.7,6.6,100.0,1,10.57,42,2398,0x0000000000000000
14:08:07,32807,6996,2301085,5126609,29988587,131.5,6.4,100.0,1,10.57,42,2398,0x0000000000000000
14:08:08,32682,6999,2301085,5127346,29988587,128.0,6.6,100.0,1,10.56,42,2398,0x0000000000000000
14:08:09,32546,7000,2301204,5127840,29988695,136.8,7.1,98.0,1,10.60,42,2398,0x0000000000000000
14:08:10,31778,7002,2301211,5130977,29988929,870.6,4.5,51.5,2,10.43,42,2398,0x0000000000000000
14:08:11,31013,7002,2301227,5131640,29989204,861.1,4.7,41.1,2,10.42,42,2398,0x0000000000000000
14:08:12,30713,7002,2301229,5131648,29989258,299.7,6.5,90.9,2,10.64,42,2405,0x0000000000000000
14:08:13,30549,7002,2301425,5131664,29989435,136.0,7.3,100.0,1,10.61,42,2398,0x0000000000000000
14:08:14,30334,7002,2301441,5131664,29989445,141.5,7.3,100.0,1,10.66,42,2398,0x0000000000000000
14:08:15,30251,7002,2301443,5131665,29989451,132.1,7.2,100.0,1,10.65,42,2405,0x0000000000000000
14:08:16,30090,7003,2301467,5131673,29989522,147.0,7.5,100.0,2,10.74,42,2398,0x0000000000000000
14:08:17,29933,7003,2301468,5131673,29989538,134.7,6.8,100.0,1,10.64,42,2398,0x0000000000000000
14:08:18,29774,7003,2301468,5131673,29989538,131.8,6.8,100.0,1,10.62,42,2398,0x0000000000000000
14:08:19,29627,7003,2301468,5131673,29989539,133.5,6.9,100.0,1,10.61,42,2398,0x0000000000000000
14:08:20,29616,7124,2301565,5161268,29989620,121.0,9.3,100.0,2,10.65,42,2398,0x0000000000000000
14:08:21,29469,7126,2301739,5162951,29989747,136.3,7.0,97.0,1,10.75,42,2405,0x0000000000000000
14:08:22,34334,7124,2301901,5165607,29989866,93.9,6.2,68.3,0,10.56,42,2405,0x0000000000000000
14:08:23,34149,7124,2301901,5165607,29989866,144.8,7.3,100.0,2,10.56,42,2405,0x0000000000000000
14:08:24,33968,7124,2301901,5165607,29989879,137.9,6.7,100.0,1,10.62,42,2405,0x0000000000000000
14:08:25,33774,7124,2302023,5165607,29990008,154.1,6.3,100.0,1,10.64,42,2405,0x0000000000000000
14:08:26,33575,7124,2302025,5165607,29990013,149.4,6.4,100.0,1,10.65,42,2405,0x0000000000000000
14:08:27,33395,7124,2302026,5165607,29990020,140.3,6.5,100.0,1,10.63,42,2405,0x0000000000000000
14:08:28,33217,7124,2302026,5165607,29990020,141.5,6.2,100.0,2,10.62,42,2405,0x0000000000000000
14:08:29,33042,7124,2302026,5165607,29990021,136.6,6.6,100.0,1,10.63,42,2405,0x0000000000000000
14:08:30,32868,7124,2302026,5165607,29990021,138.2,6.3,100.0,1,10.62,42,2405,0x0000000000000000
14:08:31,32696,7124,2302040,5165607,29990033,137.0,6.4,100.0,1,10.61,42,2405,0x0000000000000000
14:08:32,32522,7124,2302360,5165607,29990302,139.8,6.4,100.0,1,10.61,42,2405,0x0000000000000000
14:08:33,32354,7124,2302360,5165607,29990302,133.0,6.4,100.0,1,10.62,42,2405,0x0000000000000000
14:08:34,32177,7124,2302360,5165607,29990302,138.5,6.6,100.0,1,10.63,42,2405,0x0000000000000000
14:08:35,32007,7124,2302374,5165607,29990314,133.8,6.3,100.0,1,10.61,42,2405,0x0000000000000000
14:08:36,31826,7124,2302375,5165607,29990317,142.1,6.3,100.0,2,10.62,42,2405,0x0000000000000000
14:08:37,31648,7124,2302376,5165607,29990318,140.8,6.2,100.0,2,10.63,42,2405,0x0000000000000000
14:08:38,31476,7124,2302376,5165607,29990319,151.0,6.3,99.0,2,10.65,42,2405,0x0000000000000000
14:08:39,32166,7128,2302376,5191069,29990325,115.5,9.1,100.0,1,10.74,42,2405,0x0000000000000000
14:08:40,32383,7228,2302529,5223090,29990674,134.9,10.3,71.0,1,10.76,42,2405,0x0000000000000000
14:08:41,31320,7232,2306689,5224512,29993683,18.3,4.1,36.7,30,11.11,43,2405,0x0000000000000000
14:08:42,31262,7232,2320453,5224512,29998634,53.8,0.6,4.0,0,10.25,42,2405,0x0000000000000000
14:08:43,31207,7232,2334726,5224512,30003486,55.7,0.7,9.3,0,10.23,42,2405,0x0000000000000000
14:08:44,31144,7232,2347145,5224512,30008149,48.5,0.8,3.1,0,10.22,42,2405,0x0000000000000000
14:08:45,31153,7233,2362389,5224605,30013112,59.9,0.6,5.1,0,10.23,42,2405,0x0000000000000000
14:08:46,31078,7233,2376743,5224605,30018036,56.4,0.6,2.0,0,10.22,42,2405,0x0000000000000000
14:08:47,31031,7233,2387606,5224605,30022903,43.1,0.8,11.0,0,10.21,42,2405,0x0000000000000000
14:08:48,31019,7233,2400677,5224605,30027685,51.9,0.3,1.0,0,10.20,42,2405,0x0000000000000000
14:08:49,30930,7233,2413129,5224605,30032514,52.1,0.7,3.0,0,10.22,42,2405,0x0000000000000000
14:08:50,37572,7233,2428814,5224605,30036319,62.0,1.5,25.8,0,10.22,42,2405,0x0000000000000000
14:08:51,37250,7233,2435936,5224605,30038659,49.1,2.9,53.5,0,10.33,42,2405,0x0000000000000000
14:08:52,37219,7233,2444813,5224605,30041600,34.8,2.2,32.0,0,10.23,42,2405,0x0000000000000000
14:08:53,37093,7233,2449183,5224605,30045690,17.1,1.1,17.5,0,10.21,42,2405,0x0000000000000000
14:08:54,36945,7233,2449184,5224605,30045691,0.0,5.5,100.0,0,10.25,42,2405,0x0000000000000000
14:08:55,36835,7233,2449184,5224605,30045691,0.0,5.2,100.0,0,10.23,42,2405,0x0000000000000000
14:08:56,35932,7233,2450145,5224605,30046442,17.5,7.0,88.9,0,10.25,42,2405,0x0000000000000000
14:08:57,35256,7233,2451217,5224605,30047265,403.3,2.8,30.9,0,10.49,42,2405,0x0000000000000000
14:08:58,33840,7233,2451935,5224605,30048053,110.9,3.6,48.0,0,11.17,42,2411,0x0000000000000000
14:08:59,33821,7232,2451935,5224605,30048091,4.1,5.5,99.0,0,10.23,42,2405,0x0000000000000000
14:09:00,33788,7232,2451946,5224605,30048152,5.8,5.3,100.0,0,10.22,42,2405,0x0000000000000000
14:09:01,33787,7232,2451950,5224605,30048156,0.1,5.3,100.0,0,10.24,42,2405,0x0000000000000000
14:09:02,33771,7232,2451975,5224605,30048237,5.4,5.2,100.0,0,10.22,42,2405,0x0000000000000000
14:09:03,32530,7232,2452053,5224605,30048339,6.8,5.0,95.0,96,27.10,57,2405,0x0000000000000000
14:09:04,32529,7232,2452053,5224605,30048339,0.0,5.6,100.0,96,99.11,59,2372,0x0000000000000000
14:09:05,32516,7232,2454624,5224605,30050283,19.4,5.5,100.0,96,97.92,61,2353,0x0000000000000000
14:09:06,32518,7232,2454683,5224605,30050355,1.6,5.4,100.0,96,98.21,62,2346,0x0000000000000000
14:09:07,32533,7232,2454737,5224605,30050403,0.3,5.2,100.0,96,98.26,63,2346,0x0000000000000000
14:09:08,32547,7232,2454739,5224605,30050411,0.6,5.3,100.0,96,98.37,63,2333,0x0000000000000000
14:09:09,32556,7232,2454744,5224605,30050418,0.1,5.5,100.0,96,98.04,64,2346,0x0000000000000000
14:09:10,32571,7232,2454744,5224605,30050440,3.8,5.6,100.0,96,98.13,63,2346,0x0000000000000000
14:09:11,32581,7232,2454745,5224605,30050445,0.3,5.3,100.0,96,97.95,64,2346,0x0000000000000000
14:09:12,32602,7232,2454958,5224605,30050624,32.1,3.2,62.1,0,74.36,51,2353,0x0000000000000000
14:09:13,32595,7232,2456260,5224605,30051390,40.4,2.6,45.9,0,11.27,47,2411,0x0000000000000000
14:09:14,32592,7232,2456302,5224605,30051494,6.9,5.6,100.0,0,11.17,47,2411,0x0000000000000000
14:09:15,32597,7232,2456305,5224605,30051498,0.2,5.3,100.0,0,11.11,46,2411,0x0000000000000000
14:09:16,32608,7232,2456305,5224605,30051502,0.4,5.4,100.0,0,11.20,46,2411,0x0000000000000000
14:09:17,32612,7232,2456308,5224605,30051533,2.7,5.2,100.0,0,11.12,46,2411,0x0000000000000000
14:09:18,32643,7232,2456493,5224605,30051680,6.2,4.9,85.9,0,11.12,46,2411,0x0000000000000000
14:09:19,32604,7232,2457261,5224605,30052090,11.2,4.8,64.0,0,11.08,45,2411,0x0000000000000000
14:09:20,32541,7232,2457667,5224605,30052409,2.3,5.3,36.0,0,19.51,46,2470,0x0000000000000000
14:09:21,32493,7232,2464363,5224605,30055894,27.5,5.9,88.0,89,16.71,48,2424,0x0000000000000000
14:09:22,32438,7232,2464667,5224605,30056039,2.2,5.4,82.7,89,18.96,47,2470,0x0000000000000000
14:09:23,32440,7232,2464677,5224605,30056044,0.1,5.3,91.0,27,14.56,46,2418,0x0000000000000000
14:09:24,34469,7232,2464677,5224605,30056044,0.0,5.6,73.0,0,20.10,46,2470,0x0000000000000000
14:09:25,34478,7232,2464677,5224605,30056044,0.0,5.3,100.0,2,12.35,46,2418,0x0000000000000000
14:09:26,34485,7232,2464681,5224605,30056050,0.3,5.2,99.0,0,12.32,45,2418,0x0000000000000000
14:09:27,34299,7232,2464721,5224605,30056082,1.0,5.0,96.0,38,13.89,46,2418,0x0000000000000000
14:09:28,34280,7232,2464793,5224605,30056143,0.3,5.2,99.0,0,10.88,45,2411,0x0000000000000000
14:09:29,34057,7232,2464834,5224819,30056184,2.4,5.5,92.0,0,10.96,45,2411,0x0000000000000000
14:09:30,33784,7232,2464901,5224819,30056241,2.5,5.0,84.0,50,17.98,46,2502,0x0000000000000000
14:09:31,33799,7232,2464901,5224819,30056241,0.0,5.3,82.0,74,17.53,47,2463,0x0000000000000000
14:09:32,33810,7232,2464901,5224819,30056241,0.0,5.5,86.0,36,17.48,46,2457,0x0000000000000000
14:09:33,33817,7232,2464901,5224819,30056241,0.0,5.2,79.0,0,16.23,45,2463,0x0000000000000000
14:09:34,33813,7232,2464901,5224819,30056243,0.0,5.5,82.0,22,17.30,46,2457,0x0000000000000000
14:09:35,33789,7232,2464918,5224819,30056258,0.3,5.2,70.0,0,16.16,45,2444,0x0000000000000000
14:09:36,33775,7232,2464921,5224819,30056267,0.7,5.4,81.8,0,14.05,45,2450,0x0000000000000000
14:09:37,33767,7232,2464921,5224819,30056267,0.0,5.2,73.3,0,16.17,45,2463,0x0000000000000000
14:09:38,33765,7232,2464922,5224819,30056268,0.0,5.3,87.9,8,17.25,46,2457,0x0000000000000000
14:09:39,33780,7232,2464968,5224819,30056316,1.5,5.5,80.2,53,13.95,46,2411,0x0000000000000000
14:09:40,33734,7232,2464975,5224819,30056319,0.0,5.2,57.6,0,12.95,45,2437,0x0000000000000000
14:09:41,33736,7232,2464975,5224819,30056320,0.1,5.2,88.1,25,15.15,46,2457,0x0000000000000000
14:09:42,33737,7232,2464975,5224819,30056321,0.0,5.3,85.0,21,15.04,45,2411,0x0000000000000000
14:09:43,33764,7232,2464975,5224819,30056321,0.0,5.2,91.1,94,15.86,47,2450,0x0000000000000000
14:09:44,33750,7232,2464980,5224819,30056324,0.0,5.7,87.9,11,14.93,46,2463,0x0000000000000000
14:09:45,33724,7232,2464980,5224819,30056324,0.0,5.2,59.0,1,15.62,45,2463,0x0000000000000000
14:09:46,33756,7232,2464980,5224819,30056324,0.0,5.3,81.8,78,17.02,46,2463,0x0000000000000000
14:09:47,33751,7232,2465014,5224819,30056355,0.3,5.1,89.2,0,14.08,45,2424,0x0000000000000000
14:09:48,33697,7232,2470769,5224819,30058791,25.3,5.3,78.8,0,12.48,45,2463,0x0000000000000000
14:09:49,33667,7232,2482128,5224819,30062638,44.4,5.8,77.8,0,12.47,45,2411,0x0000000000000000
14:09:50,33651,7232,2494193,5224819,30067150,47.1,5.4,89.0,0,12.43,45,2411,0x0000000000000000
14:09:51,33576,7232,2504350,5224819,30071352,41.0,6.0,81.0,0,10.79,45,2411,0x0000000000000000
14:09:52,33547,7232,2514123,5224819,30075136,42.7,5.7,80.0,15,13.34,45,2418,0x0000000000000000
14:09:53,33518,7232,2518946,5224819,30076983,18.8,5.7,83.2,78,15.15,46,2457,0x0000000000000000
14:09:54,33711,7232,2518952,5224819,30076988,0.0,5.6,51.5,0,14.18,45,2444,0x0000000000000000
14:09:55,33602,7232,2518952,5224819,30076988,0.0,5.3,68.0,0,12.49,45,2411,0x0000000000000000
14:09:56,33555,7232,2518952,5224819,30076988,0.0,5.3,83.0,74,14.02,45,2411,0x0000000000000000
14:09:57,33559,7232,2518955,5224819,30076997,0.3,5.2,84.0,56,14.10,45,2411,0x0000000000000000
14:09:58,33538,7232,2518973,5224819,30077015,0.1,5.3,77.8,58,13.96,46,2411,0x0000000000000000
14:09:59,33565,7232,2519001,5224819,30077043,0.1,5.5,70.3,0,12.83,45,2450,0x0000000000000000
14:10:00,33575,7232,2519027,5224819,30077065,0.1,5.2,83.0,0,14.03,45,2463,0x0000000000000000
14:10:01,33549,7232,2519027,5224819,30077065,0.0,5.2,82.8,0,14.12,45,2463,0x0000000000000000
14:10:02,33568,7232,2519027,5224819,30077065,0.0,5.3,59.4,0,12.38,45,2411,0x0000000000000000
14:10:03,33540,7232,2519027,5224819,30077065,0.0,5.2,76.0,0,12.72,45,2411,0x0000000000000000
14:10:04,33526,7232,2519027,5224819,30077065,0.2,5.8,80.0,0,13.91,45,2463,0x0000000000000000
14:10:05,34154,7232,2519110,5224819,30077125,0.8,5.2,80.0,0,14.44,45,2463,0x0000000000000000
14:10:06,32790,7232,2521557,5225887,30079041,36.7,3.6,21.0,0,12.63,44,2411,0x0000000000000000
14:10:07,33638,7232,2521581,5227512,30079065,0.1,6.1,100.0,81,36.30,50,2483,0x0000000000000000
14:10:08,32929,7232,2521581,5227512,30079065,0.0,5.4,100.0,60,39.80,49,2470,0x0000000000000000
14:10:09,31737,7232,2521619,5227833,30079083,0.8,5.7,94.9,0,24.16,46,2411,0x0000000000000000
14:10:10,31648,7232,2521619,5227833,30079083,0.0,5.1,82.0,95,16.54,47,2424,0x0000000000000000
14:10:11,31617,7232,2521630,5227833,30079091,0.2,5.3,55.6,0,15.56,45,2411,0x0000000000000000
14:10:12,33287,7232,2521630,5228318,30079091,0.0,5.4,43.4,0,16.39,45,2411,0x0000000000000000
14:10:13,32338,7232,2521735,5228318,30079200,6.5,5.0,92.9,19,22.71,46,2431,0x0000000000000000
14:10:14,24626,7233,2521744,5230099,30079215,0.3,7.3,92.9,0,15.17,45,2411,0x0000000000000000
14:10:15,20861,7235,2521882,5232276,30079472,24.1,7.4,53.9,0,12.09,45,2444,0x0000000000000000
14:10:16,21853,7235,2522065,5232276,30079638,6.1,5.0,80.2,7,11.28,45,2411,0x0000000000000000
14:10:17,22144,7235,2522131,5232282,30079692,2.6,5.3,76.0,0,10.83,45,2411,0x0000000000000000
14:10:18,21939,7235,2522563,5232282,30079815,3.2,5.1,91.9,9,16.71,45,2424,0x0000000000000000
14:10:19,22049,7235,2522643,5232282,30079828,0.3,5.5,83.0,15,15.21,46,2431,0x0000000000000000
14:10:20,21908,7234,2522688,5232282,30079846,0.2,5.4,99.0,15,17.72,46,2424,0x0000000000000000
14:10:21,21948,7234,2522690,5232282,30079848,0.0,5.4,100.0,15,20.64,46,2463,0x0000000000000000
14:10:22,22000,7234,2522690,5232282,30079848,0.0,5.3,100.0,30,18.84,46,2424,0x0000000000000000
14:10:23,21809,7234,2522697,5232282,30079853,0.1,5.2,98.0,16,19.09,46,2470,0x0000000000000000
14:10:24,21836,7234,2522740,5232282,30079888,0.2,5.6,86.3,0,15.40,45,2424,0x0000000000000000
14:10:25,21815,7234,2522746,5232282,30079899,0.2,5.2,86.9,0,13.38,45,2418,0x0000000000000000
14:10:26,21720,7234,2522807,5232282,30079971,1.5,5.3,84.2,36,12.87,45,2411,0x0000000000000000
14:10:27,21587,7234,2522817,5232282,30079978,0.3,5.2,88.9,0,14.55,45,2437,0x0000000000000000
14:10:28,21475,7234,2522832,5232282,30079992,0.2,5.1,82.8,0,11.58,45,2411,0x0000000000000000
14:10:29,21457,7234,2522838,5232282,30080000,0.0,5.6,43.4,1,12.73,45,2418,0x0000000000000000
14:10:30,21286,7234,2522869,5232282,30080070,0.8,5.1,73.3,0,13.33,45,2411,0x0000000000000000
14:10:31,21278,7234,2522974,5232282,30080175,8.9,5.1,42.6,1,15.52,45,2411,0x0000000000000000
14:10:32,21244,7234,2523007,5232282,30080241,1.1,5.5,58.4,0,14.63,45,2424,0x0000000000000000
14:10:33,21149,7234,2523007,5232282,30080241,0.0,5.3,73.7,0,10.79,45,2411,0x0000000000000000
14:10:34,21273,7234,2523040,5232282,30080267,1.0,5.5,36.0,0,10.86,45,2411,0x0000000000000000
14:10:35,21192,7234,2523124,5232282,30080454,3.8,5.1,81.0,0,14.18,45,2444,0x0000000000000000
14:10:36,21271,7234,2523153,5232282,30080958,65.7,4.4,37.3,0,13.85,45,2411,0x0000000000000000
14:10:37,21269,7234,2523767,5232282,30081246,10.2,4.2,78.2,0,10.81,44,2411,0x0000000000000000
14:10:38,21192,7234,2542943,5232282,30085873,75.7,0.4,2.1,0,10.76,44,2411,0x0000000000000000
14:10:39,21156,7234,2550052,5232282,30090743,27.8,0.7,3.0,0,10.70,44,2411,0x0000000000000000
14:10:40,21133,7234,2556982,5232282,30095646,27.1,1.1,16.7,0,10.70,44,2411,0x0000000000000000
14:10:41,21095,7234,2565432,5232282,30100115,33.0,0.4,2.1,0,10.70,44,2411,0x0000000000000000
14:10:42,21080,7150,2581060,5232282,30105015,61.6,0.6,3.2,0,10.71,44,2411,0x0000000000000000
14:10:43,21056,7150,2587725,5232282,30109608,26.4,0.6,9.3,0,10.69,44,2411,0x0000000000000000
14:10:44,21002,7150,2595318,5232282,30114129,30.2,1.6,13.0,0,10.68,44,2411,0x0000000000000000
14:10:45,20969,7150,2602844,5232282,30118211,29.9,0.8,10.8,0,10.51,44,2405,0x0000000000000000
14:10:46,20911,7150,2623331,5232282,30122165,80.2,1.4,21.7,0,10.36,44,2405,0x0000000000000000
14:10:47,20826,7150,2632798,5232282,30125905,37.1,1.9,21.4,0,10.35,44,2405,0x0000000000000000
14:10:48,20797,7150,2638950,5232282,30128630,24.0,2.4,43.0,0,10.38,44,2405,0x0000000000000000
14:10:49,20755,7150,2645567,5232282,30132794,25.9,1.0,10.4,0,10.36,44,2405,0x0000000000000000
14:10:50,20663,7150,2669296,5232282,30136206,92.7,2.0,18.9,0,10.35,44,2405,0x0000000000000000
14:10:51,20599,7150,2669338,5232282,30136227,0.2,5.0,94.1,0,10.37,43,2405,0x0000000000000000
14:10:52,20507,7150,2669466,5232282,30136244,0.5,5.1,98.0,0,10.36,43,2405,0x0000000000000000
14:10:53,20404,7150,2669505,5232282,30136284,0.6,5.2,98.0,0,10.35,43,2405,0x0000000000000000
14:10:54,20302,7150,2669507,5232282,30136286,0.0,5.5,99.0,0,10.35,43,2405,0x0000000000000000
14:10:55,20232,7150,2669521,5232282,30136299,0.1,5.1,98.0,0,10.35,43,2405,0x0000000000000000
14:10:56,20119,7150,2669530,5232282,30136308,0.0,5.3,100.0,0,10.35,43,2405,0x0000000000000000
14:10:57,19967,7150,2669530,5232282,30136308,0.0,5.4,100.0,0,10.34,43,2405,0x0000000000000000
14:10:58,19955,7150,2669530,5232282,30136308,0.0,5.3,100.0,0,10.35,43,2405,0x0000000000000000
14:10:59,19870,7150,2669531,5232282,30136309,0.0,5.5,99.0,0,10.35,43,2405,0x0000000000000000
14:11:00,19838,7150,2669533,5232282,30136311,0.0,5.2,100.0,0,10.35,43,2405,0x0000000000000000
14:11:01,20012,7150,2670303,5232283,30136858,3.0,4.7,89.0,0,10.37,43,2405,0x0000000000000000
14:11:02,19368,7150,2671642,5232297,30137798,5.8,4.3,56.4,0,10.50,43,2405,0x0000000000000000
14:11:03,18943,7150,2672250,5232297,30138217,2.4,4.7,90.0,0,10.54,43,2405,0x0000000000000000
14:11:04,19098,7150,2676253,5232297,30141197,16.8,2.6,39.6,0,10.36,43,2405,0x0000000000000000
14:11:05,19044,7150,2688793,5232297,30146132,49.1,0.4,2.0,0,10.36,43,2405,0x0000000000000000
14:11:06,18965,7150,2698587,5232297,30150888,38.6,1.0,8.5,0,10.35,43,2405,0x0000000000000000
14:11:07,18926,7150,2706888,5232297,30154972,32.4,0.7,3.9,0,10.34,43,2405,0x0000000000000000
14:11:08,18891,7150,2714944,5232297,30158905,36.6,0.5,2.1,0,10.34,43,2405,0x0000000000000000
14:11:09,18929,7150,2725831,5232297,30163283,42.5,0.7,3.0,0,10.33,43,2405,0x0000000000000000
14:11:10,18884,7150,2737925,5232297,30167700,47.2,0.5,4.0,0,10.32,43,2405,0x0000000000000000
14:11:11,18829,7150,2747681,5232297,30171722,38.1,1.3,17.7,0,10.30,43,2405,0x0000000000000000
14:11:12,18804,7150,2755507,5232297,30175576,30.6,0.3,2.1,0,10.29,43,2405,0x0000000000000000
14:11:13,18786,7150,2765021,5232297,30180159,37.2,0.4,2.0,0,10.27,43,2405,0x0000000000000000
14:11:14,18697,7150,2776058,5232297,30184523,43.1,1.3,12.1,0,10.28,43,2405,0x0000000000000000
14:11:15,18719,7150,2789137,5232297,30186691,51.2,2.4,17.8,0,10.27,43,2405,0x0000000000000000
14:11:16,18664,7150,2791005,5232297,30188439,16.8,1.2,4.0,0,10.27,43,2405,0x0000000000000000
14:11:17,16001,7150,2794408,5232606,30191587,15.9,2.9,37.0,27,12.29,44,2418,0x0000000000000000
14:11:18,16124,7151,2794452,5232974,30250714,231.0,4.4,49.0,29,20.66,45,2444,0x0000000000000000
14:11:19,16026,7151,2794452,5232974,30250719,0.2,5.5,39.0,0,10.60,43,2405,0x0000000000000000
14:11:20,16028,7151,2794457,5232974,30250741,1.8,5.7,100.0,96,48.07,53,2483,0x0000000000000000
14:11:21,16027,7151,2794460,5232974,30250742,0.0,5.5,100.0,96,57.49,55,2476,0x0000000000000000
14:11:22,16000,7151,2794506,5232974,30250793,0.6,5.8,94.0,96,57.58,52,2483,0x0000000000000000
14:11:23,15995,7151,2794506,5232974,30255503,18.4,5.4,93.9,96,54.01,53,2476,0x0000000000000000
14:11:24,15996,7151,2794506,5232974,30255503,0.0,5.7,100.0,96,58.55,53,2476,0x0000000000000000
14:11:25,16000,7151,2794513,5232974,30255511,0.0,5.3,99.0,96,58.38,53,2470,0x0000000000000000
14:11:26,16004,7151,2794513,5232974,30255511,0.0,5.3,73.0,96,56.68,54,2496,0x0000000000000000
14:11:27,15978,7151,2794538,5232974,30255720,0.9,5.3,74.0,31,35.76,52,2437,0x0000000000000000
14:11:28,15981,7151,2794538,5232974,30255769,0.2,5.2,94.1,96,57.15,54,2489,0x0000000000000000
14:11:29,15981,7151,2794560,5232974,30256094,1.3,5.2,63.6,84,24.28,50,2509,0x0000000000000000
14:11:30,15990,7151,2794561,5232974,30256095,0.0,6.0,100.0,96,56.67,54,2470,0x0000000000000000
14:11:31,15997,7151,2794561,5232974,30256095,0.0,5.3,100.0,96,58.59,54,2470,0x0000000000000000
14:11:32,16004,7151,2794561,5232974,30256095,0.0,5.3,100.0,96,58.12,55,2476,0x0000000000000000
14:11:33,16014,7151,2794561,5232974,30256095,0.0,5.3,99.0,96,57.62,56,2476,0x0000000000000000
14:11:34,16021,7151,2794561,5232974,30256095,0.0,5.6,100.0,96,58.74,55,2470,0x0000000000000000
14:11:35,16031,7151,2794569,5232974,30256099,0.0,5.3,100.0,96,58.65,57,2470,0x0000000000000000
14:11:36,16038,7151,2794698,5232974,30256140,1.5,5.3,98.0,96,57.70,56,2496,0x0000000000000000
14:11:37,16032,7151,2794708,5232974,30256152,0.2,5.3,61.6,96,47.64,56,2489,0x0000000000000000
14:11:38,16033,7151,2794716,5232974,30256260,0.4,5.2,94.0,94,51.25,53,2496,0x0000000000000000
14:11:39,16026,7151,2794717,5232974,30256301,0.2,5.7,88.1,96,49.36,57,2470,0x0000000000000000
14:11:40,16028,7151,2794731,5232974,30256304,0.1,5.3,100.0,96,59.04,57,2470,0x0000000000000000
14:11:41,16027,7151,2794732,5232974,30256305,0.0,5.5,100.0,96,58.77,58,2470,0x0000000000000000
14:11:42,16031,7151,2794732,5232974,30256305,0.0,5.3,99.0,96,57.48,57,2470,0x0000000000000000
14:11:43,16036,7151,2794733,5232974,30256306,0.0,5.3,100.0,96,59.52,58,2470,0x0000000000000000
14:11:44,16037,7151,2794734,5232974,30256307,0.0,5.7,100.0,96,59.37,59,2470,0x0000000000000000
14:11:45,16038,7151,2794741,5232974,30256310,0.0,5.3,54.0,96,58.08,58,2489,0x0000000000000000
14:11:46,16042,7151,2794741,5232974,30256353,0.2,5.4,99.0,96,56.63,58,2489,0x0000000000000000
14:11:47,16043,7151,2794741,5232974,30256417,0.3,5.6,97.0,95,55.02,56,2496,0x0000000000000000
14:11:48,16045,7151,2794744,5232974,30256486,0.3,5.3,76.0,96,46.98,58,2470,0x0000000000000000
14:11:49,16042,7151,2794744,5232974,30256487,0.0,5.7,100.0,96,59.05,59,2470,0x0000000000000000
14:11:50,16042,7151,2794770,5232974,30256496,0.1,5.4,100.0,96,59.18,59,2463,0x0000000000000000
14:11:51,16042,7151,2794770,5232974,30256496,0.0,5.4,100.0,96,58.17,59,2470,0x0000000000000000
14:11:52,16042,7151,2794770,5232974,30256496,0.0,5.4,100.0,96,59.47,60,2470,0x0000000000000000
14:11:53,16042,7151,2794770,5232974,30256496,0.0,5.4,99.0,96,59.77,61,2470,0x0000000000000000
14:11:54,16042,7151,2794778,5232974,30256497,0.0,5.7,100.0,84,58.33,59,2483,0x0000000000000000
14:11:55,16042,7151,2794778,5232974,30256540,0.2,5.4,98.0,96,56.84,59,2483,0x0000000000000000
14:11:56,16042,7151,2794778,5232974,30256540,0.0,5.3,100.0,96,57.85,59,2489,0x0000000000000000
14:11:57,16042,7151,2794780,5232974,30256601,0.2,5.4,92.0,96,44.38,61,2463,0x0000000000000000
14:11:58,16042,7151,2794794,5232974,30256609,0.2,5.3,100.0,96,59.51,61,2463,0x0000000000000000
14:11:59,16040,7151,2794806,5232974,30256615,0.1,5.7,100.0,96,59.86,60,2470,0x0000000000000000
14:12:00,16040,7151,2794807,5232974,30256616,0.0,5.3,99.0,95,58.28,60,2463,0x0000000000000000
14:12:01,16040,7151,2794807,5232974,30256616,0.0,5.3,100.0,96,59.90,61,2463,0x0000000000000000
14:12:02,16040,7151,2794807,5232974,30256616,0.0,5.3,100.0,96,59.96,60,2463,0x0000000000000000
14:12:03,16041,7151,2794807,5232974,30256618,0.0,5.4,79.8,96,59.84,62,2476,0x0000000000000000
14:12:04,16040,7151,2794807,5232974,30256660,0.2,5.7,69.3,96,56.60,62,2489,0x0000000000000000
14:12:05,16035,7150,2794839,5232974,30256675,0.1,5.4,100.0,96,59.20,61,2489,0x0000000000000000
14:12:06,16038,7150,2794842,5232974,30256837,0.6,4.9,85.0,96,41.85,61,2463,0x0000000000000000
14:12:07,16039,7150,2794842,5232974,30256837,0.0,5.6,100.0,96,59.93,61,2470,0x0000000000000000
14:12:08,16040,7150,2794842,5232974,30256837,0.0,5.3,100.0,96,59.88,62,2463,0x0000000000000000
14:12:09,16038,7150,2794842,5232974,30256837,0.0,5.6,99.0,96,58.46,60,2476,0x0000000000000000
14:12:10,16037,7150,2794842,5232974,30256879,5.1,5.5,100.0,96,60.39,66,2463,0x0000000000000000
14:12:11,16035,7150,2794842,5232974,30256879,0.0,5.5,100.0,96,60.15,63,2457,0x0000000000000000
14:12:12,16036,7150,2794842,5232974,30256879,0.0,5.4,97.0,96,59.91,66,2463,0x0000000000000000
14:12:13,16036,7150,2794842,5232974,30256918,0.2,5.3,98.0,96,59.04,62,2496,0x0000000000000000
14:12:14,16034,7150,2794842,5232974,30256921,0.1,6.0,100.0,96,57.88,62,2476,0x0000000000000000
14:12:15,16034,7150,2794846,5232974,30257115,0.8,5.1,58.2,50,41.20,60,2470,0x0000000000000000
14:12:16,16034,7150,2794846,5232974,30257115,0.0,5.4,100.0,96,59.74,62,2450,0x0000000000000000
14:12:17,16034,7150,2794849,5232974,30257117,0.0,5.2,100.0,96,60.27,63,2450,0x0000000000000000
14:12:18,16034,7150,2794849,5232974,30257117,0.0,5.4,99.0,96,59.33,65,2457,0x0000000000000000
14:12:19,16032,7150,2794849,5232974,30257117,0.0,5.7,100.0,96,59.04,63,2450,0x0000000000000000
14:12:20,16032,7150,2794879,5232974,30257142,0.1,5.4,100.0,96,60.71,63,2450,0x0000000000000000
14:12:21,16032,7150,2794879,5232974,30257143,0.0,5.4,100.0,96,60.45,65,2457,0x0000000000000000
14:12:22,16032,7150,2794879,5232974,30257143,0.0,5.4,81.2,96,58.85,63,2476,0x0000000000000000
14:12:23,16030,7150,2794881,5232974,30257189,0.2,5.4,92.0,96,58.04,63,2470,0x0000000000000000
14:12:24,16027,7150,2794885,5232974,30257258,0.3,6.0,77.2,95,47.10,60,2502,0x0000000000000000
14:12:25,16020,7150,2794885,5232974,30257258,0.0,5.8,100.0,96,58.24,63,2457,0x0000000000000000
14:12:26,16020,7150,2794885,5232974,30257258,0.0,5.4,100.0,96,60.29,65,2457,0x0000000000000000
14:12:27,16020,7150,2794885,5232974,30257258,0.0,5.4,100.0,96,59.95,64,2450,0x0000000000000000
14:12:28,16022,7150,2794885,5232974,30257258,0.0,5.3,93.0,96,59.26,64,2457,0x0000000000000000
14:12:29,16022,7150,2794885,5232974,30257259,0.0,5.6,100.0,96,60.78,65,2450,0x0000000000000000
14:12:30,16024,7150,2794885,5232974,30257259,0.0,5.3,100.0,96,60.73,63,2450,0x0000000000000000
14:12:31,16025,7150,2794885,5232974,30257259,0.0,5.3,70.0,96,59.37,64,2476,0x0000000000000000
14:12:32,16025,7150,2794885,5232974,30257320,0.2,5.3,99.0,96,57.83,65,2470,0x0000000000000000
14:12:33,16025,7150,2794889,5232974,30257373,0.2,5.5,93.0,95,50.93,61,2502,0x0000000000000000
14:12:34,16025,7150,2794899,5232974,30257377,0.0,5.7,100.0,96,56.15,63,2450,0x0000000000000000
14:12:35,16025,7150,2794899,5232974,30257377,0.0,5.4,100.0,96,60.88,65,2450,0x0000000000000000
14:12:36,16024,7150,2794899,5232974,30257377,0.0,5.5,100.0,96,60.66,65,2457,0x0000000000000000
14:12:37,16027,7150,2794899,5232974,30257377,0.0,5.3,99.0,96,59.00,67,2450,0x0000000000000000
14:12:38,16027,7150,2794899,5232974,30257377,0.0,5.3,100.0,96,61.21,66,2450,0x0000000000000000
14:12:39,16024,7150,2794900,5232974,30257379,0.0,5.7,100.0,96,61.35,65,2457,0x0000000000000000
14:12:40,16024,7150,2794901,5232974,30257383,0.3,5.3,60.6,96,59.89,65,2476,0x0000000000000000
14:12:41,16026,7150,2794901,5232974,30257426,0.2,5.4,98.0,96,58.36,66,2470,0x0000000000000000
14:12:42,16027,7150,2794905,5232974,30257484,0.2,5.7,91.9,95,52.90,62,2483,0x0000000000000000
14:12:43,16027,7150,2794905,5232974,30257522,0.1,5.4,99.0,96,54.93,65,2450,0x0000000000000000
14:12:44,16025,7150,2794906,5232974,30257523,0.0,5.7,100.0,96,61.06,64,2450,0x0000000000000000
14:12:45,16025,7150,2794906,5232974,30257523,0.0,5.3,100.0,96,60.49,68,2457,0x0000000000000000
14:12:46,16025,7150,2794906,5232974,30257523,0.0,5.4,78.0,96,59.52,66,2450,0x0000000000000000
14:12:47,16024,7150,2794906,5232974,30257523,0.0,5.5,100.0,96,61.19,65,2450,0x0000000000000000
14:12:48,16024,7150,2794906,5232974,30257523,0.0,5.3,100.0,96,61.13,66,2450,0x0000000000000000
14:12:49,16023,7150,2794906,5232974,30257525,0.0,5.6,55.0,96,59.70,66,2476,0x0000000000000000
14:12:50,16023,7150,2794937,5232974,30257596,0.3,5.3,99.0,96,58.34,66,2463,0x0000000000000000
14:12:51,16024,7150,2794937,5232974,30257784,0.7,4.9,90.1,83,53.51,62,2470,0x0000000000000000
14:12:52,16024,7150,2794949,5232974,30257836,0.2,5.5,93.9,96,50.69,66,2450,0x0000000000000000
14:12:53,16024,7150,2794949,5232974,30257836,0.0,5.4,100.0,96,61.16,66,2450,0x0000000000000000
14:12:54,16024,7150,2794949,5232974,30257836,0.0,5.6,100.0,96,60.84,69,2450,0x0000000000000000
14:12:55,16023,7150,2794962,5232974,30257840,0.1,5.4,99.0,96,59.56,66,2450,0x0000000000000000
14:12:56,16023,7150,2794962,5232974,30257840,0.0,5.3,100.0,96,61.62,67,2457,0x0000000000000000
14:12:57,16024,7150,2794962,5232974,30257840,0.0,5.3,100.0,96,61.92,70,2457,0x0000000000000000
14:12:58,16023,7150,2794979,5232974,30257848,0.1,5.4,99.0,96,60.21,67,2470,0x0000000000000000
14:12:59,16024,7150,2794979,5232974,30257889,0.2,5.7,50.5,96,58.87,67,2463,0x0000000000000000
14:13:00,16024,7150,2794981,5232974,30257950,0.2,5.6,99.0,93,57.84,64,2476,0x0000000000000000
14:13:01,16020,7150,2794987,5232974,30258033,0.3,5.3,73.0,96,48.27,68,2450,0x0000000000000000
14:13:02,16021,7150,2794987,5232974,30258033,0.0,5.3,100.0,96,61.24,67,2450,0x0000000000000000
14:13:03,16021,7150,2794987,5232974,30258033,0.0,5.3,100.0,96,61.37,67,2450,0x0000000000000000
14:13:04,16026,7150,2794987,5232974,30258033,0.0,5.9,50.0,96,59.81,67,2450,0x0000000000000000
14:13:05,16021,7150,2795016,5232974,30258056,0.3,5.4,100.0,96,61.60,68,2450,0x0000000000000000
14:13:06,16024,7150,2795021,5232974,30258064,0.0,5.4,100.0,96,62.22,69,2450,0x0000000000000000
14:13:07,16025,7150,2795025,5232974,30258066,0.0,5.4,100.0,85,60.81,67,2470,0x0000000000000000
14:13:08,16025,7150,2795025,5232974,30258140,0.3,5.5,98.0,96,58.60,67,2470,0x0000000000000000
14:13:09,16023,7150,2795025,5232974,30258140,0.0,5.9,100.0,96,60.49,67,2470,0x0000000000000000
14:13:10,16023,7150,2795032,5232974,30258233,0.4,5.3,51.0,96,43.53,66,2450,0x0000000000000000
14:13:11,16023,7150,2795033,5232974,30258234,0.0,5.4,100.0,96,61.26,67,2450,0x0000000000000000
14:13:12,16023,7150,2795033,5232974,30258234,0.0,5.3,100.0,96,61.69,69,2450,0x0000000000000000
14:13:13,16025,7150,2795033,5232974,30258234,0.0,5.4,71.0,79,59.95,67,2463,0x0000000000000000
14:13:14,16025,7150,2795033,5232974,30258237,0.0,6.0,100.0,96,61.57,69,2450,0x0000000000000000
14:13:15,16025,7150,2795033,5232974,30258237,0.0,5.3,100.0,96,62.19,69,2450,0x0000000000000000
14:13:16,16025,7150,2795033,5232974,30258237,0.0,5.3,99.0,96,61.47,68,2457,0x0000000000000000
14:13:17,16025,7150,2795033,5232974,30258294,0.2,5.4,99.0,96,60.23,68,2476,0x0000000000000000
14:13:18,16025,7150,2795033,5232974,30258294,0.0,5.3,100.0,96,59.54,68,2470,0x0000000000000000
14:13:19,16024,7150,2795033,5232974,30258319,0.1,5.6,56.0,77,45.48,67,2450,0x0000000000000000
14:13:20,16024,7150,2795033,5232974,30258319,0.0,5.4,100.0,96,61.38,67,2450,0x0000000000000000
14:13:21,16024,7150,2795033,5232974,30258319,0.0,5.5,100.0,96,61.48,68,2444,0x0000000000000000
14:13:22,16024,7150,2795034,5232974,30258320,0.0,5.4,88.9,96,61.26,68,2457,0x0000000000000000
14:13:23,16024,7150,2795034,5232974,30258320,0.0,5.3,100.0,96,60.55,69,2450,0x0000000000000000
14:13:24,16023,7150,2795034,5232974,30258321,0.0,5.9,100.0,96,62.09,70,2450,0x0000000000000000
14:13:25,16023,7150,2795034,5232974,30258321,0.0,5.4,100.0,96,61.50,68,2450,0x0000000000000000
14:13:26,16023,7150,2795034,5232974,30258321,0.0,5.3,99.0,96,61.01,68,2476,0x0000000000000000
14:13:27,16023,7150,2795035,5232974,30258363,0.2,5.4,99.0,96,59.50,69,2470,0x0000000000000000
14:13:28,16022,7150,2795035,5232974,30258420,0.2,5.4,92.1,68,48.50,64,2476,0x0000000000000000
14:13:29,16023,7150,2795035,5232974,30258420,0.0,5.7,100.0,96,61.22,69,2450,0x0000000000000000
14:13:30,16014,7150,2795035,5232974,30258420,0.0,5.8,100.0,96,62.06,68,2450,0x0000000000000000
14:13:31,16016,7150,2795035,5232974,30258420,0.0,5.4,99.0,96,61.17,69,2450,0x0000000000000000
14:13:32,16017,7150,2795035,5232974,30258424,0.0,5.3,100.0,96,60.72,68,2450,0x0000000000000000
14:13:33,16019,7150,2795036,5232974,30258425,0.0,5.3,100.0,96,62.72,70,2457,0x0000000000000000
14:13:34,16020,7150,2795036,5232974,30258426,0.0,6.2,100.0,96,62.10,69,2450,0x0000000000000000
14:13:35,16020,7150,2795036,5232974,30258426,0.0,5.3,78.0,96,60.86,69,2476,0x0000000000000000
14:13:36,16022,7150,2795038,5232974,30258452,0.1,5.3,86.1,96,59.46,69,2463,0x0000000000000000
14:13:37,16022,7150,2795043,5232974,30258516,0.2,5.3,90.0,87,49.54,64,2483,0x0000000000000000
14:13:38,16022,7150,2795043,5232974,30258516,0.0,5.4,100.0,96,56.06,70,2450,0x0000000000000000
14:13:39,16021,7150,2795075,5232974,30258545,0.1,5.9,100.0,96,62.04,72,2450,0x0000000000000000
14:13:40,16021,7150,2795107,5232974,30258578,0.1,5.5,100.0,96,61.56,70,2450,0x0000000000000000
14:13:41,16018,7150,2795107,5232974,30258578,0.0,5.5,78.2,96,60.95,69,2450,0x0000000000000000
14:13:42,16018,7150,2795107,5232974,30258578,0.0,5.3,100.0,96,62.67,70,2457,0x0000000000000000
14:13:43,16018,7150,2795107,5232974,30258578,0.0,5.6,100.0,96,61.92,69,2450,0x0000000000000000
14:13:44,16018,7150,2795108,5232974,30258579,0.0,5.7,54.0,96,60.77,70,2476,0x0000000000000000
14:13:45,16018,7150,2795108,5232974,30258621,0.2,5.4,98.0,96,59.62,70,2463,0x0000000000000000
14:13:46,16018,7150,2795109,5232974,30258622,0.0,5.5,94.0,94,55.57,66,2483,0x0000000000000000
14:13:47,16018,7150,2795109,5232974,30258662,0.2,5.3,97.0,96,56.21,69,2450,0x0000000000000000
14:13:48,16018,7150,2795109,5232974,30258662,0.0,5.3,100.0,96,62.55,70,2450,0x0000000000000000
14:13:49,16020,7150,2795111,5232974,30258665,0.0,5.8,100.0,96,61.91,69,2450,0x0000000000000000
14:13:50,16027,7150,2795111,5232974,30258665,0.0,5.2,75.0,96,60.94,69,2450,0x0000000000000000
14:13:51,16027,7150,2795111,5232974,30258665,0.0,5.4,100.0,96,62.70,70,2450,0x0000000000000000
14:13:52,16027,7150,2795160,5232974,30258714,0.2,5.8,100.0,96,62.54,70,2450,0x0000000000000000
14:13:53,16027,7150,2795160,5232974,30258714,0.0,5.3,51.0,96,61.17,71,2470,0x0000000000000000
14:13:54,16027,7150,2795160,5232974,30258755,0.2,5.6,99.0,96,60.02,70,2470,0x0000000000000000
14:13:55,16027,7150,2795161,5232974,30258756,0.0,5.3,94.0,93,57.58,66,2476,0x0000000000000000
14:13:56,16027,7150,2795161,5232974,30258798,0.2,5.3,91.9,96,54.81,70,2450,0x0000000000000000
14:13:57,16027,7150,2795161,5232974,30258798,0.0,5.3,100.0,96,62.63,71,2450,0x0000000000000000
14:13:58,16027,7150,2795161,5232974,30258798,0.0,5.3,100.0,96,61.93,70,2450,0x0000000000000000
14:13:59,16027,7150,2795161,5232974,30258798,0.0,5.6,68.7,96,60.74,69,2450,0x0000000000000000
14:14:00,16027,7150,2795162,5232974,30258799,0.0,5.7,100.0,96,62.39,70,2444,0x0000000000000000
14:14:01,16027,7150,2795162,5232974,30258799,0.0,5.3,100.0,96,62.74,69,2450,0x0000000000000000
14:14:02,16027,7150,2795164,5232974,30258801,0.0,5.4,99.0,96,61.79,70,2470,0x0000000000000000
14:14:03,16027,7150,2795164,5232974,30258859,0.2,5.3,54.5,96,59.83,70,2463,0x0000000000000000
14:14:04,16027,7150,2795168,5232974,30258877,0.1,5.7,97.0,93,58.98,67,2476,0x0000000000000000
14:14:05,16022,7150,2795176,5232974,30258943,0.3,5.1,89.0,96,49.53,69,2444,0x0000000000000000
14:14:06,16026,7150,2795176,5232974,30258943,0.0,5.3,100.0,96,62.40,70,2450,0x0000000000000000
14:14:07,16027,7150,2795177,5232974,30258944,0.0,5.3,100.0,96,62.08,70,2450,0x0000000000000000
14:14:08,16026,7150,2795194,5232974,30258971,0.6,5.2,55.0,96,60.40,69,2450,0x0000000000000000
14:14:09,16027,7150,2795194,5232974,30258971,0.0,6.2,100.0,96,63.03,70,2444,0x0000000000000000
14:14:10,16029,7150,2795194,5232974,30258971,0.0,5.4,100.0,96,62.66,71,2444,0x0000000000000000
14:14:11,16028,7150,2795194,5232974,30258971,0.0,5.3,99.0,85,61.45,70,2463,0x0000000000000000
14:14:12,16027,7150,2795194,5232974,30259011,0.2,5.3,60.0,96,59.81,70,2470,0x0000000000000000
14:14:13,16028,7150,2795194,5232974,30259043,0.1,5.5,98.0,96,61.29,69,2463,0x0000000000000000
14:14:14,16018,7150,2795588,5232974,30259461,6.2,5.6,52.5,96,42.74,70,2444,0x0000000000000000
14:14:15,16018,7150,2795588,5232974,30259462,0.0,5.5,100.0,96,62.57,69,2444,0x0000000000000000
14:14:16,16019,7150,2795588,5232974,30259462,0.0,5.3,100.0,96,62.55,71,2450,0x0000000000000000
14:14:17,16019,7150,2795588,5232974,30259462,0.0,5.4,99.0,81,61.00,67,2457,0x0000000000000000
14:14:18,16023,7150,2795588,5232974,30259462,0.0,5.7,100.0,96,62.74,72,2444,0x0000000000000000
14:14:19,16023,7150,2795590,5232974,30259465,0.1,5.8,100.0,96,63.03,72,2444,0x0000000000000000
14:14:20,16023,7150,2795591,5232974,30259473,0.0,5.3,99.0,96,62.24,71,2450,0x0000000000000000
14:14:21,16023,7150,2795600,5232974,30259523,0.2,6.2,99.0,96,61.30,70,2476,0x0000000000000000
14:14:22,16023,7150,2795787,5232974,30259688,5.8,5.6,100.0,96,59.99,71,2470,0x0000000000000000
14:14:23,16021,7150,2795790,5232974,30259790,0.4,5.3,90.1,83,46.06,70,2450,0x0000000000000000
14:14:24,16020,7150,2795790,5232974,30259790,0.0,5.8,100.0,96,62.36,69,2444,0x0000000000000000
14:14:25,16020,7150,2795790,5232974,30259790,0.0,5.3,100.0,96,62.78,71,2444,0x0000000000000000
14:14:26,16021,7150,2795809,5232974,30259809,0.3,5.4,99.0,96,62.36,71,2450,0x0000000000000000
14:14:27,16015,7150,2797927,5232974,30261430,14.5,6.1,100.0,96,61.42,72,2450,0x0000000000000000
14:14:28,16015,7150,2798042,5232974,30261533,0.4,5.4,100.0,96,63.04,71,2444,0x0000000000000000
14:14:29,16015,7150,2798042,5232974,30261533,0.0,5.7,100.0,96,62.62,72,2444,0x0000000000000000
14:14:30,16015,7150,2798042,5232974,30261533,0.0,5.4,99.0,96,61.15,71,2476,0x0000000000000000
14:14:31,16015,7150,2798042,5232974,30261574,0.2,5.3,99.0,96,60.98,71,2457,0x0000000000000000
14:14:32,16015,7150,2798045,5232974,30261618,0.2,5.4,92.9,95,48.46,67,2489,0x0000000000000000
14:14:33,16015,7150,2798045,5232974,30261618,0.0,5.3,100.0,96,61.31,70,2444,0x0000000000000000
14:14:34,16014,7150,2798045,5232974,30261618,0.0,5.7,100.0,96,62.78,71,2444,0x0000000000000000
14:14:35,16016,7150,2798045,5232974,30261618,0.0,5.7,100.0,96,62.24,70,2444,0x0000000000000000
14:14:36,16016,7150,2798045,5232974,30261618,0.0,5.6,99.0,96,61.69,70,2444,0x0000000000000000
14:14:37,16016,7150,2798046,5232974,30261620,0.1,5.4,100.0,96,63.07,71,2450,0x0000000000000000
14:14:38,16016,7150,2798069,5232974,30261643,0.1,5.4,100.0,96,63.08,70,2444,0x0000000000000000
14:14:39,16016,7150,2798069,5232974,30261643,0.0,5.7,99.0,96,61.72,72,2457,0x0000000000000000
14:14:40,16016,7150,2798069,5232974,30261700,0.2,5.3,77.2,96,59.99,71,2463,0x0000000000000000
14:14:41,16015,7150,2798072,5232974,30261729,0.1,5.6,93.0,94,54.20,68,2483,0x0000000000000000
14:14:42,16015,7150,2798179,5232974,30261769,0.7,5.4,100.0,96,58.64,72,2444,0x0000000000000000
14:14:43,16015,7150,2798200,5232974,30261780,0.1,5.3,100.0,96,63.11,72,2450,0x0000000000000000
14:14:44,16014,7150,2798206,5232974,30261786,0.1,6.2,100.0,96,62.50,71,2444,0x0000000000000000
14:14:45,16016,7150,2798206,5232974,30261786,0.0,5.4,99.0,96,61.64,72,2444,0x0000000000000000
14:14:46,16014,7150,2798206,5232974,30261786,0.0,5.4,100.0,96,63.21,72,2444,0x0000000000000000
14:14:47,16014,7150,2798206,5232974,30261786,0.0,5.4,100.0,96,63.21,75,2444,0x0000000000000000
14:14:48,16014,7150,2798206,5232974,30261786,0.0,5.3,100.0,96,61.76,72,2463,0x0000000000000000
14:14:49,16014,7150,2798206,5232974,30261815,0.1,5.7,68.3,96,60.32,72,2450,0x0000000000000000
14:14:50,16014,7150,2798206,5232974,30261815,0.0,5.4,98.0,94,55.57,68,2483,0x0000000000000000
14:14:51,16014,7150,2798209,5232974,30261859,0.2,5.4,86.0,96,53.78,72,2444,0x0000000000000000
14:14:52,16013,7150,2798209,5232974,30261859,0.0,5.3,100.0,96,63.32,76,2444,0x0000000000000000
14:14:53,16013,7150,2798209,5232974,30261859,0.0,7.0,100.0,96,62.50,72,2437,0x0000000000000000
14:14:54,16014,7150,2798209,5232974,30261859,0.0,5.7,63.0,96,61.47,72,2444,0x0000000000000000
14:14:55,16014,7150,2798209,5232974,30261859,0.0,5.3,100.0,96,63.33,75,2444,0x0000000000000000
14:14:56,16014,7150,2798209,5232974,30261859,0.0,5.4,100.0,96,63.57,73,2444,0x0000000000000000
14:14:57,16014,7150,2798279,5232974,30261908,0.6,5.4,60.0,89,61.85,73,2450,0x0000000000000000
14:14:58,16013,7150,2798367,5232974,30262008,0.5,5.4,51.5,96,60.24,72,2457,0x0000000000000000
14:14:59,16013,7150,2798370,5232974,30262011,0.0,5.7,100.0,95,60.74,70,2457,0x0000000000000000
14:15:00,16012,7150,2798374,5232974,30262062,0.2,5.1,68.0,96,47.75,72,2450,0x0000000000000000
14:15:01,16012,7150,2798374,5232974,30262062,0.0,5.3,100.0,96,63.11,71,2444,0x0000000000000000
14:15:02,16012,7150,2798374,5232974,30262062,0.1,5.5,100.0,96,62.79,76,2444,0x0000000000000000
14:15:03,16011,7150,2798374,5232974,30262062,0.0,5.4,99.0,96,61.46,72,2437,0x0000000000000000
14:15:04,16011,7150,2798374,5232974,30262062,0.0,5.5,100.0,96,63.33,74,2437,0x0000000000000000
14:15:05,16011,7150,2798374,5232974,30262062,0.0,5.4,100.0,96,63.59,72,2444,0x0000000000000000
14:15:06,16011,7150,2798374,5232974,30262062,0.0,5.3,99.0,96,62.99,72,2444,0x0000000000000000
14:15:07,16011,7150,2798374,5232974,30262087,0.1,5.4,99.0,96,59.74,72,2457,0x0000000000000000
14:15:08,16011,7150,2798374,5232974,30262103,0.1,5.3,92.0,96,62.97,72,2457,0x0000000000000000
14:15:09,16007,7150,2798403,5232974,30262400,1.2,5.1,83.0,96,44.69,70,2431,0x0000000000000000
14:15:10,16007,7150,2798403,5232974,30262400,0.0,5.5,100.0,96,63.23,73,2437,0x0000000000000000
14:15:11,16009,7150,2798403,5232974,30262400,0.0,5.7,100.0,96,63.27,73,2437,0x0000000000000000
14:15:12,16014,7150,2798403,5232974,30262400,0.0,5.4,76.8,96,62.36,72,2444,0x0000000000000000
14:15:13,16014,7150,2798403,5232974,30262400,0.0,5.3,100.0,96,62.91,74,2444,0x0000000000000000
14:15:14,16011,7150,2798419,5232974,30262407,0.1,6.0,100.0,96,63.70,72,2437,0x0000000000000000
14:15:15,16014,7150,2798419,5232974,30262407,0.0,5.3,100.0,96,62.92,72,2437,0x0000000000000000
14:15:16,16015,7150,2798419,5232974,30262432,0.1,5.4,98.0,96,62.06,73,2457,0x0000000000000000
14:15:17,16015,7150,2798419,5232974,30262432,0.0,5.3,100.0,96,60.74,73,2450,0x0000000000000000
14:15:18,16014,7150,2798423,5232974,30262476,0.2,5.7,93.0,58,48.57,68,2476,0x0000000000000000
14:15:19,16014,7150,2798423,5232974,30262476,0.0,5.7,100.0,96,63.11,73,2437,0x0000000000000000
14:15:20,16014,7150,2798423,5232974,30262476,0.0,5.4,100.0,96,63.11,73,2437,0x0000000000000000
14:15:21,16015,7150,2798436,5232974,30262481,0.1,5.7,94.0,96,62.75,73,2444,0x0000000000000000
14:15:22,16015,7150,2798436,5232974,30262481,0.0,5.3,100.0,96,62.65,73,2437,0x0000000000000000
14:15:23,16015,7150,2798436,5232974,30262481,0.0,5.3,100.0,96,63.91,73,2437,0x0000000000000000
14:15:24,16015,7150,2798436,5232974,30262481,0.0,5.8,100.0,96,63.52,73,2444,0x0000000000000000
14:15:25,16015,7150,2798436,5232974,30262481,0.0,5.3,81.0,96,61.81,73,2457,0x0000000000000000
14:15:26,16016,7150,2798436,5232974,30262574,0.4,5.4,98.0,96,60.65,73,2450,0x0000000000000000
14:15:27,16011,7150,2798437,5232974,30262616,0.2,5.2,71.7,95,51.34,69,2483,0x0000000000000000
14:15:28,16011,7150,2798437,5232974,30262616,0.0,5.3,100.0,96,59.06,72,2437,0x0000000000000000
14:15:29,16012,7150,2798437,5232974,30262616,0.0,6.2,100.0,96,63.45,74,2444,0x0000000000000000
14:15:30,16012,7150,2798437,5232974,30262616,0.0,5.2,100.0,96,63.08,72,2437,0x0000000000000000
14:15:31,16018,7150,2798437,5232974,30262616,0.0,5.4,85.9,96,62.00,74,2437,0x0000000000000000
14:15:32,16021,7150,2798437,5232974,30262616,0.0,5.3,100.0,96,63.92,74,2437,0x0000000000000000
14:15:33,16021,7150,2798437,5232974,30262616,0.0,5.1,100.0,96,63.63,74,2437,0x0000000000000000
14:15:34,16019,7150,2798437,5232974,30262616,0.0,5.7,99.0,96,62.33,73,2457,0x0000000000000000
14:15:35,16018,7150,2798437,5232974,30262658,0.2,5.3,99.0,96,60.81,73,2450,0x0000000000000000
14:15:36,16019,7150,2798439,5232974,30262809,0.6,5.2,94.9,94,55.01,70,2476,0x0000000000000000
14:15:37,16018,7150,2798446,5232974,30262855,0.2,5.4,93.0,96,52.42,74,2437,0x0000000000000000
14:15:38,16018,7150,2798447,5232974,30262856,0.0,5.3,100.0,96,63.59,72,2437,0x0000000000000000
14:15:39,16017,7150,2798447,5232974,30262856,0.0,5.8,100.0,96,63.24,76,2437,0x0000000000000000
14:15:40,16019,7150,2798447,5232974,30262857,0.0,5.9,60.4,96,62.07,75,2437,0x0000000000000000
14:15:41,16019,7150,2798447,5232974,30262857,0.0,5.4,100.0,96,63.71,73,2437,0x0000000000000000
14:15:42,16019,7150,2798447,5232974,30262857,0.0,5.4,100.0,96,64.11,73,2437,0x0000000000000000
14:15:43,16019,7150,2798461,5232974,30262860,0.1,5.2,99.0,85,62.67,73,2450,0x0000000000000000
14:15:44,16017,7150,2798468,5232974,30262886,0.1,5.7,98.0,96,61.00,73,2457,0x0000000000000000
14:15:45,16017,7150,2798468,5232974,30262886,0.0,5.5,100.0,96,62.98,74,2457,0x0000000000000000
14:15:46,16016,7150,2798468,5232974,30262912,0.1,5.8,71.0,96,51.08,74,2437,0x0000000000000000
14:15:47,16016,7150,2798468,5232974,30262912,0.0,5.3,100.0,96,63.45,73,2437,0x0000000000000000
14:15:48,16016,7150,2798468,5232974,30262912,0.0,5.3,100.0,96,63.43,73,2437,0x0000000000000000
14:15:49,16016,7150,2798468,5232974,30262912,0.0,5.7,52.0,96,62.22,73,2437,0x0000000000000000
14:15:50,16016,7150,2798470,5232974,30262913,0.0,5.3,100.0,96,63.78,72,2437,0x0000000000000000
14:15:51,16016,7150,2798470,5232974,30262913,0.0,5.4,100.0,96,64.15,73,2437,0x0000000000000000
14:15:52,16016,7150,2798470,5232974,30262913,0.0,5.3,100.0,96,63.82,74,2444,0x0000000000000000
14:15:53,16016,7150,2798470,5232974,30262913,0.0,5.3,98.0,78,60.38,72,2457,0x0000000000000000
14:15:54,16015,7150,2798470,5232974,30262913,0.0,5.8,100.0,96,63.14,74,2450,0x0000000000000000
14:15:55,16013,7150,2798474,5232974,30262958,0.2,5.5,47.5,96,47.09,73,2437,0x0000000000000000
14:15:56,16013,7150,2798474,5232974,30262958,0.0,5.3,100.0,96,63.78,73,2437,0x0000000000000000
14:15:57,16013,7150,2798474,5232974,30262958,0.0,5.3,100.0,96,64.00,74,2444,0x0000000000000000
14:15:58,16014,7150,2798474,5232974,30262958,0.0,5.3,99.0,96,63.04,74,2450,0x0000000000000000
14:15:59,16013,7150,2798474,5232974,30262958,0.0,5.7,100.0,96,63.10,74,2437,0x0000000000000000
14:16:00,16013,7150,2798474,5232974,30262958,0.0,5.3,100.0,96,64.15,73,2437,0x0000000000000000
14:16:01,16013,7150,2798474,5232974,30262958,0.0,5.3,99.0,96,63.60,74,2444,0x0000000000000000
14:16:02,16013,7150,2798474,5232974,30262998,0.2,5.3,99.0,96,62.48,74,2457,0x0000000000000000
14:16:03,16013,7150,2798474,5232974,30262998,0.0,5.3,100.0,96,61.34,74,2450,0x0000000000000000
14:16:04,16009,7150,2798478,5232974,30263107,0.4,5.9,90.1,65,48.57,69,2476,0x0000000000000000
14:16:05,16009,7150,2798478,5232974,30263107,0.0,5.4,100.0,96,63.74,74,2444,0x0000000000000000
14:16:06,16009,7150,2798478,5232974,30263107,0.0,5.2,100.0,96,63.89,75,2437,0x0000000000000000
14:16:07,16014,7150,2798478,5232974,30263107,0.0,5.4,99.0,96,62.92,74,2437,0x0000000000000000
14:16:08,16015,7150,2798478,5232974,30263107,0.0,5.3,100.0,96,62.87,76,2444,0x0000000000000000
14:16:09,16014,7150,2798478,5232974,30263107,0.0,5.8,100.0,96,64.20,75,2437,0x0000000000000000
14:16:10,16014,7150,2798482,5232974,30263111,0.0,5.3,100.0,96,64.04,74,2437,0x0000000000000000
14:16:11,16014,7150,2798482,5232974,30263111,0.0,5.4,99.0,96,62.24,74,2457,0x0000000000000000
14:16:12,16014,7150,2798482,5232974,30263172,0.2,5.7,100.0,96,61.46,74,2450,0x0000000000000000
14:16:13,16010,7150,2798482,5232974,30263224,0.2,5.4,91.2,82,50.35,70,2483,0x0000000000000000
14:16:14,16008,7150,2798498,5232974,30263233,0.1,5.9,100.0,96,60.65,73,2437,0x0000000000000000
14:16:15,16008,7150,2798498,5232974,30263233,0.0,5.3,100.0,96,64.05,75,2437,0x0000000000000000
14:16:16,16009,7150,2798498,5232974,30263233,0.0,5.4,100.0,96,63.58,74,2437,0x0000000000000000
14:16:17,16013,7150,2798498,5232974,30263233,0.0,5.4,86.9,96,62.88,75,2437,0x0000000000000000
14:16:18,16013,7150,2798498,5232974,30263233,0.0,5.2,100.0,96,64.65,74,2437,0x0000000000000000
14:16:19,16015,7150,2798498,5232974,30263233,0.0,5.7,100.0,96,64.21,75,2437,0x0000000000000000
14:16:20,16014,7150,2798500,5232974,30263235,0.0,5.4,99.0,96,62.57,74,2457,0x0000000000000000
14:16:21,16014,7150,2798502,5232974,30263260,0.1,5.7,71.0,96,61.38,74,2450,0x0000000000000000
14:16:22,16015,7150,2798502,5232974,30263458,0.8,5.2,95.0,86,56.94,70,2463,0x0000000000000000
14:16:23,16018,7150,2800618,5232974,30270588,43.3,6.2,67.7,96,41.56,73,2463,0x0000000000000000
14:16:24,15990,7150,2805248,5232974,30273960,36.5,6.6,86.7,66,34.75,68,2470,0x0000000000000000
14:16:25,16070,7150,2809330,5232984,30277629,42.2,6.2,58.8,80,35.38,69,2483,0x0000000000000000
14:16:26,16048,7150,2809434,5232984,30277971,1.5,5.7,90.0,84,39.24,70,2463,0x0000000000000000
14:16:27,16049,7150,2809568,5232984,30278416,2.5,5.7,91.1,75,36.38,69,2483,0x0000000000000000
14:16:28,16044,7150,2810314,5232984,30279141,7.4,6.8,47.0,96,43.52,73,2476,0x0000000000000000
14:16:29,16040,7150,2810371,5232984,30279527,1.8,5.6,91.2,89,40.69,69,2476,0x0000000000000000
14:16:30,16020,7150,2818336,5232984,30284134,32.3,6.7,63.6,95,38.60,70,2489,0x0000000000000000
14:16:31,16024,7149,2818394,5232984,30284352,1.4,5.9,95.1,91,46.66,70,2483,0x0000000000000000
14:16:32,16024,7149,2818411,5232984,30284798,1.8,4.9,87.9,88,37.37,69,2476,0x0000000000000000
14:16:33,16024,7149,2818411,5232984,30285147,1.4,4.9,91.0,76,46.00,69,2470,0x0000000000000000
14:16:34,16021,7149,2818468,5232984,30285835,2.7,5.0,80.8,85,36.02,69,2476,0x0000000000000000
14:16:35,16021,7149,2818468,5232984,30286195,3.9,5.2,91.1,82,45.63,68,2476,0x0000000000000000
14:16:36,16023,7149,2818497,5232984,30287259,4.2,4.9,38.0,88,35.80,69,2470,0x0000000000000000
14:16:37,16026,7149,2818497,5232984,30287580,1.3,5.1,60.6,85,45.98,69,2476,0x0000000000000000
14:16:38,16026,7149,2818543,5232984,30288007,1.7,4.9,89.0,73,36.43,68,2476,0x0000000000000000
14:16:39,16026,7149,2818543,5232984,30288633,2.4,5.7,88.2,65,45.72,68,2463,0x0000000000000000
14:16:40,16026,7149,2818605,5232984,30289150,2.1,6.2,71.4,94,36.02,69,2476,0x0000000000000000
14:16:41,16027,7149,2818606,5232984,30289430,1.5,5.1,91.9,82,45.68,69,2476,0x0000000000000000
14:16:42,16028,7149,2818606,5232984,30289773,1.3,4.9,91.9,78,36.43,68,2476,0x0000000000000000
14:16:43,16028,7149,2818625,5232984,30290451,2.7,5.0,74.0,96,46.39,71,2470,0x0000000000000000
14:16:44,16024,7149,2818626,5232984,30290870,1.6,5.4,62.0,87,36.15,69,2476,0x0000000000000000
14:16:45,16015,7149,2818626,5232984,30291400,2.3,5.1,87.3,80,34.83,67,2476,0x0000000000000000
14:16:46,16015,7149,2818629,5232984,30291611,0.8,5.1,92.0,95,37.85,69,2476,0x0000000000000000
14:16:47,16017,7149,2818629,5232984,30291769,0.6,5.3,95.0,88,46.71,68,2470,0x0000000000000000
14:16:48,16017,7149,2818634,5232984,30291855,0.3,5.0,91.9,79,40.47,67,2489,0x0000000000000000
14:16:49,16018,7149,2818634,5232984,30292233,1.5,5.4,91.9,89,45.93,69,2476,0x0000000000000000
14:16:50,16018,7149,2818634,5232984,30292565,1.3,5.0,92.0,90,35.74,68,2476,0x0000000000000000
14:16:51,16019,7149,2818657,5232984,30292760,0.9,5.1,89.0,96,46.48,72,2483,0x0000000000000000
14:16:52,16019,7149,2818657,5232984,30292973,0.8,5.1,94.0,95,37.24,69,2489,0x0000000000000000
14:16:53,16020,7149,2818679,5232984,30293226,1.0,5.1,60.0,96,45.45,72,2476,0x0000000000000000
14:16:54,16013,7149,2819565,5232984,30294340,6.4,4.5,71.3,84,37.48,68,2476,0x0000000000000000
14:16:55,16026,7149,2821812,5232984,30360212,258.7,1.9,8.5,0,19.93,64,2411,0x0000000000000000
14:16:56,16023,7149,2821812,5232984,30360212,0.0,5.7,100.0,96,50.08,72,2437,0x0000000000000000
14:16:57,16023,7149,2821812,5232984,30360212,0.0,5.3,100.0,96,62.84,72,2444,0x0000000000000000
14:16:58,16023,7149,2821812,5232984,30360212,0.0,5.4,100.0,96,63.13,73,2444,0x0000000000000000
14:16:59,15918,7149,2822114,5232986,30440526,314.9,4.6,24.5,0,37.64,65,2398,0x0000000000000000
14:17:00,15918,7149,2822114,5232986,30440526,0.0,5.3,100.0,96,59.04,71,2437,0x0000000000000000
14:17:01,15918,7149,2822114,5232986,30440526,0.0,5.3,100.0,96,63.77,73,2437,0x0000000000000000
14:17:02,15910,7149,2822114,5232986,30440528,0.2,5.3,100.0,96,63.14,72,2444,0x0000000000000000
14:17:03,15914,7149,2822114,5232986,30448464,31.0,5.2,87.9,96,59.68,73,2457,0x0000000000000000
14:17:04,15925,7149,2822114,5232986,30479209,120.1,5.3,81.8,96,50.76,75,2444,0x0000000000000000
14:17:05,15927,7149,2822115,5232986,30479353,0.6,5.3,95.0,76,57.48,69,2457,0x0000000000000000
14:17:06,15928,7149,2822115,5232986,30479635,1.1,5.0,92.9,79,36.93,68,2470,0x0000000000000000
14:17:07,15928,7149,2822116,5232986,30480078,1.9,4.9,89.9,79,36.03,67,2476,0x0000000000000000
14:17:08,15928,7149,2822116,5232986,30480442,1.4,5.1,91.0,74,36.14,67,2476,0x0000000000000000
14:17:09,15932,7149,2822116,5232986,30480841,1.6,5.3,50.0,87,35.40,68,2470,0x0000000000000000
14:17:10,15933,7149,2822116,5232986,30481327,1.9,4.9,88.9,84,35.87,67,2476,0x0000000000000000
14:17:11,15935,7149,2822116,5232986,30481831,2.0,5.0,33.0,80,35.12,68,2476,0x0000000000000000
14:17:12,15936,7149,2822116,5232986,30482346,2.0,4.8,79.0,85,35.78,67,2476,0x0000000000000000
14:17:13,15939,7149,2822116,5232986,30482802,1.8,4.8,89.2,83,35.47,67,2470,0x0000000000000000
14:17:14,15934,7149,2822123,5232986,30483238,1.7,5.6,88.8,79,35.36,67,2483,0x0000000000000000
14:17:15,15936,7149,2822123,5232986,30483670,1.7,4.8,46.5,80,35.57,67,2476,0x0000000000000000
14:17:16,15937,7149,2822123,5232986,30484221,2.1,5.0,89.0,83,35.18,67,2476,0x0000000000000000
14:17:17,15938,7149,2822123,5232986,30484646,1.7,4.9,49.0,91,35.82,67,2476,0x0000000000000000
14:17:18,15937,7149,2822123,5232986,30485063,1.6,4.8,68.7,83,34.64,66,2476,0x0000000000000000
14:17:19,15936,7149,2822123,5232986,30485517,1.8,5.3,45.5,84,35.71,67,2476,0x0000000000000000
14:17:20,15936,7149,2822164,5232986,30485777,1.1,4.9,39.0,0,28.01,64,2405,0x0000000000000000
14:17:21,15937,7149,2822164,5232986,30486014,0.9,5.3,92.0,90,37.18,67,2476,0x0000000000000000
14:17:22,15938,7149,2822164,5232986,30486138,0.5,5.1,93.0,94,36.88,67,2476,0x0000000000000000
14:17:23,15939,7149,2822164,5232986,30486432,1.1,5.2,91.0,74,35.95,66,2476,0x0000000000000000
14:17:24,15938,7149,2822164,5232986,30486674,0.9,5.5,94.9,92,36.75,67,2483,0x0000000000000000
14:17:25,15938,7149,2822164,5232986,30486964,1.3,5.2,91.9,85,36.54,67,2476,0x0000000000000000
14:17:26,15938,7149,2822203,5232986,30487293,1.4,4.9,75.2,87,36.71,67,2476,0x0000000000000000
14:17:27,15937,7149,2822203,5232986,30487453,0.6,5.2,94.0,90,40.64,67,2483,0x0000000000000000
14:17:28,15937,7149,2822204,5232986,30487608,0.6,5.2,96.0,94,36.58,67,2483,0x0000000000000000
14:17:29,15937,7149,2822207,5232986,30487698,0.4,5.5,92.0,88,37.14,67,2476,0x0000000000000000
14:17:30,15937,7149,2822207,5232986,30487874,0.7,5.0,92.9,81,36.33,66,2476,0x0000000000000000
14:17:31,15937,7149,2822207,5232986,30488042,0.7,5.2,91.0,94,36.49,67,2476,0x0000000000000000
14:17:32,15937,7149,2822208,5232986,30488273,0.9,5.1,90.2,92,35.83,67,2476,0x0000000000000000
14:17:33,15937,7149,2822211,5232986,30488537,1.0,5.1,91.9,95,40.27,67,2476,0x0000000000000000
14:17:34,15938,7149,2822211,5232986,30488855,1.2,5.3,92.9,78,36.51,66,2476,0x0000000000000000
14:17:35,15938,7149,2822211,5232986,30489131,1.1,4.9,89.1,88,36.79,67,2476,0x0000000000000000
14:17:36,15938,7149,2822211,5232986,30489187,0.2,5.2,95.0,95,40.53,67,2483,0x0000000000000000
14:17:37,15938,7149,2822211,5232986,30489308,0.5,5.1,95.0,90,37.14,67,2483,0x0000000000000000
14:17:38,15938,7149,2822211,5232986,30489433,0.5,5.1,94.9,85,36.77,65,2483,0x0000000000000000
14:17:39,15938,7149,2822211,5232986,30489564,0.5,5.6,94.0,95,37.22,67,2483,0x0000000000000000
14:17:40,15937,7149,2822212,5232986,30489717,0.6,5.1,57.6,74,40.08,67,2483,0x0000000000000000
14:17:41,15938,7149,2822212,5232986,30489942,0.9,5.2,93.9,92,37.04,67,2476,0x0000000000000000
14:17:42,15938,7149,2822212,5232986,30490130,0.7,5.4,92.1,76,36.21,66,2483,0x0000000000000000
14:17:43,15936,7149,2822217,5232986,30490311,0.7,5.1,75.2,96,29.76,68,2398,0x0000000000000000
14:17:44,15936,7149,2822219,5232986,30490529,0.9,5.7,62.0,88,36.61,66,2470,0x0000000000000000
14:17:45,15936,7149,2822219,5232986,30490687,0.6,5.2,94.0,88,37.27,66,2476,0x0000000000000000
14:17:46,15925,7149,2825472,5232986,30493499,12.9,2.3,33.7,0,29.00,63,2418,0x0000000000000000
14:17:47,15875,7149,2826918,5232990,30576861,326.8,5.5,16.5,0,16.36,62,2398,0x0000000000000000
14:17:48,15876,7149,2826918,5232990,30576861,0.0,5.4,100.0,96,54.08,70,2450,0x0000000000000000
14:17:49,15876,7149,2826918,5232990,30576864,0.2,5.6,100.0,96,62.82,71,2450,0x0000000000000000
14:17:50,15873,7149,2826918,5232990,30576888,2.0,5.9,100.0,96,62.21,71,2444,0x0000000000000000
14:17:51,15849,7149,2826918,5232995,30655303,306.3,7.2,31.2,66,35.03,68,2398,0x0000000000000000
14:17:52,15849,7149,2826918,5232995,30655303,0.0,5.3,100.0,96,62.85,71,2450,0x0000000000000000
14:17:53,15849,7149,2826918,5232995,30655303,0.0,5.3,100.0,96,63.08,71,2444,0x0000000000000000
14:17:54,15845,7149,2826918,5232995,30662691,30.4,5.6,94.0,96,62.33,70,2450,0x0000000000000000
14:17:55,15847,7149,2826918,5232995,30695510,128.1,5.5,79.4,96,47.90,72,2450,0x0000000000000000
14:17:56,15848,7149,2826918,5232995,30695510,0.0,5.3,100.0,96,63.15,71,2450,0x0000000000000000
14:17:57,15852,7149,2826918,5232995,30695522,0.0,5.4,100.0,96,63.66,70,2444,0x0000000000000000
14:17:58,15857,7149,2826918,5232995,30696649,4.4,5.2,52.5,96,61.39,71,2450,0x0000000000000000
14:17:59,15858,7149,2826920,5232995,30696652,0.0,6.2,100.0,96,62.97,72,2457,0x0000000000000000
14:18:00,15859,7149,2826920,5232995,30700742,16.0,5.2,93.1,96,55.20,74,2450,0x0000000000000000
14:18:01,15863,7149,2826920,5232995,30700787,0.2,5.5,98.0,86,58.21,68,2450,0x0000000000000000
14:18:02,15867,7149,2826920,5232995,30701080,1.1,5.1,91.8,76,36.62,66,2470,0x0000000000000000
14:18:03,15870,7149,2826920,5232995,30701318,0.9,5.1,93.1,87,37.04,67,2489,0x0000000000000000
14:18:04,15870,7149,2826926,5232995,30701385,0.3,5.5,93.9,93,37.20,67,2476,0x0000000000000000
14:18:05,15843,7149,2828391,5232995,30702638,5.9,4.2,64.4,96,36.19,69,2431,0x0000000000000000
14:18:06,15844,7149,2828391,5232995,30702638,0.0,5.3,100.0,96,62.68,71,2444,0x0000000000000000
14:18:07,15845,7149,2828392,5232995,30702651,0.1,5.4,100.0,96,62.98,73,2444,0x0000000000000000
14:18:08,15847,7149,2828392,5232995,30702651,0.0,5.4,99.0,80,61.31,70,2450,0x0000000000000000
14:18:09,15847,7149,2828392,5232995,30702652,0.0,5.8,100.0,96,63.47,72,2444,0x0000000000000000
14:18:10,15847,7149,2828392,5232995,30702652,0.0,5.5,100.0,96,63.69,72,2444,0x0000000000000000
14:18:11,15852,7149,2828392,5232995,30707222,18.1,5.3,96.0,96,62.87,74,2444,0x0000000000000000
14:18:12,15830,7149,2828392,5232995,30750144,167.7,4.8,72.2,96,45.57,72,2444,0x0000000000000000
14:18:13,15830,7149,2828392,5232995,30750144,0.0,5.4,100.0,96,63.65,76,2444,0x0000000000000000
14:18:14,15838,7149,2828397,5232995,30750146,0.0,5.9,100.0,96,63.66,73,2444,0x0000000000000000
14:18:15,15799,7149,2828401,5232999,30784185,133.0,12.5,67.3,0,57.46,67,2457,0x0000000000000000
14:18:16,15801,7149,2828401,5232999,30784185,0.0,5.3,100.0,96,57.94,73,2444,0x0000000000000000
14:18:17,15806,7149,2828401,5232999,30784203,0.2,5.8,100.0,96,64.02,73,2437,0x0000000000000000
14:18:18,15806,7149,2828401,5232999,30784203,0.0,5.3,100.0,96,64.00,74,2444,0x0000000000000000
14:18:19,15789,7149,2828401,5232999,30802776,72.6,5.6,64.3,96,54.98,71,2431,0x0000000000000000
14:18:20,15785,7149,2828401,5232999,30802776,0.0,5.4,100.0,96,64.13,73,2437,0x0000000000000000
14:18:21,15786,7149,2828401,5232999,30802776,0.0,5.6,100.0,96,64.04,73,2437,0x0000000000000000
14:18:22,15786,7149,2828401,5232999,30822360,76.5,4.8,77.8,96,63.44,72,2444,0x0000000000000000
14:18:23,15785,7149,2828401,5232999,30822360,0.0,5.4,100.0,96,54.83,74,2437,0x0000000000000000
14:18:24,15785,7149,2828401,5232999,30822360,0.0,5.8,100.0,96,64.41,73,2437,0x0000000000000000
14:18:25,15790,7149,2828401,5232999,30822360,0.0,5.3,100.0,96,63.95,73,2437,0x0000000000000000
14:18:26,15800,7149,2828402,5232999,30848043,100.5,7.8,46.0,96,54.33,72,2405,0x0000000000000000
14:18:27,15801,7149,2828402,5232999,30848043,0.0,5.3,100.0,96,64.08,73,2437,0x0000000000000000
14:18:28,15803,7149,2828402,5232999,30848043,0.0,5.4,100.0,96,64.52,77,2437,0x0000000000000000
14:18:29,15806,7149,2828402,5232999,30848043,0.0,5.7,100.0,96,63.34,72,2437,0x0000000000000000
14:18:30,15797,7149,2828444,5233001,30911131,246.5,7.5,50.0,96,40.46,71,2405,0x0000000000000000
14:18:31,15808,7148,2828451,5233001,30911142,0.8,5.8,100.0,96,64.44,73,2437,0x0000000000000000
14:18:32,15812,7148,2828451,5233001,30911142,0.0,5.3,100.0,96,64.55,78,2437,0x0000000000000000
14:18:33,15814,7148,2828451,5233001,30911142,0.0,5.4,100.0,96,63.91,73,2437,0x0000000000000000
14:18:34,15833,7148,2828451,5233003,30965638,213.0,8.6,62.0,96,44.83,73,2418,0x0000000000000000
14:18:35,15834,7148,2828451,5233003,30965642,0.0,5.6,100.0,96,64.48,73,2437,0x0000000000000000
14:18:36,15834,7148,2828451,5233003,30965642,0.0,5.3,100.0,96,64.54,74,2437,0x0000000000000000
14:18:37,15838,7148,2828452,5233003,30968747,12.2,5.2,97.0,96,64.10,74,2437,0x0000000000000000
14:18:38,15796,7148,2828452,5233005,31025951,223.4,4.8,59.2,96,40.95,72,2418,0x0000000000000000
14:18:39,15796,7148,2828452,5233005,31025951,0.0,5.7,100.0,96,64.54,75,2437,0x0000000000000000
14:18:40,15796,7148,2828452,5233005,31025951,0.0,5.3,100.0,96,64.28,74,2437,0x0000000000000000
14:18:41,15784,7148,2828452,5233005,31043126,67.1,5.8,55.0,96,56.92,75,2424,0x0000000000000000
14:18:42,15785,7148,2828452,5233005,31043126,0.0,5.6,100.0,96,63.70,74,2450,0x0000000000000000
14:18:43,15786,7148,2828452,5233005,31043421,1.2,5.0,92.9,93,38.31,69,2476,0x0000000000000000
14:18:44,15784,7148,2828452,5233005,31043630,0.8,5.9,92.0,95,38.23,69,2483,0x0000000000000000
14:18:45,15793,7148,2828452,5233005,31043738,0.4,5.4,98.0,94,37.48,69,2489,0x0000000000000000
14:18:46,15803,7148,2828452,5233005,31044016,1.1,5.2,92.2,87,37.35,69,2476,0x0000000000000000
14:18:47,15811,7148,2828462,5233005,31044526,2.0,5.2,92.9,82,38.75,68,2483,0x0000000000000000
14:18:48,15817,7148,2828468,5233005,31044975,1.8,4.9,89.9,83,38.39,68,2476,0x0000000000000000
14:18:49,15823,7148,2828483,5233005,31045523,2.2,5.2,87.3,88,35.19,69,2476,0x0000000000000000
14:18:50,15828,7148,2828487,5233005,31046062,2.1,4.7,88.8,84,35.10,68,2476,0x0000000000000000
14:18:51,15830,7148,2828490,5233005,31046557,1.9,5.1,89.0,83,35.49,68,2476,0x0000000000000000
14:18:52,15830,7148,2828499,5233005,31047072,2.0,4.9,88.9,85,35.20,68,2483,0x0000000000000000
14:18:53,15830,7148,2828511,5233005,31047588,2.0,5.0,88.8,84,35.05,68,2470,0x0000000000000000
14:18:54,15829,7148,2828518,5233005,31048083,1.9,5.2,88.1,75,35.08,67,2476,0x0000000000000000
14:18:55,15820,7148,2828526,5233005,31048564,3.6,5.0,84.7,84,34.75,68,2476,0x0000000000000000
14:18:56,15825,7148,2828526,5233005,31048564,0.0,5.5,100.0,95,40.53,68,2483,0x0000000000000000
14:18:57,15827,7148,2828526,5233005,31048564,0.0,5.5,99.0,95,38.59,68,2483,0x0000000000000000
14:18:58,15828,7148,2828526,5233005,31048564,0.0,5.4,100.0,94,38.55,68,2489,0x0000000000000000
14:18:59,15830,7148,2828526,5233005,31048564,0.0,5.9,100.0,93,38.63,68,2489,0x0000000000000000
14:19:00,15832,7148,2828527,5233005,31048565,0.0,5.5,100.0,93,38.64,68,2489,0x0000000000000000
14:19:01,15833,7148,2828527,5233005,31048565,0.0,5.6,100.0,93,38.50,68,2489,0x0000000000000000
14:19:02,15834,7148,2828527,5233005,31048566,0.1,5.4,94.1,93,38.73,68,2483,0x0000000000000000
14:19:03,15834,7148,2828527,5233005,31048566,0.0,5.5,100.0,95,40.80,68,2483,0x0000000000000000
14:19:04,15834,7148,2828527,5233005,31048566,0.0,5.7,100.0,95,38.48,68,2483,0x0000000000000000
14:19:05,15834,7148,2828624,5233005,31048627,0.8,5.5,99.0,95,38.41,68,2483,0x0000000000000000
14:19:06,15834,7148,2828939,5233005,31048762,1.2,5.7,100.0,95,38.57,68,2489,0x0000000000000000
14:19:07,15803,7148,2834242,5233005,31050844,20.7,5.8,100.0,94,38.46,68,2483,0x0000000000000000
14:19:08,15803,7148,2834242,5233005,31050844,0.0,5.5,100.0,95,38.45,68,2483,0x0000000000000000
14:19:09,15802,7148,2834291,5233005,31051411,4.5,5.7,61.0,77,39.22,70,2483,0x0000000000000000
14:19:10,15803,7148,2834291,5233005,31051563,0.6,5.3,94.0,95,43.80,68,2483,0x0000000000000000
14:19:11,15804,7148,2834291,5233005,31051950,1.5,4.9,89.9,73,35.55,66,2476,0x0000000000000000
14:19:12,15807,7148,2834291,5233005,31052253,1.2,5.0,92.0,77,35.99,67,2476,0x0000000000000000
14:19:13,15809,7148,2834291,5233005,31052412,0.6,5.1,92.0,79,36.88,66,2483,0x0000000000000000
14:19:14,15798,7148,2834296,5233005,31052576,4.6,5.8,83.8,91,45.18,68,2476,0x0000000000000000
14:19:15,15811,7148,2834319,5233005,31052889,6.4,5.3,75.2,94,34.06,68,2483,0x0000000000000000
14:19:16,15813,7148,2834319,5233005,31053252,1.4,4.9,91.8,84,36.67,67,2476,0x0000000000000000
14:19:17,15813,7148,2834319,5233005,31053716,1.8,5.0,89.0,78,35.04,67,2476,0x0000000000000000
14:19:18,15819,7148,2834319,5233005,31054155,1.7,5.0,90.0,72,35.44,66,2476,0x0000000000000000
14:19:19,15820,7148,2834319,5233005,31054520,1.4,5.2,89.9,77,36.05,66,2476,0x0000000000000000
14:19:20,15821,7148,2834319,5233005,31054556,0.1,0.8,7.9,0,23.33,63,2398,0x0000000000000000
14:19:21,15822,7148,2834320,5233005,31054565,0.6,4.9,68.0,96,31.57,71,2463,0x0000000000000000
14:19:22,15822,7148,2834320,5233005,31054726,0.6,5.3,99.0,96,59.94,72,2463,0x0000000000000000
14:19:23,15819,7148,2834390,5233005,31054889,0.8,5.4,96.0,93,50.92,68,2483,0x0000000000000000
14:19:24,15819,7148,2834390,5233005,31055278,1.5,5.4,88.9,87,34.64,67,2470,0x0000000000000000
14:19:25,15820,7148,2834390,5233005,31055754,1.9,4.8,89.0,85,35.17,67,2476,0x0000000000000000
14:19:26,15820,7148,2834390,5233005,31056196,1.7,5.0,90.0,86,35.37,67,2470,0x0000000000000000
14:19:27,15825,7148,2834390,5233005,31056645,1.8,5.0,56.4,85,34.96,67,2470,0x0000000000000000
14:19:28,15824,7148,2834390,5233005,31057024,1.6,5.3,71.0,84,35.83,67,2476,0x0000000000000000
14:19:29,15824,7148,2834390,5233005,31057357,1.3,5.4,90.0,94,35.91,67,2483,0x0000000000000000
14:19:30,15824,7148,2834390,5233005,31057729,1.8,5.2,42.9,87,35.13,67,2476,0x0000000000000000
14:19:31,15825,7148,2834390,5233005,31057853,0.5,1.5,23.0,0,26.86,63,2405,0x0000000000000000
14:19:32,15826,7148,2834390,5233005,31057853,0.0,0.3,1.0,0,13.50,62,2398,0x0000000000000000
14:19:33,15824,7148,2834447,5233005,31057927,0.4,3.2,50.0,90,22.53,68,2418,0x0000000000000000
14:19:34,15823,7148,2834447,5233005,31057927,0.0,5.6,100.0,96,62.30,71,2444,0x0000000000000000
14:19:35,15824,7148,2834447,5233005,31057927,0.0,5.3,100.0,96,62.68,72,2444,0x0000000000000000
14:19:36,15849,7148,2834447,5233005,31084592,104.2,11.0,80.8,96,62.22,71,2450,0x0000000000000000
14:19:37,15849,7148,2834447,5233005,31084592,0.0,5.4,100.0,96,53.48,71,2450,0x0000000000000000
14:19:38,15850,7148,2834447,5233005,31084592,0.0,5.6,100.0,96,62.62,71,2444,0x0000000000000000
14:19:39,15850,7148,2834447,5233008,31106142,84.4,6.2,82.8,96,53.88,72,2463,0x0000000000000000
14:19:40,15851,7148,2834447,5233008,31106212,0.3,5.2,98.0,94,55.82,68,2463,0x0000000000000000
14:19:41,15854,7148,2834447,5233008,31106553,1.3,5.0,53.5,76,35.87,67,2476,0x0000000000000000
14:19:42,15859,7148,2834447,5233008,31106929,1.5,5.1,90.9,91,35.72,67,2476,0x0000000000000000
14:19:43,15861,7148,2834447,5233008,31107380,1.8,4.8,89.9,84,35.74,67,2476,0x0000000000000000
14:19:44,15866,7148,2834449,5233008,31107657,1.1,5.6,94.1,92,36.61,67,2476,0x0000000000000000
14:19:45,15857,7148,2834449,5233008,31108051,1.5,5.1,89.0,89,36.20,67,2476,0x0000000000000000
14:19:46,15857,7148,2834449,5233008,31108461,1.6,4.9,91.0,81,35.83,66,2476,0x0000000000000000
14:19:47,15859,7148,2834449,5233008,31108906,1.7,5.1,91.0,88,35.80,67,2476,0x0000000000000000
14:19:48,15858,7148,2834449,5233008,31109314,1.6,5.1,91.0,87,35.53,66,2476,0x0000000000000000
14:19:49,15856,7148,2834449,5233008,31109501,0.7,3.0,43.9,0,32.21,64,2476,0x0000000000000000
14:19:50,15859,7148,2834449,5233008,31109501,0.0,0.3,2.0,0,13.63,62,2398,0x0000000000000000
14:19:51,15868,7148,2834734,5233008,31109746,1.2,1.7,22.8,0,13.49,62,2411,0x0000000000000000
14:19:52,15867,7148,2834734,5233008,31109875,0.5,5.3,65.0,76,55.32,67,2476,0x0000000000000000
14:19:53,15867,7148,2834734,5233008,31109875,0.0,6.7,100.0,96,61.67,70,2463,0x0000000000000000
14:19:54,15874,7148,2834734,5233008,31110175,1.2,5.6,91.2,83,41.07,66,2476,0x0000000000000000
14:19:55,15875,7148,2834734,5233008,31110553,1.5,5.0,91.1,79,35.95,66,2476,0x0000000000000000
14:19:56,15876,7148,2834734,5233008,31110945,1.5,5.3,92.1,85,35.63,65,2476,0x0000000000000000
14:19:57,15874,7148,2834734,5233008,31111281,1.3,5.0,72.4,89,35.49,66,2483,0x0000000000000000
14:19:58,15875,7148,2834734,5233008,31111396,0.4,1.2,17.2,0,25.33,62,2398,0x0000000000000000
14:19:59,15874,7148,2834734,5233008,31111396,0.0,0.6,3.0,0,13.45,62,2411,0x0000000000000000
14:20:00,15874,7148,2834734,5233008,31111396,0.0,1.7,11.9,0,13.36,61,2411,0x0000000000000000
14:20:01,15875,7148,2834734,5233008,31111396,0.0,5.4,100.0,96,54.07,69,2463,0x0000000000000000
14:20:02,15875,7148,2834734,5233008,31111498,0.4,5.2,95.0,81,47.75,65,2483,0x0000000000000000
14:20:03,15860,7148,2834734,5233008,31111644,0.6,5.3,93.9,82,35.49,65,2476,0x0000000000000000
14:20:04,15860,7148,2834734,5233008,31111917,1.1,5.3,92.0,78,36.33,65,2476,0x0000000000000000
14:20:05,15860,7148,2834734,5233008,31112425,2.0,4.9,87.8,74,34.83,64,2470,0x0000000000000000
14:20:06,15861,7148,2834769,5233008,31112604,0.8,3.8,60.4,84,34.19,65,2476,0x0000000000000000
14:20:07,15864,7148,2834771,5233008,31112606,0.0,5.4,100.0,96,49.27,70,2463,0x0000000000000000
14:20:08,15866,7148,2834771,5233008,31112811,0.8,5.0,92.9,76,49.39,66,2476,0x0000000000000000
14:20:09,15868,7148,2834771,5233008,31113322,2.0,5.1,87.9,86,34.89,66,2476,0x0000000000000000
14:20:10,15868,7148,2834771,5233008,31113743,1.6,5.2,89.9,80,35.03,65,2476,0x0000000000000000
14:20:11,15870,7148,2834771,5233008,31114196,1.8,5.0,56.0,79,34.97,65,2476,0x0000000000000000
14:20:12,15857,7148,2834771,5233008,31114630,1.7,5.1,76.2,85,35.02,65,2476,0x0000000000000000
14:20:13,15874,7148,2834771,5233008,31115053,1.7,5.1,91.1,86,35.25,66,2476,0x0000000000000000
14:20:14,15874,7148,2834771,5233008,31115503,1.8,5.5,49.5,80,34.99,65,2476,0x0000000000000000
14:20:15,15876,7148,2834773,5233008,31115618,0.4,2.6,42.0,0,31.29,63,2470,0x0000000000000000
14:20:16,15877,7148,2834842,5233008,31115687,0.3,5.3,81.0,96,42.74,69,2470,0x0000000000000000
14:20:17,15837,7148,2834842,5233008,31115687,0.0,5.2,75.2,0,25.24,62,2398,0x0000000000000000
14:20:18,15838,7148,2834842,5233008,31115687,0.0,5.3,100.0,96,49.61,69,2463,0x0000000000000000
14:20:19,15827,7148,2834842,5233008,31115850,0.6,5.8,94.1,85,46.51,66,2470,0x0000000000000000
14:20:20,15831,7148,2834843,5233008,31116153,1.2,5.1,92.9,84,37.86,64,2476,0x0000000000000000
14:20:21,15836,7148,2834843,5233008,31116805,2.5,4.9,84.8,76,36.27,65,2476,0x0000000000000000
14:20:22,15833,7148,2834843,5233008,31117350,2.1,5.0,88.1,83,36.22,66,2483,0x0000000000000000
14:20:23,15836,7148,2834848,5233008,31117839,1.9,5.3,88.9,92,36.86,66,2476,0x0000000000000000
14:20:24,15837,7148,2834848,5233008,31118432,2.3,5.2,88.0,90,37.16,66,2476,0x0000000000000000
14:20:25,15849,7148,2834848,5233008,31119020,2.3,5.0,86.9,78,35.98,64,2476,0x0000000000000000
14:20:26,15849,7148,2834848,5233008,31119502,1.9,5.0,89.9,80,37.35,66,2483,0x0000000000000000
14:20:27,15849,7148,2834849,5233008,31120056,2.2,4.9,88.0,82,36.68,66,2470,0x0000000000000000
14:20:28,15862,7148,2834850,5233008,31120318,1.0,3.3,55.6,83,34.86,65,2476,0x0000000000000000
14:20:29,15862,7148,2834850,5233008,31120318,0.0,0.5,3.0,0,13.40,61,2411,0x0000000000000000
14:20:30,15861,7148,2834850,5233008,31120318,0.0,0.4,2.0,0,13.19,61,2411,0x0000000000000000
14:20:31,15859,7148,2834909,5233008,31120360,0.4,4.4,74.0,96,33.27,68,2470,0x0000000000000000
14:20:32,15640,7148,2834910,5233011,31120510,0.6,5.7,75.8,28,41.26,66,2405,0x0000000000000000
14:20:33,15640,7148,2834910,5233011,31120510,0.0,5.3,100.0,96,60.48,69,2444,0x0000000000000000
14:20:34,15623,7148,2834912,5233011,31120512,0.0,5.8,100.0,96,60.19,69,2450,0x0000000000000000
14:20:35,15625,7148,2834914,5233011,31120572,0.2,5.3,97.0,95,44.91,66,2483,0x0000000000000000
14:20:36,15633,7148,2834914,5233011,31121080,2.0,4.7,83.8,78,38.52,65,2476,0x0000000000000000
14:20:37,15640,7148,2834926,5233011,31121611,2.5,5.0,84.8,91,37.38,66,2470,0x0000000000000000
14:20:38,15640,7148,2834926,5233011,31122159,2.1,4.7,87.9,83,38.43,66,2476,0x0000000000000000
14:20:39,15641,7148,2834926,5233011,31122763,2.4,5.1,84.2,73,37.75,66,2470,0x0000000000000000
14:20:40,15640,7148,2834926,5233011,31123262,1.9,4.7,83.0,75,37.58,66,2470,0x0000000000000000
14:20:41,15642,7148,2834926,5233011,31123950,2.7,4.8,80.8,90,37.06,66,2463,0x0000000000000000
14:20:42,15642,7148,2834926,5233011,31124509,2.2,4.8,87.0,73,37.86,64,2476,0x0000000000000000
14:20:43,15642,7148,2834926,5233011,31124994,1.9,5.1,87.9,66,38.59,66,2476,0x0000000000000000
14:20:44,15642,7148,2834926,5233011,31125554,2.2,5.1,79.8,85,37.62,66,2470,0x0000000000000000
14:20:45,15643,7148,2834926,5233011,31126049,1.9,4.7,83.8,66,37.32,66,2470,0x0000000000000000
14:20:46,15645,7148,2834926,5233011,31126837,3.1,5.2,46.5,96,40.19,68,2476,0x0000000000000000
14:20:47,15646,7148,2834926,5233011,31126940,0.4,5.3,96.0,93,39.86,65,2476,0x0000000000000000
14:20:48,15648,7148,2834926,5233011,31127066,0.5,5.0,90.0,96,41.19,68,2483,0x0000000000000000
14:20:49,15648,7148,2834926,5233011,31127132,0.3,5.6,96.0,89,39.33,65,2476,0x0000000000000000
14:20:50,15647,7148,2834930,5233011,31127214,0.6,5.4,48.5,96,41.75,68,2483,0x0000000000000000
14:20:51,15640,7148,2834930,5233011,31127300,0.3,5.4,96.0,95,40.11,66,2476,0x0000000000000000
14:20:52,15642,7148,2834937,5233011,31127409,0.4,5.1,91.1,96,41.82,68,2483,0x0000000000000000
14:20:53,15642,7148,2834937,5233011,31127567,0.6,5.1,94.0,83,39.05,65,2483,0x0000000000000000
14:20:54,15642,7148,2834938,5233011,31127671,0.4,5.7,91.9,95,37.61,66,2476,0x0000000000000000
14:20:55,15642,7148,2834938,5233011,31127695,0.1,5.4,99.0,93,44.12,66,2483,0x0000000000000000
14:20:56,15642,7148,2834939,5233011,31127796,0.4,5.3,91.9,86,38.54,66,2483,0x0000000000000000
14:20:57,15643,7148,2834940,5233011,31128028,0.9,5.1,92.1,82,41.55,65,2476,0x0000000000000000
14:20:58,15643,7148,2834940,5233011,31128117,0.3,5.1,59.6,94,38.20,66,2483,0x0000000000000000
14:20:59,15641,7148,2834940,5233011,31128161,0.2,6.0,90.1,78,43.24,65,2476,0x0000000000000000
14:21:00,15641,7148,2834940,5233011,31128246,0.3,5.0,72.7,80,38.80,65,2483,0x0000000000000000
14:21:01,15641,7148,2834940,5233011,31128278,0.1,5.5,98.0,95,43.51,66,2483,0x0000000000000000
14:21:02,15641,7148,2834940,5233011,31128355,0.3,5.1,91.9,96,41.23,68,2489,0x0000000000000000
14:21:03,15641,7148,2834940,5233011,31128379,0.1,5.3,98.0,95,41.03,66,2483,0x0000000000000000
14:21:04,15640,7148,2834940,5233011,31128461,0.3,5.4,93.0,96,42.72,69,2483,0x0000000000000000
14:21:05,15645,7148,2834940,5233011,31128500,0.4,5.7,97.0,95,40.07,66,2483,0x0000000000000000
14:21:06,15640,7148,2834940,5233011,31128617,0.5,5.5,53.0,96,43.20,69,2483,0x0000000000000000
14:21:07,15639,7148,2834941,5233011,31128667,0.2,5.3,97.0,95,38.18,66,2489,0x0000000000000000
14:21:08,15639,7148,2834941,5233011,31128741,0.3,5.4,85.0,93,44.43,66,2483,0x0000000000000000
14:21:09,15639,7148,2834941,5233011,31128766,0.1,5.5,96.0,94,36.97,66,2476,0x0000000000000000
14:21:10,15639,7148,2834942,5233011,31128819,0.2,5.3,92.9,96,42.96,69,2483,0x0000000000000000
14:21:11,15646,7148,2834942,5233011,31128891,0.3,5.6,97.0,87,38.67,65,2483,0x0000000000000000
14:21:12,15646,7148,2834942,5233011,31129010,0.5,5.1,91.0,86,38.54,66,2483,0x0000000000000000
14:21:13,15647,7148,2834942,5233011,31129198,0.7,5.1,92.0,78,42.52,66,2476,0x0000000000000000
14:21:14,15646,7148,2834942,5233011,31129369,0.7,5.6,94.9,88,35.81,65,2476,0x0000000000000000
14:21:15,15646,7148,2834943,5233011,31129441,0.3,5.2,91.1,82,40.69,68,2489,0x0000000000000000
14:21:16,15652,7148,2834943,5233011,31129504,0.2,5.9,76.8,93,41.65,66,2483,0x0000000000000000
14:21:17,15653,7148,2834947,5233011,31129620,0.5,5.2,60.0,95,38.43,66,2483,0x0000000000000000
14:21:18,15653,7148,2834947,5233011,31129671,0.2,5.4,96.0,95,43.11,66,2476,0x0000000000000000
14:21:19,15652,7148,2834948,5233011,31129762,0.4,5.4,91.0,95,37.93,66,2483,0x0000000000000000
14:21:20,15652,7148,2834948,5233011,31129770,0.0,5.4,99.0,94,44.18,66,2483,0x0000000000000000
14:21:21,15652,7148,2834948,5233011,31129835,0.3,5.4,92.9,95,38.15,66,2483,0x0000000000000000
14:21:22,15653,7148,2834948,5233011,31129973,0.5,5.1,93.9,89,43.03,66,2483,0x0000000000000000
14:21:23,15652,7148,2834954,5233011,31130043,0.3,5.4,94.1,80,37.10,65,2489,0x0000000000000000
14:21:24,15651,7148,2834954,5233011,31130119,0.3,5.4,91.0,94,44.44,66,2483,0x0000000000000000
14:21:25,15652,7148,2834954,5233011,31130182,0.2,5.4,96.0,94,37.22,66,2489,0x0000000000000000
14:21:26,15647,7148,2834954,5233011,31130277,0.4,5.3,81.2,94,44.07,67,2483,0x0000000000000000
14:21:27,15647,7148,2834954,5233011,31130322,0.2,5.5,98.0,94,38.29,66,2489,0x0000000000000000
14:21:28,15653,7148,2834954,5233011,31130382,0.2,5.3,82.0,94,44.06,67,2483,0x0000000000000000
14:21:29,15653,7148,2834954,5233011,31130413,0.1,5.6,98.0,95,38.06,66,2489,0x0000000000000000
14:21:30,15653,7148,2834954,5233011,31130555,0.6,5.1,84.2,88,43.92,66,2483,0x0000000000000000
14:21:31,15650,7148,2834954,5233011,31130665,0.4,5.2,87.0,89,37.44,66,2483,0x0000000000000000
14:21:32,15650,7148,2834954,5233011,31130774,0.4,5.4,96.0,93,43.91,66,2476,0x0000000000000000
14:21:33,15650,7148,2834954,5233011,31130848,0.3,5.1,86.0,88,37.10,66,2483,0x0000000000000000
14:21:34,15650,7148,2834954,5233011,31130856,0.0,5.6,99.0,95,44.23,66,2483,0x0000000000000000
14:21:35,15650,7148,2834954,5233011,31130907,0.2,5.6,93.1,93,38.54,66,2489,0x0000000000000000
14:21:36,15648,7148,2834954,5233011,31130960,0.2,5.5,96.0,78,43.49,66,2476,0x0000000000000000
14:21:37,15648,7148,2834955,5233011,31131062,0.4,5.2,95.9,93,37.54,66,2483,0x0000000000000000
14:21:38,15648,7148,2834955,5233011,31131155,0.4,5.3,93.9,94,44.00,67,2483,0x0000000000000000
14:21:39,15648,7148,2834955,5233011,31131204,0.2,5.7,97.0,93,37.64,66,2489,0x0000000000000000
14:21:40,15649,7148,2834955,5233011,31131298,0.4,5.1,80.2,93,44.02,67,2483,0x0000000000000000
14:21:41,15643,7148,2834955,5233011,31131344,0.2,5.7,98.0,93,37.03,66,2476,0x0000000000000000
14:21:42,15643,7148,2834955,5233011,31131411,0.3,5.1,92.0,96,43.73,69,2483,0x0000000000000000
14:21:43,15643,7148,2834955,5233011,31131466,0.2,5.3,97.0,95,38.51,66,2489,0x0000000000000000
14:21:44,15643,7148,2834960,5233011,31131540,0.3,5.8,92.0,96,44.20,69,2483,0x0000000000000000
14:21:45,15644,7148,2834960,5233011,31131601,0.2,5.4,97.0,95,37.97,66,2483,0x0000000000000000
14:21:46,15644,7148,2834960,5233011,31131678,0.3,5.3,71.3,96,44.08,68,2476,0x0000000000000000
14:21:47,15644,7148,2834960,5233011,31131710,0.1,5.3,98.0,94,38.43,66,2483,0x0000000000000000
14:21:48,15644,7148,2834960,5233011,31131710,0.0,1.7,26.3,0,28.36,62,2424,0x0000000000000000
14:21:49,15644,7148,2834960,5233011,31131710,0.0,0.6,4.0,0,13.43,61,2411,0x0000000000000000
14:21:50,15645,7148,2834960,5233011,31131710,0.0,0.2,1.0,0,13.32,61,2411,0x0000000000000000
14:21:51,15646,7148,2834960,5233011,31131710,0.0,0.3,1.0,0,13.24,61,2411,0x0000000000000000
14:21:52,15630,7148,2835130,5233011,31132392,4.9,7.5,87.9,92,30.53,64,2483,0x0000000000000000
14:21:53,15631,7148,2835138,5233011,31132597,0.8,5.7,94.0,88,36.92,64,2483,0x0000000000000000
14:21:54,15631,7148,2835147,5233011,31132924,1.3,5.6,49.5,85,35.12,65,2476,0x0000000000000000
14:21:55,15626,7148,2835165,5233011,31133490,2.2,5.6,87.9,82,34.03,64,2470,0x0000000000000000
14:21:56,15629,7148,2835208,5233011,31134078,2.7,5.9,71.7,87,33.90,65,2476,0x0000000000000000
14:21:57,15631,7148,2835210,5233011,31134604,2.1,4.9,88.9,73,34.04,63,2476,0x0000000000000000
14:21:58,15631,7148,2835210,5233011,31135044,1.7,5.1,89.9,78,34.77,64,2470,0x0000000000000000
14:21:59,15632,7148,2835212,5233011,31135418,1.5,5.3,81.8,91,34.73,65,2476,0x0000000000000000
14:22:00,15632,7148,2835212,5233011,31135803,1.5,5.4,67.3,88,34.59,65,2476,0x0000000000000000
14:22:01,15634,7148,2835212,5233011,31136308,2.0,4.9,89.0,85,34.74,64,2476,0x0000000000000000
14:22:02,15642,7148,2835212,5233011,31136822,2.0,5.0,89.1,83,34.05,64,2476,0x0000000000000000
14:22:03,15642,7148,2835212,5233011,31137280,1.8,4.9,89.0,84,34.74,65,2476,0x0000000000000000
14:22:04,15641,7148,2835212,5233011,31137821,2.1,5.1,87.9,85,34.17,64,2476,0x0000000000000000
14:22:05,15641,7148,2835212,5233011,31138310,1.9,4.9,89.0,85,34.22,64,2476,0x0000000000000000
14:22:06,15641,7148,2835212,5233011,31138731,1.6,5.0,91.0,88,34.52,64,2476,0x0000000000000000
14:22:07,15639,7148,2835220,5233011,31139224,1.9,6.4,89.9,88,34.66,65,2476,0x0000000000000000
14:22:08,15641,7148,2835220,5233011,31139640,1.6,4.9,89.9,85,34.58,64,2476,0x0000000000000000
14:22:09,15639,7148,2835220,5233011,31140108,1.8,5.5,89.1,86,34.62,64,2476,0x0000000000000000
14:22:10,15626,7148,2835220,5233011,31140697,7.8,5.7,41.8,84,33.85,64,2470,0x0000000000000000
14:22:11,15623,7148,2835221,5233011,31140874,6.7,5.5,90.9,94,38.57,65,2476,0x0000000000000000
14:22:12,15622,7148,2835221,5233011,31140896,0.6,5.4,97.1,80,37.60,65,2489,0x0000000000000000
14:22:13,15621,7148,2835221,5233011,31141100,5.6,6.4,87.0,95,37.49,65,2489,0x0000000000000000
14:22:14,15614,7148,2835221,5233011,31141462,8.7,5.8,92.0,73,34.95,64,2476,0x0000000000000000
14:22:15,15604,7148,2835221,5233011,31141867,21.5,6.3,83.7,86,35.13,65,2483,0x0000000000000000
14:22:16,15616,7148,2835222,5233011,31142257,2.1,5.7,58.2,74,33.99,63,2476,0x0000000000000000
14:22:17,15619,7148,2835222,5233011,31142619,2.4,5.2,90.0,77,35.19,64,2476,0x0000000000000000
14:22:18,15620,7148,2835222,5233011,31142978,4.2,5.6,91.9,86,34.87,65,2476,0x0000000000000000
14:22:19,15620,7148,2835222,5233011,31143129,0.6,5.7,95.0,91,36.20,65,2476,0x0000000000000000
14:22:20,15621,7148,2835222,5233011,31143313,1.6,5.8,60.2,73,36.90,63,2489,0x0000000000000000
14:22:21,15623,7148,2835222,5233011,31143656,1.4,5.2,91.0,82,34.71,64,2470,0x0000000000000000
14:22:22,15625,7148,2835226,5233011,31144059,1.9,5.3,90.9,94,34.87,65,2476,0x0000000000000000
14:22:23,15624,7148,2835234,5233011,31144340,1.5,5.4,91.9,86,34.91,64,2483,0x0000000000000000
14:22:24,15623,7148,2835234,5233011,31144560,2.7,5.9,87.8,81,34.75,64,2476,0x0000000000000000
14:22:25,15625,7148,2835235,5233011,31145038,1.9,5.1,89.0,82,35.19,64,2476,0x0000000000000000
14:22:26,15623,7148,2835235,5233011,31145536,14.0,7.1,42.0,78,34.25,64,2476,0x0000000000000000
14:22:27,15631,7148,2835236,5233011,31145982,2.1,5.8,89.0,79,33.79,63,2476,0x0000000000000000
14:22:28,15634,7148,2835236,5233011,31146533,2.3,4.9,69.7,74,34.06,63,2476,0x0000000000000000
14:22:29,15633,7148,2835236,5233011,31146998,1.9,5.4,88.8,85,33.84,64,2476,0x0000000000000000
14:22:30,15638,7148,2835252,5233011,31147343,1.7,5.2,46.1,84,36.76,66,2476,0x0000000000000000
14:22:31,15637,7148,2835252,5233011,31147357,0.1,5.5,98.0,93,38.73,64,2489,0x0000000000000000
14:22:32,15637,7148,2835254,5233011,31147722,1.4,5.0,91.9,87,35.81,64,2476,0x0000000000000000
14:22:33,15637,7148,2835254,5233011,31148057,1.3,4.9,65.7,85,35.21,64,2476,0x0000000000000000
14:22:34,15638,7148,2835254,5233011,31148534,1.9,5.2,88.9,85,34.30,64,2476,0x0000000000000000
14:22:35,15639,7148,2835254,5233011,31148986,1.8,4.9,91.0,82,34.82,64,2476,0x0000000000000000
14:22:36,15640,7148,2835254,5233011,31149218,0.9,5.2,93.9,78,35.30,64,2476,0x0000000000000000
14:22:37,15640,7148,2835254,5233011,31149383,0.6,5.2,94.0,93,36.13,64,2483,0x0000000000000000
14:22:38,15640,7148,2835254,5233011,31149683,1.2,5.0,77.2,70,35.42,64,2483,0x0000000000000000
14:22:39,15641,7148,2835254,5233011,31150023,1.3,5.3,91.1,80,34.61,63,2476,0x0000000000000000
14:22:40,15641,7148,2835254,5233011,31150170,0.6,5.1,93.9,94,35.37,64,2483,0x0000000000000000
14:22:41,15642,7148,2835254,5233011,31150342,0.7,5.3,95.0,81,36.40,63,2489,0x0000000000000000
14:22:42,15650,7148,2835254,5233011,31150712,1.4,5.1,85.0,85,34.95,64,2476,0x0000000000000000
14:22:43,15651,7148,2835254,5233011,31151041,1.3,4.9,90.0,85,34.94,64,2476,0x0000000000000000
14:22:44,15650,7148,2835255,5233011,31151471,1.7,5.4,75.0,81,34.74,64,2476,0x0000000000000000
14:22:45,15651,7148,2835255,5233011,31151691,0.9,5.2,92.0,87,35.61,64,2483,0x0000000000000000
14:22:46,15652,7148,2835255,5233011,31152182,1.9,4.8,89.2,86,34.38,64,2476,0x0000000000000000
14:22:47,15654,7148,2835255,5233011,31152633,1.8,4.9,75.0,87,34.82,64,2476,0x0000000000000000
14:22:48,15646,7148,2835676,5233011,31153307,3.0,4.8,48.0,36,33.53,66,2470,0x0000000000000000
14:22:49,15645,7148,2835676,5233011,31153308,0.0,5.8,100.0,96,61.52,68,2450,0x0000000000000000
14:22:50,15645,7148,2835676,5233011,31153308,0.0,5.3,100.0,96,62.02,69,2450,0x0000000000000000
14:22:51,15645,7148,2835676,5233011,31153308,0.0,5.3,87.9,96,61.26,69,2457,0x0000000000000000
14:22:52,15645,7148,2835677,5233011,31153309,0.0,5.3,100.0,96,61.38,71,2450,0x0000000000000000
14:22:53,15645,7148,2835677,5233011,31153309,0.0,5.9,100.0,96,62.59,72,2450,0x0000000000000000
14:22:54,15645,7148,2835677,5233011,31153309,0.0,5.7,100.0,96,62.78,70,2450,0x0000000000000000
14:22:55,15637,7148,2835677,5233011,31153309,0.0,5.3,98.0,96,61.02,70,2450,0x0000000000000000
14:22:56,15637,7148,2835677,5233011,31153309,0.0,5.4,100.0,96,63.18,72,2450,0x0000000000000000
14:22:57,15637,7148,2835677,5233011,31153309,0.0,5.3,100.0,96,62.51,71,2450,0x0000000000000000
14:22:58,15637,7148,2835677,5233011,31153309,0.0,5.4,99.0,96,61.25,70,2457,0x0000000000000000
14:22:59,15637,7148,2835677,5233011,31153309,0.0,5.7,100.0,96,62.43,70,2450,0x0000000000000000
14:23:00,15637,7148,2835677,5233011,31153348,0.2,5.2,99.0,96,60.96,70,2470,0x0000000000000000
14:23:01,15637,7148,2835677,5233011,31153348,0.0,5.4,100.0,95,55.40,67,2489,0x0000000000000000
14:23:02,15639,7148,2835677,5233011,31153653,1.2,5.1,91.2,85,36.54,65,2476,0x0000000000000000
14:23:03,15640,7148,2835677,5233011,31154007,1.4,5.2,90.2,86,35.37,65,2476,0x0000000000000000
14:23:04,15640,7148,2835677,5233011,31154426,1.6,5.3,90.7,83,35.10,65,2476,0x0000000000000000
14:23:05,15641,7148,2835677,5233011,31154922,1.9,4.9,89.1,86,34.87,66,2476,0x0000000000000000
14:23:06,15640,7148,2835677,5233011,31155316,1.5,5.1,92.0,85,35.22,65,2476,0x0000000000000000
14:23:07,15641,7148,2835679,5233011,31155813,1.9,4.8,88.0,88,35.22,65,2483,0x0000000000000000
14:23:08,15641,7148,2835679,5233011,31156280,1.8,4.8,89.9,74,34.74,64,2470,0x0000000000000000
14:23:09,15640,7148,2835679,5233011,31156662,1.5,5.4,90.0,79,34.79,65,2476,0x0000000000000000
14:23:10,15640,7148,2835683,5233011,31156889,0.9,5.2,87.9,96,46.07,69,2476,0x0000000000000000
14:23:11,15640,7148,2835684,5233011,31157116,0.9,5.2,91.9,75,46.39,65,2470,0x0000000000000000
14:23:12,15640,7148,2835684,5233011,31157217,0.4,5.3,93.1,94,36.22,66,2483,0x0000000000000000
14:23:13,15640,7148,2835684,5233011,31157337,0.5,5.3,94.9,89,36.10,66,2476,0x0000000000000000
14:23:14,15639,7148,2835688,5233011,31157447,0.4,5.7,95.0,82,36.43,65,2476,0x0000000000000000
14:23:15,15642,7148,2835688,5233011,31157569,0.5,5.7,94.0,82,36.53,65,2476,0x0000000000000000
14:23:16,15642,7148,2835688,5233011,31157717,0.6,5.0,91.0,73,35.94,65,2476,0x0000000000000000
14:23:17,15642,7148,2835688,5233011,31157934,0.8,5.1,93.0,77,35.95,65,2476,0x0000000000000000
14:23:18,15632,7148,2836100,5233011,31158333,1.9,4.5,70.0,58,31.96,63,2418,0x0000000000000000
14:23:19,15631,7148,2836100,5233011,31158333,0.0,5.7,100.0,96,61.74,70,2450,0x0000000000000000
14:23:20,15631,7148,2836100,5233011,31158333,0.0,5.4,100.0,96,62.73,69,2450,0x0000000000000000
14:23:21,15631,7148,2836100,5233011,31158333,0.0,5.9,99.0,96,61.64,70,2444,0x0000000000000000
14:23:22,15631,7148,2836100,5233011,31158333,0.0,5.3,100.0,96,61.33,70,2450,0x0000000000000000
14:23:23,15630,7148,2836102,5233011,31158334,0.0,5.6,100.0,96,63.10,70,2450,0x0000000000000000
14:23:24,15632,7148,2836102,5233011,31158334,0.0,5.6,100.0,96,62.65,71,2450,0x0000000000000000
14:23:25,15633,7148,2836102,5233011,31158334,0.0,5.4,79.0,96,61.52,71,2450,0x0000000000000000
14:23:26,15631,7148,2836105,5233011,31158337,0.0,5.5,100.0,96,63.22,71,2444,0x0000000000000000
14:23:27,15631,7148,2836107,5233011,31158339,0.0,5.3,100.0,96,63.03,71,2450,0x0000000000000000
14:23:28,15631,7148,2836107,5233011,31158339,0.0,5.4,99.0,96,61.34,71,2437,0x0000000000000000
14:23:29,15630,7148,2836107,5233011,31158339,0.0,6.1,100.0,96,64.07,70,2444,0x0000000000000000
14:23:30,15630,7148,2836107,5233011,31158339,0.0,5.3,100.0,96,63.75,75,2450,0x0000000000000000
14:23:31,15630,7148,2836107,5233011,31158339,0.0,5.3,99.0,96,63.16,71,2450,0x0000000000000000
14:23:32,15630,7148,2836107,5233011,31158339,0.0,5.3,100.0,96,62.74,73,2444,0x0000000000000000
14:23:33,15630,7148,2836107,5233011,31158339,0.0,5.3,100.0,96,63.79,72,2444,0x0000000000000000
14:23:34,15628,7148,2836107,5233011,31158339,0.0,5.7,100.0,96,63.53,72,2450,0x0000000000000000
14:23:35,15627,7148,2836107,5233011,31208404,195.6,5.4,36.7,34,44.62,68,2405,0x0000000000000000
14:23:36,15627,7148,2836107,5233011,31208405,0.1,5.3,100.0,96,63.61,74,2444,0x0000000000000000
14:23:37,15626,7148,2836107,5233011,31208407,0.1,5.7,100.0,96,63.93,71,2444,0x0000000000000000
14:23:38,15626,7148,2836107,5233011,31208407,0.0,5.3,100.0,96,63.40,71,2444,0x0000000000000000
14:23:39,15642,7148,2836107,5233015,31258746,196.6,6.2,61.9,96,46.62,75,2450,0x0000000000000000
14:23:40,15642,7148,2836107,5233015,31258746,0.0,5.4,100.0,96,63.97,72,2444,0x0000000000000000
14:23:41,15644,7148,2836107,5233015,31258746,0.0,5.4,100.0,96,64.09,72,2437,0x0000000000000000
14:23:42,15643,7148,2836107,5233015,31274005,59.6,6.2,91.1,96,62.68,71,2450,0x0000000000000000
14:23:43,15654,7148,2836107,5233015,31296331,87.2,7.7,87.1,96,51.44,72,2444,0x0000000000000000
14:23:44,15655,7148,2836107,5233015,31296331,0.0,5.8,100.0,96,64.07,72,2437,0x0000000000000000
14:23:45,15656,7148,2836107,5233015,31296335,0.0,5.4,100.0,96,63.98,72,2437,0x0000000000000000
14:23:46,15657,7148,2836107,5233015,31296473,0.5,5.3,66.3,73,61.93,68,2437,0x0000000000000000
14:23:47,15658,7148,2836107,5233015,31296485,0.0,5.4,100.0,96,63.78,74,2437,0x0000000000000000
14:23:48,15656,7148,2836107,5233015,31296485,0.0,5.4,100.0,96,64.20,76,2437,0x0000000000000000
14:23:49,15656,7148,2836107,5233015,31296485,0.0,5.6,100.0,96,64.09,73,2437,0x0000000000000000
14:23:50,15657,7148,2836107,5233015,31296526,0.2,5.4,99.0,96,62.94,73,2437,0x0000000000000000
14:23:51,15655,7148,2836107,5233015,31296526,0.0,5.4,100.0,96,63.78,72,2437,0x0000000000000000
14:23:52,15655,7148,2836107,5233015,31296560,0.1,5.4,98.0,96,61.87,73,2444,0x0000000000000000
14:23:53,15656,7148,2836107,5233015,31296567,0.0,5.6,100.0,96,63.38,73,2450,0x0000000000000000
14:23:54,15654,7148,2836107,5233015,31296810,0.9,5.5,93.0,86,41.94,68,2476,0x0000000000000000
14:23:55,15655,7148,2836107,5233015,31297087,1.1,5.0,91.9,89,36.82,68,2476,0x0000000000000000
14:23:56,15656,7148,2836107,5233015,31297381,1.1,5.2,93.9,90,36.83,68,2476,0x0000000000000000
14:23:57,15658,7148,2836114,5233015,31297801,1.6,6.1,89.2,84,36.32,68,2476,0x0000000000000000
14:23:58,15665,7148,2836114,5233015,31298271,1.8,5.4,89.8,77,35.72,67,2476,0x0000000000000000
14:23:59,15664,7148,2836114,5233015,31298540,1.1,5.6,92.0,90,36.43,67,2476,0x0000000000000000
14:24:00,15665,7148,2836119,5233015,31298986,1.8,4.9,89.0,80,35.69,67,2476,0x0000000000000000
14:24:01,15665,7148,2836119,5233015,31299458,1.8,5.0,90.0,85,35.40,67,2476,0x0000000000000000
14:24:02,15661,7148,2836179,5233015,31299885,1.7,5.1,55.0,82,35.34,67,2476,0x0000000000000000
14:24:03,15661,7148,2836179,5233015,31299885,0.0,5.2,100.0,96,52.84,72,2457,0x0000000000000000
14:24:04,15657,7148,2836179,5233015,31299900,0.1,6.0,99.0,81,54.04,67,2483,0x0000000000000000
14:24:05,15657,7148,2836180,5233015,31299901,0.0,5.6,100.0,95,38.94,68,2489,0x0000000000000000
14:24:06,15657,7148,2836180,5233015,31299901,0.0,5.6,100.0,95,38.93,68,2483,0x0000000000000000
14:24:07,15657,7148,2836181,5233015,31299902,0.0,5.4,100.0,94,39.07,68,2483,0x0000000000000000
14:24:08,15657,7148,2836181,5233015,31299916,0.1,5.3,98.0,95,38.56,68,2489,0x0000000000000000
14:24:09,15656,7148,2836181,5233015,31299998,0.3,5.5,95.0,95,37.48,67,2483,0x0000000000000000
14:24:10,15656,7148,2836181,5233015,31300119,0.5,5.3,93.9,94,37.32,67,2483,0x0000000000000000
14:24:11,15644,7148,2836219,5233015,31300248,0.5,5.3,64.4,96,41.90,70,2444,0x0000000000000000
14:24:12,15644,7148,2836219,5233015,31300248,0.0,5.3,100.0,96,63.06,71,2437,0x0000000000000000
14:24:13,15644,7148,2836219,5233015,31300248,0.0,5.4,100.0,96,63.15,73,2437,0x0000000000000000
14:24:14,15644,7148,2836219,5233015,31300248,0.0,5.8,99.0,78,61.08,72,2437,0x0000000000000000
14:24:15,15644,7148,2836219,5233015,31300248,0.0,5.5,100.0,96,63.86,72,2444,0x0000000000000000
14:24:16,15644,7148,2836219,5233015,31300248,0.0,5.4,100.0,96,63.85,72,2437,0x0000000000000000
14:24:17,15644,7148,2836219,5233015,31300248,0.0,5.4,99.0,96,63.31,71,2444,0x0000000000000000
14:24:18,15644,7148,2836219,5233015,31300248,0.0,5.3,100.0,96,62.24,72,2437,0x0000000000000000
14:24:19,15643,7148,2836219,5233015,31300248,0.0,5.7,100.0,96,64.12,74,2437,0x0000000000000000
14:24:20,15650,7148,2836219,5233015,31300248,0.1,5.8,100.0,96,63.77,73,2444,0x0000000000000000
14:24:21,15650,7148,2836220,5233015,31300249,0.0,6.0,99.0,96,62.55,73,2437,0x0000000000000000
14:24:22,15650,7148,2836220,5233015,31300254,0.6,5.4,100.0,96,64.39,76,2444,0x0000000000000000
14:24:23,15647,7148,2836226,5233015,31300258,0.0,5.9,100.0,96,64.04,75,2437,0x0000000000000000
14:24:24,15646,7148,2836226,5233015,31300258,0.0,5.7,55.0,96,62.62,73,2437,0x0000000000000000
14:24:25,15647,7148,2836226,5233015,31300258,0.0,5.4,100.0,96,64.30,74,2444,0x0000000000000000
14:24:26,15647,7148,2836226,5233015,31300258,0.0,5.3,100.0,96,64.31,74,2437,0x0000000000000000
14:24:27,15647,7148,2836226,5233015,31300258,0.0,5.4,96.0,96,63.63,73,2437,0x0000000000000000
14:24:28,15647,7148,2836233,5233015,31300262,0.0,5.6,100.0,96,63.08,75,2437,0x0000000000000000
14:24:29,15647,7148,2836233,5233015,31300262,0.0,5.6,100.0,96,64.52,74,2444,0x0000000000000000
14:24:30,15647,7148,2836233,5233015,31300262,0.0,5.3,100.0,96,64.38,73,2437,0x0000000000000000
14:24:31,15647,7148,2836235,5233015,31300263,0.0,5.4,58.0,96,63.05,74,2437,0x0000000000000000
14:24:32,15638,7148,2836350,5233015,31300311,1.0,5.9,100.0,96,64.15,74,2437,0x0000000000000000
14:24:33,15640,7148,2836350,5233015,31300311,0.0,5.4,100.0,96,64.51,73,2437,0x0000000000000000
14:24:34,15640,7148,2836350,5233015,31300311,0.0,5.6,98.0,96,63.86,74,2437,0x0000000000000000
14:24:35,15640,7148,2836385,5233015,31300349,1.9,5.4,100.0,96,63.20,74,2437,0x0000000000000000
14:24:36,15643,7148,2836385,5233015,31300349,0.0,5.4,100.0,96,64.41,73,2437,0x0000000000000000
14:24:37,15643,7148,2836385,5233015,31300349,0.0,5.3,100.0,96,64.57,75,2437,0x0000000000000000
14:24:38,15644,7148,2836385,5233015,31300349,0.0,5.4,100.0,96,62.96,74,2437,0x0000000000000000
14:24:39,15643,7148,2836385,5233015,31300349,0.0,5.7,100.0,96,64.56,74,2437,0x0000000000000000
14:24:40,15644,7148,2836385,5233015,31300349,0.0,5.3,100.0,96,65.24,76,2437,0x0000000000000000
14:24:41,15643,7148,2836385,5233015,31300349,0.0,5.9,100.0,96,64.12,74,2437,0x0000000000000000
14:24:42,15601,7148,2836385,5233017,31359318,230.3,5.3,59.8,96,43.53,73,2437,0x0000000000000000
14:24:43,15601,7148,2836387,5233017,31359320,0.0,5.4,100.0,96,64.90,74,2437,0x0000000000000000
14:24:44,15604,7148,2836387,5233017,31359320,0.0,5.8,100.0,96,65.16,78,2437,0x0000000000000000
14:24:45,15606,7148,2836387,5233017,31359324,0.0,5.4,100.0,96,64.75,74,2437,0x0000000000000000
14:24:46,15641,7148,2836387,5233017,31388107,112.4,4.6,79.4,96,52.96,74,2437,0x0000000000000000
14:24:47,15642,7148,2836387,5233017,31388119,0.0,5.3,100.0,96,65.01,77,2437,0x0000000000000000
14:24:48,15642,7148,2836387,5233017,31388119,0.0,5.2,100.0,96,64.96,74,2437,0x0000000000000000
14:24:49,15641,7148,2836387,5233017,31388142,0.1,5.6,98.0,96,64.08,72,2437,0x0000000000000000
14:24:50,15641,7148,2836387,5233017,31388142,0.0,5.7,100.0,96,63.38,74,2437,0x0000000000000000
14:24:51,15641,7148,2836387,5233017,31388142,0.0,5.3,100.0,96,64.75,75,2437,0x0000000000000000
14:24:52,15641,7148,2836387,5233017,31388142,0.0,5.3,100.0,96,64.46,75,2437,0x0000000000000000
14:24:53,15641,7148,2836387,5233017,31388142,0.0,5.9,62.0,76,62.80,74,2437,0x0000000000000000
14:24:54,15641,7148,2836387,5233017,31388142,0.0,6.4,100.0,96,65.02,76,2437,0x0000000000000000
14:24:55,15641,7148,2836387,5233017,31388142,0.0,5.3,100.0,96,65.35,74,2437,0x0000000000000000
14:24:56,15641,7148,2836387,5233017,31388142,0.0,5.3,100.0,96,64.79,76,2437,0x0000000000000000
14:24:57,15641,7148,2836387,5233017,31388142,0.0,5.3,99.0,96,64.15,74,2437,0x0000000000000000
14:24:58,15641,7148,2836388,5233017,31388143,0.0,5.7,100.0,96,65.07,77,2437,0x0000000000000000
14:24:59,15641,7148,2836388,5233017,31388143,0.0,5.7,100.0,96,65.25,75,2437,0x0000000000000000
14:25:00,15641,7148,2836388,5233017,31388143,0.0,5.3,100.0,96,64.59,78,2437,0x0000000000000000
14:25:01,15641,7148,2836388,5233017,31388143,0.0,5.3,100.0,96,64.02,75,2457,0x0000000000000000
14:25:02,15640,7148,2836390,5233017,31388185,0.2,5.4,98.0,96,62.25,75,2450,0x0000000000000000
14:25:03,15640,7148,2836390,5233017,31388271,0.3,5.5,97.0,93,51.34,71,2489,0x0000000000000000
14:25:04,15639,7148,2836390,5233017,31388436,0.6,5.6,95.0,94,38.08,71,2489,0x0000000000000000
14:25:05,15640,7148,2836390,5233017,31388755,1.2,5.0,90.9,75,37.08,70,2476,0x0000000000000000
14:25:06,15641,7148,2836390,5233017,31389048,1.1,5.0,92.1,90,37.33,70,2483,0x0000000000000000
14:25:07,15642,7148,2836391,5233017,31389279,0.9,5.3,94.0,88,37.21,70,2476,0x0000000000000000
14:25:08,15643,7148,2836391,5233017,31389571,1.1,4.9,53.1,86,37.04,70,2476,0x0000000000000000
14:25:09,15644,7148,2836391,5233017,31389879,1.2,5.3,92.9,87,37.67,70,2483,0x0000000000000000
14:25:10,15624,7147,2838938,5233020,31392305,27.6,8.8,61.4,94,37.04,70,2483,0x0000000000000000
14:25:11,15615,7147,2839310,5233020,31392776,10.1,7.0,51.5,81,36.99,69,2476,0x0000000000000000
14:25:12,15608,7147,2839376,5233020,31392794,0.3,5.4,99.0,96,49.03,74,2450,0x0000000000000000
14:25:13,15608,7147,2839376,5233020,31392849,0.4,5.4,96.0,94,51.69,70,2483,0x0000000000000000
14:25:14,15609,7147,2839379,5233020,31392910,0.2,5.8,95.0,94,38.35,70,2483,0x0000000000000000
14:25:15,15611,7147,2839379,5233020,31393054,0.6,5.2,93.0,79,37.53,69,2476,0x0000000000000000
14:25:16,15612,7147,2839379,5233020,31393093,0.1,5.7,97.0,94,37.70,69,2483,0x0000000000000000
14:25:17,15613,7147,2839394,5233020,31393149,0.4,5.3,97.0,95,38.61,70,2483,0x0000000000000000
14:25:18,15614,7147,2839394,5233020,31393149,0.0,5.4,100.0,95,39.22,70,2489,0x0000000000000000
14:25:19,15607,7147,2839591,5233020,31393333,4.5,6.0,100.0,94,39.76,69,2483,0x0000000000000000
14:25:20,15609,7147,2839783,5233020,31394202,3.7,5.3,74.3,96,49.06,74,2437,0x0000000000000000
14:25:21,15611,7147,2839817,5233020,31394228,0.8,5.5,100.0,96,63.64,75,2437,0x0000000000000000
14:25:22,15613,7147,2839827,5233020,31394238,0.2,5.5,100.0,96,63.49,75,2437,0x0000000000000000
14:25:23,15613,7147,2839827,5233020,31394238,0.0,5.3,49.5,96,61.81,74,2431,0x0000000000000000
14:25:24,15613,7147,2839827,5233020,31394238,0.0,5.6,100.0,96,64.17,76,2437,0x0000000000000000
14:25:25,15607,7147,2839827,5233020,31394238,0.1,6.2,100.0,96,64.50,75,2437,0x0000000000000000
14:25:26,15607,7147,2839827,5233020,31394238,0.0,5.3,79.0,96,63.51,74,2444,0x0000000000000000
14:25:27,15607,7147,2839827,5233020,31394238,0.0,5.4,100.0,96,63.26,79,2437,0x0000000000000000
14:25:28,15607,7147,2839827,5233020,31394238,0.0,5.3,100.0,96,64.39,75,2437,0x0000000000000000
14:25:29,15607,7147,2839827,5233020,31394238,0.0,5.6,100.0,96,64.27,74,2444,0x0000000000000000
14:25:30,15608,7147,2839827,5233020,31394238,0.0,5.4,90.0,96,62.92,77,2444,0x0000000000000000
14:25:31,15610,7147,2839828,5233020,31394684,1.7,5.4,62.0,74,61.66,70,2444,0x0000000000000000
14:25:32,15613,7147,2839828,5233020,31394684,0.0,5.4,100.0,96,63.28,74,2450,0x0000000000000000
14:25:33,15614,7147,2839828,5233020,31394957,1.1,5.1,91.8,74,45.21,69,2476,0x0000000000000000
14:25:34,15615,7147,2839829,5233020,31395215,1.0,5.4,82.8,86,36.88,70,2476,0x0000000000000000
14:25:35,15616,7147,2839829,5233020,31395419,0.8,5.1,94.0,95,37.51,70,2483,0x0000000000000000
14:25:36,15617,7147,2839891,5233020,31395428,0.2,5.4,69.3,96,47.67,74,2450,0x0000000000000000
14:25:37,15618,7147,2839892,5233020,31395539,0.4,5.2,96.0,96,63.60,74,2450,0x0000000000000000
14:25:38,15619,7147,2839892,5233020,31395867,1.3,4.9,90.1,90,37.71,70,2476,0x0000000000000000
14:25:39,15619,7147,2839892,5233020,31395942,0.3,5.5,98.0,87,37.87,70,2483,0x0000000000000000
14:25:40,15619,7147,2839892,5233020,31395942,0.0,5.4,91.0,96,52.60,73,2450,0x0000000000000000
14:25:41,15619,7147,2839892,5233020,31396013,0.4,5.3,97.0,80,59.37,71,2457,0x0000000000000000
14:25:42,15619,7147,2839892,5233020,31396123,0.4,5.5,95.0,94,38.32,70,2483,0x0000000000000000
14:25:43,15620,7147,2839896,5233020,31396131,0.0,5.3,60.4,96,45.08,73,2444,0x0000000000000000
14:25:44,15621,7147,2839896,5233020,31396131,0.0,5.9,100.0,96,62.76,76,2450,0x0000000000000000
14:25:45,15620,7147,2839896,5233020,31396170,0.1,5.5,98.0,95,43.12,70,2489,0x0000000000000000
14:25:46,15622,7147,2839896,5233020,31396556,1.5,4.9,89.0,70,36.88,69,2476,0x0000000000000000
14:25:47,15622,7147,2839896,5233020,31396685,0.5,5.1,94.0,82,37.14,68,2476,0x0000000000000000
14:25:48,15622,7147,2839896,5233020,31396731,0.2,5.3,97.0,94,38.67,69,2489,0x0000000000000000
14:25:49,15614,7147,2839896,5233020,31396761,0.1,5.8,70.0,96,46.70,74,2437,0x0000000000000000
14:25:50,15614,7147,2839899,5233020,31396764,0.0,5.3,100.0,96,63.68,74,2437,0x0000000000000000
14:25:51,15614,7147,2839899,5233020,31396764,0.0,5.3,100.0,96,63.89,73,2444,0x0000000000000000
14:25:52,15615,7147,2839899,5233020,31396764,0.0,5.5,99.0,85,62.02,74,2444,0x0000000000000000
14:25:53,15585,7145,2839969,5233020,31396819,1.7,8.0,100.0,96,64.04,76,2437,0x0000000000000000
14:25:54,15584,7145,2839985,5233020,31396825,0.1,6.2,100.0,96,64.24,75,2437,0x0000000000000000
14:25:55,15577,7145,2839991,5233020,31396826,0.0,5.6,99.0,96,63.44,75,2444,0x0000000000000000
14:25:56,15577,7145,2839991,5233020,31396826,0.0,5.6,100.0,96,62.90,73,2444,0x0000000000000000
14:25:57,15577,7145,2839993,5233020,31396828,0.0,5.8,100.0,96,64.72,75,2437,0x0000000000000000
14:25:58,15578,7145,2839993,5233020,31396829,0.1,6.3,100.0,96,64.02,75,2444,0x0000000000000000
14:25:59,15566,7145,2840037,5233020,31396897,3.0,7.5,99.0,96,62.56,74,2437,0x0000000000000000
14:26:00,15566,7145,2840051,5233020,31396904,0.1,6.2,100.0,96,64.25,75,2444,0x0000000000000000
14:26:01,15538,7145,2840128,5233020,31396927,0.3,7.9,100.0,96,64.47,75,2437,0x0000000000000000
14:26:02,15548,7145,2840132,5233020,31396928,0.0,5.9,99.0,85,63.09,75,2444,0x0000000000000000
14:26:03,15553,7145,2840134,5233020,31396931,0.1,5.8,100.0,96,65.24,75,2437,0x0000000000000000
14:26:04,15554,7145,2840134,5233020,31396931,0.0,5.7,100.0,96,65.09,76,2437,0x0000000000000000
14:26:05,15555,7145,2840134,5233020,31396931,0.0,5.3,100.0,96,64.48,74,2437,0x0000000000000000
14:26:06,15555,7145,2840134,5233020,31396931,0.0,5.4,99.0,96,63.88,74,2437,0x0000000000000000
14:26:07,15555,7145,2840135,5233020,31396932,0.0,5.4,100.0,96,65.06,76,2437,0x0000000000000000
14:26:08,15555,7145,2840142,5233020,31396935,0.0,5.4,100.0,96,65.10,75,2437,0x0000000000000000
14:26:09,15553,7145,2840142,5233020,31396935,0.0,5.7,99.0,96,63.08,74,2431,0x0000000000000000
14:26:10,15553,7145,2840142,5233020,31396935,0.0,5.3,100.0,96,65.19,76,2437,0x0000000000000000
14:26:11,15552,7145,2840142,5233020,31396935,0.0,5.4,100.0,96,65.35,76,2437,0x0000000000000000
14:26:12,15554,7145,2840143,5233020,31396936,0.0,6.8,100.0,96,64.50,75,2437,0x0000000000000000
14:26:13,15560,7145,2840143,5233020,31396937,0.0,5.5,99.0,96,63.88,77,2437,0x0000000000000000
14:26:14,15561,7145,2840143,5233020,31396937,0.0,5.8,100.0,96,65.74,76,2437,0x0000000000000000
14:26:15,15562,7145,2840143,5233020,31396937,0.0,5.4,100.0,96,65.40,77,2437,0x0000000000000000
14:26:16,15563,7145,2840143,5233020,31396937,0.0,5.2,99.0,81,63.94,74,2437,0x0000000000000000
14:26:17,15563,7145,2840143,5233020,31396937,0.0,5.4,100.0,96,65.54,76,2437,0x0000000000000000
14:26:18,15563,7145,2840143,5233020,31396937,0.0,5.3,100.0,96,65.56,76,2437,0x0000000000000000
14:26:19,15563,7145,2840143,5233020,31396937,0.0,5.7,100.0,96,64.48,75,2437,0x0000000000000000
14:26:20,15561,7145,2840147,5233020,31396939,0.0,5.5,99.0,96,64.19,76,2437,0x0000000000000000
14:26:21,15561,7145,2840147,5233020,31396939,0.0,5.3,100.0,96,64.71,76,2437,0x0000000000000000
14:26:22,15561,7145,2840147,5233020,31396972,0.1,5.5,98.0,96,62.61,76,2437,0x0000000000000000
14:26:23,15564,7145,2840150,5233020,31397014,0.2,5.6,98.0,96,65.00,76,2450,0x0000000000000000
14:26:24,15566,7145,2840150,5233020,31397406,1.5,5.5,53.5,83,42.63,72,2476,0x0000000000000000
14:26:25,15567,7145,2840150,5233020,31397716,1.2,5.1,93.0,83,37.90,70,2476,0x0000000000000000
14:26:26,15567,7145,2840150,5233020,31397866,0.6,5.4,96.1,93,38.25,71,2483,0x0000000000000000
14:26:27,15559,7145,2840150,5233020,31397866,0.0,5.5,63.0,46,38.16,69,2470,0x0000000000000000
14:26:28,15559,7145,2840151,5233020,31397867,0.0,5.3,100.0,96,63.47,75,2450,0x0000000000000000
14:26:29,15560,7145,2840151,5233020,31397955,0.3,5.8,98.0,93,51.82,72,2483,0x0000000000000000
14:26:30,15563,7145,2840193,5233020,31397984,0.2,5.8,83.2,78,40.97,74,2424,0x0000000000000000
14:26:31,15561,7144,2840204,5233020,31397987,0.0,5.4,100.0,96,63.90,76,2444,0x0000000000000000
14:26:32,15562,7144,2840204,5233020,31398072,0.3,5.7,97.0,93,48.04,71,2489,0x0000000000000000
14:26:33,15566,7144,2840204,5233020,31398072,0.0,5.4,56.6,96,43.33,74,2437,0x0000000000000000
14:26:34,15565,7144,2840204,5233020,31398072,0.0,5.7,100.0,96,64.22,76,2450,0x0000000000000000
14:26:35,15565,7144,2840204,5233020,31398086,0.1,5.5,99.0,94,47.45,71,2489,0x0000000000000000
14:26:36,15565,7144,2840204,5233020,31398086,0.0,5.4,100.0,94,40.03,71,2489,0x0000000000000000
14:26:37,15570,7144,2840204,5233020,31398086,0.0,5.2,94.1,95,40.17,71,2489,0x0000000000000000
14:26:38,15570,7144,2840204,5233020,31398086,0.0,5.4,100.0,95,48.39,71,2476,0x0000000000000000
14:26:39,15570,7144,2840204,5233020,31398086,0.0,5.6,89.0,94,40.07,71,2489,0x0000000000000000
14:26:40,15570,7144,2840204,5233020,31398086,0.0,5.4,100.0,94,48.48,71,2470,0x0000000000000000
14:26:41,15570,7144,2840204,5233020,31398086,0.0,5.8,100.0,95,39.99,71,2489,0x0000000000000000
14:26:42,15570,7144,2840204,5233020,31398086,0.0,5.2,81.8,96,48.62,73,2463,0x0000000000000000
14:26:43,15570,7144,2840204,5233020,31398086,0.0,5.4,100.0,94,40.11,71,2489,0x0000000000000000
14:26:44,15570,7144,2840204,5233020,31398086,0.0,5.7,73.0,96,48.56,74,2463,0x0000000000000000
14:26:45,15570,7144,2840204,5233020,31398086,0.0,5.6,100.0,95,40.13,71,2489,0x0000000000000000
14:26:46,15570,7144,2840204,5233020,31398087,0.1,5.2,94.0,96,47.77,74,2463,0x0000000000000000
14:26:47,15570,7144,2840204,5233020,31398087,0.0,5.4,100.0,94,41.29,71,2483,0x0000000000000000
14:26:48,15570,7144,2840204,5233020,31398087,0.0,5.2,90.0,92,48.15,71,2463,0x0000000000000000
14:26:49,15570,7144,2840204,5233020,31398087,0.0,5.6,94.9,95,39.88,71,2489,0x0000000000000000
14:26:50,15571,7144,2840204,5233020,31398087,0.0,5.8,100.0,94,48.44,71,2489,0x0000000000000000
14:26:51,15571,7144,2840204,5233020,31398087,0.0,5.4,94.0,94,39.90,70,2483,0x0000000000000000
14:26:52,15571,7144,2840204,5233020,31398087,0.0,5.5,100.0,95,48.38,71,2489,0x0000000000000000
14:26:53,15571,7144,2840204,5233020,31398087,0.0,5.2,63.4,96,46.24,74,2463,0x0000000000000000
14:26:54,15571,7144,2840204,5233020,31398087,0.0,5.7,100.0,94,42.14,71,2483,0x0000000000000000
14:26:55,15571,7144,2840204,5233020,31398087,0.0,5.1,48.0,88,42.73,73,2483,0x0000000000000000
14:26:56,15578,7144,2840204,5233020,31398087,0.0,5.5,100.0,95,45.59,71,2489,0x0000000000000000
14:26:57,15578,7144,2840204,5233020,31398087,0.0,5.3,99.0,95,39.54,71,2489,0x0000000000000000
14:26:58,15578,7144,2840204,5233020,31398087,0.0,5.4,95.0,94,39.87,71,2489,0x0000000000000000
14:26:59,15577,7144,2840204,5233020,31398087,0.0,6.3,100.0,95,48.62,71,2489,0x0000000000000000
14:27:00,15577,7144,2840204,5233020,31398087,0.0,5.2,48.0,86,43.15,73,2476,0x0000000000000000
14:27:01,15577,7144,2840204,5233020,31398087,0.0,5.5,61.0,92,46.71,71,2483,0x0000000000000000
14:27:02,15577,7144,2840204,5233020,31398087,0.0,5.3,95.0,94,39.62,70,2489,0x0000000000000000
14:27:03,15577,7144,2840204,5233020,31398087,0.0,5.4,98.0,94,48.24,71,2476,0x0000000000000000
14:27:04,15576,7144,2840204,5233020,31398087,0.0,5.6,94.1,95,40.06,70,2489,0x0000000000000000
14:27:05,15576,7144,2840204,5233020,31398087,0.0,5.4,100.0,94,48.70,71,2483,0x0000000000000000
14:27:06,15569,7144,2840204,5233020,31398087,0.0,5.4,93.0,96,47.65,77,2437,0x0000000000000000
14:27:07,15569,7144,2840204,5233020,31398087,0.0,5.8,100.0,96,63.73,74,2437,0x0000000000000000
14:27:08,15569,7144,2840204,5233020,31398087,0.0,5.3,100.0,96,64.08,75,2437,0x0000000000000000
14:27:09,15574,7144,2840204,5233020,31398087,0.0,5.7,99.0,81,61.74,75,2444,0x0000000000000000
14:27:10,15574,7144,2840204,5233020,31398087,0.0,5.5,100.0,96,64.44,75,2437,0x0000000000000000
14:27:11,15574,7144,2840204,5233020,31398087,0.0,5.4,100.0,96,64.67,75,2437,0x0000000000000000
14:27:12,15574,7144,2840204,5233020,31398087,0.0,5.4,99.0,96,63.63,73,2437,0x0000000000000000
14:27:13,15575,7144,2840204,5233020,31398087,0.0,5.4,99.0,96,62.68,75,2457,0x0000000000000000
14:27:14,15575,7144,2840232,5233020,31398096,0.1,5.7,100.0,96,63.14,75,2444,0x0000000000000000
14:27:15,15574,7144,2840243,5233020,31398199,0.4,5.4,95.0,78,47.63,71,2483,0x0000000000000000
14:27:16,15574,7144,2840243,5233020,31398466,1.0,5.4,94.0,89,38.75,71,2476,0x0000000000000000
14:27:17,15575,7144,2840245,5233020,31398757,1.1,5.1,92.0,87,37.72,70,2483,0x0000000000000000
14:27:18,15591,7144,2840247,5233020,31399366,2.4,5.2,85.0,58,37.34,72,2476,0x0000000000000000
14:27:19,15591,7144,2840247,5233020,31399858,1.9,5.3,89.1,84,38.49,70,2476,0x0000000000000000
14:27:20,15592,7144,2840247,5233020,31400348,1.9,5.0,89.1,85,36.56,70,2476,0x0000000000000000
14:27:21,15592,7144,2840247,5233020,31400830,1.9,4.9,57.6,84,36.04,70,2476,0x0000000000000000
14:27:22,15592,7144,2840250,5233020,31401397,2.2,4.9,87.0,79,35.46,69,2470,0x0000000000000000
14:27:23,15592,7144,2840250,5233020,31401922,2.1,4.7,88.9,72,35.61,69,2476,0x0000000000000000
14:27:24,15591,7144,2840250,5233020,31402369,1.7,5.7,90.0,84,35.58,70,2476,0x0000000000000000
14:27:25,15591,7144,2840250,5233020,31402833,1.8,4.9,88.9,75,35.79,69,2483,0x0000000000000000
14:27:26,15591,7144,2840252,5233020,31403387,2.2,4.8,87.9,83,35.79,69,2476,0x0000000000000000
14:27:27,15591,7144,2840252,5233020,31403775,1.5,4.9,89.9,90,36.01,69,2476,0x0000000000000000
14:27:28,15591,7144,2840253,5233020,31404302,2.1,4.7,89.0,84,35.77,69,2476,0x0000000000000000
14:27:29,15591,7144,2840253,5233020,31404767,1.8,5.4,89.2,84,35.85,69,2476,0x0000000000000000
14:27:30,15591,7144,2840253,5233020,31405134,1.4,5.1,46.0,83,35.91,69,2476,0x0000000000000000
14:27:31,15592,7144,2840260,5233020,31405592,1.8,5.1,88.8,82,36.48,69,2476,0x0000000000000000
14:27:32,15593,7144,2840261,5233020,31406071,1.9,4.9,89.1,86,35.56,69,2476,0x0000000000000000
14:27:33,15594,7144,2840261,5233020,31406417,1.4,5.1,37.0,80,35.88,69,2476,0x0000000000000000
14:27:34,15590,7144,2840261,5233020,31406417,0.0,6.0,100.0,95,40.78,69,2489,0x0000000000000000
14:27:35,15585,7144,2840261,5233020,31406417,0.0,5.7,100.0,95,39.08,69,2489,0x0000000000000000
14:27:36,15587,7144,2840261,5233020,31406417,0.0,5.7,100.0,95,38.98,69,2483,0x0000000000000000
14:27:37,15587,7144,2840273,5233020,31406427,0.0,5.4,100.0,95,38.89,69,2483,0x0000000000000000
14:27:38,15589,7144,2840273,5233020,31406427,0.0,5.5,99.0,95,38.89,69,2483,0x0000000000000000
14:27:39,15590,7144,2840276,5233020,31406430,0.0,5.9,100.0,95,38.88,69,2483,0x0000000000000000
14:27:40,15591,7144,2840276,5233020,31406430,0.0,5.5,100.0,93,39.10,69,2489,0x0000000000000000
14:27:41,15592,7144,2840276,5233020,31406430,0.0,5.6,100.0,93,38.98,69,2489,0x0000000000000000
14:27:42,15593,7144,2840276,5233020,31406430,0.0,5.6,100.0,93,38.81,69,2489,0x0000000000000000
14:27:43,15593,7144,2840276,5233020,31406430,0.0,5.4,100.0,93,38.98,69,2489,0x0000000000000000
14:27:44,15592,7144,2840277,5233020,31406431,0.0,5.9,99.0,93,38.96,69,2489,0x0000000000000000
14:27:45,15592,7144,2840277,5233020,31406431,0.0,5.7,100.0,93,38.94,69,2483,0x0000000000000000
14:27:46,15592,7144,2840277,5233020,31406431,0.0,5.3,50.5,94,38.86,69,2489,0x0000000000000000
14:27:47,15592,7144,2840277,5233020,31406431,0.0,5.4,100.0,95,41.15,69,2489,0x0000000000000000
14:27:48,15592,7144,2840277,5233020,31406431,0.0,5.5,100.0,93,39.04,69,2489,0x0000000000000000
14:27:49,15593,7144,2840277,5233020,31406431,0.0,5.7,100.0,93,38.81,69,2489,0x0000000000000000
14:27:50,15592,7144,2840277,5233020,31406435,0.1,5.8,99.0,93,38.84,69,2489,0x0000000000000000
14:27:51,15590,7144,2840300,5233020,31406450,0.1,5.8,100.0,93,38.78,69,2489,0x0000000000000000
14:27:52,15590,7144,2840305,5233020,31406453,0.0,5.5,100.0,94,38.77,69,2489,0x0000000000000000
14:27:53,15590,7144,2840306,5233020,31406454,0.0,5.5,100.0,93,39.00,69,2489,0x0000000000000000
14:27:54,15589,7144,2840306,5233020,31406454,0.0,5.9,100.0,93,38.84,69,2489,0x0000000000000000
14:27:55,15589,7144,2840306,5233020,31406454,0.0,5.4,100.0,94,38.72,69,2489,0x0000000000000000
14:27:56,15589,7144,2840306,5233020,31406454,0.0,5.7,99.0,93,38.80,68,2489,0x0000000000000000
14:27:57,15589,7144,2840306,5233020,31406454,0.0,5.4,100.0,93,38.88,69,2489,0x0000000000000000
14:27:58,15589,7144,2840306,5233020,31406454,0.0,5.5,100.0,95,38.94,69,2489,0x0000000000000000
14:27:59,15589,7144,2840309,5233020,31406456,0.0,6.0,100.0,95,38.85,69,2489,0x0000000000000000
14:28:00,15590,7144,2840310,5233020,31406977,2.0,5.1,81.0,77,38.97,68,2476,0x0000000000000000
14:28:01,15592,7144,2840318,5233020,31407419,1.8,5.1,89.9,76,35.75,68,2476,0x0000000000000000
14:28:02,15594,7144,2840323,5233020,31407939,2.0,6.0,67.6,82,35.59,68,2476,0x0000000000000000
14:28:03,15611,7144,2840324,5233020,31408409,1.8,5.7,64.0,85,35.48,68,2476,0x0000000000000000
14:28:04,15611,7144,2840324,5233020,31408883,1.9,5.2,87.9,87,35.16,68,2470,0x0000000000000000
14:28:05,15611,7144,2840330,5233020,31409279,1.6,5.0,90.0,77,36.04,68,2483,0x0000000000000000
14:28:06,15611,7144,2840330,5233020,31409794,2.0,4.9,89.9,87,35.46,68,2476,0x0000000000000000
14:28:07,15612,7144,2840331,5233020,31410271,1.9,5.1,49.5,84,35.65,68,2483,0x0000000000000000
14:28:08,15613,7144,2840331,5233020,31410677,1.6,5.0,90.2,84,35.31,68,2476,0x0000000000000000
14:28:09,15614,7144,2840331,5233020,31411118,1.7,5.3,89.8,88,35.46,68,2476,0x0000000000000000
14:28:10,15617,7144,2840332,5233020,31411497,1.5,5.0,89.1,90,35.16,68,2476,0x0000000000000000
14:28:11,15618,7144,2840333,5233020,31411990,1.9,5.1,89.9,85,35.98,68,2476,0x0000000000000000
14:28:12,15617,7144,2840333,5233020,31412389,1.6,5.0,90.0,77,35.56,68,2483,0x0000000000000000
14:28:13,15618,7144,2840333,5233020,31412747,1.4,4.9,89.0,82,35.35,67,2476,0x0000000000000000
14:28:14,15617,7144,2840334,5233020,31413212,1.8,5.4,89.8,86,35.24,68,2476,0x0000000000000000
